        0.714561764648         0.706667121521         0.729420315784         0.687820372743         0.664369690797         0.631731779125         0.622629516935         0.623474483113         0.620378968425         0.608970979440         0.621241252495         0.626835209691         0.616357936832         0.609083062674         0.615843788022         0.616705480438         0.611310997325         0.609265709843         0.611330001138         0.611527122524         0.610026794152         0.609988931942         0.610854396970         0.610785420121         0.610130443696         0.610197177449         0.610592297348         0.610412106792         0.610019442440         0.609625761120         0.609818664204         0.609774252994         0.610031588151         0.610330509546         0.610851854991         0.610867534002         0.610571743137         0.610389219531         0.610529007291         0.611031516482         0.611137090758         0.610997250961         0.610306442088         0.610249915559         0.610796807110         0.610612160432         0.610161282791         0.610051387610         0.610354804370         0.609997012052         0.610283071690         0.610482899445         0.610841024904         0.611154948801         0.611123908912         0.611084952526         0.610939040156         0.610776973106         0.610392954028         0.610411546015         0.610537584265         0.610432689431         0.609950141775         0.609776664128         0.610378711914         0.610626778579         0.610287955893         0.610028137876         0.609909755655         0.610234694460         0.610451704746         0.610421283365         0.610465972067         0.610573532434         0.610676524560         0.610186952602         0.610183323339         0.610705623237         0.611158614875         0.610555999507         0.610041043111         0.610480840758         0.611678942574         0.612300355761         0.612071922378         0.611476900805         0.612292165694         0.615770117687         0.619822442635         0.619903900359         0.618714655869         0.624236353333         0.639137683894         0.650378306475         0.646472739955         0.639265264387         0.654927513618         0.689511146071         0.702619965176         0.664216953267         0.527901623293         0.000000000000
        0.774292575470         0.792040098032         0.836664217607         0.811303489470         0.784209239834         0.762693158516         0.764336262034         0.769438618239         0.758082818677         0.736663711208         0.724711567100         0.726890274618         0.729397108586         0.722559290836         0.712521360812         0.708791133696         0.710832335838         0.711683127624         0.708462731435         0.704650653084         0.703737667718         0.704891590752         0.705159580515         0.703758894831         0.702323572722         0.702230060017         0.702831913586         0.702906007939         0.702257345071         0.701742642287         0.701801508676         0.702089788027         0.702071197245         0.701801792470         0.701620615243         0.701689058447         0.701782842149         0.701760356478         0.701656868410         0.701623279790         0.701636802552         0.701654335054         0.701618694786         0.701620045073         0.701627437822         0.701629164590         0.701589992243         0.701580947894         0.701607352077         0.701632827686         0.701589868408         0.701550232525         0.701572269182         0.701672352521         0.701704302583         0.701628010039         0.701540881571         0.701661805834         0.701896358727         0.701987998155         0.701800677592         0.701682097309         0.701964955922         0.702486107214         0.702598433437         0.702204568402         0.702046757627         0.702816689153         0.703874810449         0.703994076817         0.703181856301         0.703200656707         0.705065188649         0.707191604556         0.707166875804         0.705693594843         0.706389089703         0.710710347340         0.714744300728         0.714215753556         0.711606765188         0.714264055115         0.723448683399         0.730530577749         0.728381177642         0.723971788934         0.730769994770         0.748287340958         0.758881938949         0.752288461377         0.744163149686         0.757144442906         0.785395998441         0.796794990115         0.777231333652         0.756384151723         0.769823249986         0.801923252436         0.795499310283         0.717517285981         0.550529845444         0.000000000000
        0.785769490998         0.807279779207         0.855659204051         0.832352284081         0.805621544086         0.785572664731         0.789960772431         0.797787592439         0.786866272367         0.763545604602         0.750477942885         0.754355804543         0.758889415582         0.750519491885         0.735981543931         0.729694808041         0.733133618552         0.735351576038         0.729849009798         0.722058704103         0.719699867542         0.722166393565         0.723087923215         0.719830473846         0.716009926085         0.715389405102         0.716933028253         0.717231153600         0.715404925289         0.713644402604         0.713638415683         0.714515642727         0.714547089406         0.713569661117         0.712802952473         0.712947700829         0.713397119950         0.713341935227         0.712848986169         0.712551098367         0.712677581937         0.712873666343         0.712807861659         0.712605898588         0.712527001481         0.712591440744         0.712629237778         0.712601486501         0.712599790017         0.712633909166         0.712604603688         0.712535066559         0.712590059550         0.712796907784         0.712903991492         0.712745374518         0.712585196347         0.712826596962         0.713338629870         0.713510754056         0.713132217843         0.712912703422         0.713561979730         0.714609903222         0.714824998493         0.714078056200         0.713901463722         0.715448477051         0.717446645027         0.717639767668         0.716279898885         0.716485362853         0.719888365168         0.723528350124         0.723489267873         0.721189171027         0.722568138289         0.729534324827         0.735739086894         0.734907415311         0.731232955575         0.735274294357         0.748254416469         0.757767826513         0.754732568059         0.748903934055         0.757363896847         0.778631985916         0.790853057359         0.782387075735         0.772218752313         0.785713059536         0.815505241078         0.826006331725         0.802701743521         0.778043483505         0.789569204367         0.819981867206         0.809667010536         0.725315631246         0.553624359033         0.000000000000
        0.788717917180         0.811246824888         0.860492111929         0.837511411684         0.810641651171         0.790846446783         0.795955457800         0.804483222709         0.793635593428         0.769894233104         0.756788942914         0.761314877950         0.766432678903         0.757651234006         0.741984791239         0.735117735548         0.739011544855         0.741587100521         0.735305066654         0.726227487581         0.723418676028         0.726375024976         0.727519435254         0.723534768579         0.718765887637         0.717947037364         0.719901278387         0.720297620933         0.717930378013         0.715589496502         0.715552512082         0.716723529914         0.716780249595         0.715441731915         0.714362485962         0.714546334934         0.715185187790         0.715117603947         0.714406024061         0.713956693361         0.714137897706         0.714438146992         0.714352065293         0.714033925652         0.713897381859         0.713998630483         0.714080800759         0.714040011653         0.714007400124         0.714036619448         0.714015675287         0.713943897656         0.714014231537         0.714266637518         0.714400806445         0.714206786156         0.714016192616         0.714326826779         0.714974426099         0.715188296448         0.714720842182         0.714461012660         0.715286634088         0.716588848410         0.716852719153         0.715945229926         0.715759843117         0.717665434776         0.720087175220         0.720316394317         0.718714316370         0.719001299333         0.723051945626         0.727318719195         0.727268958970         0.724639859102         0.726267936752         0.734224306267         0.741216316092         0.740255415121         0.736173310935         0.740607823066         0.754744113283         0.764985329573         0.761613111082         0.755273373006         0.764076660767         0.786295898808         0.798859002521         0.789787066980         0.778927704599         0.792422056764         0.822568628589         0.832775896136         0.808479261509         0.782907064700         0.793950316159         0.823993684456         0.812784050427         0.727009033142         0.554292655614         0.000000000000
        0.789709416176         0.812628264836         0.862136520059         0.839223292805         0.812251720300         0.792539734348         0.797908815275         0.806675339664         0.795793717973         0.771878616572         0.758776559866         0.763571672228         0.768895924232         0.759963938234         0.743914018020         0.736928910414         0.741044498295         0.743752043209         0.737176717926         0.727651166746         0.724716795782         0.727877329750         0.729097082449         0.724818494596         0.719686414566         0.718805674055         0.720928542921         0.721354250180         0.718757212907         0.716180258640         0.716136815855         0.717431094037         0.717490899992         0.715993606109         0.714781131945         0.714984623338         0.715704464251         0.715627602410         0.714816854881         0.714300974492         0.714507230550         0.714853363614         0.714756041046         0.714384449575         0.714221671861         0.714339950238         0.714441595028         0.714393960839         0.714345877623         0.714372565948         0.714355645065         0.714283881044         0.714360891281         0.714633149419         0.714778607634         0.714569455856         0.714366419575         0.714709258383         0.715417263661         0.715649722689         0.715143857088         0.714868014310         0.715771836338         0.717185514587         0.717470219763         0.716494054836         0.716305726557         0.718364821191         0.720965364449         0.721208199744         0.719503153825         0.719821776785         0.724134223285         0.728651533424         0.728588844528         0.725818614403         0.727533315420         0.735859701040         0.743136584787         0.742102272147         0.737836439235         0.742396008701         0.756928086931         0.767393897523         0.763888821900         0.757334415862         0.766245440443         0.788786823422         0.801459273194         0.792160561736         0.781008526092         0.794513773730         0.824783140285         0.834885782730         0.810265876685         0.784395352364         0.795289241270         0.825226853352         0.813738304945         0.727522859081         0.554495880137         0.000000000000
        0.790101346143         0.813190615406         0.862795879795         0.839898562352         0.812872543034         0.793197111580         0.798676113360         0.807541356481         0.796628126696         0.772642420395         0.759547961872         0.764453421164         0.769848379548         0.760839626498         0.744628180053         0.737615047531         0.741840098986         0.744601804649         0.737901938367         0.728199791845         0.725231629736         0.728488610179         0.729741357517         0.725338613937         0.720059459469         0.719161288492         0.721359403170         0.721795949458         0.719098819982         0.716422939020         0.716379953326         0.717727750847         0.717786414090         0.716218701460         0.714949244988         0.715162600504         0.715917158380         0.715834400837         0.714979238787         0.714434765804         0.714652628590         0.715018413957         0.714914933924         0.714519374040         0.714345474676         0.714471730162         0.714581525869         0.714530150093         0.714475016061         0.714501157644         0.714486492782         0.714414643903         0.714494201895         0.714775442226         0.714926732484         0.714711641916         0.714503054330         0.714859879255         0.715595155448         0.715837403490         0.715315716369         0.715032639524         0.715970335198         0.717434291927         0.717730724081         0.716725875891         0.716535206150         0.718660262769         0.721340893508         0.721593707746         0.719845024770         0.720174593935         0.724597563032         0.729226239018         0.729163891527         0.726333613944         0.728081356461         0.736563939852         0.743970373768         0.742919518666         0.738582721013         0.743194129273         0.757897313298         0.768493428869         0.764981746887         0.758319508122         0.767238404095         0.789863322671         0.802551184042         0.793143872175         0.781851488092         0.795338848219         0.825649373670         0.835717163897         0.810976681485         0.784975015600         0.795805940319         0.825697256822         0.814100314766         0.727716675809         0.554573011068         0.000000000000
        0.790277095162         0.813443136008         0.863091527639         0.840200228685         0.813146380552         0.793487129423         0.799012050451         0.807926676011         0.797000037271         0.772985735286         0.759894906055         0.764845380537         0.770266352167         0.761218764279         0.744930260310         0.737902646440         0.742179223244         0.744966344189         0.738209697964         0.728428094285         0.725447169824         0.728750364658         0.730019552324         0.725561709783         0.720217750155         0.719313871898         0.721547487584         0.721989697246         0.719247799842         0.716528122806         0.716486282048         0.717858669013         0.717916780621         0.716317306354         0.715022516106         0.715240705096         0.716010891406         0.715925183569         0.715049922923         0.714492833930         0.714716142203         0.715090668247         0.714984075035         0.714577686174         0.714399076417         0.714529199823         0.714642516442         0.714589121670         0.714530814748         0.714557157828         0.714543862291         0.714471797580         0.714552114867         0.714837548309         0.714992229741         0.714775007764         0.714563589470         0.714926168129         0.715674131753         0.715922162453         0.715394083913         0.715107055757         0.716059193402         0.717546847959         0.717850914141         0.716834070391         0.716640894761         0.718794624545         0.721513610095         0.721774907986         0.720007619016         0.720339817595         0.724811789726         0.729495578369         0.729440593532         0.726585411838         0.728345648506         0.736900299444         0.744376864894         0.743333139097         0.738969142845         0.743601841410         0.758388319224         0.769064080002         0.765574710965         0.758872726606         0.767784891385         0.790440733459         0.803125374660         0.793655085479         0.782285492185         0.795744913893         0.826066840736         0.836125576215         0.811336088884         0.785256379844         0.796052862312         0.825916237644         0.814267513162         0.727806723420         0.554608640379         0.000000000000
        0.822106858763         0.857338742450         0.920230928219         0.906664511139         0.887884638502         0.874234989876         0.883420822007         0.895836036674         0.888110262254         0.865891217835         0.853119861980         0.858268672417         0.864771962839         0.855810542956         0.837607096436         0.828321575325         0.832105661871         0.835312905768         0.826986694020         0.813611984836         0.807914197572         0.810894768654         0.812207977772         0.805613388115         0.796810311962         0.793873191842         0.796122808563         0.796454471884         0.791835166978         0.786582466944         0.785316871559         0.786822420222         0.786729629733         0.783830334208         0.780998567421         0.780589984626         0.781505438411         0.781349716930         0.779795988988         0.778482085497         0.778413754705         0.778883087045         0.778872063908         0.778365726180         0.777953433278         0.777879038120         0.778012118213         0.778296932473         0.778665028186         0.778789392631         0.778527662643         0.778456896080         0.779259627702         0.780524168866         0.780992685560         0.780390984349         0.780235690886         0.781838734364         0.784105183579         0.784714723185         0.783587287873         0.783544729707         0.786443159280         0.790009808139         0.790626317986         0.788812761401         0.789241592595         0.794150123801         0.799366584600         0.799732805021         0.797036099876         0.798428081326         0.806168374322         0.813273629543         0.812859264897         0.808922380827         0.811843225042         0.823245497996         0.832126860861         0.829920797641         0.824144856307         0.829082665980         0.844758003418         0.854793220873         0.849022188779         0.840191481957         0.847357376764         0.867629292749         0.877028361178         0.863912817118         0.848817235888         0.857346565852         0.881654065636         0.885769683227         0.855424467344         0.823412591168         0.827023280381         0.848937331377         0.829877697269         0.736263310355         0.558132248583         0.000000000000
        0.837010054855         0.877061882070         0.945627364243         0.935818781189         0.920329654768         0.909779981795         0.922483898845         0.938827550064         0.934507615327         0.914882568044         0.904427758981         0.912538793521         0.922198891090         0.915614857448         0.898574656382         0.890282238906         0.896070112536         0.901579586993         0.894167606096         0.880057668130         0.874000822677         0.878370638529         0.881279598250         0.874147177217         0.863070273378         0.859002256052         0.862362358842         0.863724233933         0.857612335435         0.849477643123         0.846986503135         0.849501286775         0.850028756633         0.845372738905         0.839848167551         0.838453289718         0.840217809958         0.840453257625         0.837439376092         0.834069032323         0.833278290112         0.834392037458         0.834777066939         0.833443016624         0.831716482199         0.831096941372         0.831695082590         0.832614834817         0.832945266634         0.832386990779         0.831594086202         0.831866478038         0.833709700369         0.835704664477         0.835899317952         0.834661854773         0.834850380225         0.838035503060         0.841716460263         0.842272370156         0.840356247323         0.840748587277         0.845716933287         0.851080363858         0.851569909808         0.848753140966         0.849689051096         0.856900582047         0.863880172954         0.863791180462         0.859826380535         0.861662461290         0.871525965293         0.879894688225         0.878489771590         0.873002499249         0.876058233215         0.888878478124         0.898115589533         0.894272470141         0.886543018812         0.890959531627         0.906899220572         0.916020920502         0.907796936172         0.896377573676         0.902003079286         0.921008791142         0.928061538833         0.911541480518         0.893027036945         0.898803762365         0.920227553482         0.920445422605         0.885525282004         0.849195831502         0.849018795093         0.866668623040         0.842531070505         0.743082247431         0.561027651566         0.000000000000
        0.840960585906         0.882072180957         0.952100581246         0.943188199501         0.928364218575         0.918376194995         0.931817908467         0.949150912617         0.945677754407         0.926568201323         0.916546289399         0.925402452071         0.936050779064         0.930235999053         0.913548013590         0.905554736953         0.912029607352         0.918466534802         0.911656522719         0.897640631178         0.891678970236         0.896657017158         0.900399863389         0.893609578066         0.882281137854         0.878085169407         0.881979148722         0.884038615273         0.877972529360         0.869248221998         0.866463744640         0.869457025903         0.870566226953         0.865703519481         0.859382775510         0.857606610097         0.859814543597         0.860542966507         0.857211311165         0.852985542766         0.851815782766         0.853362937441         0.854223939823         0.852616245934         0.850129088679         0.849179885346         0.850206088214         0.851649244509         0.851865592845         0.850708471619         0.849631109634         0.850324008800         0.852783611740         0.854863261938         0.854608998437         0.853106037667         0.853707560287         0.857607421682         0.861532492014         0.861728691651         0.859535149477         0.860330785303         0.866072200512         0.871754849469         0.871891813696         0.868756944008         0.870047956323         0.877988655672         0.885220575943         0.884697090409         0.880320063771         0.882397515348         0.892822879954         0.901255606893         0.899253318876         0.893201052124         0.896301630275         0.909415643890         0.918440906876         0.913802394829         0.905352153919         0.909583845042         0.925481204023         0.934072205481         0.924830017976         0.912508238167         0.917684092566         0.936289161374         0.942473033043         0.924718930420         0.905140326408         0.910221770486         0.930905972170         0.929941235374         0.893607357281         0.856109204221         0.855062232717         0.871680305916         0.846116866447         0.744977674762         0.561841609123         0.000000000000
        0.842197092125         0.883531111164         0.954040863889         0.945424385958         0.930788620124         0.920889658958         0.934488927834         0.952126841730         0.948937706774         0.929926497914         0.919922372691         0.928927316305         0.939886428282         0.934323796093         0.917681321196         0.909667948157         0.916293864329         0.923050960735         0.916464271390         0.902429704826         0.896400777090         0.901526452665         0.905588490221         0.898969159280         0.887536769171         0.883221036907         0.887253504541         0.889614752170         0.883657099103         0.874728732471         0.871780585890         0.874917037466         0.876314351376         0.871499583623         0.864905700778         0.862935407527         0.865295783626         0.866309323230         0.862970025641         0.858435705517         0.857059293080         0.858768176882         0.859908018749         0.858273465150         0.855464168430         0.854317733373         0.855523267012         0.857254942880         0.857459093596         0.855999755464         0.854750208010         0.855640348510         0.858404801833         0.860498576577         0.859968914019         0.858315668653         0.859120357289         0.863329613571         0.867285427075         0.867228124230         0.864898399792         0.865893388729         0.871931740237         0.877633758846         0.877536231091         0.874263767992         0.875740953991         0.883944713906         0.891173490165         0.890391220345         0.885863915366         0.888088147077         0.898712492612         0.907082121509         0.904794379995         0.898567658685         0.901761187902         0.914988843237         0.923876840704         0.918916968042         0.910267132975         0.914528160806         0.930440717424         0.938809192572         0.929210166549         0.916661880771         0.921798521160         0.940322685963         0.946206794678         0.928060857771         0.908225475804         0.913196698870         0.933702671702         0.932372377060         0.895628678241         0.857866164887         0.856669091016         0.873042095756         0.847065796165         0.745456189757         0.562055646356         0.000000000000
        0.842673887073         0.884044298313         0.954751708048         0.946258640038         0.931694505848         0.921794355723         0.935420656632         0.953173856007         0.950107706659         0.931132295342         0.921102259995         0.930136836123         0.941221169213         0.935772517032         0.919135434783         0.911073839929         0.917730973256         0.924622656214         0.918140792216         0.904084244568         0.897987886295         0.903149340823         0.907355438793         0.900827354538         0.889339783208         0.884936978627         0.889009554608         0.891522079103         0.885636160073         0.876619474717         0.873568899705         0.876754205936         0.878302934434         0.873537795014         0.866816540116         0.864732214366         0.867154036073         0.868319944614         0.865014373951         0.860336017861         0.858845471023         0.860626803210         0.861924257671         0.860305172420         0.857341374439         0.856085377842         0.857376315539         0.859266234743         0.859475669000         0.857854515827         0.856506423061         0.857493090564         0.860414606454         0.862507399645         0.861821190983         0.860082403407         0.860993092818         0.865355611882         0.869302305854         0.869098540786         0.866692577271         0.867797978072         0.873979215949         0.879662882921         0.879419227884         0.876077729746         0.877657599153         0.885982449034         0.893177926260         0.892247569863         0.887657144421         0.889975327119         0.900694367572         0.909008761369         0.906573886037         0.900285708295         0.903555167911         0.916842796254         0.925651822649         0.920542739197         0.911834878870         0.916149888364         0.932088070652         0.940353159327         0.930603239270         0.917994734317         0.923160176875         0.941669268915         0.947422779677         0.929122769985         0.909222308488         0.914193903918         0.934645621637         0.933165632853         0.896270453847         0.858442445508         0.857226034796         0.873517026733         0.847378968517         0.745602521476         0.562126447366         0.000000000000
        0.842882095452         0.884233854146         0.955061587455         0.946630528670         0.932103666862         0.922189594654         0.935815191041         0.953620900080         0.950619491743         0.931659627761         0.921605295707         0.930642301083         0.941786434162         0.936398560778         0.919761573358         0.911663357168         0.918324337775         0.925282560404         0.918857586315         0.904786316250         0.898642619432         0.903811627654         0.908091396164         0.901614994448         0.890096432335         0.885637165516         0.889722268261         0.892316016501         0.886474296950         0.877411160617         0.874298167958         0.877502467553         0.879129314607         0.874401030450         0.867609597022         0.865461615095         0.867913397625         0.869167065023         0.865886984765         0.861131743527         0.859574642137         0.861391654283         0.862777494383         0.861174802421         0.858127073359         0.856809047324         0.858144858636         0.860124255621         0.860339820586         0.858629920207         0.857225879451         0.858265367605         0.861273965078         0.863363393549         0.862588984501         0.860800356871         0.861770813080         0.866217273868         0.870153139939         0.869862884895         0.867415069380         0.868584487296         0.874842519040         0.880508775249         0.880179363266         0.876804053456         0.878445900528         0.886835105938         0.894003839472         0.892989454395         0.888370269275         0.890748294197         0.901517493503         0.909794266721         0.907278485166         0.900967842615         0.904288869776         0.917609858682         0.926371213606         0.921184805166         0.912459213702         0.916815983904         0.932770576967         0.940978171622         0.931152315329         0.918526567976         0.923721228961         0.942226706832         0.947911935013         0.929539091342         0.909622320180         0.914610286554         0.935040115503         0.933484682008         0.896520839897         0.858677000309         0.857466409088         0.873722310867         0.847505466313         0.745655988920         0.562155478559         0.000000000000
        0.842993579106         0.884335831969         0.955216339347         0.946819376189         0.932312754567         0.922387999275         0.936009277874         0.953842202257         0.950877133830         0.931925967644         0.921855676201         0.930889758102         0.942064857471         0.936710962282         0.920073641724         0.911951853311         0.918610766392         0.925604153525         0.919211488600         0.905131469596         0.898957615669         0.904126668715         0.908446162754         0.901999653829         0.890463512189         0.885969393190         0.890058247109         0.892696806311         0.886881078813         0.877791472298         0.874640910434         0.877854386580         0.879527399975         0.874821548103         0.867996524833         0.865810166327         0.868276472296         0.869579806511         0.866315159936         0.861516551557         0.859920939269         0.861757316455         0.863193161879         0.861600020811         0.858504038969         0.857150136821         0.858510932897         0.860540700303         0.860758913784         0.858998353681         0.857561836740         0.858631374995         0.861688601854         0.863774028446         0.862948090732         0.861130819220         0.862135296953         0.866628013656         0.870554471588         0.870212950673         0.867741765189         0.868948181462         0.875247633265         0.880900075442         0.880520156117         0.877127252034         0.878805716068         0.887229889749         0.894379498118         0.893316561207         0.888682388736         0.891096697597         0.901892501045         0.910145028471         0.907583594625         0.901264747577         0.904618593173         0.917958069183         0.926690638345         0.921462289102         0.912731995733         0.917116603043         0.933080748578         0.941255471692         0.931389715960         0.918760225563         0.923975971939         0.942480510004         0.948128203700         0.929718559248         0.909799434605         0.914801845324         0.935221440916         0.933625377164         0.896627820299         0.858782151409         0.857580426483         0.873819535014         0.847561243886         0.745676856198         0.562168586194         0.000000000000
        0.847916378240         0.890588711564         0.963407195362         0.956535058002         0.943698204430         0.935042402525         0.949714534697         0.968719729453         0.967193981635         0.949489415722         0.940260794238         0.949988492246         0.962027424062         0.957777197284         0.941973235624         0.934272173838         0.941291795300         0.948919928879         0.943315963066         0.929684393393         0.923570774331         0.928889408559         0.933693497967         0.927776992067         0.916357779520         0.911674400802         0.915794240211         0.918827948306         0.913337257568         0.904109825428         0.900587761406         0.903763973843         0.905765256376         0.901214225172         0.894072545953         0.891433266392         0.893873945611         0.895506581194         0.892330904562         0.887127692228         0.885083310765         0.886952537020         0.888737666405         0.887205949187         0.883684280241         0.881913077536         0.883357074458         0.885756968254         0.886022922179         0.883849841462         0.882043965795         0.883241488672         0.886663079330         0.888765757241         0.887536733934         0.885407891087         0.886571137018         0.891378553343         0.895250375906         0.894485635085         0.891732309831         0.893055671758         0.899528394851         0.904983741044         0.904125843753         0.900449730221         0.902159491705         0.910563010071         0.917335328088         0.915744154560         0.910795594600         0.913096888726         0.923630133175         0.931306107086         0.928141388258         0.921442727086         0.924481742105         0.937278190913         0.945211460108         0.939249576651         0.929994152272         0.933818302286         0.948949267337         0.956114406753         0.945362646794         0.932024500057         0.936446210882         0.953902364328         0.958411557007         0.939011553992         0.918250577596         0.922352018695         0.941697935588         0.939026726029         0.901109273065         0.862538385864         0.860686224846         0.876191487750         0.849153433881         0.746503354216         0.562519913281         0.000000000000
        0.851280696023         0.894537818436         0.968810535148         0.962934248808         0.951018579461         0.942842317021         0.958000656620         0.977881899950         0.977443710438         0.960524299436         0.951724685458         0.961912217403         0.974868952046         0.971678338057         0.956541165761         0.949122994997         0.956520834362         0.965001763492         0.960357801458         0.947232513149         0.941225625450         0.946839976760         0.952443636846         0.947367921480         0.936258279113         0.931490900180         0.935835081060         0.939622900636         0.934824417838         0.925697692871         0.921955516648         0.925351021215         0.928100216554         0.924100680445         0.916843936676         0.913878786281         0.916536962318         0.918862135971         0.916050263875         0.910521182960         0.908056832166         0.910145371626         0.912563640843         0.911230175844         0.907237144313         0.905035172313         0.906739139077         0.909709365750         0.910009761556         0.907254918229         0.905031881265         0.906518999139         0.910431344699         0.912424347297         0.910542485362         0.908036249006         0.909480218474         0.914650198826         0.918261698527         0.916796313693         0.913685460120         0.915256238181         0.921955167888         0.927018453254         0.925430512363         0.921416338600         0.923302970069         0.931760532949         0.937992110023         0.935634261293         0.930349490134         0.932716243915         0.943107989795         0.950083724008         0.946089531464         0.938993299379         0.941942689712         0.954385660056         0.961467010235         0.954616218272         0.944885678901         0.948457278627         0.963039172688         0.969229321548         0.957536108319         0.943665074563         0.947702207101         0.964452073854         0.967903803675         0.947541290478         0.926202646403         0.929834014143         0.948392047760         0.944639258932         0.905778574034         0.866640161462         0.864346371363         0.879123684494         0.851084501774         0.747450247717         0.562956451699         0.000000000000
        0.853700613666         0.897172046593         0.972521860825         0.967371788314         0.956077052935         0.948089132645         0.963444159263         0.983945400865         0.984290429379         0.967854084706         0.959152392878         0.969545351813         0.983150404460         0.980735924461         0.965998312473         0.958617535302         0.966228177389         0.975381652647         0.971476761670         0.958661212734         0.952597778082         0.958406194033         0.964698697249         0.960307109014         0.949378367605         0.944476334376         0.949017069142         0.953499618772         0.949303136560         0.940205809080         0.936230113671         0.939807490665         0.943225439707         0.939717619057         0.932340715886         0.929067039041         0.931910552379         0.934862893587         0.932401517201         0.926608805838         0.923800584158         0.926095491061         0.929082960501         0.927933396570         0.923535050612         0.920961454114         0.922897739110         0.926378316657         0.926715538415         0.923447803971         0.920867310919         0.922606159261         0.926953915211         0.928835851380         0.926358207924         0.923488988897         0.925171945495         0.930668137243         0.934028576554         0.931903174251         0.928464885638         0.930257813561         0.937160544645         0.941839888561         0.939554658547         0.935226911307         0.937294026847         0.945822833901         0.951559643072         0.948479299326         0.942880636025         0.945357790733         0.955681144783         0.962066094891         0.957344828688         0.949954651236         0.952958629635         0.965223786486         0.971637582448         0.964057298996         0.954025537342         0.957571075795         0.971857998981         0.977315339197         0.964911428728         0.950738626480         0.954681970840         0.971049668837         0.973745128267         0.952693702024         0.931059545905         0.934551911928         0.952668313128         0.948154913432         0.908638678258         0.869214417346         0.866761505427         0.881096595201         0.852342358065         0.748033712644         0.563246098439         0.000000000000
        0.855721701785         0.899308850692         0.975559022296         0.971002850067         0.960182963084         0.952283024503         0.967744892123         0.988743120435         0.989744076345         0.973674604916         0.965010706039         0.975546793904         0.989685950714         0.987906485061         0.973471402563         0.966033603860         0.973761595376         0.983474852916         0.980201692520         0.967593833209         0.961419435228         0.967363067611         0.974232683283         0.970411977183         0.959588095497         0.954507574537         0.959189938383         0.964260410730         0.960577605587         0.951475905320         0.947281044929         0.951019125312         0.955028324809         0.951941646033         0.944450074411         0.940916650747         0.943949385413         0.947483539703         0.945347852058         0.939331859187         0.936238006107         0.938746890456         0.942291754484         0.941350350139         0.936615266484         0.933730834879         0.935881310312         0.939844420841         0.940248412931         0.936538327239         0.933622675376         0.935569488777         0.940300784744         0.942104512775         0.939100443585         0.935909698502         0.937816009156         0.943613044175         0.946764782196         0.944055939636         0.940303729919         0.942306998859         0.949416119974         0.953773856564         0.950870546524         0.946254135791         0.948509868168         0.957138177792         0.962447540332         0.958722652021         0.952853164500         0.955480155356         0.965790616666         0.971654993120         0.966284578221         0.958636483613         0.961736842453         0.973880843464         0.979710036834         0.971486389133         0.961209716375         0.964797927882         0.978882411427         0.983722111998         0.970705197311         0.956315475319         0.960250890554         0.976339269658         0.978389016543         0.956751922405         0.934907063672         0.938340982560         0.956121065511         0.950958999239         0.910894664329         0.871280156802         0.868754220825         0.882740217272         0.853374898381         0.748504698111         0.563489837469         0.000000000000
        0.857415858144         0.901050539741         0.978057702878         0.973993910595         0.963558076055         0.955692428913         0.971218773487         0.992620474081         0.994147098098         0.978345434889         0.969661862681         0.980264516468         0.994830337622         0.993580066018         0.979357811669         0.971859452475         0.979689574812         0.989873736300         0.987117004105         0.974658035408         0.968377477730         0.974445402584         0.981813453823         0.978469389402         0.967710328691         0.962462948465         0.967267737356         0.972827110374         0.969548137766         0.960417942845         0.956018405666         0.959910025319         0.964417724830         0.961666248482         0.954052369550         0.950280003480         0.953479147640         0.957504573234         0.955624449103         0.949398750608         0.946047565775         0.948746295738         0.952754245789         0.951977941677         0.946952392108         0.943798089310         0.946145056318         0.950517756671         0.950977200832         0.946895521616         0.943704129131         0.945852944897         0.950926546418         0.952670145949         0.949220944176         0.945753834095         0.947857069456         0.953920113573         0.956906257249         0.953703548496         0.949694423492         0.951899185191         0.959198287219         0.963288569521         0.959849259890         0.954987272297         0.957416730933         0.966145753385         0.971096310426         0.966821258422         0.960730718266         0.963504208126         0.973825323006         0.979255512804         0.973327991243         0.965481073297         0.968699185988         0.980770915020         0.986117120947         0.977357958516         0.966919146128         0.970590923210         0.984527147415         0.988842416720         0.975304609003         0.960761864437         0.964729428527         0.980598967733         0.982100986234         0.959982164602         0.938009980189         0.941457081818         0.958977733691         0.953267982688         0.912757328486         0.873019781987         0.870461272483         0.884145535097         0.854231808922         0.748880691329         0.563691458946         0.000000000000
        0.858865980500         0.902568905955         0.980216015806         0.976573762871         0.966463376623         0.958633089560         0.974227749313         0.995963820871         0.997932264057         0.982348862770         0.973651200463         0.984321938073         0.999254911554         0.998445349096         0.984400523968         0.976842702027         0.984764765300         0.995335175969         0.992988919399         0.980635411471         0.974240323509         0.980384555141         0.988136305463         0.985166653375         0.974450427563         0.969072076000         0.973995335250         0.979979121914         0.977039264148         0.967867007976         0.963292088811         0.967298083160         0.972214523776         0.969733903432         0.961998605640         0.958021709470         0.961352644430         0.965768282452         0.964081791160         0.957654535604         0.954074416513         0.956915788790         0.961287809652         0.960621256432         0.955318691060         0.951926159571         0.954438023015         0.959149319354         0.959639900583         0.955226940116         0.951805095486         0.954137084002         0.959509735264         0.961197203167         0.957365680603         0.953675083023         0.955961537488         0.962269237247         0.965122360385         0.961504752062         0.957291517935         0.959675190269         0.967152111074         0.971021422863         0.967138867984         0.962088543645         0.964682303062         0.973518897310         0.978179646603         0.973443499860         0.967179881699         0.970103595935         0.980460635054         0.985540376012         0.979151324820         0.971148151735         0.974482229377         0.986508970029         0.991449215347         0.982234457536         0.971649451851         0.975399039247         0.989214701854         0.993083419118         0.979100343431         0.964432442254         0.968445985164         0.984147350930         0.985186492665         0.962651253469         0.940573548782         0.944038773730         0.961344504043         0.955165430618         0.914266992685         0.874430468562         0.871864867020         0.885308031627         0.854936343691         0.749181475151         0.563857618093         0.000000000000
        0.860144526012         0.903920849777         0.982124767388         0.978840539457         0.968998062036         0.961188936126         0.976834510984         0.998861913910         1.001208623034         0.985814699442         0.977105653128         0.987842278478         1.003091779099         1.002652301080         0.988755263530         0.981151213206         0.989144056648         1.000039522206         0.998038711080         0.985777034540         0.979296495475         0.985532895140         0.993642358655         0.990996479506         0.980301820933         0.974797358714         0.979801319916         0.986134449349         0.983476132600         0.974273476261         0.969559889349         0.973678257200         0.978963774902         0.976734783919         0.968921841814         0.964793909117         0.968259949843         0.973034831008         0.971541095141         0.964972787726         0.961220962047         0.964197716563         0.968895974744         0.968347446991         0.962839937245         0.959264098873         0.961915873372         0.966915473187         0.967440104161         0.962757669891         0.959142271140         0.961612765726         0.967226548771         0.968868386257         0.964717318707         0.960835173141         0.963262740230         0.969763682909         0.972487817009         0.968508108648         0.964107940992         0.966622376825         0.974233436188         0.977912110958         0.973648946510         0.968431503496         0.971156734083         0.980070310916         0.984476087514         0.979348469917         0.972935925823         0.975971641457         0.986345526445         0.991116551182         0.984320624654         0.976171237280         0.979591243368         0.991576728635         0.996164244216         0.986547048104         0.975833873368         0.979639303560         0.993346845148         0.996824983859         0.982453139261         0.967667245497         0.971711036175         0.987261072252         0.987900178106         0.965000289322         0.942824050085         0.946301481654         0.963420846370         0.956833885976         0.915595968057         0.875668069309         0.873093721712         0.886327297376         0.855556549739         0.749447041094         0.564002783319         0.000000000000
        0.861247694439         0.905083886745         0.983767576001         0.980797638176         0.971186983018         0.963402204260         0.979094455644         1.001371509784         1.004037826792         0.988802196021         0.980078457852         0.990872389203         1.006378522944         1.006251670752         0.992478291596         0.984806351262         0.992862522969         1.004046071618         1.002352861433         0.990175097696         0.983625527916         0.989930279576         0.998337139341         0.995970837832         0.985309569889         0.979711362676         0.984795577436         0.991441172518         0.989036717681         0.979821566721         0.974991176720         0.979208599877         0.984792909403         0.982760358284         0.974868717707         0.970597627065         0.974160278306         0.979219500431         0.977869655907         0.971165949711         0.967258338378         0.970346502743         0.975318093219         0.974857115913         0.969162217108         0.965424578248         0.968195193401         0.973437455132         0.973986721183         0.969074751914         0.965300445607         0.967897760459         0.973721912683         0.975326919158         0.970908528514         0.966868639187         0.969421411590         0.976088370095         0.978717555344         0.974443974496         0.969894574013         0.972533276262         0.980268304862         0.983795412672         0.979215433911         0.973855676518         0.976695484490         0.985686644312         0.989887974834         0.984425660111         0.977877720273         0.981009066668         0.991402132121         0.995917864295         0.988784586699         0.980519824287         0.984023607572         0.995981312541         1.000280337863         0.990334017166         0.979521088507         0.983390966125         0.997020850545         1.000180153610         0.985484629503         0.970598790118         0.974665982121         0.990079208731         0.990363498650         0.967141535709         0.944863679052         0.948329895801         0.965273082857         0.958328156961         0.916792708602         0.876780304334         0.874188552275         0.887233657342         0.856113580858         0.749689419050         0.564132877336         0.000000000000
        0.862225323935         0.906109514875         0.985220347091         0.982531372238         0.973134968805         0.965377064611         0.981115524270         1.003614856898         1.006571544788         0.991488688022         0.982751080476         0.993583587824         1.009319356777         1.009472052220         0.995810843377         0.988103883664         0.996210016193         1.007643152558         1.006220275277         0.994110173992         0.987491518876         0.993841471062         1.002512117195         1.000399314928         0.989771457634         0.984089562858         0.989245941072         0.996147388804         0.993947741608         0.984703469087         0.979752743666         0.984034319521         0.989873418130         0.988018245771         0.980064723079         0.975664223983         0.979299819470         0.984609537453         0.983395996419         0.976592931006         0.972553670139         0.975729582816         0.980937843944         0.980569312864         0.974736337980         0.970864568226         0.973735355094         0.979198595724         0.979790862380         0.974699381500         0.970787391133         0.973489392229         0.979505592133         0.981101150517         0.976463490464         0.972284352551         0.974937446588         0.981755969720         0.984310946282         0.979775703624         0.975078386206         0.977797722979         0.985627271546         0.989017771655         0.984153939521         0.978654617310         0.981563275952         0.990598083928         0.994612779693         0.988854194407         0.982177033776         0.985377690053         0.995785962345         1.000089163499         0.992665548818         0.984289638580         0.987852299939         0.999787546539         1.003843265474         0.993609747589         0.982700024539         0.986616033513         1.000179248458         1.003065574053         0.988086489300         0.973107568014         0.977197437910         0.992503299857         0.992495012563         0.969001981459         0.946643378420         0.950103454477         0.966897130410         0.959644126121         0.917847664754         0.877754080310         0.875144045061         0.888027982077         0.856607012738         0.749906948273         0.564247736442         0.000000000000
        0.863073689348         0.907005154532         0.986482294723         0.984034594389         0.974822957230         0.967090477243         0.982867129116         1.005554542065         1.008757608404         0.993803328935         0.985061734995         0.995935665765         1.011877083853         1.012276979437         0.998714996195         0.990975422773         0.999123178770         1.010765270964         1.009568867363         0.997517812544         0.990849883866         0.997249762823         1.006143281635         1.004234866009         0.993616530955         0.987850262968         0.993056330161         1.000175882987         0.998152924458         0.988892535059         0.983846928247         0.988181383448         0.994235746602         0.992528626607         0.984526243794         0.980027549896         0.983737985537         0.989267620793         0.988174444681         0.981289377813         0.977150073790         0.980416124601         0.985828201324         0.985537957301         0.979580894234         0.975595945829         0.978554818713         0.984192229038         0.984816385063         0.979565318052         0.975534971281         0.978323259258         0.984484583511         0.986062291233         0.981239574447         0.976946072856         0.979688420594         0.986623257834         0.989115319427         0.984372160140         0.979564628519         0.982370525974         0.990291400860         0.993577942508         0.988481870420         0.982871834868         0.985853045411         0.994938138822         0.998802000201         0.992796209906         0.986014409595         0.989277217251         0.999700657113         1.003826596058         0.996165194736         0.987696488880         0.991302461981         1.003203363388         1.007037817318         0.996546978889         0.985539829868         0.989480023157         1.002974743082         1.005620391204         0.990393368056         0.975328152677         0.979426136818         0.994631490612         0.994368101723         0.970637822539         0.948202665198         0.951656303454         0.968323457114         0.960806353976         0.918783004334         0.878615212647         0.875984973775         0.888727026007         0.857044245454         0.750101843771         0.564349489018         0.000000000000
        0.863827663489         0.907804350458         0.987605684472         0.985374036042         0.976326965662         0.968616419985         0.984442171658         1.007290505605         1.010713392970         0.995875624758         0.987134427574         0.998050296979         1.014177369923         1.014795576288         1.001320405155         0.993556133942         1.001734237718         1.013558167789         1.012551797888         1.000549792117         0.993834140433         1.000273284537         1.009351443286         1.007621147576         0.997026101951         0.991197277482         0.996445192699         1.003756197083         1.001896514329         0.992634168782         0.987523889326         0.991925082915         0.998184271913         0.996616060871         0.988576366721         0.983996324586         0.987773916816         0.993483829468         0.992489626840         0.985527116374         0.981291107015         0.984622318745         0.990204753420         0.989979339838         0.983919360967         0.979839038154         0.982874013765         0.988672491059         0.989323388529         0.983943077821         0.979818841940         0.982686916067         0.988988654160         0.990555909210         0.985577243886         0.981189947281         0.984008851608         0.991054853824         0.993496106745         0.988575931763         0.983674358841         0.986551495171         0.994543836648         0.997735122097         0.992444014039         0.986744751566         0.989790996907         0.998920155176         1.002659960665         0.996450685685         0.989581877186         0.992888535260         1.003309280404         1.007259801483         0.999367271359         0.990806140077         0.994441448253         1.006303205370         1.009939820216         0.999225496583         0.988130836845         0.992087254216         1.005517608980         1.007950906787         0.992506789820         0.977363312511         0.981461900283         0.996577203142         0.996086740151         0.972144923765         0.949634560872         0.953074714445         0.969623289906         0.961871336001         0.919646177244         0.879405920224         0.876749274072         0.889358546335         0.857439784010         0.750279412573         0.564441592005         0.000000000000
        0.864524153411         0.908544356997         0.988642521715         0.986604674464         0.977705769206         0.970017598206         0.985880124509         1.008887223009         1.012512681195         0.997777641845         0.989029100035         0.999983022922         1.016269998933         1.017077182499         1.003680411967         0.995894138548         1.004113362694         1.016109494800         1.015285960385         1.003336393247         0.996584921189         1.003069868485         1.012327503185         1.010770097794         1.000206635719         0.994335415223         0.999641410225         1.007143343359         1.005446433784         0.996193292549         0.991028005826         0.995483909622         1.001918832555         1.000480159302         0.992415492786         0.987767598541         0.991607876285         0.997490599315         0.996592846125         0.989566687858         0.985251280131         0.988646704619         0.994388663698         0.994223721671         0.988069420312         0.983900657325         0.986995367534         0.992930762936         0.993605357314         0.988094726878         0.983868661645         0.986787742895         0.993199591862         0.994746618570         0.989611529040         0.985113363412         0.987978001059         0.995104918547         0.997485617818         0.992393237234         0.987389411439         0.990317232368         0.998373014242         1.001479147258         0.996009814242         0.990222286611         0.993315589296         1.002482280115         1.006106820378         0.999705424522         0.992748557733         0.996095014804         1.006519296681         1.010322106601         1.002230196168         0.993584870091         0.997246272532         1.009083121699         1.012555632902         1.001650024192         0.990483763246         0.994459372105         1.007842836117         1.010094009939         0.994453639805         0.979228864842         0.983316166520         0.998345357309         0.997656346502         0.973524685767         0.950940988628         0.954362018832         0.970806026407         0.962842003322         0.920431738477         0.880121178412         0.877436241237         0.889926507264         0.857799012282         0.750442877296         0.564524842511         0.000000000000
        0.865143205748         0.909199159561         0.989561677881         0.987696099140         0.978928862677         0.971258492934         0.987151141967         1.010297822938         1.014104454322         0.999464136285         0.990715646805         1.001702908358         1.018136337540         1.019119520918         1.005797097180         0.997990521513         1.006235595617         1.018383975854         1.017724251946         1.005823299916         0.999039673945         1.005563254247         1.014974111901         1.013569965485         1.003031782495         0.997115846413         1.002463196469         1.010129292651         1.008567346654         0.999311738205         0.994087943563         0.998590424787         1.005183860611         1.003853692302         0.995751367895         0.991028838153         0.994912565877         1.000945316309         1.000131885496         0.993048493559         0.988655012385         0.992099497028         0.997981634826         0.997872312371         0.991627787421         0.987372606474         0.990517031978         0.996578760958         0.997279858114         0.991666608452         0.987357919190         0.990333082020         0.996853513935         0.998395035885         0.993138025894         0.988559294643         0.991481457511         0.998697899062         1.001041259445         0.995804476905         0.990713498498         0.993689934634         1.001805340807         1.004834639259         0.999194179102         0.993309160691         0.996434871526         1.005627369807         1.009146780522         1.002573330706         0.995535608438         0.998917382154         1.009351807594         1.013032172076         1.004762985352         0.996038600466         0.999725294856         1.011544981707         1.014873818243         1.003790304534         0.992548785484         0.996537025067         1.009877194227         1.011967830136         0.996154952213         0.980868453622         0.984962865341         0.999924936991         0.999056677802         0.974752121688         0.952103482850         0.955511699035         0.971867405952         0.963718177535         0.921141784618         0.880766120330         0.878056382564         0.890439515152         0.858123873398         0.750590836904         0.564600102150         0.000000000000
        0.865702138852         0.909794087782         0.990398684160         0.988687593747         0.980037859490         0.972376497647         0.988298667623         1.011564891654         1.015524221078         1.000961025552         0.992206044796         1.003219680822         1.019781938913         1.020920035151         1.007661391302         0.999837965945         1.008113450470         1.020398271259         1.019887021361         1.008028614816         1.001216409973         1.007776861073         1.017332404498         1.016066057529         1.005553587506         0.999602614939         1.004993756864         1.012803292291         1.011361035900         1.002103300654         0.996829223186         1.001373219273         1.008109375538         1.006880258834         0.998753005575         0.993975462866         0.997906206267         1.004074945304         1.003338266982         0.996203201311         0.991742163553         0.995224460540         1.001225074253         1.001162241807         0.994850032907         0.990525098078         0.993715060652         0.999883068697         1.000602093082         0.994897312178         0.990511970464         0.993533852679         1.000141968199         1.001670962945         0.996300223170         0.991643776574         0.994611667316         1.001900637341         1.004206648181         0.998843220957         0.993680369724         0.996699609824         1.004865817474         1.007831193051         1.002049143962         0.996082681138         0.999241436762         1.008456138157         1.011881310561         1.005159218430         0.998052611902         1.001461735064         1.011898876597         1.015466534074         1.007045021177         0.998258205784         1.001969606502         1.013770143346         1.016969886383         1.005734772336         0.994436717536         0.998439423471         1.011740701981         1.013688233067         0.997727087906         0.982387429581         0.986480110614         1.001368613403         1.000334561956         0.975871836571         0.953159426871         0.956548098475         0.972816135058         0.964497990185         0.921774366199         0.881342404326         0.878610227992         0.890898830162         0.858415719447         0.750724072842         0.564667740678         0.000000000000
        0.866212776345         0.910343999367         0.991164375900         0.989595156301         0.981055686449         0.973416849991         0.989368476918         1.012742492521         1.016839797989         1.002348685887         0.993592556169         1.004634153439         1.021311857976         1.022586419898         1.009385291326         1.001550512703         1.009857475158         1.022264300934         1.021884963997         1.010068431590         1.003235437370         1.009831868196         1.019516226363         1.018373529013         1.007887957907         1.001908304345         1.007328199399         1.015261114297         1.013917223477         1.004650499572         0.999325443065         1.003902216914         1.010760368813         1.009616708436         1.001464952571         0.996634200152         1.000601651991         1.006886278383         1.006213613005         0.999035718589         0.994517690487         0.998042438328         1.004151006178         1.004130481374         0.997756771778         0.993372033005         0.996610576646         1.002875248531         1.003602079369         0.997804982774         0.993349262950         0.996413809744         1.003105099618         1.004617885522         0.999140415594         0.994412718023         0.997418412497         1.004764304291         1.007029830812         1.001546338645         0.996315055261         0.999371620923         1.007580820638         1.010486711058         1.004582986545         0.998559637324         1.001758531613         1.010996348664         1.014336083197         1.007474567356         1.000308339160         1.003748421564         1.014191806428         1.017658497152         1.009099399522         1.000250718213         1.003974600688         1.015753769518         1.018831785988         1.007454751141         0.996101270797         1.000113548380         1.013375943286         1.015194107240         0.999098100954         0.983705140015         0.987793806453         1.002624636632         1.001451270597         0.976858201537         0.954095703669         0.957467686412         0.973658447466         0.965189835659         0.922335541903         0.881853297372         0.879100340105         0.891304888892         0.858673990443         0.750842221125         0.564727618467         0.000000000000
        0.866684429339         0.910849676383         0.991867696393         0.990426041736         0.981982951197         0.974359846146         0.990337032396         1.013814672953         1.018043280978         1.003620870620         0.994866830957         1.005937789555         1.022725347680         1.024126550547         1.010977053819         1.003132080780         1.011468636131         1.023991673658         1.023736799427         1.011961068780         1.005110289035         1.011740473860         1.021539157540         1.020503443611         1.010034184234         1.004023926015         1.009475170975         1.017526197615         1.016278596697         1.007013331450         1.001653154555         1.006268900580         1.013239320431         1.012175263960         1.004000394844         0.999124542073         1.003121914153         1.009509975819         1.008895437027         1.001679690604         0.997116848077         1.000688925663         1.006899571362         1.006914442640         1.000471503686         0.996027570759         0.999305294683         1.005654377554         1.006396244374         1.000519028875         0.996006911719         0.999112678416         1.005872545387         1.007375284422         1.001799983012         0.997011568470         1.000057982765         1.007464342038         1.009694658733         1.004106625055         0.998816655300         1.001908344711         1.010154290223         1.013004429529         1.006989838315         1.000914624245         1.004150204982         1.013416213348         1.016685507437         1.009703057560         1.002472729089         1.005926533031         1.016358557516         1.019722385738         1.011032169120         1.002126473960         1.005862551315         1.017619193382         1.020584343414         1.009073862739         0.997663043209         1.001678705368         1.014900270430         1.016593544346         1.000368078659         0.984923584510         0.989008246905         1.003783496525         1.002478387216         0.977760055938         0.954949504082         0.958309365209         0.974431759677         0.965826449228         0.922851652076         0.882323646237         0.879553687644         0.891682230658         0.858914532530         0.750952271454         0.564783349323         0.000000000000
        0.867156301986         0.911363515809         0.992587611689         0.991281303605         0.982948434814         0.975356042650         0.991365492052         1.014952365114         1.019323003815         1.004992263017         0.996241898801         1.007343548569         1.024225302469         1.025745360249         1.012647350236         1.004802285080         1.013168617267         1.025799011264         1.025662562404         1.013924353660         1.007050379148         1.013698688409         1.023603746332         1.022668042340         1.012204973984         1.006151283250         1.011620793209         1.019764680769         1.018600679638         1.009327545946         1.003925147934         1.008561893199         1.015628159047         1.014632969491         1.006438547241         1.001518335412         1.005546603472         1.012030173034         1.011464287220         1.004196709160         0.999574009759         1.003173071664         1.009470373598         1.009516705730         1.003012482070         0.998506767396         1.001815052882         1.008241507939         1.008995491881         1.003041388865         0.998467313615         1.001605478243         1.008431567630         1.009922325997         1.004254717748         0.999406179488         1.002485436989         1.009941161502         1.012138643086         1.006440667700         1.001086884415         1.004209215010         1.012492963673         1.015291637481         1.009164509840         1.003029186271         1.006287899188         1.015571843216         1.018769693085         1.011671415035         1.004386223757         1.007863234500         1.018300012149         1.021577209030         1.012766471436         1.003809720545         1.007563874059         1.019309521622         1.022176459703         1.010546972866         0.999088222874         1.003111929982         1.016301676982         1.017883911668         1.001540999731         0.986051488865         0.990136375628         1.004864483944         1.003440734652         0.978607714453         0.955751355462         0.959098124671         0.975155236905         0.966422266739         0.923334762618         0.882762938793         0.879976063308         0.892033916231         0.859139567005         0.751055734333         0.564835433565         0.000000000000
        0.867560602795         0.911802091016         0.993203698780         0.992010852448         0.983765318323         0.976189290849         0.992221166512         1.015894818980         1.020377702762         1.006109262362         0.997359597008         1.008483323627         1.025451840747         1.027080024482         1.014029756630         1.006178423559         1.014570697062         1.027297635239         1.027263455796         1.015556674038         1.008663276143         1.015326979621         1.025324059166         1.024478269090         1.014027850413         1.007945058053         1.013437402006         1.021673325281         1.020587022434         1.011313041924         1.005873878691         1.010533840885         1.017689944146         1.016760201016         1.008548161708         1.003589213949         1.007648819938         1.014223881341         1.013712331382         1.006412313000         1.001744621774         1.005377311299         1.011757079011         1.011835131985         1.005276814277         1.000718584055         1.004057898999         1.010556151278         1.011321597753         1.005296208233         1.000663325535         1.003823844071         1.010705501817         1.012187057571         1.006438479028         1.001534706488         1.004643695843         1.012145822081         1.014313345942         1.008522473922         1.003113160332         1.006264057706         1.014581460655         1.017330879817         1.011097198834         1.004909709843         1.008193944621         1.017497833997         1.020635318337         1.013436906257         1.006106775159         1.009606994743         1.020048297640         1.023253201777         1.014339235111         1.005338170444         1.009104325247         1.020834106071         1.023609321830         1.011871570188         1.000368255890         1.004397758900         1.017557927551         1.019040982380         1.002594117704         0.987064653466         0.991149540716         1.005834378866         1.004301611766         0.979361663495         0.956464358027         0.959800733944         0.975800990914         0.966954552466         0.923766602182         0.883155942597         0.880354174745         0.892348696374         0.859340831947         0.751148217970         0.564882032024         0.000000000000
        0.867941729547         0.912216112048         0.993779284415         0.992693830225         0.984535374647         0.976976453795         0.993034178493         1.016792854392         1.021382750603         1.007167600661         0.998422459952         1.009562047940         1.026614680849         1.028340153032         1.015332942716         1.007473507865         1.015886752185         1.028701126777         1.028761734902         1.017087660492         1.010181681278         1.016869254491         1.026957119517         1.026202241113         1.015773017259         1.009667984554         1.015190096069         1.023522308348         1.022516706281         1.013240147120         1.007774052755         1.012453692240         1.019694463738         1.018826666414         1.010592976898         1.005593220827         1.009678771253         1.016331849525         1.015865669361         1.008532941525         1.003820019595         1.007480786129         1.013935333301         1.014043376237         1.007439357980         1.002838477140         1.006201879165         1.012764888278         1.013539413214         1.007455390691         1.002779187671         1.005971233422         1.012910420738         1.014385136156         1.008562073015         1.003603047583         1.006728700558         1.014267221017         1.016404536444         1.010526407013         1.005062297556         1.008232457548         1.016576922065         1.019280791960         1.012955538608         1.006716601440         1.010018113703         1.019335968394         1.022415084708         1.015120649115         1.007743895524         1.011261773842         1.021705432424         1.024840114718         1.015828911963         1.006787287158         1.010569033397         1.022287713131         1.024978328695         1.013139481935         1.001594766085         1.005626945175         1.018758024072         1.020146495127         1.003599542211         0.988030353443         0.992114722360         1.006758899779         1.005122749167         0.980082083167         0.957144659485         0.960469572366         0.976416170363         0.967462898315         0.924179399720         0.883530639705         0.880713842342         0.892648456383         0.859533368830         0.751237154845         0.564926532762         0.000000000000
        0.868298889401         0.912601263736         0.994313751327         0.993325222661         0.985242019248         0.977697522110         0.993776144631         1.017612970458         1.022302909667         1.008142702415         0.999402918786         1.010565508659         1.027701339106         1.029526265901         1.016564514035         1.008700194932         1.017128726125         1.030023001664         1.030171571358         1.018523890958         1.011604595729         1.018313395542         1.028487197555         1.027814032638         1.017404800293         1.011284260331         1.016833448964         1.025248664364         1.024317191733         1.015047619326         1.009559893804         1.014269659333         1.021596859800         1.020792285740         1.012551712569         1.007527071120         1.011646539622         1.018386031171         1.017972608855         1.010618714618         1.005876406598         1.009563990911         1.016089744813         1.016227486181         1.009586695373         1.004950053079         1.008339720192         1.014961293293         1.015745098347         1.009607303299         1.004887385167         1.008099752860         1.015082667824         1.016544283633         1.010652881324         1.005649245112         1.008793620584         1.016362872244         1.018472488402         1.012514558934         1.006998914065         1.010185794685         1.018552603715         1.021210832765         1.014796857710         1.008503374764         1.011818100025         1.021143387011         1.024162188776         1.016775394334         1.009352204389         1.012881766182         1.023323283390         1.026390688489         1.017287658020         1.008206203987         1.011999167281         1.023703001955         1.026315455758         1.014382827597         1.002792612552         1.006822013703         1.019920926101         1.021215149154         1.004569680578         0.988959837139         0.993038605947         1.007641942419         1.005910276919         0.980776054720         0.957799800109         0.961112633613         0.977007474924         0.967953197549         0.924579184636         0.883893326343         0.881061435860         0.892938892449         0.859721692469         0.751324361349         0.564970539040         0.000000000000
        0.868628612388         0.912956547813         0.994805989160         0.993905691915         0.985889526565         0.978356703920         0.994453818591         1.018362107439         1.023142298507         1.009029681710         1.000292534323         1.011475158593         1.028686711896         1.030601113090         1.017677640805         1.009808807764         1.018258232430         1.031231234463         1.031464348467         1.019844755478         1.012915389738         1.019648333070         1.029901383424         1.029300859180         1.018903708361         1.012764088235         1.018335280605         1.026827941409         1.025963591188         1.016698294755         1.011189464476         1.015927730203         1.023334921022         1.022589002941         1.014339183947         1.009284831185         1.013432966126         1.020246418985         1.019875738952         1.012498304052         1.007722139495         1.011433246334         1.018019165734         1.018180993881         1.011500884125         1.006826913138         1.010243914786         1.016924774152         1.017720216074         1.011535677983         1.006779637205         1.010020324855         1.017055128306         1.018514697758         1.012568095229         1.007528380939         1.010697759704         1.018306416602         1.020398452209         1.014375786689         1.008825843404         1.012031067663         1.020418084714         1.023035759258         1.016540518917         1.010201911772         1.013529512600         1.022862698382         1.025824669586         1.018345645906         1.010873128460         1.014405530263         1.024839171991         1.027837254762         1.018644031756         1.009520978977         1.013319870459         1.025007746639         1.027544375283         1.015523022059         1.003896695275         1.007930488089         1.021002534627         1.022210089638         1.005473168023         0.989824946913         0.993899348647         1.008465113981         1.006643356610         0.981421314616         0.958409176322         0.961711725932         0.977558959496         0.968410247425         0.924950977490         0.884230503981         0.881384876476         0.893208887789         0.859895709036         0.751404893052         0.565010731298         0.000000000000
        0.868940795940         0.913296445374         0.995275565180         0.994459280476         0.986509412739         0.978991994485         0.995109733697         1.019086607390         1.023954038490         1.009889791174         1.001158816807         1.012358761325         1.029641355917         1.031641260367         1.018752034157         1.010874199872         1.019337632523         1.032378338714         1.032683890385         1.021086593589         1.014145809491         1.020900442858         1.031224682635         1.030691479230         1.020305758585         1.014148259945         1.019741671692         1.028308231633         1.027506745780         1.018245467875         1.012712081532         1.017473253086         1.024949846237         1.024253380937         1.015992794498         1.010915754763         1.015089771829         1.021969743354         1.021633777540         1.014230998789         1.009423012037         1.013160612169         1.019809289671         1.019994619202         1.013280159449         1.008572531666         1.012016764202         1.018754244391         1.019555389131         1.013317879016         1.008523806109         1.011790425643         1.018872772980         1.020324107619         1.014316352190         1.009239359846         1.012433775919         1.020078804351         1.022149503788         1.016063302545         1.010477448041         1.013701339859         1.022106441760         1.024687388009         1.018120538279         1.011746320457         1.015090871115         1.024432929687         1.027343691571         1.019785099271         1.012277507255         1.015823237291         1.026250843007         1.029182412499         1.019901629958         1.010740571589         1.014544854298         1.026216440916         1.028681361042         1.016578089230         1.004918336921         1.008955809641         1.022004038815         1.023135550988         1.006318988721         0.990636620644         0.994706096444         1.009233952735         1.007325297580         0.982020496994         0.958974732684         0.962266716895         0.978068324730         0.968831553693         0.925293620149         0.884541376334         0.881682764420         0.893457062664         0.860055397286         0.751478849124         0.565047654647         0.000000000000
        0.891424159495         0.940069144352         1.031939407290         1.037718183778         1.036536761664         1.032631883303         1.051718233256         1.080513184210         1.091614044482         1.082676778864         1.076767578644         1.090449683288         1.112142486691         1.119820165227         1.111236814459         1.105510134733         1.116064472179         1.133127815219         1.138421821436         1.130246900031         1.124770970239         1.133231207968         1.147129939967         1.150796726038         1.142925145190         1.137609225541         1.144581061374         1.156262233123         1.158808983366         1.151146051284         1.145903199843         1.151772562115         1.161865778536         1.163626947504         1.156082727537         1.150813269807         1.155826892538         1.164774227605         1.165963622035         1.158441765871         1.153035053746         1.157366430510         1.165495694310         1.166277673705         1.158662599099         1.153010119942         1.156789002582         1.164371456982         1.164841507868         1.156997414011         1.150968133244         1.154298480531         1.161559898802         1.161779566478         1.153529790491         1.146970412364         1.149940704803         1.157085929523         1.157071827505         1.148189983547         1.140910763510         1.143597409704         1.150815877475         1.150532045181         1.140709614967         1.132458874575         1.134926715759         1.142401049824         1.141738234864         1.130534424261         1.120968472963         1.123276454322         1.131189121897         1.129931365315         1.116693923880         1.105297606916         1.107481202501         1.116026986738         1.113775245273         1.097469737113         1.083411573873         1.085458165797         1.094847980531         1.090856785020         1.069668938990         1.051431885411         1.053183128209         1.063635072517         1.056333895421         1.026565112886         1.000838959186         1.001565120293         1.013066344751         0.998335080365         0.950276851103         0.906777531850         0.901423814111         0.909054408710         0.870338331851         0.756766282777         0.567738153547         0.000000000000
        0.903727393616         0.954226958952         1.050972157400         1.059919297312         1.061701658023         1.059195631750         1.079594696036         1.110877805460         1.125145678082         1.118591119607         1.113860391757         1.128796594560         1.152953339538         1.163685683040         1.157237262389         1.152474824882         1.164199879209         1.183691055582         1.191868039254         1.185538631829         1.180815291098         1.190390391822         1.206658483663         1.212983252028         1.206617997563         1.201825417753         1.209836795716         1.223774224145         1.228674518612         1.222132105073         1.217159624241         1.223970823896         1.236158857193         1.239903000205         1.233057283204         1.227806486771         1.233660228451         1.244497432000         1.247255355075         1.239988104493         1.234363228168         1.239427602111         1.249203088982         1.251082405994         1.243270065357         1.237172239747         1.241568632353         1.250503868937         1.251565992031         1.243068459975         1.236385460058         1.240204078722         1.248478246946         1.248745879784         1.239395615698         1.231990865978         1.235299296848         1.243064431046         1.242522066287         1.232102761715         1.223799106176         1.226647897028         1.234043045369         1.232630753779         1.220848570854         1.211407743987         1.213832538838         1.220993882721         1.218591929699         1.205032550946         1.194116898093         1.196141140511         1.203215446427         1.199611463286         1.183653173509         1.170754759562         1.172382807519         1.179541773567         1.174360033821         1.155003198965         1.139292966257         1.140489199649         1.147946372950         1.140484101119         1.115958117185         1.095926695111         1.096538807039         1.104558470282         1.093323475177         1.059986242038         1.032343780095         1.031694698990         1.040384913593         1.021378883539         0.969570768132         0.924076006796         0.917311508775         0.922000027625         0.878871137910         0.760970890896         0.569831527246         0.000000000000
        0.904461391085         0.955087046633         1.052115449402         1.061247429868         1.063208326348         1.060796089261         1.081282036656         1.112711264671         1.127163659275         1.120754323072         1.116103684947         1.131121774018         1.155423905474         1.166335648210         1.160020049454         1.155327757116         1.167133245824         1.186767986195         1.195115397515         1.188902894050         1.184235736260         1.193887636171         1.210299131981         1.216784082697         1.210517431114         1.205767496402         1.213852741036         1.227931986139         1.232979985589         1.226514761247         1.221571036779         1.228453081621         1.240778719506         1.244654474372         1.237862774115         1.232625182170         1.238545487818         1.249514706686         1.252385076944         1.245145512056         1.239518643976         1.244645235529         1.254544515738         1.256512206679         1.248699067547         1.242583646767         1.247036977115         1.256083026040         1.257203895156         1.248675855975         1.241959390079         1.245827627302         1.254193299733         1.254484642773         1.245071567708         1.237617431983         1.240965431863         1.248796819287         1.248238410436         1.237723049741         1.229355578629         1.232230824940         1.239660798244         1.238189198545         1.226279531706         1.216761669423         1.219197503956         1.226357524097         1.223850661977         1.210133572584         1.199128569001         1.201144657204         1.208177050148         1.204421613090         1.188278202082         1.175278508444         1.176876511173         1.183949982069         1.178571901475         1.159006300360         1.143183921081         1.144326547442         1.151654653246         1.143954166059         1.119198011103         1.099043237804         1.099577151278         1.107427676878         1.095918713821         1.062333909334         1.034558628573         1.033812455246         1.042304558329         1.022999601343         0.970930407031         0.925296638862         0.918432819055         0.922914162677         0.879474871597         0.761270423087         0.569982012138         0.000000000000
        0.904497880299         0.955128580102         1.052173330281         1.061314504894         1.063285711830         1.060879067625         1.081369788397         1.112806771451         1.127269640782         1.120869344490         1.116224324687         1.131247338367         1.155557513737         1.166479724610         1.160173004165         1.155486174728         1.167296852767         1.186939858390         1.195297406633         1.189093106444         1.184430762458         1.194087703412         1.210507461674         1.217001846998         1.210742316631         1.205996530588         1.214086696892         1.228174014083         1.233230628668         1.226771190416         1.221830810681         1.228717622349         1.241051076930         1.244934387685         1.238147021872         1.232911770565         1.238836521085         1.249812972595         1.252689500163         1.245452601802         1.239826994742         1.244957445183         1.254862975263         1.256835020681         1.249022603969         1.242907226990         1.247363638916         1.256414609572         1.257537726411         1.249008331221         1.242290565482         1.246160816128         1.254529641187         1.254820816376         1.245404234984         1.237947417921         1.241296191337         1.249128717380         1.248567622442         1.238046702233         1.229675317783         1.232550032128         1.239978973256         1.238502064458         1.226584947753         1.217062097668         1.219496071046         1.226652738719         1.224138119195         1.210412016148         1.199401218977         1.201414174477         1.208440984693         1.204675665895         1.188522092748         1.175516030607         1.177109604025         1.184175429624         1.178785695167         1.159209147080         1.143380033114         1.144517260142         1.151836189200         1.144122755571         1.119355303949         1.099193763642         1.099721717435         1.107562019306         1.096039346432         1.062443098365         1.034661118547         1.033909077920         1.042390846165         1.023072110955         0.970991453748         0.925351268066         0.918482275041         0.922953900708         0.879501063571         0.761283582892         0.569988654110         0.000000000000
        0.904502399109         0.955133602599         1.052180520888         1.061323414017         1.063295808451         1.060889697940         1.081380721121         1.112818463600         1.127282664651         1.120883533312         1.116239175617         1.131262694848         1.155573867391         1.166497498311         1.160191997642         1.155505888461         1.167317180043         1.186961254426         1.195320175523         1.189117023103         1.184455346961         1.194112927417         1.210533756212         1.217029425755         1.210770905254         1.206025713404         1.214116499443         1.228204851312         1.233262598913         1.226803966434         1.221864024580         1.228751451740         1.241085903093         1.244970193277         1.238183434146         1.232948501382         1.238873824403         1.249851181586         1.252728513757         1.245491994786         1.239866555017         1.244997483949         1.254903754003         1.256876322556         1.249063998002         1.242948617979         1.247405371995         1.256456903903         1.257580248496         1.249050652036         1.242332693953         1.246203110206         1.254572231868         1.254863312512         1.245446232796         1.237989011054         1.241337744354         1.249170270366         1.248608732228         1.238087038723         1.229715089500         1.232589601614         1.240018245714         1.238540554043         1.226622424941         1.217098850369         1.219532427920         1.226688500522         1.224172802031         1.210445515297         1.199433896478         1.201446314754         1.208472261715         1.204705621021         1.188550729184         1.175543763902         1.177136621152         1.184201363245         1.178810139464         1.159232182807         1.143402103756         1.144538479845         1.151856168038         1.144141108460         1.119372296183         1.099209889693         1.099737082183         1.107576173092         1.096051951266         1.062454403234         1.034671652356         1.033918980021         1.042399709812         1.023079594997         0.970997761749         0.925356910174         0.918487422745         0.922958116175         0.879503889677         0.761285005644         0.569989343141         0.000000000000
        0.904503261186         0.955134687680         1.052181924377         1.061325326050         1.063297914322         1.060891923099         1.081382914815         1.112820667496         1.127285008634         1.120886063937         1.116241793245         1.131265343152         1.155576625737         1.166500475888         1.160195183770         1.155509189151         1.167320556073         1.186964774997         1.195323911298         1.189120958898         1.184459399176         1.194117070346         1.210538054623         1.217033938875         1.210775605965         1.206030522276         1.214121399155         1.228209899976         1.233267842005         1.226809350470         1.221869475924         1.228756999370         1.241091617233         1.244976071280         1.238189428203         1.232954544317         1.238879958404         1.249857458627         1.252734919600         1.245498461167         1.239873040984         1.245004042783         1.254910433478         1.256883092261         1.249070785582         1.242955400732         1.247412210132         1.256463842902         1.257587232941         1.249057594143         1.242339601766         1.246210026284         1.254579202261         1.254870272343         1.245453091423         1.237995779613         1.241344475048         1.249176987583         1.248615362991         1.238093512086         1.229721442760         1.232595900259         1.240024473007         1.238546635484         1.226628311591         1.217104585811         1.219538076174         1.226694028386         1.224178136731         1.210450636136         1.199438858014         1.201451171026         1.208476958126         1.204710090717         1.188554969390         1.175547833267         1.177140550190         1.184205104853         1.178813638030         1.159235430266         1.143405168174         1.144541374553         1.151858840628         1.144143494545         1.119374445842         1.099211880213         1.099738967118         1.107577935460         1.096053552870         1.062455879815         1.034673030731         1.033920277186         1.042400878603         1.023080591666         0.970998599082         0.925357652879         0.918488104070         0.922958693649         0.879504294302         0.761285212884         0.569989430239         0.000000000000
        0.904503590951         0.955135197729         1.052182555990         1.061325964428         1.063298633570         1.060892657734         1.081383562764         1.112821253058         1.127285615714         1.120886729819         1.116242475605         1.131266001405         1.155577281432         1.166501181652         1.160195946120         1.155509976261         1.167321344922         1.186965576637         1.195324759596         1.189121867505         1.184460341818         1.194118024179         1.210539031720         1.217034965621         1.210776691048         1.206031644000         1.214122534294         1.228211046698         1.233269046517         1.226810599538         1.221870748879         1.228758285292         1.241092934163         1.244977426245         1.238190827004         1.232955962082         1.238881399101         1.249858924606         1.252736420406         1.245499992563         1.239874586153         1.245005601923         1.254912018348         1.256884709225         1.249072427464         1.242957052733         1.247413876606         1.256465535733         1.257588948917         1.249059309985         1.242341320672         1.246211725377         1.254580911665         1.254871982215         1.245454776865         1.237997438094         1.241346095655         1.249178585801         1.248616929499         1.238095033047         1.229722925065         1.232597349343         1.240025882572         1.238548002770         1.226629632298         1.217105862445         1.219539315190         1.226695219519         1.224179277267         1.210451731254         1.199439913872         1.201452188587         1.208477922716         1.204711000218         1.188555835213         1.175548658169         1.177141327058         1.184205827830         1.178814310651         1.159236052662         1.143405746041         1.144541897170         1.151859301018         1.144143883882         1.119374772351         1.099212145035         1.099739180263         1.107578113943         1.096053702117         1.062456011191         1.034673149033         1.033920383652         1.042400982239         1.023080689535         0.970998687099         0.925357735397         0.918488187967         0.922958773174         0.879504352225         0.761285241591         0.569989440152         0.000000000000
        0.904503814621         0.955135506779         1.052182845446         1.061326202697         1.063298900042         1.060892929567         1.081383793396         1.112821449423         1.127285814274         1.120886950974         1.116242706283         1.131266222010         1.155577495911         1.166501413461         1.160196197919         1.155510239644         1.167321609884         1.186965836349         1.195325029510         1.189122164362         1.184460657750         1.194118344063         1.210539356146         1.217035304348         1.210777056313         1.206032030525         1.214122927077         1.228211433752         1.233269465056         1.226811043253         1.221871209637         1.228758747306         1.241093404249         1.244977909770         1.238191336150         1.232956483455         1.238881933072         1.249859466776         1.252736982254         1.245500580207         1.239875189339         1.245006214065         1.254912644244         1.256885358249         1.249073102477         1.242957742180         1.247414575742         1.256466250164         1.257589681944         1.249060050085         1.242342070572         1.246212456231         1.254581644562         1.254872715605         1.245455499498         1.237998147912         1.241346773654         1.249179243066         1.248617566474         1.238095647480         1.229723518604         1.232597917439         1.240026422459         1.238548520713         1.226630132684         1.217106342381         1.219539770827         1.226695645145         1.224179678793         1.210452117731         1.199440285532         1.201452538506         1.208478243469         1.204711296988         1.188556119480         1.175548926557         1.177141569653         1.184206043261         1.178814506819         1.159236233310         1.143405909268         1.144542030793         1.151859410941         1.144143971001         1.119374844832         1.099212204398         1.099739225971         1.107578148767         1.096053729577         1.062456036653         1.034673171171         1.033920400814         1.042401001119         1.023080710038         0.970998708427         0.925357757485         0.918488209562         0.922958790890         0.879504363206         0.761285246843         0.569989441891         0.000000000000
        0.904503865695         0.955135583230         1.052182915491         1.061326260813         1.063298968177         1.060893005235         1.081383863857         1.112821514068         1.127285881222         1.120887028043         1.116242792843         1.131266311125         1.155577585556         1.166501511971         1.160196305112         1.155510355404         1.167321731833         1.186965953637         1.195325148175         1.189122298554         1.184460805859         1.194118496623         1.210539511300         1.217035463734         1.210777230247         1.206032218480         1.214123121442         1.228211624192         1.233269677273         1.226811272917         1.221871452559         1.228758990432         1.241093652410         1.244978165385         1.238191610777         1.232956760208         1.238882216712         1.249859755351         1.252737284224         1.245500902671         1.239875520357         1.245006550275         1.254912990041         1.256885720610         1.249073484430         1.242958133442         1.247414970070         1.256466653978         1.257590098153         1.249060469938         1.242342497549         1.246212872101         1.254582059769         1.254873132132         1.245455910440         1.237998553523         1.241347157710         1.249179613452         1.248617924782         1.238095993087         1.229723851463         1.232598232738         1.240026720243         1.238548806362         1.226630410293         1.217106608599         1.219540021170         1.226695876809         1.224179897179         1.210452330237         1.199440491505         1.201452731629         1.208478419449         1.204711460900         1.188556279393         1.175549079327         1.177141707423         1.184206166057         1.178814621096         1.159236343571         1.143406014583         1.144542125492         1.151859493321         1.144144040454         1.119374908023         1.099212258956         1.099739269443         1.107578182630         1.096053756525         1.062456061068         1.034673193111         1.033920418275         1.042401015545         1.023080722137         0.970998720678         0.925357771596         0.918488223449         0.922958800109         0.879504366412         0.761285247403         0.569989442753         0.000000000000
        0.904503876826         0.955135600107         1.052182933791         1.061326279050         1.063298993062         1.060893035967         1.081383895887         1.112821546516         1.127285916900         1.120887070782         1.116242843012         1.131266365172         1.155577641508         1.166501574244         1.160196374120         1.155510430785         1.167321812996         1.186966031835         1.195325227188         1.189122389519         1.184460907543         1.194118602102         1.210539619785         1.217035574843         1.210777351748         1.206032349673         1.214123258158         1.228211761597         1.233269832334         1.226811442221         1.221871631924         1.228759169960         1.241093839364         1.244978361739         1.238191826263         1.232956968995         1.238882427527         1.249859972546         1.252737514307         1.245501153502         1.239875760821         1.245006786295         1.254913231048         1.256885972509         1.249073748424         1.242958397455         1.247415226308         1.256466913850         1.257590364999         1.249060734926         1.242342762736         1.246213128377         1.254582313368         1.254873387670         1.245456161972         1.237998802457         1.241347391101         1.249179838909         1.248618144145         1.238096204795         1.229724053758         1.232598422185         1.240026899865         1.238548980319         1.226630580110         1.217106770260         1.219540171443         1.226696016027         1.224180029757         1.210452460340         1.199440617171         1.201452848417         1.208478526198         1.204711562026         1.188556379175         1.175549174068         1.177141791343         1.184206241103         1.178814692335         1.159236414126         1.143406082117         1.144542186881         1.151859547638         1.144144088441         1.119374952950         1.099212296085         1.099739297258         1.107578204336         1.096053775175         1.062456078609         1.034673208598         1.033920430214         1.042401024600         1.023080729296         0.970998727838         0.925357779919         0.918488231580         0.922958805178         0.879504367679         0.761285247245         0.569989443240         0.000000000000
        0.904503881017         0.955135605842         1.052182942355         1.061326289650         1.063299009413         1.060893056885         1.081383918732         1.112821570573         1.127285944229         1.120887104175         1.116242882623         1.131266408396         1.155577686600         1.166501624176         1.160196430587         1.155510492983         1.167321880416         1.186966097611         1.195325294269         1.189122466924         1.184460994209         1.194118692522         1.210539713696         1.217035671355         1.210777457131         1.206032463220         1.214123376944         1.228211884149         1.233269969407         1.226811591761         1.221871789778         1.228759329012         1.241094008150         1.244978541834         1.238192024879         1.232957160776         1.238882621340         1.249860175314         1.252737731100         1.245501393395         1.239875977693         1.245006995687         1.254913443692         1.256886192285         1.249073974756         1.242958616969         1.247415429648         1.256467116056         1.257590569419         1.249060932592         1.242342954900         1.246213311184         1.254582491511         1.254873566629         1.245456336195         1.237998974967         1.241347551050         1.249179993614         1.248618294963         1.238096350010         1.229724191259         1.232598549307         1.240027020800         1.238549098432         1.226630695566         1.217106879136         1.219540271389         1.226696108840         1.224180119143         1.210452548528         1.199440701632         1.201452925934         1.208478597229         1.204711630430         1.188556447124         1.175549237734         1.177141846262         1.184206290204         1.178814739746         1.159236462000         1.143406127378         1.144542227836         1.151859584217         1.144144121800         1.119374984652         1.099212321240         1.099739314838         1.107578217988         1.096053788023         1.062456091162         1.034673219056         1.033920437564         1.042401029924         1.023080733841         0.970998732465         0.925357784779         0.918488235881         0.922958807713         0.879504368318         0.761285247198         0.569989443510         0.000000000000
        0.904503876666         0.955135598232         1.052182929878         1.061326271481         1.063298980252         1.060893019339         1.081383871334         1.112821512033         1.127285873375         1.120887021435         1.116242786760         1.131266310353         1.155577606328         1.166501563776         1.160196394272         1.155510476903         1.167321881901         1.186966112443         1.195325321264         1.189122508749         1.184461048236         1.194118753827         1.210539780934         1.217035742190         1.210777536277         1.206032550429         1.214123469572         1.228211980884         1.233270076353         1.226811708521         1.221871913695         1.228759455015         1.241094142584         1.244978684349         1.238192180787         1.232957313343         1.238882778480         1.249860340009         1.252737905372         1.245501582838         1.239876158084         1.245007176525         1.254913628796         1.256886383645         1.249074171212         1.242958807186         1.247415604735         1.256467288313         1.257590740944         1.249061095967         1.242343112518         1.246213461133         1.254582635485         1.254873708698         1.245456472679         1.237999111123         1.241347677633         1.249180115396         1.248618411850         1.238096461817         1.229724297549         1.232598647374         1.240027113478         1.238549187891         1.226630782495         1.217106961402         1.219540347052         1.226696178694         1.224180185606         1.210452613741         1.199440764352         1.201452983637         1.208478649652         1.204711680172         1.188556496145         1.175549283770         1.177141885740         1.184206325003         1.178814772476         1.159236495098         1.143406158766         1.144542256585         1.151859609626         1.144144144034         1.119375005488         1.099212338160         1.099739326822         1.107578226991         1.096053796222         1.062456099184         1.034673225785         1.033920442308         1.042401033235         1.023080736511         0.970998735117         0.925357787650         0.918488238539         0.922958809302         0.879504368642         0.761285247063         0.569989443679         0.000000000000
        0.904503869961         0.955135591061         1.052182914296         1.061326248472         1.063298942379         1.060892971994         1.081383816124         1.112821448359         1.127285796167         1.120886928559         1.116242676809         1.131266184255         1.155577458107         1.166501397363         1.160196222974         1.155510302582         1.167321712964         1.186965948548         1.195325160007         1.189122353110         1.184460900618         1.194118615861         1.210539653580         1.217035620278         1.210777419888         1.206032441329         1.214123371491         1.228211895024         1.233270001845         1.226811640522         1.221871852084         1.228759402551         1.241094106148         1.244978657184         1.238192161064         1.232957294051         1.238882771839         1.249860348023         1.252737923496         1.245501608601         1.239876185842         1.245007214362         1.254913677990         1.256886441225         1.249074232728         1.242958864777         1.247415657665         1.256467344847         1.257590799012         1.249061146989         1.242343161102         1.246213509891         1.254582684564         1.254873756840         1.245456515138         1.237999155335         1.241347720060         1.249180158946         1.248618452041         1.238096497250         1.229724330674         1.232598678419         1.240027144286         1.238549216850         1.226630808863         1.217106986050         1.219540371011         1.226696201615         1.224180206217         1.210452632788         1.199440783376         1.201453002825         1.208478667498         1.204711695825         1.188556510601         1.175549297834         1.177141898309         1.184206336134         1.178814781425         1.159236504067         1.143406168244         1.144542267439         1.151859619584         1.144144150714         1.119375010676         1.099212342603         1.099739330495         1.107578229446         1.096053797238         1.062456099751         1.034673226973         1.033920444177         1.042401034604         1.023080736495         0.970998734746         0.925357788696         0.918488240991         0.922958811136         0.879504368602         0.761285246334         0.569989443819         0.000000000000
        0.904503869415         0.955135593068         1.052182915188         1.061326248711         1.063298942064         1.060892973087         1.081383818185         1.112821449835         1.127285796590         1.120886929671         1.116242679977         1.131266189476         1.155577463287         1.166501401875         1.160196229212         1.155510311867         1.167321726181         1.186965961870         1.195325173391         1.189122370450         1.184460922470         1.194118640304         1.210539679843         1.217035646391         1.210777448993         1.206032474586         1.214123408092         1.228211933630         1.233270043833         1.226811686181         1.221871901121         1.228759453355         1.241094162276         1.244978715206         1.238192222627         1.232957356036         1.238882839501         1.249860420580         1.252738000139         1.245501689713         1.239876270289         1.245007302494         1.254913768727         1.256886535594         1.249074331158         1.242958957176         1.247415743454         1.256467428143         1.257590881781         1.249061225282         1.242343237095         1.246213582823         1.254582753754         1.254873823171         1.245456577059         1.237999217607         1.241347778677         1.249180215864         1.248618505103         1.238096546818         1.229724377765         1.232598720983         1.240027184440         1.238549255125         1.226630845436         1.217107020534         1.219540402968         1.226696231138         1.224180233703         1.210452659290         1.199440809179         1.201453027121         1.208478689435         1.204711715894         1.188556529863         1.175549316203         1.177141914135         1.184206349882         1.178814793338         1.159236516321         1.143406180293         1.144542279537         1.151859630312         1.144144158967         1.119375017951         1.099212348922         1.099739335357         1.107578232895         1.096053799797         1.062456102108         1.034673229237         1.033920446143         1.042401035940         1.023080737121         0.970998735207         0.925357789690         0.918488242428         0.922958812120         0.879504368647         0.761285246033         0.569989443907         0.000000000000
        0.904503869425         0.955135594898         1.052182916660         1.061326250146         1.063298943850         1.060892976242         1.081383822269         1.112821453749         1.127285800384         1.120886934752         1.116242687182         1.131266198606         1.155577472737         1.166501411091         1.160196240631         1.155510325896         1.167321743547         1.186965979295         1.195325190787         1.189122390664         1.184460945788         1.194118665263         1.210539705922         1.217035672072         1.210777476580         1.206032505019         1.214123440839         1.228211967585         1.233270079747         1.226811724250         1.221871941137         1.228759494322         1.241094207360         1.244978760862         1.238192269611         1.232957403505         1.238882891430         1.249860476310         1.252738059123         1.245501751713         1.239876335582         1.245007370145         1.254913837789         1.256886607418         1.249074407551         1.242959025122         1.247415806055         1.256467488405         1.257590941877         1.249061282197         1.242343291629         1.246213634455         1.254582802349         1.254873869134         1.245456619242         1.237999259319         1.241347818026         1.249180254670         1.248618541105         1.238096579953         1.229724408752         1.232598748031         1.240027210159         1.238549279958         1.226630869006         1.217107042259         1.219540422839         1.226696249682         1.224180251200         1.210452676097         1.199440825318         1.201453042240         1.208478703179         1.204711728640         1.188556542036         1.175549327621         1.177141923656         1.184206358208         1.178814800592         1.159236524020         1.143406187725         1.144542287090         1.151859637136         1.144144164276         1.119375022645         1.099212352802         1.099739338092         1.107578234793         1.096053801366         1.062456103621         1.034673230469         1.033920446987         1.042401036474         1.023080737450         0.970998735495         0.925357790144         0.918488243020         0.922958812518         0.879504368666         0.761285245909         0.569989443946         0.000000000000
        0.904503869773         0.955135596153         1.052182918028         1.061326251870         1.063298946267         1.060892979529         1.081383825921         1.112821457208         1.127285804187         1.120886940038         1.116242694073         1.131266206871         1.155577481220         1.166501419531         1.160196251493         1.155510339041         1.167321759751         1.186965995908         1.195325207767         1.189122410013         1.184460967488         1.194118688114         1.210539729658         1.217035695682         1.210777501719         1.206032532287         1.214123469840         1.228211997578         1.233270111246         1.226811757317         1.221871975460         1.228759529341         1.241094245939         1.244978799623         1.238192308826         1.232957443168         1.238882934676         1.249860522872         1.252738108835         1.245501804016         1.239876390826         1.245007426839         1.254913895360         1.256886667385         1.249074472834         1.242959079878         1.247415855863         1.256467536282         1.257590989808         1.249061327553         1.242343333903         1.246213673533         1.254582838870         1.254873903285         1.245456650009         1.237999288770         1.241347845766         1.249180282638         1.248618567145         1.238096603531         1.229724430224         1.232598765863         1.240027227389         1.238549296991         1.226630885034         1.217107056468         1.219540435496         1.226696261707         1.224180262889         1.210452687299         1.199440835749         1.201453051830         1.208478712029         1.204711737174         1.188556550192         1.175549334997         1.177141929418         1.184206363347         1.178814805300         1.159236529193         1.143406192465         1.144542291771         1.151859641487         1.144144167902         1.119375025944         1.099212355233         1.099739339440         1.107578235706         1.096053802441         1.062456104769         1.034673231091         1.033920447026         1.042401036431         1.023080737653         0.970998735777         0.925357790241         0.918488242928         0.922958812425         0.879504368679         0.761285245959         0.569989443948         0.000000000000
        0.904503870288         0.955135597034         1.052182919252         1.061326253658         1.063298948863         1.060892982634         1.081383828986         1.112821459996         1.127285807530         1.120886944949         1.116242700239         1.131266214086         1.155577488555         1.166501426853         1.160196261341         1.155510351036         1.167321774754         1.186966011646         1.195325224152         1.189122428474         1.184460987879         1.194118709409         1.210539751662         1.217035717759         1.210777525121         1.206032557400         1.214123496320         1.228212024915         1.233270139820         1.226811787206         1.221872006334         1.228759560956         1.241094280622         1.244978834202         1.238192343510         1.232957478319         1.238882972783         1.249860563766         1.252738152579         1.245501850084         1.239876439446         1.245007476466         1.254913945445         1.256886719282         1.249074529775         1.242959126624         1.247415898452         1.256467577514         1.257591031262         1.249061366916         1.242343369752         1.246213706172         1.254582869351         1.254873931584         1.245456675283         1.237999312303         1.241347867995         1.249180305425         1.248618588529         1.238096622767         1.229724447479         1.232598779726         1.240027240963         1.238549310592         1.226630897738         1.217107067427         1.219540445071         1.226696270916         1.224180272036         1.210452696046         1.199440843696         1.201453059024         1.208478718746         1.204711743879         1.188556556617         1.175549340661         1.177141933636         1.184206367188         1.178814809023         1.159236533302         1.143406196062         1.144542295129         1.151859644662         1.144144170786         1.119375028657         1.099212357077         1.099739340241         1.107578236266         1.096053803393         1.062456105850         1.034673231520         1.033920446756         1.042401036168         1.023080737857         0.970998736118         0.925357790198         0.918488242501         0.922958812081         0.879504368700         0.761285246112         0.569989443930         0.000000000000
        0.904503870788         0.955135597750         1.052182920291         1.061326255277         1.063298951180         1.060892985247         1.081383831364         1.112821461997         1.127285810057         1.120886948977         1.116242705308         1.131266220094         1.155577494575         1.166501432697         1.160196269660         1.155510361451         1.167321788258         1.186966026114         1.195325239328         1.189122445408         1.184461006471         1.194118728770         1.210539771526         1.217035737706         1.210777546169         1.206032579861         1.214123519859         1.228212049102         1.233270164922         1.226811813429         1.221872033412         1.228759588870         1.241094311024         1.244978864128         1.238192373318         1.232957508616         1.238883005517         1.249860598572         1.252738189567         1.245501888977         1.239876480474         1.245007518375         1.254913987454         1.256886762427         1.249074576579         1.242959165887         1.247415934930         1.256467613255         1.257591067469         1.249061401772         1.242343401173         1.246213734790         1.254582896202         1.254873956428         1.245456697589         1.237999332957         1.241347887695         1.249180325702         1.248618607683         1.238096640125         1.229724463181         1.232598792347         1.240027253335         1.238549322888         1.226630909178         1.217107077322         1.219540453744         1.226696279223         1.224180280241         1.210452703867         1.199440850816         1.201453065497         1.208478724779         1.204711749912         1.188556562390         1.175549345796         1.177141937508         1.184206370733         1.178814812480         1.159236537011         1.143406199314         1.144542298076         1.151859647420         1.144144173373         1.119375031127         1.099212358787         1.099739341035         1.107578236866         1.096053804370         1.062456106943         1.034673231991         1.033920446550         1.042401035958         1.023080738102         0.970998736496         0.925357790165         0.918488242048         0.922958811713         0.879504368728         0.761285246285         0.569989443910         0.000000000000
        0.904503871196         0.955135598382         1.052182921131         1.061326256628         1.063298953030         1.060892987253         1.081383833040         1.112821463202         1.127285811662         1.120886951946         1.116242709157         1.131266224850         1.155577499236         1.166501436967         1.160196276272         1.155510370102         1.167321800073         1.186966039042         1.195325252919         1.189122460440         1.184461022935         1.194118745890         1.210539788943         1.217035755124         1.210777564458         1.206032599296         1.214123540104         1.228212069749         1.233270186172         1.226811835616         1.221872056323         1.228759612639         1.241094336714         1.244978889049         1.238192397960         1.232957533705         1.238883032541         1.249860626974         1.252738219458         1.245501920322         1.239876513563         1.245007552300         1.254914021340         1.256886797081         1.249074613410         1.242959198150         1.247415965675         1.256467643776         1.257591098751         1.249061432628         1.242343428677         1.246213759866         1.254582919806         1.254873978263         1.245456717444         1.237999351430         1.241347905429         1.249180343904         1.248618625016         1.238096656076         1.229724477841         1.232598804237         1.240027264956         1.238549334284         1.226630919759         1.217107086571         1.219540461907         1.226696286966         1.224180287790         1.210452711047         1.199440857413         1.201453071553         1.208478730383         1.204711755469         1.188556567695         1.175549350601         1.177141941231         1.184206374135         1.178814815749         1.159236540409         1.143406202350         1.144542300816         1.151859649944         1.144144175732         1.119375033379         1.099212360429         1.099739341921         1.107578237570         1.096053805353         1.062456108007         1.034673232532         1.033920446505         1.042401035875         1.023080738375         0.970998736870         0.925357790183         0.918488241693         0.922958811413         0.879504368759         0.761285246437         0.569989443894         0.000000000000
        0.904503871528         0.955135598929         1.052182921796         1.061326257745         1.063298954482         1.060892988736         1.081383834114         1.112821463741         1.127285812501         1.120886954019         1.116242711956         1.131266228512         1.155577502716         1.166501439906         1.160196281400         1.155510377164         1.167321810292         1.186966050458         1.195325264951         1.189122473645         1.184461037355         1.194118760844         1.210539804026         1.217035770147         1.210777580156         1.206032615892         1.214123557258         1.228212087101         1.233270203903         1.226811854118         1.221872075391         1.228759632506         1.241094358048         1.244978909535         1.238192418090         1.232957554168         1.238883054460         1.249860649760         1.252738243274         1.245501945248         1.239876539900         1.245007579401         1.254914048485         1.256886824986         1.249074642538         1.242959224862         1.247415991692         1.256467669992         1.257591126056         1.249061460445         1.242343452809         1.246213781632         1.254582940285         1.254873997265         1.245456734965         1.237999367748         1.241347921034         1.249180359863         1.248618640423         1.238096670508         1.229724491248         1.232598815124         1.240027275607         1.238549344658         1.226630929366         1.217107094976         1.219540469308         1.226696293944         1.224180294567         1.210452717486         1.199440863327         1.201453076987         1.208478735391         1.204711760457         1.188556572455         1.175549354937         1.177141944615         1.184206377235         1.178814818727         1.159236543440         1.143406205076         1.144542303250         1.151859652172         1.144144177827         1.119375035383         1.099212361930         1.099739342790         1.107578238281         1.096053806288         1.062456109000         1.034673233080         1.033920446546         1.042401035863         1.023080738648         0.970998737223         0.925357790228         0.918488241409         0.922958811166         0.879504368791         0.761285246571         0.569989443881         0.000000000000
        0.904503871829         0.955135599372         1.052182922327         1.061326258708         1.063298955694         1.060892989870         1.081383834758         1.112821463817         1.127285812838         1.120886955494         1.116242714006         1.131266231347         1.155577505307         1.166501441909         1.160196285449         1.155510382995         1.167321819162         1.186966060563         1.195325275659         1.189122485322         1.184461050040         1.194118773940         1.210539817148         1.217035783197         1.210777593741         1.206032630151         1.214123571862         1.228212101776         1.233270218836         1.226811869692         1.221872091372         1.228759649191         1.241094375879         1.244978926635         1.238192434834         1.232957571093         1.238883072419         1.249860668278         1.252738262609         1.245501965485         1.239876561272         1.245007601430         1.254914070765         1.256886848221         1.249074666564         1.242959247791         1.247416014364         1.256467693245         1.257591150746         1.249061486532         1.242343474432         1.246213800671         1.254582958137         1.254874013939         1.245456750534         1.237999382138         1.241347934596         1.249180373687         1.248618654029         1.238096683477         1.229724503331         1.232598824875         1.240027285211         1.238549354014         1.226630937989         1.217107102439         1.219540475802         1.226696300067         1.224180300559         1.210452723175         1.199440868484         1.201453081678         1.208478739720         1.204711764862         1.188556576667         1.175549358736         1.177141947531         1.184206379932         1.178814821379         1.159236546108         1.143406207439         1.144542305299         1.151859654057         1.144144179662         1.119375037154         1.099212363241         1.099739343531         1.107578238908         1.096053807152         1.062456109924         1.034673233583         1.033920446573         1.042401035849         1.023080738913         0.970998737565         0.925357790268         0.918488241128         0.922958810921         0.879504368822         0.761285246703         0.569989443868         0.000000000000
        0.904503872135         0.955135599698         1.052182922767         1.061326259590         1.063298956805         1.060892990811         1.081383835135         1.112821463630         1.127285812924         1.120886956653         1.116242715601         1.131266233618         1.155577507301         1.166501443359         1.160196288808         1.155510387953         1.167321826948         1.186966069575         1.195325285287         1.189122495776         1.184461061318         1.194118785517         1.210539828702         1.217035794718         1.210777605703         1.206032642607         1.214123584511         1.228212114445         1.233270231724         1.226811883131         1.221872105088         1.228759663513         1.241094391133         1.244978941413         1.238192449307         1.232957585595         1.238883087601         1.249860683860         1.252738278963         1.245501982633         1.239876579329         1.245007620028         1.254914089844         1.256886868517         1.249074687540         1.242959268440         1.247416034951         1.256467714756         1.257591174025         1.249061512011         1.242343494431         1.246213817744         1.254582974082         1.254874028968         1.245456764709         1.237999395041         1.241347946481         1.249180385759         1.248618666179         1.238096695236         1.229724514247         1.232598833592         1.240027293896         1.238549362519         1.226630945775         1.217107109046         1.219540481448         1.226696305418         1.224180305879         1.210452728222         1.199440872948         1.201453085659         1.208478743415         1.204711768759         1.188556580407         1.175549362029         1.177141949971         1.184206382224         1.178814823732         1.159236548469         1.143406209455         1.144542306954         1.151859655606         1.144144181272         1.119375038738         1.099212364361         1.099739344093         1.107578239407         1.096053807947         1.062456110795         1.034673234018         1.033920446527         1.042401035785         1.023080739166         0.970998737907         0.925357790283         0.918488240796         0.922958810641         0.879504368853         0.761285246848         0.569989443853         0.000000000000
        0.904550231116         0.955234619838         1.052328136607         1.061517519785         1.063584931833         1.061262945112         1.081808144083         1.113275492575         1.127795860743         1.121496589589         1.116953191579         1.132035385170         1.156379478864         1.167367483712         1.161174371198         1.156599367945         1.168472790657         1.188150887595         1.196576412917         1.190489177171         1.185939247626         1.195655809787         1.212106039577         1.218664659455         1.212517902679         1.207877981061         1.216019097277         1.230127584224         1.235239327334         1.228882332801         1.224035580109         1.230960131093         1.243301528695         1.247226526342         1.240526777419         1.235368825447         1.241314569622         1.252282613432         1.255184352858         1.248017255630         1.242449954083         1.247582327745         1.257461017814         1.259439922769         1.251677982970         1.245600663570         1.250038883406         1.259043722941         1.260154719468         1.251656232733         1.244956322129         1.248788393816         1.257092031760         1.257352646140         1.247948314749         1.240490305818         1.243782229361         1.251531951089         1.250923479769         1.240398150916         1.232008746055         1.234810276770         1.242141373439         1.240603154610         1.228668019497         1.219113528766         1.221461527285         1.228509190554         1.225923268494         1.212169443667         1.201117549486         1.203036531476         1.209948419775         1.206106991800         1.189920751879         1.176869047480         1.178366495927         1.185318109708         1.179853650542         1.160244808795         1.144371262872         1.145417442163         1.152630813231         1.144850691539         1.120056411065         1.099856727407         1.100305140216         1.108054826169         1.096477143867         1.062859887220         1.035046720203         1.034230201820         1.042640259757         1.023279177112         0.971182069536         0.925518575871         0.918605627670         0.923029843545         0.879549090413         0.761317557839         0.570011531994         0.000000000000
        0.904551903228         0.955237453370         1.052332823148         1.061523944370         1.063595103911         1.061275974540         1.081823099138         1.113291791414         1.127814629585         1.121519279158         1.116979640604         1.132064221137         1.156410157574         1.167401269016         1.161212830863         1.156642352041         1.168518859266         1.188199494254         1.196628835395         1.190546916863         1.186002126406         1.195722366743         1.212175702965         1.218738679049         1.212597738138         1.207963368510         1.216108564971         1.230220554527         1.235336976611         1.228986013573         1.224144931475         1.231073642214         1.243418602220         1.247348234305         1.240654354685         1.235501821438         1.241451407184         1.252422654142         1.255328589529         1.248166822414         1.242604294032         1.247739786963         1.257620891725         1.259603141672         1.251845616961         1.245772061842         1.250212277338         1.259218322286         1.260331445613         1.251836153926         1.245138699223         1.248971299236         1.257274584664         1.257535828411         1.248133275170         1.240676220797         1.243966957609         1.251714524774         1.251105025485         1.240579989464         1.232189980963         1.234988505918         1.242315540408         1.240774621372         1.228838374115         1.219281813139         1.221625032501         1.228666787044         1.226076663906         1.212320577098         1.201265398647         1.203178066276         1.210082457967         1.206235665386         1.190046404219         1.176990603738         1.178480609437         1.185423605006         1.179953128679         1.160341014293         1.144463077259         1.145501298994         1.152705653497         1.144919553794         1.120122314485         1.099918520525         1.100359240757         1.108100390632         1.096517441391         1.062897941470         1.035081438644         1.034258427806         1.042661495336         1.023296431286         0.971197877658         0.925532198258         0.918615155068         0.923035160701         0.879552302369         0.761319923336         0.570013234255         0.000000000000
        0.904551988961         0.955237578020         1.052333052189         1.061524264161         1.063595616843         1.061276620553         1.081823835791         1.113292597058         1.127815563982         1.121520406569         1.116980947564         1.132065645232         1.156411681070         1.167402954771         1.161214745321         1.156644485797         1.168521150762         1.188201928197         1.196631471095         1.190549817111         1.186005283177         1.195725722930         1.212179243625         1.218742458899         1.212601812622         1.207967727089         1.216113149963         1.230225353979         1.235342038019         1.228991385145         1.224150598455         1.231079545458         1.243424724259         1.247354615956         1.240661037002         1.235508786711         1.241458593202         1.252430036799         1.255336205547         1.248174707670         1.242612423646         1.247748092915         1.257629346793         1.259611776579         1.251854463132         1.245781089063         1.250221411196         1.259227531964         1.260340760162         1.251845602525         1.245148246433         1.248980865093         1.257284135427         1.257545391710         1.248142880473         1.240685831229         1.243976488544         1.251723939542         1.251114354471         1.240589267853         1.232199170468         1.234997517168         1.242324334603         1.240783239415         1.228846862450         1.219290132231         1.221633086351         1.228674537301         1.226084164937         1.212327888301         1.201272481844         1.203184818183         1.210088841718         1.206241755519         1.190052276919         1.176996220014         1.178485855739         1.185428447483         1.179957661783         1.160345335176         1.144467147704         1.145504996256         1.152708949443         1.144922565699         1.120125155579         1.099921150828         1.100361533319         1.108102323845         1.096519146664         1.062899534427         1.035082874974         1.034259589684         1.042662371817         1.023297146307         0.971198530968         0.925532758625         0.918615552568         0.923035388688         0.879552447837         0.761320030461         0.570013309797         0.000000000000
        0.904551999230         0.955237590132         1.052333077105         1.061524299838         1.063595674723         1.061276692310         1.081823916849         1.113292685713         1.127815667832         1.121520532278         1.116981092714         1.132065803486         1.156411851854         1.167403145020         1.161214961238         1.156644726258         1.168521409821         1.188202205659         1.196631772850         1.190550148564         1.186005643587         1.195726107426         1.212179652196         1.218742896622         1.212602283707         1.207968230747         1.216113681523         1.230225913653         1.235342629810         1.228992012136         1.224151260123         1.231080237119         1.243425444636         1.247355368353         1.240661823447         1.235509604250         1.241459435459         1.252430903051         1.255337099105         1.248175629998         1.242613373204         1.247749063498         1.257630335089         1.259612785264         1.251855493464         1.245782138015         1.250222472195         1.259228602082         1.260341841614         1.251846696156         1.245149349123         1.248981969955         1.257285239114         1.257546495887         1.248143985831         1.240686934586         1.243977582808         1.251725021057         1.251115424780         1.240590328687         1.232200218660         1.234998544654         1.242325338018         1.240784221089         1.228847825796         1.219291072464         1.221633994942         1.228675410965         1.226085008504         1.212328706750         1.201273271107         1.203185568563         1.210089549544         1.206242427571         1.190052919705         1.176996830179         1.178486423965         1.185428971491         1.179958150187         1.160345796722         1.144467579047         1.145505386888         1.152709298125         1.144922883635         1.120125452975         1.099921423883         1.100361770615         1.108102524667         1.096519324455         1.062899700138         1.035083023817         1.034259710446         1.042662464749         1.023297223981         0.971198602743         0.925532820036         0.918615596356         0.923035414492         0.879552465208         0.761320043209         0.570013318058         0.000000000000
        0.904552001168         0.955237591737         1.052333081208         1.061524305970         1.063595684843         1.061276704541         1.081823930455         1.113292700724         1.127815685653         1.121520553852         1.116981117302         1.132065830129         1.156411880819         1.167403177460         1.161214997916         1.156644767028         1.168521453564         1.188202252819         1.196631824226         1.190550204799         1.186005704538         1.195726172518         1.212179721758         1.218742971291         1.212602363746         1.207968316046         1.216113771640         1.230226008929         1.235342730436         1.228992118344         1.224151372075         1.231080354354         1.243425566980         1.247355496108         1.240661956597         1.235509742728         1.241459578860         1.252431051137         1.255337252279         1.248175787817         1.242613535517         1.247749229717         1.257630504275         1.259612958132         1.251855669517         1.245782316935         1.250222653475         1.259228785297         1.260342026631         1.251846882656         1.245149536938         1.248982158399         1.257285427446         1.257546684203         1.248144173747         1.240687121979         1.243977768781         1.251725204946         1.251115606559         1.240590508252         1.232200395879         1.234998718302         1.242325507527         1.240784386424         1.228847987512         1.219291229826         1.221634146951         1.228675557398         1.226085149959         1.212328843586         1.201273402653         1.203185693564         1.210089667772         1.206242539833         1.190053026725         1.176996931414         1.178486518432         1.185429058960         1.179958231913         1.160345873808         1.144467650813         1.145505451915         1.152709356604         1.144922937273         1.120125503093         1.099921469818         1.100361810788         1.108102559321         1.096519355628         1.062899729217         1.035083049911         1.034259731440         1.042662480938         1.023297237509         0.971198614879         0.925532829785         0.918615602895         0.923035418283         0.879552467992         0.761320045420         0.570013319469         0.000000000000
        0.904552001679         0.955237591908         1.052333082065         1.061524307354         1.063595687183         1.061276707234         1.081823933334         1.113292703925         1.127815689545         1.121520558560         1.116981122575         1.132065835778         1.156411887030         1.167403184502         1.161215005868         1.156644775911         1.168521462928         1.188202262973         1.196631835353         1.190550217053         1.186005717753         1.195726186632         1.212179736901         1.218742987602         1.212602381233         1.207968334412         1.216113791385         1.230226029964         1.235342752424         1.228992141586         1.224151396658         1.231080380227         1.243425594044         1.247355524255         1.240661985693         1.235509772978         1.241459610386         1.252431083974         1.255337286394         1.248175822839         1.242613571531         1.247749266797         1.257630541867         1.259612996641         1.251855708525         1.245782356491         1.250222693664         1.259228826064         1.260342067623         1.251846923804         1.245149578315         1.248982200030         1.257285468991         1.257546725679         1.248144215080         1.240687163279         1.243977809803         1.251725245553         1.251115646719         1.240590547833         1.232200434991         1.234998756609         1.242325544874         1.240784422718         1.228848022926         1.219291264081         1.221634179843         1.228675589061         1.226085180629         1.212328873182         1.201273430964         1.203185720295         1.210089693013         1.206242563783         1.190053049402         1.176996952677         1.178486538199         1.185429077291         1.179958249030         1.160345889838         1.144467665494         1.145505465021         1.152709368320         1.144922947949         1.120125512946         1.099921478589         1.100361818242         1.108102565743         1.096519361542         1.062899734767         1.035083054681         1.034259735150         1.042662483824         1.023297240097         0.971198617287         0.925532831619         0.918615603967         0.923035418851         0.879552468522         0.761320045896         0.570013319709         0.000000000000
        0.904552001866         0.955237591865         1.052333082283         1.061524307763         1.063595687902         1.061276707990         1.081823934075         1.113292704757         1.127815690610         1.121520559852         1.116981123963         1.132065837210         1.156411888627         1.167403186355         1.161215007970         1.156644778287         1.168521465323         1.188202265558         1.196631838201         1.190550220221         1.186005721165         1.195726190280         1.212179740838         1.218742991900         1.212602385913         1.207968339227         1.216113796752         1.230226035791         1.235342758548         1.228992148077         1.224151403594         1.231080387559         1.243425601689         1.247355532113         1.240661993717         1.235509781305         1.241459619129         1.252431093176         1.255337296004         1.248175832649         1.242613581614         1.247749277299         1.257630552406         1.259613007489         1.251855719401         1.245782367471         1.250222704871         1.259228837489         1.260342078991         1.251846935171         1.245149589734         1.248982211557         1.257285480463         1.257546737091         1.248144226479         1.240687174736         1.243977821176         1.251725256829         1.251115657901         1.240590558851         1.232200445908         1.234998767320         1.242325555284         1.240784432793         1.228848032758         1.219291273502         1.221634188766         1.228675597602         1.226085188952         1.212328881211         1.201273438610         1.203185727449         1.210089699762         1.206242570202         1.190053055449         1.176996958347         1.178486543446         1.185429082173         1.179958253606         1.160345894111         1.144467669349         1.145505468420         1.152709371367         1.144922950753         1.120125515533         1.099921480819         1.100361820059         1.108102567309         1.096519363012         1.062899736139         1.035083055788         1.034259735923         1.042662484411         1.023297240683         0.971198617855         0.925532831991         0.918615604091         0.923035418883         0.879552468630         0.761320046025         0.570013319746         0.000000000000
        0.904552001966         0.955237591811         1.052333082370         1.061524307953         1.063595688247         1.061276708326         1.081823934374         1.113292705095         1.127815691076         1.121520560426         1.116981124556         1.132065837791         1.156411889283         1.167403187146         1.161215008881         1.156644779306         1.168521466313         1.188202266626         1.196631839386         1.190550221555         1.186005722587         1.195726191808         1.212179742499         1.218742993754         1.212602387883         1.207968341263         1.216113798937         1.230226038159         1.235342761026         1.228992150648         1.224151406331         1.231080390421         1.243425604665         1.247355535172         1.240661996803         1.235509784440         1.241459622400         1.252431096606         1.255337299602         1.248175836293         1.242613585303         1.247749281178         1.257630556240         1.259613011500         1.251855723327         1.245782371378         1.250222708875         1.259228841580         1.260342083003         1.251846939150         1.245149593682         1.248982215502         1.257285484351         1.257546740933         1.248144230330         1.240687178605         1.243977824985         1.251725260615         1.251115661681         1.240590562598         1.232200449588         1.234998770976         1.242325558836         1.240784436254         1.228848036170         1.219291276726         1.221634191730         1.228675600395         1.226085191687         1.212328883845         1.201273441103         1.203185729736         1.210089701923         1.206242572230         1.190053057348         1.176996960109         1.178486545115         1.185429083605         1.179958254998         1.160345895417         1.144467670528         1.145505469475         1.152709372323         1.144922951644         1.120125516329         1.099921481460         1.100361820545         1.108102567738         1.096519363438         1.062899736529         1.035083056048         1.034259736047         1.042662484507         1.023297240839         0.971198618019         0.925532832045         0.918615604024         0.923035418816         0.879552468656         0.761320046084         0.570013319746         0.000000000000
        0.904552002036         0.955237591768         1.052333082423         1.061524308079         1.063595688479         1.061276708545         1.081823934558         1.113292705304         1.127815691379         1.121520560803         1.116981124937         1.132065838156         1.156411889700         1.167403187661         1.161215009483         1.156644779956         1.168521466937         1.188202267309         1.196631840165         1.190550222438         1.186005723505         1.195726192792         1.212179743583         1.218742994980         1.212602389087         1.207968342563         1.216113800180         1.230226039496         1.235342762400         1.228992151979         1.224151407781         1.231080391852         1.243425606196         1.247355536812         1.240661998415         1.235509786006         1.241459624003         1.252431098261         1.255337301340         1.248175838046         1.242613587016         1.247749282992         1.257630558009         1.259613013443         1.251855725131         1.245782373156         1.250222710729         1.259228843454         1.260342084807         1.251846940889         1.245149595315         1.248982217046         1.257285485818         1.257546742367         1.248144231764         1.240687179998         1.243977826317         1.251725261940         1.251115663037         1.240590563968         1.232200450880         1.234998772277         1.242325560127         1.240784437571         1.228848037506         1.219291277948         1.221634192785         1.228675601358         1.226085192622         1.212328884745         1.201273441959         1.203185730516         1.210089702718         1.206242572968         1.190053058026         1.176996960708         1.178486545717         1.185429084087         1.179958255508         1.160345895889         1.144467670939         1.145505469847         1.152709372670         1.144922951973         1.120125516588         1.099921481614         1.100361820626         1.108102567829         1.096519363562         1.062899736631         1.035083056050         1.034259735968         1.042662484455         1.023297240876         0.971198618073         0.925532832002         0.918615603889         0.923035418713         0.879552468663         0.761320046131         0.570013319739         0.000000000000
        0.904552002090         0.955237591744         1.052333082472         1.061524308187         1.063595688674         1.061276708737         1.081823934730         1.113292705500         1.127815691651         1.121520561141         1.116981125291         1.132065838508         1.156411890097         1.167403188142         1.161215010042         1.156644780551         1.168521467525         1.188202267958         1.196631840913         1.190550223279         1.186005724370         1.195726193716         1.212179744625         1.218742996134         1.212602390173         1.207968343802         1.216113801281         1.230226040646         1.235342763524         1.228992152958         1.224151408901         1.231080392873         1.243425607322         1.247355538089         1.240661999618         1.235509787129         1.241459625107         1.252431099351         1.255337302464         1.248175839188         1.242613588090         1.247749284109         1.257630559088         1.259613014675         1.251855726238         1.245782374266         1.250222711889         1.259228844578         1.260342085860         1.251846941864         1.245149596143         1.248982217735         1.257285486414         1.257546742942         1.248144232339         1.240687180494         1.243977826750         1.251725262354         1.251115663492         1.240590564439         1.232200451263         1.234998772632         1.242325560494         1.240784438002         1.228848037970         1.219291278321         1.221634193035         1.228675601546         1.226085192777         1.212328884890         1.201273442088         1.203185730656         1.210089702947         1.206242573171         1.190053058186         1.176996960812         1.178486545832         1.185429084212         1.179958255657         1.160345896022         1.144467671034         1.145505469923         1.152709372751         1.144922952062         1.120125516631         1.099921481585         1.100361820559         1.108102567798         1.096519363578         1.062899736636         1.035083055976         1.034259735836         1.042662484364         1.023297240876         0.971198618092         0.925532831939         0.918615603749         0.923035418612         0.879552468664         0.761320046171         0.570013319731         0.000000000000
        0.904552002138         0.955237591730         1.052333082523         1.061524308289         1.063595688857         1.061276708926         1.081823934908         1.113292705702         1.127815691920         1.121520561471         1.116981125645         1.132065838875         1.156411890507         1.167403188624         1.161215010596         1.156644781143         1.168521468134         1.188202268624         1.196631841667         1.190550224124         1.186005725256         1.195726194670         1.212179745709         1.218742997311         1.212602391306         1.207968345079         1.216113802450         1.230226041808         1.235342764602         1.228992153881         1.224151409884         1.231080393759         1.243425608235         1.247355539126         1.240662000596         1.235509788053         1.241459625993         1.252431100183         1.255337303308         1.248175840071         1.242613588927         1.247749284961         1.257630559908         1.259613015580         1.251855727090         1.245782375127         1.250222712759         1.259228845385         1.260342086603         1.251846942542         1.245149596700         1.248982218169         1.257285486767         1.257546743282         1.248144232680         1.240687180762         1.243977826961         1.251725262531         1.251115663693         1.240590564632         1.232200451371         1.234998772673         1.242325560525         1.240784438078         1.228848038070         1.219291278345         1.221634192969         1.228675601423         1.226085192616         1.212328884714         1.201273441875         1.203185730487         1.210089702866         1.206242573055         1.190053058031         1.176996960616         1.178486545642         1.185429084059         1.179958255513         1.160345895877         1.144467670881         1.145505469781         1.152709372637         1.144922951966         1.120125516516         1.099921481438         1.100361820413         1.108102567696         1.096519363516         1.062899736570         1.035083055870         1.034259735711         1.042662484278         1.023297240851         0.971198618079         0.925532831880         0.918615603653         0.923035418545         0.879552468663         0.761320046194         0.570013319725         0.000000000000
        0.904552002177         0.955237591725         1.052333082569         1.061524308375         1.063595689010         1.061276709091         1.081823935072         1.113292705884         1.127815692151         1.121520561751         1.116981125955         1.132065839207         1.156411890876         1.167403189046         1.161215011071         1.156644781660         1.168521468683         1.188202269219         1.196631842330         1.190550224864         1.186005726052         1.195726195533         1.212179746690         1.218742998361         1.212602392352         1.207968346217         1.216113803542         1.230226042844         1.235342765529         1.228992154672         1.224151410675         1.231080394477         1.243425608927         1.247355539892         1.240662001334         1.235509788774         1.241459626689         1.252431100821         1.255337303948         1.248175840749         1.242613589588         1.247749285632         1.257630560550         1.259613016249         1.251855727748         1.245782375785         1.250222713407         1.259228845974         1.260342087139         1.251846943028         1.245149597105         1.248982218495         1.257285487030         1.257546743535         1.248144232930         1.240687180960         1.243977827115         1.251725262647         1.251115663811         1.240590564719         1.232200451387         1.234998772614         1.242325560433         1.240784437998         1.228848038000         1.219291278213         1.221634192776         1.228675601180         1.226085192337         1.212328884416         1.201273441536         1.203185730195         1.210089702644         1.206242572791         1.190053057733         1.176996960289         1.178486545320         1.185429083764         1.179958255216         1.160345895578         1.144467670593         1.145505469527         1.152709372420         1.144922951767         1.120125516307         1.099921481227         1.100361820229         1.108102567559         1.096519363405         1.062899736457         1.035083055751         1.034259735606         1.042662484207         1.023297240809         0.971198618043         0.925532831831         0.918615603600         0.923035418512         0.879552468658         0.761320046200         0.570013319722         0.000000000000
        0.904552002203         0.955237591729         1.052333082608         1.061524308439         1.063595689122         1.061276709219         1.081823935209         1.113292706037         1.127815692336         1.121520561973         1.116981126207         1.132065839485         1.156411891182         1.167403189389         1.161215011453         1.156644782081         1.168521469142         1.188202269711         1.196631842869         1.190550225466         1.186005726724         1.195726196247         1.212179747475         1.218742999188         1.212602393200         1.207968347118         1.216113804427         1.230226043647         1.235342766240         1.228992155291         1.224151411293         1.231080395029         1.243425609453         1.247355540463         1.240662001909         1.235509789356         1.241459627260         1.252431101347         1.255337304467         1.248175841292         1.242613590121         1.247749286173         1.257630561066         1.259613016760         1.251855728251         1.245782376278         1.250222713888         1.259228846410         1.260342087532         1.251846943379         1.245149597405         1.248982218751         1.257285487241         1.257546743734         1.248144233123         1.240687181120         1.243977827244         1.251725262740         1.251115663887         1.240590564749         1.232200451369         1.234998772529         1.242325560304         1.240784437854         1.228848037849         1.219291278011         1.221634192535         1.228675600898         1.226085192021         1.212328884078         1.201273441167         1.203185729869         1.210089702378         1.206242572480         1.190053057393         1.176996959930         1.178486544967         1.185429083429         1.179958254871         1.160345895231         1.144467670264         1.145505469237         1.152709372172         1.144922951532         1.120125516064         1.099921480994         1.100361820038         1.108102567413         1.096519363279         1.062899736333         1.035083055638         1.034259735521         1.042662484150         1.023297240765         0.971198618000         0.925532831794         0.918615603575         0.923035418500         0.879552468653         0.761320046197         0.570013319720         0.000000000000
        0.904552002216         0.955237591758         1.052333082652         1.061524308496         1.063595689214         1.061276709344         1.081823935362         1.113292706205         1.127815692526         1.121520562199         1.116981126479         1.132065839797         1.156411891524         1.167403189762         1.161215011863         1.156644782546         1.168521469664         1.188202270269         1.196631843469         1.190550226136         1.186005727507         1.195726197048         1.212179748305         1.218743000044         1.212602394109         1.207968348069         1.216113805374         1.230226044478         1.235342766988         1.228992155965         1.224151412005         1.231080395681         1.243425610103         1.247355541148         1.240662002624         1.235509790088         1.241459627973         1.252431102008         1.255337305105         1.248175841924         1.242613590728         1.247749286776         1.257630561635         1.259613017295         1.251855728758         1.245782376761         1.250222714359         1.259228846844         1.260342087921         1.251846943720         1.245149597713         1.248982219043         1.257285487497         1.257546743967         1.248144233342         1.240687181321         1.243977827428         1.251725262887         1.251115664000         1.240590564806         1.232200451400         1.234998772509         1.242325560235         1.240784437744         1.228848037715         1.219291277838         1.221634192339         1.228675600661         1.226085191744         1.212328883777         1.201273440848         1.203185729591         1.210089702147         1.206242572195         1.190053057079         1.176996959605         1.178486544649         1.185429083119         1.179958254543         1.160345894896         1.144467669951         1.145505468963         1.152709371934         1.144922951297         1.120125515819         1.099921480765         1.100361819857         1.108102567277         1.096519363157         1.062899736216         1.035083055542         1.034259735460         1.042662484111         1.023297240726         0.971198617961         0.925532831769         0.918615603570         0.923035418502         0.879552468649         0.761320046190         0.570013319719         0.000000000000
        0.904552002219         0.955237591830         1.052333082723         1.061524308570         1.063595689321         1.061276709518         1.081823935598         1.113292706466         1.127815692803         1.121520562524         1.116981126886         1.132065840281         1.156411892050         1.167403190324         1.161215012475         1.156644783255         1.168521470476         1.188202271138         1.196631844396         1.190550227165         1.186005728733         1.195726198287         1.212179749554         1.218743001321         1.212602395488         1.207968349503         1.216113806815         1.230226045737         1.235342768136         1.228992157015         1.224151413156         1.231080396791         1.243425611251         1.247355542333         1.240662003861         1.235509791343         1.241459629180         1.252431103133         1.255337306177         1.248175842951         1.242613591699         1.247749287714         1.257630562519         1.259613018109         1.251855729510         1.245782377466         1.250222715046         1.259228847487         1.260342088510         1.251846944240         1.245149598205         1.248982219539         1.257285487951         1.257546744381         1.248144233728         1.240687181697         1.243977827796         1.251725263213         1.251115664265         1.240590565004         1.232200451587         1.234998772662         1.242325560330         1.240784437771         1.228848037701         1.219291277795         1.221634192283         1.228675600559         1.226085191582         1.212328883580         1.201273440647         1.203185729428         1.210089702012         1.206242571986         1.190053056838         1.176996959361         1.178486544408         1.185429082869         1.179958254261         1.160345894604         1.144467669681         1.145505468729         1.152709371731         1.144922951082         1.120125515584         1.099921480550         1.100361819694         1.108102567158         1.096519363051         1.062899736120         1.035083055476         1.034259735430         1.042662484094         1.023297240700         0.971198617933         0.925532831762         0.918615603585         0.923035418516         0.879552468646         0.761320046181         0.570013319720         0.000000000000
        0.904552002215         0.955237591915         1.052333082796         1.061524308641         1.063595689418         1.061276709691         1.081823935840         1.113292706735         1.127815693086         1.121520562855         1.116981127306         1.132065840783         1.156411892593         1.167403190903         1.161215013106         1.156644783988         1.168521471318         1.188202272036         1.196631845354         1.190550228234         1.186005730025         1.195726199568         1.212179750821         1.218743002613         1.212602396896         1.207968350980         1.216113808307         1.230226047046         1.235342769331         1.228992158156         1.224151414453         1.231080398015         1.243425612530         1.247355543673         1.240662005292         1.235509792817         1.241459630612         1.252431104487         1.255337307480         1.248175844210         1.242613592902         1.247749288881         1.257630563627         1.259613019136         1.251855730464         1.245782378369         1.250222715933         1.259228848327         1.260342089304         1.251846944958         1.245149598902         1.248982220251         1.257285488617         1.257546744996         1.248144234307         1.240687182265         1.243977828353         1.251725263718         1.251115664695         1.240590565360         1.232200451933         1.234998772976         1.242325560575         1.240784437931         1.228848037807         1.219291277873         1.221634192345         1.228675600567         1.226085191518         1.212328883472         1.201273440539         1.203185729348         1.210089701945         1.206242571833         1.190053056648         1.176996959166         1.178486544208         1.185429082651         1.179958254005         1.160345894334         1.144467669431         1.145505468506         1.152709371539         1.144922950870         1.120125515345         1.099921480327         1.100361819526         1.108102567041         1.096519362957         1.062899736045         1.035083055435         1.034259735421         1.042662484092         1.023297240688         0.971198617921         0.925532831769         0.918615603610         0.923035418536         0.879552468646         0.761320046173         0.570013319721         0.000000000000
        0.904553377601         0.955240629333         1.052337442981         1.061529964182         1.063604297373         1.061288062931         1.081837128436         1.113307009759         1.127831985073         1.121540278102         1.117004383595         1.132091391915         1.156438993518         1.167432829991         1.161248693390         1.156682544320         1.168561906011         1.188244583373         1.196677036279         1.190599770251         1.186059546104         1.195782777219         1.212238260947         1.218804431261         1.212668144974         1.208038235255         1.216186249576         1.230300191364         1.235419564181         1.229072914869         1.224235858294         1.231166909106         1.243513330936         1.247445377786         1.240755185017         1.235605969255         1.241557159445         1.252529128802         1.255436709299         1.248277791019         1.242717679557         1.247853854778         1.257734767161         1.259717735018         1.251962086054         1.245889930104         1.250329796158         1.259334636188         1.260447477555         1.251953045254         1.245255944561         1.249087145461         1.257388204069         1.257648179713         1.248245509430         1.240787820410         1.244076174524         1.251820571324         1.251208919794         1.240682918500         1.232291427880         1.235086736113         1.242409817341         1.240866046931         1.228928192864         1.219369517241         1.221708903643         1.228746155486         1.226152728745         1.212394649875         1.201336994265         1.203245497202         1.210145135157         1.206294889865         1.190103545636         1.177045198727         1.178531021290         1.185469339842         1.179995573564         1.160381575187         1.144501311088         1.145535651649         1.152735744372         1.144946819097         1.120148135518         1.099942479534         1.100379930258         1.108117565052         1.096532487047         1.062912082598         1.035094264153         1.034268766974         1.042669232989         1.023302740577         0.971203675936         0.925537168830         0.918618591987         0.923037069302         0.879553446213         0.761320714654         0.570013700751         0.000000000000
        0.904553489360         0.955240827299         1.052337773133         1.061530423650         1.063605030481         1.061289013100         1.081838225707         1.113308197361         1.127833337709         1.121541907256         1.117006283100         1.132093447107         1.156441146724         1.167435174513         1.161251350240         1.156685502380         1.168565046741         1.188247853799         1.196680534306         1.190603616087         1.186063723948         1.195787168176         1.212242815379         1.218809241754         1.212673322496         1.208043761945         1.216192003784         1.230306120981         1.235425759845         1.229079483228         1.224242776074         1.231174052440         1.243520643828         1.247452947083         1.240763111172         1.235614223198         1.241565613874         1.252537724444         1.255445528056         1.248286926583         1.242727097179         1.247863423479         1.257744424449         1.259727557980         1.251972162260         1.245900219496         1.250340164448         1.259345018080         1.260457946512         1.251963684693         1.245266710026         1.249097899545         1.257398879716         1.257658849360         1.248256254512         1.240798593669         1.244086835394         1.251831052369         1.251219295991         1.240693272869         1.232301711743         1.235096805987         1.242419607259         1.240875637467         1.228937673495         1.219378839511         1.221717920738         1.228754804359         1.226161099644         1.212402842985         1.201344961826         1.203253088424         1.210152290902         1.206301715028         1.190110154496         1.177051545079         1.178536949876         1.185474796809         1.180000680660         1.160386462696         1.144505934195         1.145539852298         1.152739475880         1.144950219951         1.120151347565         1.099945460127         1.100382524966         1.108119737260         1.096534384866         1.062913849021         1.035095861997         1.034270059648         1.042670196526         1.023303511443         0.971204378891         0.925537781109         0.918619028860         0.923037312986         0.879553584482         0.761320809893         0.570013772634         0.000000000000
        0.904553498263         0.955240841268         1.052337799084         1.061530459632         1.063605088458         1.061289086842         1.081838310564         1.113308289302         1.127833442728         1.121542033423         1.117006429279         1.132093605709         1.156441314050         1.167435357263         1.161251556589         1.156685731334         1.168565290271         1.188248109097         1.196680807761         1.190603915443         1.186064048111         1.195787509379         1.212243170701         1.218809617294         1.212673725752         1.208044191707         1.216192452694         1.230306585024         1.235426244555         1.229079995623         1.224243314971         1.231174610427         1.243521216673         1.247453539285         1.240763729289         1.235614865907         1.241566273562         1.252538396416         1.255446216466         1.248287636977         1.242727827890         1.247864166883         1.257745175535         1.259728320202         1.251972940801         1.245901012282         1.250340963605         1.259345818409         1.260458751253         1.251964498419         1.245267530692         1.249098718947         1.257399692597         1.257659658493         1.248257064663         1.240799402614         1.244087634795         1.251831837042         1.251220068833         1.240694039032         1.232302468927         1.235097545801         1.242420324575         1.240876336015         1.228938358879         1.219379509747         1.221718566981         1.228755422057         1.226161693497         1.212403419490         1.201345519053         1.203253617326         1.210152787374         1.206302185124         1.190110605813         1.177051975609         1.178537350313         1.185475163663         1.180001021531         1.160386786280         1.144506238319         1.145540127290         1.152739718972         1.144950440063         1.120151554128         1.099945650868         1.100382690412         1.108119875305         1.096534504913         1.062913960385         1.035095962540         1.034270141092         1.042670257263         1.023303559923         0.971204423177         0.925537820179         0.918619057864         0.923037329695         0.879553594099         0.761320816457         0.570013778209         0.000000000000
        0.904553499479         0.955240843067         1.052337802434         1.061530464279         1.063605095966         1.061289096349         1.081838321487         1.113308301216         1.127833456416         1.121542049839         1.117006448237         1.132093626387         1.156441336096         1.167435381462         1.161251583843         1.156685761536         1.168565322575         1.188248143270         1.196680844520         1.190603955658         1.186064091641         1.195787555470         1.212243219034         1.218809668533         1.212673780755         1.208044250362         1.216192514332         1.230306649209         1.235426311807         1.229080066698         1.224243389701         1.231174688194         1.243521296977         1.247453622567         1.240763816068         1.235614956017         1.241566366367         1.252538491443         1.255446314016         1.248287737523         1.242727931162         1.247864272163         1.257745282336         1.259728428844         1.251973051491         1.245901124799         1.250341077170         1.259345932529         1.260458866093         1.251964614243         1.245267647211         1.249098835382         1.257399808377         1.257659773813         1.248257179763         1.240799517212         1.244087748097         1.251831948409         1.251220178522         1.240694147379         1.232302575641         1.235097650039         1.242420425721         1.240876434364         1.228938454894         1.219379603217         1.221718657026         1.228755508179         1.226161776169         1.212403499315         1.201345595862         1.203253690191         1.210152855823         1.206302249810         1.190110667543         1.177052034213         1.178537404790         1.185475213695         1.180001067938         1.160386830045         1.144506279272         1.145540164337         1.152739751816         1.144950469793         1.120151581884         1.099945676391         1.100382712571         1.108119893874         1.096534521089         1.062913975326         1.035095975986         1.034270151998         1.042670265445         1.023303566475         0.971204429147         0.925537825416         0.918619061751         0.923037331918         0.879553595360         0.761320817303         0.570013778918         0.000000000000
        0.904553499715         0.955240843413         1.052337803075         1.061530465173         1.063605097413         1.061289098183         1.081838323616         1.113308303556         1.127833459113         1.121542053059         1.117006451954         1.132093630470         1.156441340479         1.167435386284         1.161251589258         1.156685767534         1.168565329022         1.188248150136         1.196680851919         1.190603963728         1.186064100379         1.195787564765         1.212243228831         1.218809678937         1.212673791907         1.208044262262         1.216192526881         1.230306662323         1.235426325587         1.229080081244         1.224243404997         1.231174704164         1.243521313538         1.247453639801         1.240763833993         1.235614974630         1.241566385587         1.252538511192         1.255446334336         1.248287758456         1.242727952671         1.247864294148         1.257745304719         1.259728451647         1.251973074725         1.245901148396         1.250341101026         1.259345956555         1.260458890308         1.251964638634         1.245267671748         1.249098859885         1.257399832777         1.257659798130         1.248257203978         1.240799541264         1.244087771866         1.251831971811         1.251220201609         1.240694170102         1.232302597970         1.235097671854         1.242420446932         1.240876455007         1.228938475031         1.219379622744         1.221718675834         1.228755526184         1.226161793459         1.212403515961         1.201345611829         1.203253705328         1.210152870075         1.206302263277         1.190110680350         1.177052046331         1.178537416055         1.185475224062         1.180001077555         1.160386839111         1.144506287704         1.145540171976         1.152739758614         1.144950475946         1.120151587602         1.099945681631         1.100382717130         1.108119897715         1.096534524440         1.062913978410         1.035095978753         1.034270154247         1.042670267143         1.023303567832         0.971204430377         0.925537826489         0.918619062538         0.923037332356         0.879553595597         0.761320817452         0.570013779040         0.000000000000
        0.904553499775         0.955240843503         1.052337803239         1.061530465400         1.063605097781         1.061289098652         1.081838324164         1.113308304162         1.127833459812         1.121542053890         1.117006452915         1.132093631531         1.156441341628         1.167435387549         1.161251590673         1.156685769102         1.168565330741         1.188248151947         1.196680853872         1.190603965856         1.186064102684         1.195787567227         1.212243231436         1.218809681707         1.212673794870         1.208044265434         1.216192530226         1.230306665827         1.235426329278         1.229080085142         1.224243409096         1.231174708456         1.243521318005         1.247453644448         1.240763838835         1.235614979661         1.241566390792         1.252538516556         1.255446339857         1.248287764129         1.242727958468         1.247864300061         1.257745310733         1.259728457765         1.251973080942         1.245901154692         1.250341107388         1.259345962961         1.260458896762         1.251964645150         1.245267678255         1.249098866388         1.257399839249         1.257659804576         1.248257210378         1.240799547636         1.244087778132         1.251831977979         1.251220207688         1.240694176082         1.232302603839         1.235097677588         1.242420452510         1.240876460437         1.228938480314         1.219379627867         1.221718680798         1.228755530914         1.226161798004         1.212403520328         1.201345616012         1.203253709296         1.210152873817         1.206302266814         1.190110683707         1.177052049499         1.178537419004         1.185475226781         1.180001080078         1.160386841473         1.144506289904         1.145540173974         1.152739760399         1.144950477564         1.120151589103         1.099945683004         1.100382718329         1.108119898730         1.096534525326         1.062913979223         1.035095979484         1.034270154847         1.042670267599         1.023303568197         0.971204430704         0.925537826775         0.918619062751         0.923037332475         0.879553595659         0.761320817488         0.570013779071         0.000000000000
        0.904553499793         0.955240843528         1.052337803286         1.061530465467         1.063605097890         1.061289098789         1.081838324326         1.113308304342         1.127833460020         1.121542054137         1.117006453200         1.132093631847         1.156441341969         1.167435387922         1.161251591092         1.156685769566         1.168565331241         1.188248152483         1.196680854446         1.190603966481         1.186064103362         1.195787567952         1.212243232206         1.218809682524         1.212673795740         1.208044266374         1.216192531211         1.230306666858         1.235426330367         1.229080086292         1.224243410306         1.231174709728         1.243521319330         1.247453645830         1.240763840274         1.235614981157         1.241566392340         1.252538518151         1.255446341501         1.248287765824         1.242727960204         1.247864301840         1.257745312545         1.259728459615         1.251973082820         1.245901156593         1.250341109310         1.259345964896         1.260458898716         1.251964647112         1.245267680222         1.249098868352         1.257399841200         1.257659806519         1.248257212300         1.240799549538         1.244087780008         1.251831979823         1.251220209507         1.240694177867         1.232302605591         1.235097679301         1.242420454176         1.240876462086         1.228938481892         1.219379629397         1.221718682273         1.228755532327         1.226161799361         1.212403521630         1.201345617259         1.203253710482         1.210152874935         1.206302267871         1.190110684709         1.177052050442         1.178537419882         1.185475227589         1.180001080827         1.160386842171         1.144506290550         1.145540174560         1.152739760923         1.144950478038         1.120151589539         1.099945683402         1.100382718677         1.108119899026         1.096534525583         1.062913979458         1.035095979694         1.034270155018         1.042670267729         1.023303568300         0.971204430797         0.925537826857         0.918619062811         0.923037332509         0.879553595676         0.761320817498         0.570013779079         0.000000000000
        0.904553499800         0.955240843539         1.052337803306         1.061530465496         1.063605097936         1.061289098848         1.081838324393         1.113308304415         1.127833460101         1.121542054230         1.117006453304         1.132093631960         1.156441342090         1.167435388055         1.161251591237         1.156685769724         1.168565331412         1.188248152668         1.196680854639         1.190603966694         1.186064103594         1.195787568199         1.212243232469         1.218809682801         1.212673796032         1.208044266689         1.216192531540         1.230306667201         1.235426330731         1.229080086679         1.224243410712         1.231174710157         1.243521319804         1.247453646297         1.240763840761         1.235614981665         1.241566392864         1.252538518691         1.255446342057         1.248287766397         1.242727960790         1.247864302442         1.257745313157         1.259728460245         1.251973083456         1.245901157235         1.250341109989         1.259345965550         1.260458899379         1.251964647774         1.245267680883         1.249098869011         1.257399841852         1.257659807168         1.248257212938         1.240799550167         1.244087780628         1.251831980431         1.251220210104         1.240694178450         1.232302606162         1.235097679861         1.242420454719         1.240876462613         1.228938482405         1.219379629895         1.221718682754         1.228755532787         1.226161799801         1.212403522051         1.201345617664         1.203253710870         1.210152875300         1.206302268215         1.190110685034         1.177052050749         1.178537420169         1.185475227853         1.180001081072         1.160386842399         1.144506290762         1.145540174753         1.152739761096         1.144950478194         1.120151589683         1.099945683532         1.100382718790         1.108119899123         1.096534525669         1.062913979536         1.035095979763         1.034270155075         1.042670267772         1.023303568335         0.971204430828         0.925537826883         0.918619062830         0.923037332520         0.879553595680         0.761320817501         0.570013779081         0.000000000000
        0.904553519871         0.955240887388         1.052337865630         1.061530546871         1.063605225074         1.061289269185         1.081838523781         1.113308521581         1.127833709910         1.121542360361         1.117006818538         1.132094037807         1.156441778286         1.167435871496         1.161252146597         1.156686398566         1.168566013346         1.188248876353         1.196681637112         1.190604831562         1.186065050649         1.195788575268         1.212244287433         1.218810801680         1.212675000367         1.208045554454         1.216193879101         1.230308061729         1.235427786761         1.229081623780         1.224245024945         1.231176376909         1.243523025182         1.247455403467         1.240765667211         1.235616871622         1.241568320964         1.252540470685         1.255448329417         1.248289805329         1.242730044070         1.247866404099         1.257747418606         1.259730580276         1.251975233338         1.245903328989         1.250343277168         1.259348113832         1.260461039553         1.251966794822         1.245269826403         1.249100986864         1.257401918240         1.257661853621         1.248259244891         1.240801559286         1.244089741310         1.251833879958         1.251222061353         1.240695997760         1.232304385809         1.235099395017         1.242422094056         1.240878040970         1.228940017274         1.219381114455         1.221720093179         1.228756859298         1.226163059304         1.212404733522         1.201346775237         1.203254791556         1.210153871286         1.206303198314         1.190111569513         1.177052884469         1.178538181312         1.185475910309         1.180001705220         1.160387429036         1.144506835175         1.145540656750         1.152740176315         1.144950847328         1.120151933191         1.099945997067         1.100382984196         1.108120113380         1.096534708195         1.062914148056         1.035096130254         1.034270272378         1.042670350356         1.023303632037         0.971204488658         0.925537875800         0.918619094382         0.923037347025         0.879553602244         0.761320821388         0.570013780952         0.000000000000
        0.904553528648         0.955240905466         1.052337893471         1.061530584483         1.063605281043         1.061289340617         1.081838606372         1.113308611702         1.127833811445         1.121542479439         1.117006954886         1.132094185340         1.156441933750         1.167436039248         1.161252332694         1.156686602491         1.168566228927         1.188249100344         1.196681873765         1.190605086764         1.186065323741         1.195788859921         1.212244580484         1.218811107193         1.212675324016         1.208045895363         1.216194231031         1.230308421329         1.235428157930         1.229082011925         1.224245428605         1.231176789798         1.243523444213         1.247455832310         1.240766110972         1.235617328873         1.241568785163         1.252540938509         1.255448804735         1.248290292890         1.242730542334         1.247866906421         1.257747921643         1.259731087899         1.251975749979         1.245903852912         1.250343801927         1.259348636005         1.260461562779         1.251967323515         1.245270358711         1.249101516266         1.257402441360         1.257662374104         1.248259767020         1.240802081287         1.244090256554         1.251834385131         1.251222560078         1.240696494511         1.232304878762         1.235099877418         1.242422562730         1.240878499632         1.228940470747         1.219381560734         1.221720525606         1.228757274804         1.226163462013         1.212405128306         1.201347160329         1.203255160190         1.210154220509         1.206303532676         1.190111894335         1.177053198116         1.178538476785         1.185476184931         1.180001964094         1.160387677986         1.144507072554         1.145540875568         1.152740374012         1.144951029791         1.120152106710         1.099946159773         1.100383129122         1.108120238817         1.096534820418         1.062914253213         1.035096226367         1.034270353266         1.042670414763         1.023303686069         0.971204537631         0.925537918134         0.918619125676         0.923037366408         0.879553614381         0.761320829494         0.570013786051         0.000000000000
        0.904553529226         0.955240906543         1.052337895481         1.061530587189         1.063605285192         1.061289345752         1.081838612361         1.113308618097         1.127833818676         1.121542487832         1.117006964429         1.132094195603         1.156441944546         1.167436050893         1.161252345547         1.156686616582         1.168566243774         1.188249115763         1.196681890043         1.190605104397         1.186065342606         1.195788879644         1.212244600801         1.218811128428         1.212675346558         1.208045919077         1.216194255591         1.230308446509         1.235428184057         1.229082039285         1.224245457192         1.231176819162         1.243523474168         1.247455863114         1.240766142991         1.235617361923         1.241568818873         1.252540972696         1.255448839705         1.248290328881         1.242730579233         1.247866943793         1.257747959368         1.259731126140         1.251975789041         1.245903892626         1.250343841830         1.259348675972         1.260461603038         1.251967364337         1.245270399933         1.249101557377         1.257402482207         1.257662414989         1.248259808129         1.240802122351         1.244090297180         1.251834425235         1.251222599821         1.240696534183         1.232304918041         1.235099916003         1.242422600420         1.240878536652         1.228940507281         1.219381596622         1.221720560499         1.228757308580         1.226163494750         1.212405160341         1.201347191490         1.203255190126         1.210154249100         1.206303560110         1.190111920835         1.177053223637         1.178538501055         1.185476207664         1.180001985503         1.160387698489         1.144507092054         1.145540893715         1.152740390610         1.144951045120         1.120152121170         1.099946173359         1.100383141423         1.108120249499         1.096534829935         1.062914262115         1.035096234550         1.034270360201         1.042670420347         1.023303690821         0.971204542041         0.925537922006         0.918619128711         0.923037368455         0.879553615917         0.761320830743         0.570013787060         0.000000000000
        0.904553529270         0.955240906633         1.052337895652         1.061530587412         1.063605285543         1.061289346186         1.081838612880         1.113308618645         1.127833819298         1.121542488552         1.117006965256         1.132094196499         1.156441945503         1.167436051929         1.161252346696         1.156686617851         1.168566245138         1.188249117199         1.196681891568         1.190605106046         1.186065344383         1.195788881524         1.212244602753         1.218811130474         1.212675348768         1.208045921436         1.216194257981         1.230308448964         1.235428186608         1.229082041997         1.224245459990         1.231176822063         1.243523477115         1.247455866152         1.240766146158         1.235617365230         1.241568822214         1.252540976126         1.255448843187         1.248290332499         1.242730582922         1.247866947532         1.257747963147         1.259731129981         1.251975792961         1.245903896648         1.250343845854         1.259348680038         1.260461607110         1.251967368454         1.245270404090         1.249101561559         1.257402486343         1.257662419125         1.248259812301         1.240802126522         1.244090301340         1.251834429313         1.251222603835         1.240696538195         1.232304921985         1.235099919872         1.242422604202         1.240878540364         1.228940510928         1.219381600221         1.221720563965         1.228757311933         1.226163498004         1.212405163507         1.201347194553         1.203255193060         1.210154251904         1.206303562799         1.190111923419         1.177053226104         1.178538503382         1.185476209856         1.180001987573         1.160387700456         1.144507093902         1.145540895428         1.152740392211         1.144951046579         1.120152122539         1.099946174627         1.100383142558         1.108120250497         1.096534830837         1.062914262954         1.035096235304         1.034270360826         1.042670420845         1.023303691254         0.971204542449         0.925537922344         0.918619128947         0.923037368604         0.879553616045         0.761320830859         0.570013787143         0.000000000000
        0.904553529277         0.955240906645         1.052337895677         1.061530587446         1.063605285596         1.061289346252         1.081838612959         1.113308618730         1.127833819397         1.121542488666         1.117006965387         1.132094196640         1.156441945655         1.167436052096         1.161252346883         1.156686618057         1.168566245359         1.188249117433         1.196681891821         1.190605106320         1.186065344677         1.195788881834         1.212244603078         1.218811130844         1.212675349135         1.208045921825         1.216194258383         1.230308449378         1.235428187039         1.229082042452         1.224245460466         1.231176822552         1.243523477616         1.247455866671         1.240766146700         1.235617365793         1.241568822788         1.252540976711         1.255448843814         1.248290333118         1.242730583559         1.247866948178         1.257747963801         1.259731130646         1.251975793638         1.245903897338         1.250343846550         1.259348680738         1.260461607816         1.251967369193         1.245270404807         1.249101562278         1.257402487060         1.257662419843         1.248259813017         1.240802127237         1.244090302050         1.251834430015         1.251222604530         1.240696538884         1.232304922665         1.235099920539         1.242422604855         1.240878541005         1.228940511556         1.219381600834         1.221720564559         1.228757312535         1.226163498563         1.212405164050         1.201347195076         1.203255193560         1.210154252383         1.206303563259         1.190111923861         1.177053226523         1.178538503777         1.185476210228         1.180001987926         1.160387700790         1.144507094214         1.145540895715         1.152740392476         1.144951046826         1.120152122771         1.099946174840         1.100383142746         1.108120250662         1.096534830989         1.062914263095         1.035096235457         1.034270360927         1.042670420925         1.023303691325         0.971204542517         0.925537922398         0.918619128981         0.923037368623         0.879553616063         0.761320830875         0.570013787153         0.000000000000
