        0.774601702981         0.692686516585         0.669423952307         0.623714479756         0.607468371798         0.612667853414         0.602804862768         0.600455033251         0.602569971336         0.604647657325         0.606571335930         0.608476775203         0.609624207902         0.610674133353         0.611000696014         0.611270231130         0.610870090042         0.610348764643         0.609602655052         0.609291514048         0.609048202219         0.609187564579         0.609239625292         0.609578673749         0.609768924477         0.610144070028         0.610366109229         0.610242703958         0.610009830442         0.609637722309         0.609338765107         0.608935538965         0.608988167560         0.608909612751         0.609366662644         0.610111801213         0.610578636520         0.611348525655         0.611720594060         0.611945477035         0.611724106915         0.611305029813         0.610689409202         0.609961696890         0.609408208251         0.609093518049         0.608794658506         0.608773955526         0.608995918492         0.609190714657         0.609267382072         0.609433284489         0.609495731617         0.609585789787         0.609611549740         0.609619764891         0.609642407804         0.609778885517         0.609829249760         0.610080625879         0.610034167368         0.609927499795         0.609802011546         0.609584911572         0.609427245093         0.609031949508         0.608887462722         0.608795365392         0.608807470736         0.609159862111         0.609563810026         0.609883840352         0.610165557432         0.609902206401         0.609897899408         0.609834962970         0.609930143365         0.610175658843         0.610278007220         0.610407393939         0.610421737096         0.610418812021         0.610440148611         0.610610452681         0.610985625238         0.611404013072         0.612012623131         0.613338058213         0.614810018030         0.617638866196         0.621146721230         0.626392775425         0.632744229554         0.640988453598         0.649023629990         0.655010229772         0.648648993435         0.618278271504         0.514999759016         0.000000000000
        0.811718309344         0.742674597341         0.720786945853         0.683245359864         0.676744595895         0.665649555024         0.663147651074         0.660842029512         0.661797848372         0.663456942959         0.665922804742         0.668162139317         0.669929095539         0.670912653538         0.671091442273         0.670535699075         0.669420701604         0.667966833598         0.666405933225         0.664945695226         0.663744667246         0.662883366160         0.662362905776         0.662132324678         0.662110811166         0.662197194197         0.662300485574         0.662356951215         0.662335928943         0.662239484970         0.662093348623         0.661949178190         0.661872300718         0.661909195035         0.662084220410         0.662390118976         0.662783810953         0.663207451339         0.663583319080         0.663841164441         0.663935658032         0.663846207926         0.663599914374         0.663238944493         0.662837739221         0.662451343589         0.662142514161         0.661934122754         0.661833343642         0.661828095356         0.661899973925         0.662018053295         0.662166301660         0.662316173006         0.662452978216         0.662571989171         0.662669562283         0.662752166673         0.662813093437         0.662847353118         0.662837964581         0.662777527026         0.662658608578         0.662499776437         0.662317861734         0.662139839520         0.661981276865         0.661856354542         0.661782743184         0.661765595268         0.661804254097         0.661879639965         0.661975243403         0.662100947146         0.662280013669         0.662570594706         0.663059397454         0.663854406455         0.665061542388         0.666763337442         0.668986490140         0.671678614147         0.674699518988         0.677803422417         0.680650351502         0.682836651796         0.683969249872         0.683825324801         0.682489302838         0.680407884914         0.678315858386         0.677111455152         0.677458644060         0.679556555274         0.681567622434         0.680079446997         0.666986438108         0.628918643378         0.521836784218         0.000000000000
        0.812940615817         0.744034246939         0.722857412466         0.686161117063         0.681551144317         0.673174871663         0.674524934770         0.676768834936         0.682680379828         0.689094400574         0.695562720325         0.700558759959         0.703608633947         0.704395952322         0.703151497322         0.700313343527         0.696484278837         0.692257628780         0.688145471199         0.684515051676         0.681578842542         0.679405172101         0.677952004719         0.677105521870         0.676718892376         0.676641358225         0.676739729526         0.676910515772         0.677083120242         0.677218635728         0.677304280636         0.677345706081         0.677359833239         0.677365579352         0.677377842149         0.677404886443         0.677445646154         0.677492632174         0.677533626617         0.677555929857         0.677551048217         0.677514334119         0.677449777347         0.677365077461         0.677272742262         0.677184230040         0.677111427116         0.677061057243         0.677035905024         0.677034610622         0.677053453830         0.677086306967         0.677127472708         0.677170574598         0.677211780930         0.677248847248         0.677280667903         0.677308888335         0.677334427157         0.677359800303         0.677386296320         0.677416192157         0.677450217054         0.677489644907         0.677532108602         0.677572345312         0.677600317807         0.677602340331         0.677564670869         0.677475159523         0.677330565961         0.677142325771         0.676945840848         0.676809934285         0.676839447658         0.677179007820         0.678004608204         0.679507035067         0.681860314289         0.685179027675         0.689466159316         0.694564224518         0.700124397323         0.705605881077         0.710323511868         0.713549312013         0.714653137085         0.713270625842         0.709464328873         0.703829464298         0.697439396935         0.691670807241         0.687712423329         0.686159037564         0.685497900168         0.682283819660         0.668186466643         0.629529780952         0.522191293716         0.000000000000
        0.813109867381         0.744216800885         0.723263869959         0.686936431820         0.683054225382         0.675764141125         0.678564107913         0.682485795559         0.690131718541         0.698146679107         0.705897081289         0.711713715191         0.715058133013         0.715618054903         0.713693910359         0.709841368917         0.704807989834         0.699332673550         0.694051046854         0.689418270793         0.685694579976         0.682960113411         0.681157092800         0.680138889225         0.679717375694         0.679700296267         0.679916464311         0.680229703827         0.680543496620         0.680799202149         0.680970248877         0.681053931071         0.681063151651         0.681018598095         0.680942382337         0.680853971619         0.680767675878         0.680692083803         0.680630673569         0.680583129909         0.680547178558         0.680519532322         0.680497716431         0.680479908993         0.680465459025         0.680454138128         0.680446375262         0.680442266439         0.680441529982         0.680443304896         0.680446496186         0.680449769319         0.680452054593         0.680452658836         0.680451953236         0.680451372099         0.680453451234         0.680462102352         0.680481813306         0.680517616600         0.680573814158         0.680653202113         0.680755402481         0.680875973441         0.681004931701         0.681126325729         0.681218675873         0.681256870401         0.681216465494         0.681079290589         0.680841503776         0.680522412800         0.680174080656         0.679889916035         0.679809384908         0.680117970844         0.681037204003         0.682801998814         0.685622114861         0.689629045492         0.694814622043         0.700974311529         0.707672217568         0.714248154604         0.719882995610         0.723721613770         0.725034197208         0.723403780863         0.718884060781         0.712119511475         0.704293053007         0.696964170320         0.691469952785         0.688569160207         0.686874081772         0.682971949686         0.668503063210         0.629662415272         0.522241888643         0.000000000000
        0.813153127417         0.744267164031         0.723403175032         0.687222918473         0.683616111965         0.676725240683         0.680045985474         0.684555633424         0.692804252800         0.701369618478         0.709541445713         0.715602766328         0.718991836269         0.719404413866         0.717168827750         0.712885681295         0.707352677187         0.701368391263         0.695619762583         0.690596880342         0.686577230622         0.683643669522         0.681729831107         0.680673489232         0.680267689118         0.680301093944         0.680585271737         0.680969767732         0.681347336465         0.681652162042         0.681853673480         0.681948029374         0.681949205196         0.681880759324         0.681769074303         0.681638603629         0.681508949065         0.681393642932         0.681300252083         0.681231282799         0.681185560571         0.681159547940         0.681148762346         0.681148566317         0.681154851347         0.681164215366         0.681174139288         0.681182753895         0.681188715416         0.681191034358         0.681189080431         0.681182553968         0.681171647321         0.681157229383         0.681141142533         0.681126375595         0.681117161818         0.681118965001         0.681138032013         0.681180806500         0.681252767406         0.681357070034         0.681492836200         0.681653621682         0.681826078087         0.681989461547         0.682116450216         0.682175705501         0.682136750251         0.681976979186         0.681690815887         0.681300164327         0.680865257461         0.680494228081         0.680349097496         0.680645534908         0.681642015150         0.683613979946         0.686809556144         0.691387875522         0.697347223050         0.704455138127         0.712208863744         0.719852969064         0.726442813978         0.730989623472         0.732662052820         0.730991914852         0.725995476067         0.718362526255         0.709381064628         0.700810538543         0.694102852048         0.690188120816         0.687757615278         0.683387816732         0.668682046368         0.629729574030         0.522261843602         0.000000000000
        0.813182099131         0.744300801705         0.723481617483         0.687372635309         0.683900940305         0.677204381586         0.680785864752         0.685599926833         0.694175228236         0.703048555046         0.711465251450         0.717670398104         0.721089047792         0.721427380059         0.719011476170         0.714473334532         0.708640237723         0.702346133967         0.696312605136         0.691053579746         0.686856518253         0.683804649954         0.681825264818         0.680745719355         0.680347167685         0.680406635978         0.680725595682         0.681145628704         0.681553888630         0.681881197064         0.682095535522         0.682193173458         0.682189290402         0.682109340835         0.681981975586         0.681833948827         0.681686980477         0.681556364751         0.681450939453         0.681373945498         0.681324375987         0.681298426020         0.681290881842         0.681296159195         0.681309065062         0.681325187456         0.681341075680         0.681354172631         0.681362688523         0.681365446597         0.681361808888         0.681351664345         0.681335543493         0.681314822080         0.681291983251         0.681270843636         0.681256672150         0.681256109054         0.681276733878         0.681326273677         0.681411326701         0.681535711307         0.681698525676         0.681892252365         0.682101238430         0.682301115309         0.682459748747         0.682540257443         0.682506575686         0.682331605577         0.682007739028         0.681558960981         0.681053359811         0.680614291205         0.680427788367         0.680742911135         0.681860140267         0.684102190293         0.687762609334         0.693033499320         0.699917972091         0.708143013353         0.717128130563         0.725985586203         0.733610726356         0.738912797113         0.740976559194         0.739211837193         0.733669589949         0.725113227329         0.714929636704         0.705002163041         0.697002495688         0.691991737995         0.688753579943         0.683870157840         0.668893468106         0.629811410919         0.522287732661         0.000000000000
        0.813231928111         0.744356546231         0.723583335608         0.687543413603         0.684209789645         0.677717664656         0.681589764943         0.686762002585         0.695743102270         0.705019447882         0.713770499319         0.720168461274         0.723636161465         0.723886957491         0.721241642463         0.716368386310         0.710144588386         0.703452052953         0.697060254101         0.691508583542         0.687094779357         0.683898399459         0.681836605826         0.680722442904         0.680322415844         0.680400168241         0.680746340604         0.681194517638         0.681626657712         0.681970802451         0.682194072625         0.682293259649         0.682284923517         0.682196310001         0.682057933874         0.681898228384         0.681740265015         0.681600298274         0.681487726274         0.681405994217         0.681354004879         0.681327662739         0.681321311018         0.681328868246         0.681344632764         0.681363734272         0.681382316741         0.681397505994         0.681407280318         0.681410319500         0.681405914803         0.681393971795         0.681375133990         0.681351009513         0.681324452899         0.681299820671         0.681283101967         0.681281810428         0.681304511681         0.681359909834         0.681455432557         0.681595372430         0.681778732170         0.681997090798         0.682232927577         0.682458997787         0.682639416989         0.682733063409         0.682699757985         0.682509316970         0.682153161656         0.681657646901         0.681097782095         0.680609515380         0.680397974540         0.680738072278         0.681961730591         0.684425680208         0.688453082607         0.694253720437         0.701817546274         0.710833572429         0.720647563740         0.730266674413         0.738500813825         0.744266489689         0.746493533382         0.744622075091         0.738719419931         0.729569725851         0.718619147237         0.707831533959         0.699005756416         0.693264829748         0.689472421441         0.684226952282         0.669054715519         0.629875301317         0.522309183356         0.000000000000
        0.818835367299         0.753322126456         0.739243022357         0.711345433548         0.720161890403         0.728157673095         0.748973743622         0.771711704678         0.797991054160         0.822906492754         0.844879353197         0.861398831419         0.871408224979         0.874381477942         0.870771377986         0.861581199993         0.848257914881         0.832474721672         0.815905491242         0.800061351700         0.786086285226         0.774708881112         0.766258087997         0.760679143244         0.757609136830         0.756503623129         0.756763894441         0.757826601981         0.759204085044         0.760534044437         0.761581623087         0.762229139800         0.762453161100         0.762298451503         0.761851781839         0.761218936360         0.760506224389         0.759808360132         0.759197661812         0.758722392386         0.758400845451         0.758230341964         0.758193331991         0.758265277381         0.758407380282         0.758575869575         0.758742326378         0.758873902686         0.758945843846         0.758946796942         0.758877132007         0.758751028257         0.758596313516         0.758454508593         0.758377422610         0.758419787058         0.758639315493         0.759079940860         0.759779546086         0.760747596484         0.761965517135         0.763376665708         0.764885896343         0.766361514124         0.767644584354         0.768564616620         0.768962055076         0.768716173956         0.767776354564         0.766193479582         0.764147229170         0.761963662666         0.760116789850         0.759206596515         0.759909343210         0.762899043691         0.768738612661         0.777759197618         0.789985114433         0.804997875600         0.821992900514         0.839760859000         0.856782508320         0.871332855730         0.881625864334         0.886087128669         0.883562130966         0.873555610972         0.856367279200         0.833223388732         0.806169265122         0.777966145330         0.751530499862         0.729221771014         0.711497664937         0.695932130448         0.674556510459         0.632048184261         0.523124351071         0.000000000000
        0.822115970246         0.758640986946         0.749019629399         0.726313388408         0.742623856960         0.759306835849         0.790144565264         0.823125321885         0.859361655983         0.893280242489         0.922867110412         0.945239338174         0.959116243469         0.963856915558         0.959903989718         0.948382432014         0.931029447910         0.909913583247         0.887176785823         0.864837287036         0.844610946401         0.827778116126         0.815104211467         0.806830637290         0.802712595426         0.802076447345         0.804032100918         0.807565323230         0.811703467861         0.815614341942         0.818686199266         0.820552462583         0.821079801948         0.820331370592         0.818517311573         0.815940483990         0.812944015381         0.809865287889         0.806998584630         0.804569785312         0.802722244923         0.801512712340         0.800917812199         0.800848921538         0.801169765291         0.801719175003         0.802331533471         0.802857951340         0.803182879507         0.803237257396         0.803006636812         0.802534119046         0.801917482743         0.801300798621         0.800859654549         0.800783965987         0.801251746595         0.802401481254         0.804312252430         0.806982006811         0.810317070520         0.814121432001         0.818105253444         0.821905092918         0.825116802001         0.827340983979         0.828236374821         0.827583966372         0.825339019533         0.821667987494         0.817005492825         0.812068626224         0.807770581494         0.805157589423         0.805293395021         0.809105312577         0.817221394057         0.829876864084         0.846794944217         0.867159509688         0.889643958106         0.912493897080         0.933646227189         0.950936937865         0.962290894846         0.965934092195         0.960659457766         0.946019169366         0.922498629852         0.891582918449         0.855719182327         0.818082431859         0.782115886783         0.750775083448         0.725272171425         0.703615706189         0.678332365318         0.633642386375         0.523785147021         0.000000000000
        0.823036913263         0.760028216656         0.751414313061         0.729878288140         0.747977112959         0.766730505644         0.800032551259         0.835602974288         0.874450675094         0.910823851356         0.942604187792         0.966741427985         0.981889753350         0.987330408641         0.983460549007         0.971437531582         0.953073181419         0.930574673804         0.906280721604         0.882405619407         0.860865885505         0.843110212052         0.830045125212         0.821986713911         0.818698184236         0.819473173447         0.823278989576         0.828918381557         0.835176195994         0.840972352168         0.845454972151         0.848081681770         0.848645927577         0.847208996642         0.844075021465         0.839705754722         0.834641442063         0.829431143096         0.824567934217         0.820443666774         0.817317109714         0.815304251085         0.814377121640         0.814386885083         0.815099413057         0.816235306806         0.817485686114         0.818571222647         0.819270310537         0.819444951401         0.819056624239         0.818171087352         0.816955653920         0.815653957546         0.814558007127         0.813993945990         0.814262893439         0.815602279146         0.818146948086         0.821896945213         0.826700827541         0.832253525145         0.838112981628         0.843734432495         0.848524390028         0.851905214116         0.853397718003         0.852700524634         0.849770627343         0.844876783719         0.838620072840         0.831904468859         0.825865349747         0.821785569766         0.820889886582         0.824223160725         0.832482555659         0.845868215219         0.864006863576         0.885939358380         0.910152883310         0.934670940288         0.957219870126         0.975452415127         0.987138168551         0.990442139169         0.984149089732         0.967873107630         0.942198638691         0.908733868691         0.870058797270         0.829510193164         0.790712456741         0.756774242233         0.729086279001         0.705760162830         0.679415132213         0.634113720774         0.523994783272         0.000000000000
        0.823461740792         0.760635768261         0.752455905667         0.731419288735         0.750291723240         0.769980143278         0.804397611264         0.841157342932         0.881223320533         0.918771833307         0.951570902571         0.976536878524         0.992255338380         0.997962532550         0.994047731752         0.981695421914         0.962778927160         0.939592754877         0.914575195694         0.890054125976         0.868053478131         0.850091816585         0.837139835784         0.829527012553         0.826991595749         0.828765839855         0.833736621946         0.840611693483         0.848054767117         0.854850259513         0.860030970431         0.862958083167         0.863351885550         0.861289565919         0.857128304448         0.851432470095         0.844882524572         0.838178862612         0.831957845974         0.826729858210         0.822836746592         0.820432075889         0.819482470137         0.819791130966         0.821038867091         0.822829010686         0.824743090498         0.826394289614         0.827473798984         0.827786775074         0.827274964365         0.826023756772         0.824253664657         0.822295861377         0.820554639801         0.819459203420         0.819408492632         0.820716772209         0.823562172318         0.827951243095         0.833696613663         0.840420339905         0.847571810953         0.854478868386         0.860411057491         0.864670882881         0.866690877975         0.866126814495         0.862938916423         0.857448142925         0.850337979236         0.842626228495         0.835569767584         0.830548813284         0.828890446383         0.831711732379         0.839739908260         0.853178727313         0.871645939256         0.894135178747         0.919049177621         0.944319066989         0.967564240035         0.986333081151         0.998301900032         1.001579017644         0.994925276427         0.977971299949         0.951342070680         0.916717017939         0.876747001661         0.834845362834         0.794722657420         0.759567665762         0.730865990046         0.706753613593         0.679908419014         0.634324157806         0.524089030364         0.000000000000
        0.823702737078         0.760983722325         0.753045378786         0.732292642810         0.751611072970         0.771829677015         0.806881300014         0.844315200060         0.885060632441         0.923238672803         0.956591736858         0.981989419646         0.997976138109         1.003779253985         0.999787580689         0.987205959269         0.967949315609         0.944366559873         0.918959735441         0.894123161920         0.871923421640         0.853925554398         0.841123412822         0.833855684348         0.831835636551         0.834269299309         0.839981038491         0.847606346242         0.855747166150         0.863107741697         0.868647239363         0.871680891743         0.871900747535         0.869381629239         0.864517449055         0.857940309536         0.850421904313         0.842761464683         0.835690708786         0.829802138290         0.825487359915         0.822924257677         0.822075581011         0.822713267261         0.824455062303         0.826818827845         0.829296562164         0.831414573148         0.832797977670         0.833206368461         0.832568844705         0.830991770711         0.828745890742         0.826231710053         0.823930387271         0.822353853292         0.821974254062         0.823160825146         0.826123478613         0.830877425187         0.837215838279         0.844703435867         0.852717821370         0.860496039584         0.867213762047         0.872094781820         0.874508125459         0.874085900251         0.870787799150         0.864963789487         0.857353468257         0.849035680613         0.841327946055         0.835679286524         0.833476253599         0.835887566791         0.843663506420         0.857026907406         0.875588654100         0.898319347558         0.923581141388         0.949250245928         0.972891790052         0.991987919347         1.004163898917         1.007487768398         1.000701724128         0.983435059225         0.956335137119         0.921111460778         0.880448067653         0.837803947338         0.796944180883         0.761111490966         0.731839509013         0.707289960497         0.680171003091         0.634434072693         0.524133709012         0.000000000000
        0.823842128721         0.761184819116         0.753395815309         0.732818853956         0.752409175072         0.772950642270         0.808387628825         0.846227188472         0.887376315794         0.925922668514         0.959587823173         0.985212923099         1.001324385392         1.007144051465         1.003066322519         0.990312962186         0.970828866166         0.946994473040         0.921355272171         0.896345601399         0.874055372024         0.856084558295         0.843432259669         0.836436612810         0.834795852075         0.837685717018         0.843902104753         0.852025119675         0.860613623153         0.868326650911         0.874071177305         0.877129261304         0.877189260636         0.874333154983         0.868980429162         0.861815325562         0.853669360596         0.845406223159         0.837827560630         0.831572727195         0.827072290670         0.824518003006         0.823861300344         0.824840037089         0.827024792336         0.829881404340         0.832832574826         0.835342418643         0.836974940275         0.837459657075         0.836717700480         0.834870257002         0.832221910475         0.829225562461         0.826434220986         0.824424384043         0.823723153514         0.824743498263         0.827721728617         0.832676159630         0.839382196829         0.847372756276         0.855971163469         0.864358144806         0.871640834843         0.876981185415         0.879703074130         0.879409567702         0.876060149329         0.870027479446         0.862081663651         0.853335485554         0.845158052058         0.839043152630         0.836419643055         0.838491224861         0.846037105972         0.859286341013         0.877852357638         0.900694992636         0.926150832398         0.952057218743         0.975947038165         0.995260393443         1.007587399104         1.010967558889         1.004130931021         0.986702268548         0.959338449435         0.923765843406         0.882690702528         0.839600788152         0.798294385750         0.762046414755         0.732425492934         0.707611631112         0.680327053124         0.634498133060         0.524158446048         0.000000000000
        0.823928596588         0.761311920581         0.753621501980         0.733160790321         0.752929031781         0.773681436141         0.809367026531         0.847464920978         0.888864765761         0.927635497457         0.961481564826         0.987228654025         1.003392825194         1.009194959863         1.005035952962         0.992150683776         0.972506773960         0.948509141657         0.922729322842         0.897619951276         0.875295001957         0.857370797183         0.844848145733         0.838063381889         0.836701636030         0.839919138463         0.846485438492         0.854947913407         0.863831917067         0.871763495695         0.877624515621         0.880674270830         0.880601402255         0.877498248778         0.871805821547         0.864243999681         0.855683131635         0.847035181485         0.839141613280         0.832678278055         0.828101212498         0.825608381699         0.825140086131         0.826409679621         0.828951517287         0.832185903928         0.835491554947         0.838287822654         0.840108231664         0.840655323591         0.839845678762         0.837805026332         0.834861464212         0.831509218654         0.828348089852         0.825994421369         0.825023954625         0.825884662057         0.828833904790         0.833891216960         0.840821915207         0.849138394431         0.858127583814         0.866920472962         0.874587648344         0.880247886878         0.883192537600         0.883003476104         0.879635441538         0.873469693945         0.865292088120         0.856245025261         0.847729792131         0.841274227131         0.838338778466         0.840150601067         0.847512466301         0.860663299365         0.879214500420         0.902119743647         0.927698932423         0.953762073141         0.977821744773         0.997286845360         1.009726401228         1.013159429993         1.006305983763         0.988786576819         0.961263195223         0.925472556205         0.884136523928         0.840761545128         0.799167658141         0.762651007215         0.732803526070         0.707818362076         0.680426685535         0.634538573487         0.524173589781         0.000000000000
        0.824342211039         0.761761893198         0.754433137865         0.734399634361         0.754813367367         0.776316710755         0.812882420318         0.851893393389         0.894222170087         0.933876394629         0.968501851497         0.994940603760         1.011676514164         1.017964867845         1.014238908536         1.001790497616         0.982615989033         0.959099800083         0.933776145413         0.909125050132         0.887234831506         0.869710256780         0.857560428832         0.851095176980         0.850010477988         0.853455517638         0.860193327964         0.868756514901         0.877637136439         0.885465176243         0.891099387518         0.893781739669         0.893178684415         0.889368992575         0.882831139727         0.874336947594         0.864827826295         0.855308358642         0.846667990355         0.839637667113         0.834727180720         0.832135119343         0.831793122000         0.833381065889         0.836385932271         0.840152884907         0.843980859377         0.847212551516         0.849327207154         0.849978960402         0.849066752019         0.846735601923         0.843364433008         0.839515134402         0.835863344581         0.833109047491         0.831874945489         0.832654796427         0.835747099539         0.841175514954         0.848687785086         0.857749370136         0.867580344868         0.877247382580         0.885758545846         0.892168523302         0.895742423205         0.896035391560         0.893015054094         0.887044231208         0.878923981083         0.869811270944         0.861121607147         0.854371504191         0.851033686874         0.852345675871         0.859125730012         0.871640123493         0.889510986226         0.911698322580         0.936558996321         0.961959445152         0.985439384664         1.004400585235         1.016396254431         1.019402088679         1.012087981347         0.994036061104         0.965905734095         0.929454536278         0.887423509922         0.843352484144         0.801093338325         0.763973199118         0.733625163908         0.708261837802         0.680631417718         0.634607207656         0.524179395643         0.000000000000
        0.824669366923         0.762248493706         0.755288203250         0.735684674057         0.756740375411         0.778992171355         0.816434724975         0.856349739635         0.899585352920         0.940041169590         0.975374109184         1.002347965246         1.019490399744         1.026052591985         1.022500052541         1.010159987440         0.991055299650         0.967606275304         0.942429489800         0.917994166672         0.896426925903         0.879348181583         0.867773377965         0.861982655335         0.861647622856         0.865876446437         0.873362744592         0.882594928307         0.891978413704         0.900101604224         0.905803610766         0.908288520989         0.907236962789         0.902741121591         0.895343761571         0.885876749473         0.875374837503         0.864925174621         0.855521139864         0.847986883724         0.842860877831         0.840381090218         0.840461441975         0.842722413519         0.846554340800         0.851207675563         0.855882328678         0.859802271966         0.862369601258         0.863161892117         0.862085042051         0.859297155857         0.855238183138         0.850544475263         0.846000994674         0.842413103838         0.840521934639         0.840890356104         0.843874950319         0.849511116124         0.857517651661         0.867296331983         0.877999195173         0.888602783844         0.898022088006         0.905224054042         0.909416258052         0.910104004675         0.907228230387         0.901159410951         0.892718625414         0.883118702718         0.873820077287         0.866418703301         0.862439742661         0.863151687395         0.869390398774         0.881447895951         0.898968376220         0.920901763156         0.945576183200         0.970838335079         0.994180196543         1.012991744110         1.024791060356         1.027526333847         1.019826282333         1.001250610796         0.972453286118         0.935203073806         0.892270160799         0.847239617478         0.804022109462         0.766007075332         0.734902061631         0.708961663176         0.680968431445         0.634740980453         0.524223863811         0.000000000000
        0.824929695594         0.762634393802         0.755968014423         0.736707035214         0.758276249884         0.781129534272         0.819281339458         0.859927736684         0.903882650264         0.944989166572         0.980876640461         1.008276909921         1.025713919378         1.032435688038         1.028949468134         1.016577407815         0.997404283767         0.973914619611         0.948741048606         0.924404049485         0.903057749018         0.886336930685         0.875225603138         0.870032919042         0.870387534031         0.875359294657         0.883597667063         0.893502867737         0.903422605697         0.911900347088         0.917712523060         0.920086356985         0.918706546180         0.913701945835         0.905650546229         0.895443952827         0.884202824299         0.873091896247         0.863186900802         0.855374021420         0.850235658505         0.848018427650         0.848614084537         0.851589514371         0.856283074062         0.861812297257         0.867292281011         0.871872833396         0.874861324433         0.875807090533         0.874583661211         0.871366540090         0.866641215016         0.861139603482         0.855731571040         0.851318326093         0.848724531278         0.848610601822         0.851352009904         0.857009351248         0.865290266300         0.875577122769         0.886943006710         0.898284731392         0.908425080662         0.916278183015         0.920980687850         0.921981021660         0.919183348755         0.912948856529         0.904126749215         0.893959425613         0.883968174808         0.875814674938         0.871080271299         0.871092221913         0.876747653246         0.888362633167         0.905564811952         0.927308099508         0.951915362444         0.977189395703         1.000581251972         1.019421688303         1.031201367863         1.033831689696         1.025925708980         1.007010233396         0.977737711527         0.939883734744         0.896245347874         0.850444355774         0.806445264818         0.767693749768         0.735960605319         0.709540517654         0.681246279071         0.634852242425         0.524263767401         0.000000000000
        0.825150968440         0.762962965068         0.756544209019         0.737568145559         0.759565854522         0.782932817755         0.821683890263         0.862951316659         0.907515011216         0.949169923150         0.985515759935         1.013259359201         1.030916640065         1.037745282636         1.034274354483         1.021852602684         1.002602153669         0.979049026199         0.953860231077         0.929606742042         0.908466503078         0.892079646386         0.881430733981         0.876813256097         0.877816393799         0.883481065571         0.892386275710         0.902900749444         0.913338827994         0.922137110766         0.928096393411         0.930398432783         0.928750150442         0.923330462411         0.914745290303         0.903959237038         0.892158225921         0.880559846326         0.870327172171         0.862378851427         0.857338732013         0.855452233176         0.856582385885         0.860258287926         0.865705218177         0.872032489703         0.878226114708         0.883366526295         0.886705354499         0.887766925861         0.886405346200         0.882805931012         0.877498677796         0.871260698431         0.865043078958         0.859847867538         0.856587176824         0.855975118960         0.858449082722         0.864083298459         0.872571082562         0.883241328247         0.895129080961         0.907071682826         0.917818348956         0.926234047183         0.931360234536         0.932625331425         0.929875578044         0.923479797122         0.914294442006         0.903595135964         0.892956402568         0.884102700914         0.878675297708         0.878046843544         0.883139572476         0.894290559126         0.911165724610         0.932713268386         0.957235169896         0.982503526120         1.005944136765         1.024845210982         1.036653243986         1.039237632878         1.031184516349         1.012002457214         0.982335272925         0.943967161310         0.899719554007         0.853250222752         0.808571842008         0.769179284787         0.736895872074         0.710057797343         0.681502407943         0.634956754647         0.524299189037         0.000000000000
        0.825343360664         0.763247518890         0.757047968029         0.738329501469         0.760714675223         0.784538261201         0.823820904869         0.865639035058         0.910740662329         0.952865584521         0.989596749249         1.017621746252         1.035451273157         1.042351693704         1.038873418117         1.026385785986         1.007049828506         0.983413003580         0.958210473296         0.934009691715         0.913029925858         0.896914736542         0.886662028419         0.882535523155         0.884118339770         0.890388446911         0.899895901282         0.910948610705         0.921821800828         0.930922787467         0.937006174399         0.939248475854         0.937388729526         0.931615391509         0.922593643385         0.911341856186         0.899079226459         0.887107328425         0.876629173695         0.868614381116         0.863693997043         0.862106948232         0.863705284223         0.867986953892         0.874129702965         0.881125694908         0.887926520335         0.893546641928         0.897179843451         0.898340767403         0.896857032923         0.892943803932         0.887146875950         0.880291943167         0.873405555825         0.867540286147         0.863692457086         0.862641582666         0.864855536493         0.870418924546         0.879027852317         0.889993852070         0.902312707246         0.914751374831         0.926017622238         0.934875797843         0.940360997896         0.941837948557         0.939139557565         0.932614551226         0.923117149139         0.911959678083         0.900776893009         0.891324374301         0.885284816169         0.884079617057         0.888674703988         0.899437629922         0.916032969048         0.937404016474         0.961856464753         0.987141968975         1.010639133624         1.029598985618         1.041437127434         1.043989259389         1.035807859031         1.016391142304         0.986380169856         0.947563471582         0.902783359050         0.855726701946         0.810448167746         0.770486824247         0.737717263823         0.710506622822         0.681717848190         0.635043578153         0.524331455226         0.000000000000
        0.825511221925         0.763496769129         0.757490945384         0.739000003919         0.761727093411         0.785952338969         0.825700594840         0.867996678594         0.913561468671         0.956098200717         0.993170936743         1.021451130402         1.039438164353         1.046400196874         1.042896074197         1.030358724087         1.010932308113         0.987250255337         0.962056822237         0.937926042170         0.917095992370         0.901228648880         0.891311179989         0.887599575161         0.889651561973         0.896413638458         0.906403627444         0.917882499237         0.929107151607         0.938434677575         0.944596582758         0.946795051997         0.944742107991         0.938665562097         0.929255883297         0.917569567990         0.904891503806         0.892569927865         0.881861186241         0.873762951325         0.868921224683         0.867591187944         0.869599789599         0.874383770767         0.881082740964         0.888648664689         0.895949022432         0.901973045607         0.905865191936         0.907118922344         0.905542813804         0.901359821974         0.895144938658         0.887787606494         0.880344850967         0.873948285346         0.869635013165         0.868226141640         0.870231576064         0.875763424510         0.884514540588         0.895761510967         0.908453725369         0.921326509350         0.933030686847         0.942291783228         0.948083755815         0.949749464613         0.947095527216         0.940476978613         0.930758649322         0.919265382138         0.907651546336         0.897708572161         0.891170480478         0.889501360620         0.893689585580         0.904116471292         0.920451929046         0.941661897793         0.966032392421         0.991296177274         1.014816331978         1.033820566649         1.045682859069         1.048199329716         1.039909633561         1.020300504944         0.989986563024         0.950764677394         0.905517213695         0.857937560146         0.812123817413         0.771654340236         0.738450980054         0.710907475165         0.681909684884         0.635120072724         0.524358864106         0.000000000000
        0.825655433730         0.763710952060         0.757871383007         0.739575510506         0.762595585648         0.787164629845         0.827311229169         0.870015966131         0.915976476783         0.958865096340         0.996226394496         1.024720957970         1.042843679260         1.049869361929         1.046375682604         1.033801586972         1.014347548497         0.990633642030         0.965433169436         0.941359642661         0.920667926308         0.905024784626         0.895402691777         0.892044916960         0.894480483791         0.901646105514         0.912025644694         0.923869150956         0.935355771519         0.944866589670         0.951103600265         0.953257803524         0.951035873495         0.944694203140         0.934949438118         0.922894669120         0.909864607896         0.897237388942         0.886313105955         0.878121038530         0.873315476630         0.872155752784         0.874467356378         0.879659417920         0.886816928964         0.894839551761         0.902553220977         0.908906870939         0.913014588088         0.914334800605         0.912681350561         0.908278292987         0.901739580839         0.893964559310         0.886064299018         0.879212730333         0.874503975420         0.872804841051         0.874640287557         0.880128698409         0.888957958096         0.900415322766         0.913414371088         0.926634013568         0.938687573179         0.948268398273         0.954309357968         0.956120152226         0.953496574558         0.946782488455         0.936863748700         0.925079681108         0.913109267029         0.902775230005         0.895830043650         0.893759205523         0.897597059628         0.907751959038         0.923892333812         0.944978721376         0.969293598693         0.994553265114         1.018109679289         1.037162976555         1.049054662144         1.051558717224         1.043194803370         1.023433955360         0.992883480796         0.953348310560         0.907722918037         0.859724454639         0.813481417628         0.772601117895         0.739044872315         0.711231567904         0.682064481921         0.635181696617         0.524380744289         0.000000000000
        0.825796716253         0.763920435714         0.758208569610         0.740069879314         0.763333333653         0.788191341130         0.828674706705         0.871726189562         0.918023339499         0.961212150299         0.998820165135         1.027496610381         1.045733993632         1.052814027878         1.049327587879         1.036717085225         1.017226490353         0.993490671970         0.968308866938         0.944305153038         0.923747066166         0.908303312273         0.898938387182         0.895889287017         0.898674195052         0.906190282010         0.916903462087         0.929044201231         0.940764924590         0.950429790402         0.956723872531         0.958837803906         0.956483794624         0.949924215864         0.939904508416         0.927549024579         0.914224861758         0.901354011262         0.890260032180         0.881989922068         0.877225797782         0.876224908417         0.878778923942         0.884284078708         0.891811395312         0.900208479240         0.908270926406         0.914876830803         0.919148461844         0.920505817722         0.918774244252         0.914180519566         0.907349822924         0.899214114130         0.890922279382         0.883699312715         0.878668691603         0.876722286587         0.878412956886         0.883881019269         0.892803159485         0.904433787094         0.917669001612         0.931176447387         0.943522109470         0.953367337669         0.959621533461         0.961563229045         0.958971889631         0.952191359297         0.942110752354         0.930085359714         0.917810819953         0.907133735211         0.899835751032         0.897430576841         0.900970400937         0.910875434428         0.926835176052         0.947814297995         0.972086298291         0.997344100048         1.020918451022         1.040001758103         1.051918961307         1.054418321530         1.045994821446         1.026107038028         0.995357559478         0.955561278223         0.909620691758         0.861269913665         0.814662320827         0.773433942110         0.739580949002         0.711531976520         0.682208632179         0.635237198368         0.524400275528         0.000000000000
        0.825904817923         0.764080405267         0.758491223820         0.740496209610         0.763975432843         0.789086349755         0.829862945845         0.873215758182         0.919807168039         0.963256342680         1.001081817126         1.029923534512         1.048271747861         1.055399563660         1.051924307699         1.039294356840         1.019769053410         0.996014107491         0.970838895898         0.946877293094         0.926407067672         0.911095473142         0.901920362092         0.899108038391         0.902166935434         0.909971895222         0.920981518368         0.933374294579         0.945327940040         0.955148249259         0.961516145360         0.963621569358         0.961179676774         0.954458530433         0.944217484565         0.931615825991         0.918046318973         0.904971286681         0.893730447078         0.885404101171         0.880678681537         0.879805394944         0.882580955700         0.888369412490         0.896209180601         0.904935936466         0.913294755039         0.920143495071         0.924572208444         0.925990692671         0.924203562345         0.919453305706         0.912375184054         0.903938511394         0.895321802267         0.887776357105         0.882457247845         0.880289710735         0.881846391612         0.887270002427         0.896252921444         0.908030580683         0.921479613286         0.935227914403         0.947815717443         0.957872135180         0.964277901438         0.966294005121         0.963701205995         0.956842741905         0.946602036117         0.934351497463         0.921803295704         0.910822012656         0.903217817162         0.900531426614         0.903828828503         0.913537521770         0.929356405597         0.950250059462         0.974484670861         0.999748941264         1.023356466457         1.042473473430         1.054400751913         1.056883423588         1.048399162503         1.028396895523         0.997474098667         0.957448445082         0.911232559005         0.862575862560         0.815653720471         0.774125660250         0.740015811403         0.711769931931         0.682322529282         0.635282539480         0.524416323241         0.000000000000
        0.826016117554         0.764260294142         0.758814218500         0.740980535407         0.764682726049         0.790028407585         0.831057092692         0.874684747203         0.921537762068         0.965221871037         1.003225946734         1.032193107468         1.050622406414         1.057783645225         1.054296389743         1.041637617625         1.022049439874         0.998252856150         0.973066509744         0.949132584469         0.928730719823         0.913546261620         0.904556177552         0.901981222366         0.905311025926         0.913411658263         0.924694826230         0.937344601068         0.949489793561         0.959445873096         0.965890197249         0.967988889663         0.965457908352         0.958563413781         0.948129547493         0.935313084835         0.921529817868         0.908270160493         0.896906315943         0.888530965836         0.883840247390         0.883088752025         0.886051218007         0.892099697920         0.900227115702         0.909241324748         0.917871454653         0.924930642296         0.929487102152         0.930949478103         0.929108584856         0.924197404862         0.916891001034         0.908179939498         0.899263347490         0.891428030163         0.885865004142         0.883509196622         0.884948419884         0.890331971065         0.899351343235         0.911245936158         0.924868558327         0.938822074278         0.951621160691         0.961866105284         0.968413953662         0.970505275767         0.967909043501         0.960970365348         0.950575837107         0.938104396281         0.925293954537         0.914026963251         0.906141339391         0.903199558097         0.906280761375         0.915821299634         0.931523926516         0.952345445529         0.976555845575         1.001835223095         1.025480542494         1.044640674274         1.056594733590         1.059074760911         1.050543277928         1.030444086541         0.999369433636         0.959141903494         0.912684981349         0.863758349627         0.816552526989         0.774755959030         0.740412034470         0.711987242760         0.682426292394         0.635323833889         0.524430828832         0.000000000000
        0.826102205553         0.764388113344         0.759040081086         0.741320921607         0.765194594606         0.790739957658         0.831998914235         0.875865788795         0.922949096700         0.966839121226         1.005011430936         1.034101437218         1.052605905736         1.059797228366         1.056303594746         1.043616731990         1.023988728125         1.000160571191         0.974936172879         0.951006345478         0.930655625612         0.915573038536         0.906737234429         0.904362620820         0.907920823442         0.916266509767         0.927795268741         0.940676055542         0.953012696971         0.963108499976         0.969631316270         0.971739135892         0.969135800999         0.962116977510         0.951509534073         0.938502402923         0.924530965128         0.911117138294         0.899644713442         0.891216184182         0.886548494654         0.885900454526         0.889034772470         0.895306877892         0.903697993371         0.912981949045         0.921867721195         0.929139521565         0.933832230801         0.935326518698         0.933430965786         0.928395000426         0.920888226864         0.911917468510         0.902730327275         0.894634697726         0.888835174205         0.886288030908         0.887605068341         0.892949082231         0.902003778328         0.913992692787         0.927766100690         0.941906342142         0.954887654159         0.965294534158         0.971965074766         0.974126841622         0.971534363612         0.964522691837         0.953996512823         0.941340200954         0.928303179025         0.916788210515         0.908657146775         0.905486136522         0.908366664667         0.917751286648         0.933350969918         0.954121714307         0.978323159481         1.003625512906         1.027307358023         1.046505485747         1.058486640166         1.060969475619         1.052400595386         1.032222092029         1.001021004904         0.960621116323         0.913953522028         0.864790288104         0.817338795947         0.775305957210         0.740758135492         0.712176424804         0.682516409962         0.635359557119         0.524443294372         0.000000000000
        0.826181287585         0.764504798057         0.759245231354         0.741629394372         0.765657896745         0.791384674442         0.832853896790         0.876937737014         0.924232047662         0.968310802943         1.006638958368         1.035844281045         1.054422226984         1.061647819439         1.058150814542         1.045426247536         1.025756670932         1.001890403828         0.976644491382         0.952718906013         0.932410996310         0.917418270823         0.908722323999         0.906535195005         0.910313189224         0.918886531349         0.930649038328         0.943747991802         0.956263056500         0.966495861373         0.973094732921         0.975219498167         0.972571191964         0.965452316888         0.954698333437         0.941522911281         0.927396669699         0.913853542327         0.902286418601         0.893825105159         0.889197154950         0.888650683226         0.891951302958         0.898428263850         0.907057591445         0.916591077994         0.925703162808         0.933152631342         0.937962762518         0.939502113818         0.937572885713         0.932433071518         0.924763753813         0.915586545232         0.906168151703         0.897839642511         0.891825175046         0.889118251667         0.890337550213         0.895651944065         0.904739550486         0.916814474519         0.930708152837         0.944991739789         0.958123133469         0.968659690516         0.975420288085         0.977619295669         0.975000828916         0.967903676548         0.957232734231         0.944387490981         0.931131985933         0.919385476679         0.911029936436         0.907655257599         0.910360364264         0.919607500340         0.935119866740         0.955840027949         0.980024576191         1.005346302925         1.029065035079         1.048301405490         1.060307918655         1.062791740779         1.054184998688         1.033920110209         1.002588277594         0.962018112839         0.915146498241         0.865756723189         0.818072487331         0.775818064538         0.741080203893         0.712352781713         0.682600863690         0.635393296915         0.524455328067         0.000000000000
        0.826261253914         0.764625332994         0.759459279483         0.741952366649         0.766142146565         0.792056895302         0.833739852534         0.878040498050         0.925543302738         0.969805245237         1.008281248807         1.037591654140         1.056230573234         1.063475439944         1.059964733795         1.047203857031         1.027490016450         1.003587459461         0.978323999526         0.954402707381         0.934142804732         0.919247235406         0.910696497468         0.908697657940         0.912694799382         0.921506054830         0.933508532215         0.946825923537         0.959522067594         0.969886735627         0.976547605446         0.978676511772         0.975973335644         0.968757062574         0.957869073800         0.944540295815         0.930252278703         0.916573259445         0.904919420598         0.896422229391         0.891820363070         0.891371804016         0.894840075986         0.901529841855         0.910398315423         0.920171798485         0.929499647879         0.937122131366         0.942043613208         0.943623380553         0.941658608709         0.936404732253         0.928558889733         0.919168207070         0.909520820583         0.900964289079         0.894752135453         0.891896994247         0.893021207027         0.898298021578         0.907412098497         0.919566293918         0.933583895438         0.948010878854         0.961290893506         0.971945982777         0.978792622156         0.981022911270         0.978375587717         0.971189445708         0.960376892646         0.947342883109         0.933868317833         0.921895823894         0.913316594130         0.909733400455         0.912259836704         0.921375209205         0.936802889917         0.957485499680         0.981668548192         1.007005811226         1.030751461960         1.050020958830         1.062049468735         1.064524198547         1.055875845873         1.035530378711         1.004075358412         0.963342723100         0.916276723241         0.866671743927         0.818766859849         0.776302629063         0.741384985132         0.712519750486         0.682680897483         0.635425312856         0.524466788446         0.000000000000
        0.826338336658         0.764738983047         0.759658486018         0.742251216304         0.766590017493         0.792679430855         0.834565112296         0.879074192279         0.926780467502         0.971224877040         1.009852335508         1.039275531779         1.057986721521         1.065264957232         1.061757908006         1.048981590549         1.029246113805         1.005308000313         0.980029264694         0.956122331133         0.935913517956         0.921114801735         0.912702828774         0.910875479021         0.915075010388         0.924110389773         0.936339505366         0.949854741432         0.962726853493         0.973202728682         0.979937953510         0.982066807666         0.979308565985         0.971991913599         0.960978775763         0.947502268177         0.933077150031         0.919269792655         0.907518047513         0.898983330275         0.894404379699         0.894036180812         0.897643920945         0.904517279200         0.913596013961         0.923582714246         0.933108136291         0.940886034931         0.945902350292         0.947508504695         0.945493882105         0.940122056823         0.932109663946         0.922514896045         0.912643408365         0.903867354924         0.897465930491         0.894464635862         0.895502569102         0.900759040597         0.909901566046         0.922138412149         0.936279268652         0.950851562628         0.964272784907         0.975053099050         0.981985190032         0.984252943046         0.981584896710         0.974324366046         0.963377468902         0.950164672187         0.936488768963         0.924298597068         0.915499906009         0.911714235191         0.914074460245         0.923066426542         0.938408370995         0.959048449360         0.983225012077         1.008585617062         1.032366554135         1.051671942559         1.063714515571         1.066176852488         1.057488097963         1.037066405812         1.005494864475         0.964608192275         0.917357816511         0.867548531292         0.819434440567         0.776769478451         0.741678816786         0.712681097590         0.682758232540         0.635456207268         0.524477793514         0.000000000000
        0.826414223067         0.764851196739         0.759855237245         0.742546030033         0.767031043604         0.793291742621         0.835378837758         0.880094782488         0.927996261802         0.972612562264         1.011387306409         1.040920524666         1.059702780793         1.067010834200         1.063504149918         1.050698321028         1.030927451425         1.006957263482         0.981662733251         0.957767978599         0.937609487866         0.922897919583         0.914617468233         0.912949317160         0.917340772753         0.926588896811         0.939035756029         0.952755394954         0.965803196971         0.976409774640         0.983221400442         0.985366123755         0.982563410027         0.975152456665         0.963999883172         0.950378719339         0.935811349939         0.921884967159         0.910058123479         0.901498763211         0.896950840068         0.896677598998         0.900425413200         0.907480966975         0.916769910196         0.926971001328         0.936687519332         0.944621791513         0.949738555102         0.951380419462         0.949332367345         0.943862006756         0.935687779677         0.925890869589         0.915802279965         0.906816679949         0.900233736605         0.897095030590         0.898047878501         0.903279572529         0.912458051768         0.924773193036         0.939023996459         0.953729725089         0.967287189014         0.978180988028         0.985179183058         0.987467859329         0.984768366631         0.977425920911         0.966346073579         0.952958918839         0.939073545896         0.926663794162         0.917654427107         0.913679583594         0.915885894166         0.924758102779         0.940018325035         0.960619313233         0.984792913483         1.010176477691         1.033990700725         1.053327944112         1.065391256136         1.067848738829         1.059117972025         1.038622511613         1.006939158679         0.965898819244         0.918458857302         0.868445336173         0.820122649544         0.777249275455         0.741979219782         0.712844638978         0.682836210698         0.635487348133         0.524488903616         0.000000000000
        0.826490297036         0.764963126971         0.760051206942         0.742839631304         0.767470916493         0.793902720283         0.836188606848         0.881109062420         0.929210446147         0.974005592225         1.012931675076         1.042576462077         1.061416310268         1.068759075501         1.065246271464         1.052408796313         1.032596526170         1.008584844819         0.983261173345         0.959366597571         0.939249812753         0.924627669403         0.916480860616         0.914984250610         0.919577174173         0.929048260160         0.941723244518         0.955657667362         0.968890531156         0.979636770851         0.986535725147         0.988703414132         0.985872822820         0.978376422487         0.967108996022         0.953349187350         0.938647405606         0.924614485965         0.912720736160         0.904153189635         0.899655969931         0.899494218759         0.903408135418         0.910662082466         0.920166978096         0.930588695065         0.940510583652         0.948608138901         0.953824085972         0.955500279251         0.953405690610         0.947820085218         0.939478385597         0.929473176437         0.919160564560         0.909962026662         0.903188273604         0.899895216100         0.900748689979         0.905937406758         0.915135275220         0.927525447593         0.941893857553         0.956722764705         0.970405482317         0.981415894794         0.988490706342         0.990800879513         0.988073362923         0.980645443729         0.969429987828         0.955870712495         0.941777719006         0.929138887035         0.919898457246         0.915721337717         0.917759635931         0.926501174798         0.941677412710         0.962242275722         0.986413096874         1.011812171013         1.035657492697         1.055026856967         1.067109141197         1.069559860023         1.060787421753         1.040213314307         1.008412698879         0.967215763558         0.919587699674         0.869357610586         0.820814019061         0.777727951290         0.742280114362         0.713009696093         0.682915620578         0.635519247308         0.524500459869         0.000000000000
        0.826565246899         0.765073434653         0.760244584926         0.743129521192         0.767905524720         0.794506570640         0.836988881988         0.882111268547         0.930409775300         0.975380577543         1.014453947407         1.044206780297         1.063114338376         1.070485276926         1.066970117386         1.054107218289         1.034258898972         1.010212798426         0.984874297033         0.960990975440         0.940917457823         0.926379630436         0.918361122079         0.917038829039         0.921835197328         0.931531940411         0.944418050976         0.958554656980         0.971961401028         0.982841513927         0.989824259253         0.992008129029         0.989145388895         0.981564468775         0.970183625773         0.956287241139         0.941456291940         0.927323855241         0.915364202166         0.906772194730         0.902314268784         0.902247733929         0.906310768247         0.913757141282         0.923473285462         0.934115788555         0.944234345846         0.952495254532         0.957812049048         0.959505348437         0.957360619093         0.951663853607         0.943168023210         0.932970191352         0.922445499715         0.913026067620         0.906050976860         0.902601487479         0.903359214713         0.908513793679         0.917738304110         0.930205537293         0.944675988940         0.959630670086         0.973441565532         0.984569953261         0.991726560579         0.994074941900         0.991331946668         0.983825005249         0.972475802954         0.958738849323         0.944442177730         0.931586741012         0.922131330298         0.917761375522         0.919639171905         0.928260096714         0.943357410170         0.963875941823         0.988034397192         1.013447728391         1.037321890511         1.056720821453         1.068820693992         1.071264190329         1.062445061262         1.041784989765         1.009860232860         0.968503037239         0.920684599855         0.870244560581         0.821486937660         0.778197844351         0.742576219564         0.713172415443         0.682993974142         0.635550765817         0.524511895736         0.000000000000
        0.826634867773         0.765176323169         0.760425676720         0.743401520734         0.768313575874         0.795073567033         0.837739892356         0.883050825638         0.931532335656         0.976665838201         1.015872941547         1.045723507283         1.064691300810         1.072088567169         1.068572825661         1.055684895066         1.035797631888         1.011710626954         0.986344638028         0.962462498059         0.942424284885         0.927953762127         0.920046146018         0.918873695141         0.923852148114         0.933750383431         0.946838861298         0.961160271315         0.974729336934         0.985726144065         0.992779165283         0.994978905137         0.992081071168         0.984421571489         0.972935162771         0.958917033840         0.943963973139         0.929714880859         0.917681359165         0.909070999406         0.904650854806         0.904677638949         0.908886030388         0.916510605939         0.926428563244         0.937266794126         0.947565802224         0.955965385993         0.961373510256         0.963092933044         0.960908232340         0.955112278681         0.946464368697         0.936084466526         0.925367273436         0.915763877640         0.908633305481         0.905071601638         0.905772540881         0.910922172409         0.920182784662         0.932730183451         0.947312148040         0.962402279020         0.976337068356         0.987560088704         0.994778907517         0.997144334023         0.994368729530         0.986778816328         0.975303923048         0.961401738838         0.946907428961         0.933846948866         0.924195740278         0.919648720717         0.921378992976         0.929891008790         0.944920238556         0.965407243417         0.989563091943         1.014997246454         1.038904857568         1.058337651822         1.070460267322         1.072901258673         1.064036123531         1.043288217660         1.011241455864         0.969730820717         0.921734051982         0.871093019078         0.822130990914         0.778648551085         0.742860475734         0.713328715630         0.683069197291         0.635580979384         0.524522815435         0.000000000000
        0.826700418087         0.765273333399         0.760596524653         0.743658187775         0.768698686055         0.795608593222         0.838448451378         0.883937427151         0.932592294550         0.977885970301         1.017219814094         1.047158715753         1.066181338844         1.073602675730         1.070080545358         1.057169998626         1.037243818079         1.013122389620         0.987727631373         0.963847950228         0.943845072791         0.929446597165         0.921650190080         0.920621464280         0.925772535770         0.935860098807         0.949135835527         0.963632845843         0.977346117328         0.988454104397         0.995572672282         0.997790594655         0.994867222052         0.987142466459         0.975568106226         0.961451219146         0.946400144508         0.932070287984         0.919988780860         0.911376808857         0.907008020067         0.907132062447         0.911467721740         0.919257486554         0.929348696468         0.940356453152         0.950795016105         0.959305551064         0.964779331026         0.966513626826         0.964292000344         0.958407550784         0.949623725510         0.939079930705         0.928182167490         0.918402019175         0.911117836409         0.907439585181         0.908063510644         0.913179698588         0.922461340983         0.935074683587         0.949753821472         0.964959519704         0.979002802920         0.990312818804         0.997593422003         0.999983540870         0.997175713569         0.989497432956         0.977892733792         0.963827958245         0.949148771063         0.935895313602         0.926056929009         0.921342349679         0.922938704255         0.931348874823         0.946310055767         0.966767108397         0.990926120588         1.016386277902         1.040330820301         1.059799743342         1.071945314972         1.074386748399         1.065491825873         1.044676368456         1.012523559972         0.970874286723         0.922715139430         0.871892139020         0.822740048836         0.779076447435         0.743131136185         0.713477712088         0.683140741206         0.635609557611         0.524532980982         0.000000000000
        0.826761048131         0.765362499666         0.760752728001         0.743892214051         0.769049633851         0.796096079324         0.839094433233         0.884746213730         0.933559730840         0.978996391855         1.018448721553         1.048478848811         1.067559501512         1.075004172614         1.071479461815         1.058554417630         1.038604895718         1.014458227020         0.989042219303         0.965166756052         0.945200514832         0.930873080402         0.923182451312         0.922292497100         0.927603174596         0.937857881595         0.951302327130         0.965957610442         0.979802410005         0.991006294463         0.998182783169         1.000414776868         0.997470908756         0.989691020571         0.978031439345         0.963814798833         0.948664452782         0.934247815409         0.922114459566         0.913493128004         0.909158588190         0.909358144623         0.913813685157         0.921752226694         0.932003267013         0.943171343998         0.953751376862         0.962375641840         0.967921504611         0.969680240481         0.967435045730         0.961476293446         0.952572675604         0.941888489261         0.930829169460         0.920884591800         0.913459863803         0.909674667619         0.910226579540         0.915321046794         0.924627356927         0.937291085673         0.952047084060         0.967335849492         0.981459019252         0.992836042738         1.000163495983         1.002565418582         0.999729664140         0.991977230637         0.980254574721         0.966040797077         0.951193060187         0.937765032030         0.927759218984         0.922891053370         0.924352885796         0.932665696949         0.947567268213         0.967999045950         0.992161728852         1.017646158967         1.041625295198         1.061128205421         1.073295984226         1.075738670402         1.066816229678         1.045939807601         1.013691768727         0.971915810689         0.923605108397         0.872614073479         0.823289303546         0.779461134553         0.743373633367         0.713610987375         0.683204786447         0.635635212791         0.524542178451         0.000000000000
        0.826817989340         0.765446722900         0.760900797245         0.744114416194         0.769382783951         0.796558447707         0.839706136422         0.885510576829         0.934472433249         0.980042872351         1.019609822475         1.049731488049         1.068865500635         1.076334753674         1.072812995284         1.059879534754         1.039911359195         1.015750828844         0.990335017780         0.966477182810         0.946550593384         0.932292449034         0.924702187839         0.923940294454         0.929399769992         0.939812704258         0.953411713937         0.968206567678         0.982168159571         0.993455647078         1.000657913994         1.002887032942         0.999907421087         0.992054420244         0.980297220809         0.965973156218         0.950724009242         0.936225871736         0.924040886138         0.915402855680         0.911093795423         0.911364457442         0.915930720488         0.924002081276         0.934404370390         0.945718196995         0.956430085572         0.965158076551         0.970776281005         0.972561285030         0.970292949677         0.964266084074         0.955258383874         0.944443477438         0.933244174185         0.923168280798         0.915625202083         0.911743080329         0.912234103737         0.917303676734         0.926625076841         0.939339120334         0.954171332470         0.969540670682         0.983754872017         0.995215921635         1.002593995662         1.005008165112         1.002146673584         0.994330122455         0.982503637467         0.968160476417         0.953164414476         0.939572975174         0.929409627777         0.924400433889         0.925738112612         0.933949144564         0.948783153945         0.969178962949         0.993333689983         1.018833469714         1.042842317271         1.062368707193         1.074545429415         1.076977441541         1.068025839072         1.047092066958         1.014756721574         0.972865309191         0.924416377435         0.873272193108         0.823790120892         0.779811984970         0.743594732535         0.713732441479         0.683263087122         0.635658525596         0.524550496116         0.000000000000
        0.826870171712         0.765524202215         0.761037488545         0.744319911136         0.769690983870         0.796986196599         0.840271704525         0.886216707955         0.935314759190         0.981007692065         1.020677531369         1.050871208740         1.070062096229         1.077559035013         1.074042274031         1.061094945535         1.041106536912         1.016931076489         0.991513283833         0.967667956046         0.947770953103         0.933571273195         0.926070014134         0.925419881972         0.931004035440         0.941546598262         0.955278613225         0.970196849100         0.984258351354         0.995621882308         1.002855790188         1.005088146309         1.002069136142         0.994159427011         0.982313945773         0.967904141507         0.952574220409         0.938013913100         0.925789917066         0.917144786910         0.912858437282         0.913187950016         0.917850517555         0.926040798011         0.936578844068         0.948019088331         0.958851504397         0.967674930852         0.973344983664         0.975144260989         0.972849046025         0.966755958286         0.957649177164         0.946712219671         0.935382809805         0.925179374712         0.917521026776         0.913547299931         0.913986941893         0.919046708280         0.928391927304         0.941163684617         0.956070438661         0.971526659399         0.985832954108         0.997376424346         1.004813208259         1.007253766161         1.004386525974         0.996532095316         0.984629163329         0.970171818383         0.955043147972         0.941319199989         0.931018143488         0.925867601154         0.927083121177         0.935197332382         0.949962819735         0.970320225531         0.994463421500         1.019971467592         1.043999940308         1.063545356124         1.075732100824         1.078157929268         1.069179479728         1.048192085205         1.015774779419         0.973774539644         0.925194584149         0.873904548082         0.824272035898         0.780150067997         0.743807916377         0.713849547664         0.683319247099         0.635680937680         0.524558450700         0.000000000000
        0.830849714510         0.772273405856         0.772608064542         0.761032666977         0.793405320259         0.828512331188         0.880411145942         0.934904870790         0.992161016221         1.045243736154         1.091367592004         1.127043226250         1.150813784896         1.162160479908         1.161954376048         1.152016283989         1.134966284318         1.113840652271         1.091780549533         1.071699183071         1.056037547765         1.046497283002         1.043957506036         1.048440005944         1.059125236870         1.074532001942         1.092706432348         1.111419338099         1.128510384644         1.142065852229         1.150650491902         1.153436943177         1.150290925756         1.141717720096         1.128858421512         1.113265619650         1.096775639108         1.081285916626         1.068521169170         1.059883008683         1.056255277099         1.057927022541         1.064539788133         1.075129049420         1.088281595582         1.102284679575         1.115353569205         1.125843737911         1.132451748511         1.134342030591         1.131248483767         1.123489141636         1.111940312712         1.097936188075         1.083113716503         1.069212373890         1.057882357940         1.050499141467         1.047993736177         1.050721485511         1.058396743462         1.070122548213         1.084486263443         1.099727371132         1.113947768018         1.125330214386         1.132362928961         1.134009979049         1.129831738235         1.120046503591         1.105546095527         1.087804129302         1.068738381305         1.050502287384         1.035256062277         1.024926056063         1.020953318548         1.024077673912         1.034198070390         1.050330695279         1.070663643648         1.092707700570         1.113513734275         1.129951086571         1.139019819217         1.138179450245         1.125648637683         1.100670360569         1.063700117729         1.016478373740         0.962011827796         0.904309857550         0.848017451061         0.797394919661         0.755292672671         0.720721784412         0.687092940695         0.637588372783         0.525568704855         0.000000000000
        0.833737905916         0.776710613885         0.780343306061         0.772488474092         0.810210226378         0.851356301599         0.910022257492         0.971316293234         1.035149354274         1.094240262263         1.145680906393         1.185938464453         1.213641462106         1.228408929854         1.231295580967         1.224344245380         1.210365920609         1.192570166773         1.174202297321         1.158248901806         1.147101628098         1.142406263080         1.144905639319         1.154464102779         1.170114068838         1.190240949401         1.212766210893         1.235418548986         1.255986290027         1.272562480283         1.283746273448         1.288789796115         1.287638719081         1.280926778300         1.269889077380         1.256187855256         1.241726347203         1.228420534325         1.217983116658         1.211737346173         1.210481105851         1.214397907168         1.223051312489         1.235453514948         1.250182676073         1.265532632002         1.279715261989         1.291087560712         1.298312330016         1.300530586277         1.297452556497         1.289388270580         1.277225757931         1.262326200354         1.246366777209         1.231147077505         1.218380357837         1.209494620793         1.205462102561         1.206684743179         1.212936964197         1.223379088298         1.236642001418         1.250966967301         1.264400938934         1.275019893015         1.281149459534         1.281569142638         1.275665748992         1.263531761932         1.245981648721         1.224485004822         1.201022105376         1.177872732594         1.157362166293         1.141593680102         1.132191072094         1.130080882472         1.135339484389         1.147123599294         1.163693598736         1.182537077986         1.200581718486         1.214480765285         1.220951068805         1.217130287310         1.200929214498         1.171328196551         1.128611945745         1.074467131042         1.011997656801         0.945444956726         0.879898618407         0.820189076287         0.770007553190         0.728997023819         0.691173604049         0.639314792475         0.526277502586         0.000000000000
        0.833917306565         0.777001647438         0.780855504830         0.773248760965         0.811319941089         0.852846098912         0.911932673719         0.973642418755         1.037877192702         1.097339037293         1.149129509205         1.189728841384         1.217779671674         1.232919760996         1.236224442123         1.229737668305         1.216279367698         1.199050696384         1.181297976880         1.165974113781         1.155464651874         1.151386323438         1.154476974062         1.164581365779         1.180729286390         1.201292282039         1.224199884572         1.247192870743         1.268082348303         1.284989402051         1.296541463428         1.302003818600         1.301338564454         1.295182634106         1.284754764421         1.271700401339         1.257894776526         1.245224854516         1.235378018420         1.229656132055         1.228838181703         1.233101412155         1.242011931772         1.254585123409         1.269404309466         1.284789421074         1.298991196147         1.310391292757         1.317687824686         1.320043190023         1.317179210783         1.309407797954         1.297597230840         1.283073907648         1.267472442990         1.252548096538         1.239975723838         1.231154845630         1.227044830863         1.228046567957         1.233944916602         1.243923145681         1.256642779346         1.270386804860         1.283248424189         1.293344462214         1.299034777469         1.299119158420         1.292991131005         1.280728687605         1.263112750475         1.241564763201         1.218010055519         1.194676132492         1.173849076223         1.157608284455         1.147571993743         1.144679382725         1.149034639655         1.159833117132         1.175381759145         1.193215331995         1.210303086392         1.223329315884         1.229026813657         1.224532635152         1.207737177372         1.177586168693         1.134321547914         1.079587415866         1.016459010490         0.949169050228         0.882828214566         0.822311870347         0.771390830184         0.729777205943         0.691554311676         0.639472338441         0.526336908926         0.000000000000
        0.833921961718         0.777010953060         0.780873814532         0.773276451501         0.811359296267         0.852898083141         0.911997077662         0.973718080336         1.037963314865         1.097435467343         1.149238126821         1.189853257006         1.217926162515         1.233096058584         1.236439105953         1.229999792211         1.216596992555         1.199429813429         1.181741920319         1.166483164952         1.156036245537         1.152015103883         1.155155031723         1.165299504467         1.181478212421         1.202063777601         1.224988118446         1.247994917489         1.268898984427         1.285824688202         1.297402109005         1.302898536235         1.302276457048         1.296172236281         1.285803059780         1.272811503017         1.259069770607         1.246461331411         1.236670813330         1.230997337989         1.230217553327         1.234507685737         1.243434072725         1.256013947623         1.270833177927         1.286214635952         1.300412178111         1.311810100776         1.319108851459         1.321472267504         1.318622518225         1.310871633439         1.299086679158         1.284591595371         1.269017527734         1.254116088518         1.241558323745         1.232740727140         1.228620151123         1.229595878609         1.235453462928         1.245378525548         1.258036126826         1.271713960785         1.284509638756         1.294544845668         1.300183212114         1.300227225193         1.294071248967         1.281792958168         1.264171013363         1.242622955624         1.219069133836         1.195731680389         1.174891130280         1.158622648498         1.148541849170         1.145587302738         1.149864743571         1.160573136733         1.176024032320         1.193757725506         1.210748931963         1.223686790893         1.229307748787         1.224751022004         1.207907579801         1.177722063527         1.134433796104         1.079683427990         1.016542721785         0.949241000935         0.882887227554         0.822356510840         0.771421258956         0.729795320832         0.691563938685         0.639477337358         0.526339739674         0.000000000000
        0.833922454738         0.777011932755         0.780876264518         0.773279754691         0.811363664800         0.852903534635         0.912003486519         0.973725256501         1.037971352401         1.097444802998         1.149249694759         1.189868514554         1.217946891046         1.233124333067         1.236477231644         1.230049917760         1.216660856365         1.199508679345         1.181836329272         1.166592842126         1.156160224950         1.152151776709         1.155302230129         1.165454868724         1.181639408718         1.202228813703         1.225155587833         1.248164261139         1.269070456735         1.285999283399         1.297581458951         1.303084601156         1.302471215532         1.296377663447         1.286020568779         1.273041881880         1.259313117357         1.246717130262         1.236937725367         1.231273298311         1.230500030907         1.234794057099         1.243721791262         1.256301015687         1.271118353658         1.286497316568         1.300692427253         1.312088728667         1.319387092490         1.321751462186         1.318903984554         1.311156581181         1.299375936565         1.284885513933         1.269315951311         1.254418270446         1.241862842685         1.233045457258         1.228922298936         1.229892387031         1.235741482046         1.245655570033         1.258300613642         1.271965128069         1.284747543175         1.294770590393         1.300398692045         1.300434731319         1.294273129305         1.281991464838         1.264367865787         1.242819148617         1.219264812924         1.195926019794         1.175082294126         1.158807986457         1.148718297672         1.145751562068         1.150013822390         1.160704759230         1.176136709577         1.193850941016         1.210823282034         1.223743881477         1.229349860854         1.224780926725         1.207928217199         1.177736238793         1.134443823170         1.079691036848         1.016549010157         0.949246497564         0.882891888710         0.822360154848         0.771423777054         0.729796768395         0.691564608338         0.639477676288         0.526340046715         0.000000000000
        0.833922576071         0.777012125435         0.780876906017         0.773280509043         0.811364551746         0.852904517887         0.912004529998         0.973726343949         1.037972527030         1.097446293229         1.149251800527         1.189871688220         1.217951705286         1.233131420619         1.236487260422         1.230063505272         1.216678498300         1.199530703009         1.181862871043         1.166623808959         1.156195296902         1.152190452290         1.155343876064         1.165498791144         1.181684950236         1.202275384981         1.225202768010         1.248211866045         1.269118511951         1.286048097836         1.297631523299         1.303136452450         1.302525405474         1.296434772294         1.286081007632         1.273105908689         1.259380679864         1.246788086108         1.237011693004         1.231349634337         1.230577974305         1.234872875610         1.243800754713         1.256379540805         1.271196127568         1.286574205869         1.300768441813         1.312164169113         1.319462338517         1.321826920722         1.318980057510         1.311233632241         1.299454136448         1.284964981223         1.269396728147         1.254500183103         1.241945519702         1.233128312698         1.229004568572         1.229973276490         1.235820205568         1.245731405075         1.258373145854         1.272034120610         1.284813019976         1.294832830115         1.300458258505         1.300492225815         1.294329198116         1.282046689747         1.264422703407         1.242873838875         1.219319352774         1.195980162372         1.175135516442         1.158859532513         1.148767314725         1.145797146913         1.150055144409         1.160741162923         1.176167787030         1.193876541553         1.210843535176         1.223759201477         1.229360868877         1.224788383748         1.207932947599         1.177739045983         1.134445407297         1.079691946692         1.016549619954         0.949247011728         0.882892370580         0.822360583062         0.771424111031         0.729796984331         0.691564727861         0.639477737529         0.526340085148         0.000000000000
        0.833922606346         0.777012174708         0.780877046898         0.773280671676         0.811364734195         0.852904705894         0.912004712026         0.973726521109         1.037972735573         1.097446605142         1.149252334947         1.189872608844         1.217953210932         1.233133731714         1.236490599873         1.230068072018         1.216684444278         1.199538117531         1.181871782094         1.166634165759         1.156206976301         1.152203282297         1.155357631125         1.165513246581         1.181699899408         1.202290639110         1.225218188141         1.248227390408         1.269134150173         1.286063966162         1.297647806060         1.303153330168         1.302543082081         1.296453458032         1.286100814079         1.273126910885         1.259402854586         1.246811364014         1.237035936073         1.231374602020         1.230603404624         1.234898517817         1.243826377375         1.256404961478         1.271221241829         1.286598986366         1.300792911184         1.312188459732         1.319486592145         1.321851252954         1.319004645130         1.311258584868         1.299479428577         1.284990725023         1.269422960428         1.254526819854         1.241972431269         1.233155289464         1.229031360972         1.229999630746         1.235845865320         1.245756127409         1.258396790538         1.272056607975         1.284834382849         1.294853157848         1.300477746928         1.300511075920         1.294347622325         1.282064873457         1.264440792439         1.242891902895         1.219337360795         1.195998025970         1.175153047904         1.158876467187         1.148783364950         1.145812021432         1.150068578190         1.160752946080         1.176177797149         1.193884740178         1.210849977244         1.223764029768         1.229364291234         1.224790652632         1.207934334697         1.177739808744         1.134445777112         1.079692105019         1.016549692321         0.949247069070         0.882892437447         0.822360656380         0.771424176530         0.729797030513         0.691564755254         0.639477752494         0.526340094524         0.000000000000
        0.833922613427         0.777012188168         0.780877073990         0.773280701317         0.811364763572         0.852904728841         0.912004725437         0.973726527463         1.037972751037         1.097446659113         1.149252474389         1.189872895566         1.217953717844         1.233134538553         1.236491785393         1.230069704796         1.216686573297         1.199540765586         1.181874956340         1.166637838127         1.156211105750         1.152207798914         1.155362447110         1.165518281732         1.181705080000         1.202295904438         1.225223493817         1.248232721142         1.269139520152         1.286069415890         1.297653416977         1.303159172926         1.302549238705         1.296460013867         1.286107796669         1.273134349026         1.259410730826         1.246819645242         1.237044564929         1.231383484555         1.230612442133         1.234907613209         1.243835454978         1.256413953372         1.271230107810         1.286607725964         1.300801540469         1.312197034094         1.319495174814         1.321859880727         1.319013402393         1.311267519597         1.299488526187         1.285000029625         1.269432483292         1.254536517943         1.241982259062         1.233165148370         1.229041166543         1.230009286964         1.235855275862         1.245765201217         1.258405469606         1.272064858541         1.284842220839         1.294860618044         1.300484903795         1.300518008881         1.294354400632         1.282071590597         1.264447501718         1.242898630364         1.219344065077         1.196004684635         1.175159589141         1.158882789391         1.148789360354         1.145817572914         1.150073584438         1.160757331514         1.176181516514         1.193887779812         1.210852360164         1.223765811999         1.229365551166         1.224791486951         1.207934845934         1.177740091275         1.134445917977         1.079692170830         1.016549728124         0.949247099396         0.882892470017         0.822360689422         0.771424204138         0.729797048916         0.691564765358         0.639477757388         0.526340097185         0.000000000000
        0.833922615760         0.777012193146         0.780877081213         0.773280708388         0.811364768793         0.852904729238         0.912004719916         0.973726517507         1.037972744272         1.097446668933         1.149252521575         1.189873006492         1.217953922730         1.233134869615         1.236492273424         1.230070376087         1.216687444173         1.199541838678         1.181876234580         1.166639302763         1.156212745947         1.152209581682         1.155364333163         1.165520241950         1.181707088593         1.202297941001         1.225225544712         1.248234783152         1.269141604013         1.286071535883         1.297655611825         1.303161471115         1.302551674593         1.296462622383         1.286110579107         1.273137315095         1.259413865066         1.246822928834         1.237047968228         1.231386966666         1.230615961717         1.234911127913         1.243838942659         1.256417383584         1.271233469229         1.286611025239         1.300804788433         1.312200258812         1.319498406907         1.321863142803         1.319016734274         1.311270945909         1.299492048362         1.285003657232         1.269436214920         1.254540335650         1.241986143848         1.233169052817         1.229045056293         1.230013119455         1.235859009763         1.245768799262         1.258408906482         1.272068119300         1.284845311349         1.294863553503         1.300487713122         1.300520726194         1.294357041810         1.282074220720         1.264450141072         1.242901292281         1.219346698640         1.196007294212         1.175162148116         1.158885259418         1.148791697832         1.145819734585         1.150075529836         1.160759029237         1.176182949069         1.193888943333         1.210853267628         1.223766490258         1.229366034290         1.224791817102         1.207935064758         1.177740234830         1.134446018158         1.079692249084         1.016549796321         0.949247161337         0.882892524224         0.822360732669         0.771424233668         0.729797065476         0.691564772764         0.639477759986         0.526340097785         0.000000000000
        0.833922618356         0.777012200450         0.780877095606         0.773280729795         0.811364797282         0.852904763350         0.912004757859         0.973726558076         1.037972788965         1.097446722822         1.149252594591         1.189873112742         1.217954079672         1.233135096645         1.236492590050         1.230070799548         1.216687987495         1.199542503927         1.181877031003         1.166640220799         1.156213776021         1.152210694386         1.155365503147         1.165521454151         1.181708328724         1.202299199111         1.225226813871         1.248236055028         1.269142882443         1.286072826129         1.297656926741         1.303162831088         1.302553088393         1.296464110483         1.286112137188         1.273138947615         1.259415560128         1.246824674661         1.237049745615         1.231388753050         1.230617736152         1.234912866776         1.243840640274         1.256419022474         1.271235047853         1.286612551896         1.300806271035         1.312201718346         1.319499858857         1.321864604411         1.319018232141         1.311272492302         1.299493647629         1.285005310223         1.269437918403         1.254542078783         1.241987916514         1.233170830826         1.229046821780         1.230014849558         1.235860683853         1.245770400793         1.258410424664         1.272069548796         1.284846655790         1.294864821914         1.300488918933         1.300521887584         1.294358164933         1.282075341070         1.264451266362         1.242902434868         1.219347825152         1.196008409507         1.175163242202         1.158886315880         1.148792699000         1.145820660877         1.150076363136         1.160759754989         1.176183559477         1.193889437081         1.210853651818         1.223766778555         1.229366242690         1.224791965767         1.207935172315         1.177740316773         1.134446087234         1.079692312301         1.016549855928         0.949247215950         0.882892570832         0.822360768441         0.771424257048         0.729797077999         0.691564778000         0.639477761565         0.526340097843         0.000000000000
        0.833922620397         0.777012206657         0.780877109064         0.773280751127         0.811364827268         0.852904801556         0.912004802713         0.973726607595         1.037972841782         1.097446779241         1.149252657503         1.189873187688         1.217954174584         1.233135221215         1.236492754609         1.230071013850         1.216688258919         1.199542834992         1.181877425357         1.166640673106         1.156214282937         1.152211247375         1.155366093109         1.165522073660         1.181708972147         1.202299862937         1.225227495259         1.248236749043         1.269143591045         1.286073550778         1.297657670142         1.303163609303         1.302553891248         1.296464950104         1.286113011376         1.273139859384         1.259416501276         1.246825638148         1.237050718797         1.231389723197         1.230618692424         1.234913796730         1.243841543461         1.256419887169         1.271235875184         1.286613348424         1.300807040898         1.312202476980         1.319500610669         1.321865358394         1.319019009396         1.311273295020         1.299494478811         1.285006167205         1.269438798708         1.254542974541         1.241988822941         1.233171736013         1.229047715791         1.230015718694         1.235861516717         1.245771189462         1.258411164519         1.272070238099         1.284847296782         1.294865420055         1.300489480915         1.300522424111         1.294358680401         1.282075851695         1.264451775999         1.242902954122         1.219348340227         1.196008920433         1.175163744521         1.158886801703         1.148793162342         1.145821091684         1.150076753078         1.160760096541         1.176183848301         1.193889671787         1.210853835279         1.223766916995         1.229366343205         1.224792038032         1.207935225128         1.177740357640         1.134446122309         1.079692344798         1.016549886743         0.949247244167         0.882892594902         0.822360786914         0.771424269017         0.729797084367         0.691564780640         0.639477762343         0.526340097849         0.000000000000
        0.833922620816         0.777012207677         0.780877110493         0.773280752757         0.811364828801         0.852904802440         0.912004802727         0.973726606927         1.037972841662         1.097446781877         1.149252666343         1.189873206970         1.217954209035         1.233135275561         1.236492833096         1.230071119905         1.216688394438         1.199542999753         1.181877619285         1.166640892860         1.156214525597         1.152211509045         1.155366369512         1.165522360522         1.181709265983         1.202300162324         1.225227799035         1.248237058343         1.269143908665         1.286073879429         1.297658014767         1.303163976533         1.302554280573         1.296465366471         1.286113451981         1.273140324538         1.259416984291         1.246826134114         1.237051218794         1.231390219994         1.230619180252         1.234914270828         1.243842005024         1.256420328757         1.271236299833         1.286613762156         1.300807447071         1.312202888506         1.319501026288         1.321865781154         1.319019456609         1.311273761618         1.299494965282         1.285006667227         1.269439308681         1.254543486678         1.241989333655         1.233172239178         1.229048204857         1.230016184873         1.235861954014         1.245771595272         1.258411538844         1.272070582468         1.284847614539         1.294865716183         1.300489760017         1.300522693329         1.294358942770         1.282076114009         1.264452039515         1.242903224815         1.219348613105         1.196009189654         1.175164005319         1.158887048128         1.148793393444         1.145821301242         1.150076938102         1.160760254117         1.176183977669         1.193889773850         1.210853913348         1.223766976050         1.229366388169         1.224792074813         1.207935258417         1.177740390726         1.134446157083         1.079692381013         1.016549922699         0.949247277268         0.882892622712         0.822360807724         0.771424282187         0.729797091182         0.691564783351         0.639477763070         0.526340097753         0.000000000000
        0.833922620610         0.777012206682         0.780877107253         0.773280746710         0.811364819222         0.852904788714         0.912004785146         0.973726586526         1.037972820708         1.097446763432         1.149252654240         1.189873205198         1.217954221400         1.233135305228         1.236492882283         1.230071189721         1.216688484684         1.199543108738         1.181877745093         1.166641032060         1.156214674752         1.152211665243         1.155366529957         1.165522522523         1.181709427649         1.202300323776         1.225227960505         1.248237222395         1.269144078095         1.286074057205         1.297658205299         1.303164183998         1.302554506327         1.296465612552         1.286113716028         1.273140605724         1.259417277025         1.246826434370         1.237051519358         1.231390515965         1.230619467613         1.234914548369         1.243842273620         1.256420583523         1.271236544319         1.286614001581         1.300807684832         1.312203136083         1.319501280781         1.321866043279         1.319019740483         1.311274060288         1.299495278974         1.285006989073         1.269439635294         1.254543811609         1.241989653526         1.233172551428         1.229048504357         1.230016465457         1.235862212108         1.245771830289         1.258411752363         1.272070776766         1.284847792930         1.294865882866         1.300489918353         1.300522848343         1.294359096707         1.282076270030         1.264452197909         1.242903388724         1.219348781711         1.196009354567         1.175164161694         1.158887190367         1.148793522788         1.145821413183         1.150077032101         1.160760329385         1.176184035178         1.193889815745         1.210853943394         1.223766998959         1.229366408268         1.224792096530         1.207935284769         1.177740423061         1.134446195190         1.079692422809         1.016549964956         0.949247316267         0.882892655287         0.822360831843         0.771424297337         0.729797098939         0.691564786383         0.639477763848         0.526340097592         0.000000000000
        0.833922620296         0.777012205401         0.780877103517         0.773280739975         0.811364808794         0.852904774078         0.912004766657         0.973726565230         1.037972798704         1.097446743437         1.149252639503         1.189873198965         1.217954226631         1.233135324217         1.236492916448         1.230071239480         1.216688549428         1.199543186731         1.181877834305         1.166641129596         1.156214777621         1.152211771254         1.155366637115         1.165522628981         1.181709532185         1.202300426903         1.225228062741         1.248237326000         1.269144185322         1.286074170470         1.297658328031         1.303164319009         1.302554655006         1.296465776053         1.286113892767         1.273140794921         1.259417474527         1.246826637190         1.237051721959         1.231390714913         1.230619659831         1.234914733811         1.243842452403         1.256420752108         1.271236705430         1.286614158737         1.300807840788         1.312203300066         1.319501449936         1.321866217707         1.319019930752         1.311274260714         1.299495490469         1.285007206301         1.269439855927         1.254544031446         1.241989869362         1.233172763079         1.229048707716         1.230016656070         1.235862387462         1.245771990135         1.258411898135         1.272070909953         1.284847915913         1.294865998657         1.300490029176         1.300522957631         1.294359206281         1.282076381673         1.264452311863         1.242903506121         1.219348902772         1.196009472513         1.175164273250         1.158887290279         1.148793612079         1.145821488756         1.150077094011         1.160760377415         1.176184070433         1.193889840209         1.210853960223         1.223767011975         1.229366420975         1.224792112332         1.207935305922         1.177740450340         1.134446228037         1.079692459152         1.016550001809         0.949247350301         0.882892683693         0.822360852841         0.771424310518         0.729797105679         0.691564789010         0.639477764515         0.526340097442         0.000000000000
        0.833922620078         0.777012204521         0.780877100967         0.773280735383         0.811364801693         0.852904764120         0.912004754083         0.973726550751         1.037972783738         1.097446729825         1.149252629442         1.189873194658         1.217954230096         1.233135337030         1.236492939592         1.230071273259         1.216688593459         1.199543239849         1.181877895130         1.166641196196         1.156214847952         1.152211843956         1.155366710866         1.165522702499         1.181709604433         1.202300498279         1.225228133414         1.248237397361         1.269144258776         1.286074247501         1.297658411049         1.303164409889         1.302554754829         1.296465885834         1.286114011720         1.273140922846         1.259417608834         1.246826776087         1.237051861686         1.231390853210         1.230619794430         1.234914864794         1.243842579307         1.256420872220         1.271236820222         1.286614269998         1.300807950321         1.312203414285         1.319501566768         1.321866337284         1.319020060459         1.311274396979         1.299495634818         1.285007355391         1.269440008478         1.254544185299         1.241990021780         1.233172915167         1.229048856478         1.230016798327         1.235862521354         1.245772115289         1.258412015354         1.272071019461         1.284848018896         1.294866096873         1.300490123717         1.300523050533         1.294359299043         1.282076475487         1.264452407112         1.242903602664         1.219349000503         1.196009567653         1.175164364281         1.158887373070         1.148793686693         1.145821553192         1.150077148116         1.160760420901         1.176184103903         1.193889864894         1.210853978169         1.223767025745         1.229366432979         1.224792124999         1.207935321009         1.177740468616         1.134446249419         1.079692482523         1.016550025411         0.949247372087         0.882892701907         0.822360866340         0.771424319005         0.729797110029         0.691564790712         0.639477764951         0.526340097350         0.000000000000
        0.833922620006         0.777012204191         0.780877099929         0.773280733459         0.811364798659         0.852904759791         0.912004748549         0.973726544335         1.037972777131         1.097446723973         1.149252625523         1.189873193911         1.217954233721         1.233135346032         1.236492954686         1.230071294795         1.216688621395         1.199543273654         1.181877934143         1.166641239398         1.156214894217         1.152211892690         1.155366761288         1.165522753746         1.181709655467         1.202300549364         1.225228184262         1.248237448564         1.269144311006         1.286074301411         1.297658468255         1.303164471615         1.302554821849         1.296465959205         1.286114091224         1.273141008843         1.259417699958         1.246826871484         1.237051959028         1.231390951046         1.230619891119         1.234914960210         1.243842672660         1.256420961439         1.271236905766         1.286614352546         1.300808030951         1.312203496983         1.319501650474         1.321866422396         1.319020152089         1.311274493343         1.299495737698         1.285007462998         1.269440120173         1.254544300194         1.241990137766         1.233173033736         1.229048975669         1.230016915888         1.235862635990         1.245772226538         1.258412123495         1.272071123495         1.284848118898         1.294866193545         1.300490217124         1.300523141502         1.294359388897         1.282076565241         1.264452497147         1.242903692440         1.219349089772         1.196009654571         1.175164448012         1.158887450812         1.148793757984         1.145821616603         1.150077203194         1.160760467143         1.176184141418         1.193889894234         1.210854000470         1.223767042563         1.229366445868         1.224792135677         1.207935330927         1.177740478682         1.134446260118         1.079692493717         1.016550036541         0.949247382335         0.882892710518         0.822360872778         0.771424323071         0.729797112129         0.691564791544         0.639477765173         0.526340097317         0.000000000000
        0.833922620079         0.777012204399         0.780877100332         0.773280734050         0.811364799434         0.852904760699         0.912004749534         0.973726545363         1.037972778254         1.097446725368         1.149252627519         1.189873196967         1.217954238399         1.233135352935         1.236492964377         1.230071307734         1.216688637881         1.199543293706         1.181877957718         1.166641266223         1.156214923909         1.152211925294         1.155366796431         1.165522790863         1.181709693389         1.202300588290         1.225228223463         1.248237488001         1.269144350800         1.286074341579         1.297658509872         1.303164515484         1.302554868536         1.296466009885         1.286114146081         1.273141068688         1.259417764294         1.246826940098         1.237052030573         1.231391024551         1.230619965326         1.234915034699         1.243842746422         1.256421032828         1.271236974557         1.286614418848         1.300808095416         1.312203561997         1.319501715887         1.321866488976         1.319020223603         1.311274569309         1.299495819978         1.285007550841         1.269440213293         1.254544398320         1.241990239380         1.233173140183         1.229049085756         1.230017028020         1.235862749353         1.245772340693         1.258412238372         1.272071236967         1.284848230028         1.294866302263         1.300490322616         1.300523243622         1.294359488950         1.282076664302         1.264452595426         1.242903789366         1.219349185222         1.196009747637         1.175164537890         1.158887535572         1.148793836870         1.145821688411         1.150077267190         1.160760522557         1.176184187923         1.193889931856         1.210854029711         1.223767064333         1.229366461222         1.224792145978         1.207935337564         1.177740482835         1.134446262831         1.079692495691         1.016550038188         0.949247383804         0.882892711828         0.822360873855         0.771424323786         0.729797112525         0.691564791720         0.639477765233         0.526340097330         0.000000000000
        0.833922620301         0.777012205141         0.780877102140         0.773280737077         0.811364803876         0.852904766625         0.912004756739         0.973726553481         1.037972786748         1.097446733731         1.149252635341         1.189873204056         1.217954244819         1.233135359007         1.236492970620         1.230071314790         1.216688646411         1.199543304254         1.181877970810         1.166641282239         1.156214943095         1.152211948263         1.155366823109         1.165522820873         1.181709725297         1.202300622243         1.225228258239         1.248237522995         1.269144385662         1.286074375806         1.297658544164         1.303164550390         1.302554904540         1.296466048385         1.286114187632         1.273141114544         1.259417814637         1.246826995185         1.237052089715         1.231391087039         1.230620030063         1.234915100929         1.243842812884         1.256421098027         1.271237037772         1.286614479872         1.300808154658         1.312203620987         1.319501775198         1.321866549816         1.319020289112         1.311274639989         1.299495897796         1.285007635772         1.269440305299         1.254544497385         1.241990344452         1.233173252264         1.229049204163         1.230017151650         1.235862877808         1.245772473633         1.258412375460         1.272071374941         1.284848366846         1.294866437318         1.300490454328         1.300523371175         1.294359613622         1.282076787298         1.264452716691         1.242903908379         1.219349302123         1.196009861961         1.175164648413         1.158887640803         1.148793935766         1.145821779742         1.150077349883         1.160760595476         1.176184250281         1.193889983196         1.210854070046         1.223767094156         1.229366481353         1.224792157711         1.207935342475         1.177740482558         1.134446259079         1.079692490009         1.016550031900         0.949247377921         0.882892707038         0.822360870468         0.771424321720         0.729797111514         0.691564791357         0.639477765165         0.526340097387         0.000000000000
        0.833922620673         0.777012206419         0.780877105345         0.773280742513         0.811364811936         0.852904777484         0.912004770047         0.973726568544         1.037972802471         1.097446748963         1.149252649002         1.189873215380         1.217954253451         1.233135365071         1.236492974661         1.230071317688         1.216688649226         1.199543308061         1.181877976689         1.166641291183         1.156214955922         1.152211966121         1.155366846163         1.165522848860         1.181709756410         1.202300656566         1.225228293984         1.248237558997         1.269144421114         1.286074409737         1.297658576972         1.303164582460         1.302554936382         1.296466081683         1.286114223333         1.273141154368         1.259417859362         1.246827045481         1.237052145361         1.231391147478         1.230620094229         1.234915167728         1.243842880756         1.256421165410         1.271237103532         1.286614543562         1.300808216523         1.312203682165         1.319501836793         1.321866613481         1.319020357785         1.311274714943         1.299495981147         1.285007728036         1.269440406652         1.254544607912         1.241990463444         1.233173380401         1.229049341138         1.230017296817         1.235863031206         1.245772635121         1.258412544459         1.272071547148         1.284848538969         1.294866608378         1.300490622201         1.300523534921         1.294359774117         1.282076945661         1.264452872610         1.242904061423         1.219349452914         1.196010010238         1.175164791725         1.158887777852         1.148794065213         1.145821900147         1.150077459774         1.160760693259         1.176184334667         1.193890053243         1.210854125347         1.223767134911         1.229366508308         1.224792172290         1.207935346625         1.177740478535         1.134446249390         1.079692477126         1.016550018096         0.949247365068         0.882892696476         0.822360862872         0.771424317039         0.729797109184         0.691564790494         0.639477764979         0.526340097486         0.000000000000
        0.833922621182         0.777012208187         0.780877109816         0.773280750129         0.811364823262         0.852904792790         0.912004788849         0.973726589856         1.037972824701         1.097446770397         1.149252667970         1.189873230622         1.217954264262         1.233135371423         1.236492977145         1.230071317412         1.216688647617         1.199543306671         1.181877977099         1.166641294940         1.156214964352         1.152211980877         1.155366867627         1.165522876874         1.181709788789         1.202300693360         1.225228332839         1.248237598223         1.269144459465         1.286074445811         1.297658610854         1.303164614378         1.302554966873         1.296466112664         1.286114256101         1.273141191060         1.259417901281         1.246827093683         1.237052200031         1.231391208236         1.230620160056         1.234915237315         1.243842952317         1.256421237247         1.271237174187         1.286614612362         1.300808283534         1.312203748274         1.319501903356         1.321866682393         1.319020431843         1.311274795881         1.299496071139         1.285007827934         1.269440516802         1.254544728465         1.241990593991         1.233173521498         1.229049492878         1.230017459118         1.235863204665         1.245772819971         1.258412739920         1.272071748392         1.284848741748         1.294866811194         1.300490823045         1.300523733492         1.294359970231         1.282077139621         1.264453064156         1.242904250362         1.219349640742         1.196010196688         1.175164971760         1.158887950222         1.148794228317         1.145822052246         1.150077599035         1.160760817654         1.176184442455         1.193890143038         1.210854196378         1.223767187144         1.229366542468         1.224792189982         1.207935350217         1.177740470934         1.134446233922         1.079692457197         1.016549996922         0.949247345374         0.882892680248         0.822360851147         0.771424309793         0.729797105561         0.691564789140         0.639477764679         0.526340097630         0.000000000000
        0.833922621827         0.777012210438         0.780877115542         0.773280759910         0.811364837839         0.852904812529         0.912004813135         0.973726617411         1.037972853435         1.097446798019         1.149252692211         1.189873249707         1.217954277119         1.233135377851         1.236492977771         1.230071313579         1.216688641145         1.199543299627         1.181877971625         1.166641293193         1.156214968224         1.152211992564         1.155366887764         1.165522905422         1.181709823210         1.202300733602         1.225228375914         1.248237641840         1.269144501824         1.286074484982         1.297658646471         1.303164646414         1.302554995835         1.296466140629         1.286114284719         1.273141222918         1.259417938278         1.246827137411         1.237052251219         1.231391266880         1.230620225372         1.234915307993         1.243843026472         1.256421313030         1.271237249816         1.286614686808         1.300808356485         1.312203820190         1.319501975406         1.321866756302         1.319020510034         1.311274880141         1.299496163493         1.285007929366         1.269440627798         1.254544849336         1.241990724766         1.233173663001         1.229049645891         1.230017624459         1.235863383794         1.245773013825         1.258412947632         1.272071965196         1.284848963488         1.294867034483         1.300491047133         1.300523958764         1.294360195251         1.282077362396         1.264453285526         1.242904470516         1.219349862260         1.196010418986         1.175165186380         1.158888155716         1.148794422871         1.145822233847         1.150077765636         1.160760966907         1.176184572245         1.193890251519         1.210854282308         1.223767250077         1.229366582889         1.224792209482         1.207935351443         1.177740457400         1.134446209839         1.079692427076         1.016549965179         0.949247315868         0.882892655867         0.822360833449         0.771424298810         0.729797100042         0.691564787061         0.639477764208         0.526340097836         0.000000000000
        0.833922622569         0.777012213041         0.780877122190         0.773280771289         0.811364854823         0.852904835561         0.912004841507         0.973726649626         1.037972887020         1.097446830234         1.149252720300         1.189873271469         1.217954291149         1.233135383761         1.236492976163         1.230071305934         1.216688629560         1.199543286570         1.181877959703         1.166641285091         1.156214966339         1.152211999587         1.155366904615         1.165522932236         1.181709857265         1.202300774761         1.225228420670         1.248237687367         1.269144545774         1.286074524883         1.297658681393         1.303164675945         1.302555020316         1.296466162100         1.286114305051         1.273141245057         1.259417964690         1.246827170306         1.237052292012         1.231391316174         1.230620282880         1.234915372688         1.243843096586         1.256421386639         1.271237324812         1.286614761641         1.300808430159         1.312203892360         1.319502046500         1.321866827348         1.319020582725         1.311274955964         1.299496244246         1.285008016232         1.269440721700         1.254544951225         1.241990835598         1.233173784447         1.229049779736         1.230017772536         1.235863548289         1.245773196139         1.258413146689         1.272072176290         1.284849183901         1.294867256811         1.300491270554         1.300524183848         1.294360420763         1.282077582431         1.264453502276         1.242904684733         1.219350077430         1.196010635154         1.175165395158         1.158888356405         1.148794614461         1.145822414819         1.150077934151         1.160761120394         1.176184707979         1.193890366722         1.210854374617         1.223767317910         1.229366625768         1.224792228332         1.207935348657         1.177740436707         1.134446176094         1.079692385777         1.016549921915         0.949247275673         0.882892622589         0.822360809221         0.771424283730         0.729797092436         0.691564784179         0.639477763543         0.526340098106         0.000000000000
        0.833939927897         0.777061786361         0.780967934993         0.773409327916         0.811524269243         0.853091323952         0.912211915735         0.973947678845         1.038204138717         1.097691954692         1.149525824518         1.190197731236         1.218362731211         1.233665770542         1.237185892943         1.230964574216         1.217812729859         1.200917555224         1.183507995569         1.168517906175         1.158314526738         1.154499001776         1.157798748196         1.168054464167         1.184298663899         1.204912384512         1.227840915414         1.250843753375         1.271751731164         1.288704332461         1.300343083095         1.305942335799         1.305465848424         1.299545922632         1.289390010238         1.276627316239         1.263113522364         1.250715951533         1.241103193742         1.235562106655         1.234861399769         1.239175290894         1.248074652083         1.260585663522         1.275308209272         1.290580632512         1.304672212327         1.315981946887         1.323221219993         1.325560453978         1.322723451025         1.315019092675         1.303306806237         1.288899298551         1.273413456919         1.258585526263         1.246071583516         1.237255294800         1.233084759209         1.233956322355         1.239658972043         1.249386655801         1.261818111598         1.275256847043         1.287817063686         1.297636074886         1.303090037643         1.302989248891         1.296730647272         1.284389314627         1.266736286569         1.245177883584         1.221620032817         1.198269785445         1.177393134443         1.161053757858         1.150860179187         1.147749045720         1.151829671626         1.162309452205         1.177512108407         1.194991907481         1.211737738342         1.224451744589         1.229880617560         1.225169660867         1.208211639504         1.177948700820         1.134613986470         1.079839519018         1.016687479003         0.949378383795         0.883014466178         0.822467994280         0.771512026855         0.729864506790         0.691615000587         0.639516280146         0.526368596257         0.000000000000
        0.833940750867         0.777064180006         0.780972632842         0.773416431840         0.811533825090         0.853103024645         0.912225403233         0.973962516372         1.038220377623         1.097710127187         1.149547279095         1.190224769539         1.218398554379         1.233714286067         1.237251290147         1.231050905263         1.217923449317         1.201055176891         1.183673795021         1.168711722564         1.158534805788         1.154743004337         1.158062942811         1.168335074476         1.184592052858         1.205215512104         1.228151710197         1.251161408329         1.272076845974         1.289038830170         1.300689941471         1.306305216716         1.305848719769         1.299952635761         1.289823780163         1.277090158274         1.263605758562         1.251236140011         1.241648406563         1.236128376586         1.235444016402         1.239769250200         1.248675168291         1.261188541824         1.275910283794         1.291180107423         1.305268816004         1.316576765253         1.323816445630         1.326159070305         1.323328918344         1.315634876027         1.303935666423         1.289542632386         1.274070839674         1.259254757723         1.246749010790         1.237936296080         1.233763982004         1.234627930250         1.240317106776         1.250025954303         1.262434309906         1.275847314978         1.288381158561         1.298175091857         1.303606942919         1.303488242075         1.297216583515         1.284866894073         1.267209182819         1.245648019862         1.222087270108         1.198731910222         1.177846075464         1.161491909557         1.151276831379         1.148137021323         1.152182112748         1.162620643028         1.177778243433         1.195211627939         1.211912332098         1.224584974806         1.229978239835         1.225238706634         1.208259546025         1.177982426791         1.134639307910         1.079860595717         1.016706668910         0.949396451880         0.883031068051         0.822482331170         0.771523443509         0.729873055270         0.691621381616         0.639521506276         0.526373002276         0.000000000000
        0.833940809780         0.777064345627         0.780972941535         0.773416884005         0.811534415398         0.853103716099         0.912226176073         0.973963353769         1.038221314911         1.097711247170         1.149548744021         1.190226831844         1.218401527495         1.233718535847         1.237257191981         1.231058810652         1.217933642878         1.201067856481         1.183689045393         1.168729513744         1.158555003165         1.154765382495         1.158087217601         1.168360933736         1.184619198019         1.205243696590         1.228180775742         1.251191301640         1.272107623166         1.289070647622         1.300723040229         1.306339896271         1.305885268117         1.299991285548         1.289864697579         1.277133420630         1.263651353715         1.251283961939         1.241698252026         1.236179955040         1.235496969521         1.239823181851         1.248729687055         1.261243304390         1.275965032299         1.291234683604         1.305323183727         1.316630990024         1.323870716416         1.326213687820         1.323384198455         1.315691037873         1.303992830048         1.289600834300         1.274130017658         1.259314737377         1.246809486082         1.237996872584         1.233824211268         1.234687384775         1.240375405592         1.250082764899         1.262489359028         1.275900403453         1.288432181031         1.298224048651         1.303653940574         1.303533457552         1.297260242853         1.284909228232         1.267250384884         1.245688209195         1.222126455363         1.198769959555         1.177882720187         1.161526774004         1.151309485471         1.148167030909         1.152209086051         1.162644272913         1.177798345628         1.195228172078         1.211925463330         1.224595006554         1.229985622858         1.225243979861         1.208263274310         1.177985133840         1.134641422806         1.079862417454         1.016708358244         0.949398049737         0.883032527360         0.822483570031         0.771524403905         0.729873747255         0.691621876115         0.639521890549         0.526373308062         0.000000000000
        0.833940818334         0.777064369770         0.780972986788         0.773416950012         0.811534502311         0.853103816938         0.912226288130         0.973963474514         1.038221451800         1.097711417152         1.149548979905         1.190227178899         1.218402044773         1.233719286841         1.237258241677         1.231060219276         1.217935461349         1.201070119787         1.183691772024         1.168732702986         1.158558637277         1.154769429861         1.158091632808         1.168365668394         1.184624205272         1.205248939196         1.228186228454         1.251196955984         1.272113487982         1.289076747980         1.300729408636         1.306346567223         1.305892271003         1.299998642525         1.289872424629         1.277141523032         1.263659826034         1.251292783973         1.241707391872         1.236189366029         1.235506590848         1.239832950589         1.248739540602         1.261253190032         1.275974912871         1.291244536078         1.305333005510         1.316640791760         1.323880529703         1.326223554427         1.323394148348         1.315701097172         1.304003015152         1.289611154133         1.274140468198         1.259325298697         1.246820112246         1.238007501991         1.233834771767         1.234697801825         1.240385611521         1.250092704614         1.262498990563         1.275909698824         1.288441120424         1.298232629026         1.303662171660         1.303541359047         1.297267841693         1.284916554477         1.267257465607         1.245695060141         1.222133077761         1.198776337334         1.177888818612         1.161532540981         1.151314858268         1.148171945452         1.152213485722         1.162648115168         1.177801607406         1.195230853965         1.211927591185         1.224596630440         1.229986813291         1.225244822119         1.208263859024         1.177985546797         1.134641735872         1.079862681030         1.016708600557         0.949398278580         0.883032735949         0.822483746469         0.771524540401         0.729873845476         0.691621946122         0.639521944377         0.526373350318         0.000000000000
        0.833940820262         0.777064375087         0.780972996390         0.773416963671         0.811534519696         0.853103836528         0.912226309148         0.973963496622         1.038221477444         1.097711451236         1.149549030908         1.190227258760         1.218402167798         1.233719468867         1.237258498298         1.231060564360         1.217935906241         1.201070672177         1.183692435752         1.168733478513         1.158559520601         1.154770414746         1.158092709131         1.168366827039         1.184625436909         1.205250237021         1.228187588376         1.251198377387         1.272114972409         1.289078299810         1.300731031913         1.306348266279         1.305894048917         1.300000502777         1.289874367638         1.277143547859         1.263661929891         1.251294962111         1.241709637335         1.236191668168         1.235508937109         1.239835327811         1.248741935875         1.261255593598         1.275977317083         1.291246938341         1.305335407172         1.316643196278         1.323882943106         1.326225983715         1.323396595889         1.315703567902         1.304005511874         1.289613677984         1.274143020076         1.259327871440         1.246822697810         1.238010087615         1.233837342270         1.234700339920         1.240388102092         1.250095135211         1.262501351394         1.275911985490         1.288443326426         1.298234752218         1.303664211742         1.303543316899         1.297269720643         1.284918358705         1.267259198642         1.245696724044         1.222134672307         1.198777859597         1.177890261664         1.161533895405         1.151316112021         1.148173086199         1.152214502681         1.162649000673         1.177802357862         1.195231470433         1.211928080068         1.224597003704         1.229987087402         1.225245016155         1.208263993818         1.177985641883         1.134641807481         1.079862740829         1.016708655002         0.949398329696         0.883032782572         0.822483785717         0.771524570384         0.729873866436         0.691621960453         0.639521955043         0.526373358473         0.000000000000
        0.833940820704         0.777064376202         0.780972998071         0.773416965726         0.811534521875         0.853103838301         0.912226310377         0.973963497478         1.038221479109         1.097711455742         1.149549041377         1.190227279277         1.218402203029         1.233719523759         1.237258577565         1.231060672009         1.217936045522         1.201070845152         1.183692643349         1.168733721048         1.158559796433         1.154770721501         1.158093044362         1.168367188661         1.184625822453         1.205250645104         1.228188018008         1.251198828639         1.272115446113         1.289078797343         1.300731554116         1.306348813619         1.305894621591         1.300001100842         1.289874990290         1.277144194054         1.263662598144         1.251295650662         1.241710343983         1.236192389402         1.235509669383         1.239836066966         1.248742677830         1.261256336013         1.275978057914         1.291247678191         1.305336146742         1.316643937309         1.323883687798         1.326226734480         1.323397352329         1.315704332277         1.304006284265         1.289614458679         1.274143808646         1.259328665767         1.246823495531         1.238010884899         1.233838134864         1.234701122899         1.240388871071         1.250095886720         1.262502082551         1.275912695897         1.288444013615         1.298235415743         1.303664850780         1.303543930994         1.297270310270         1.284918924194         1.267259740126         1.245697241351         1.222135165033         1.198778326737         1.177890701592         1.161534305733         1.151316489611         1.148173428038         1.152214806058         1.162649263625         1.177802579831         1.195231652280         1.211928224237         1.224597114162         1.229987169325         1.225245075526         1.208264036845         1.177985674275         1.134641833850         1.079862764287         1.016708677045         0.949398350136         0.883032800533         0.822483800238         0.771524580854         0.729873873187         0.691621964588         0.639521957779         0.526373360376         0.000000000000
        0.833940820778         0.777064376304         0.780972997909         0.773416965151         0.811534520696         0.853103836278         0.912226307533         0.973963494056         1.038221475827         1.097711453677         1.149549042017         1.190227284412         1.218402214587         1.233719543673         1.237258607580         1.231060713544         1.217936099627         1.201070912431         1.183692724022         1.168733815106         1.158559903311         1.154770840044         1.158093173868         1.168367328440         1.184625971804         1.205250803693         1.228188185569         1.251199005158         1.272115631867         1.289078992676         1.300731759114         1.306349028012         1.305894845205         1.300001333278         1.289875230865         1.277144442006         1.263662852601         1.251295910759         1.241710608702         1.236192657123         1.235509938777         1.239836336625         1.248742946197         1.261256602270         1.275978321155         1.291247939792         1.305336406548         1.316644196505         1.323883947606         1.326226996007         1.323397615272         1.315704597922         1.304006552243         1.289614729094         1.274144081219         1.259328939720         1.246823770228         1.238011159005         1.233838407180         1.234701391891         1.240389135443         1.250096145533         1.262502334956         1.275912941766         1.288444252181         1.298235647049         1.303665074282         1.303544146343         1.297270517452         1.284919123042         1.267259930448         1.245697422867         1.222135337455         1.198778489585         1.177890854225         1.161534447292         1.151316619032         1.148173544434         1.152214908770         1.162649352141         1.177802654025         1.195231712565         1.211928271736         1.224597150664         1.229987196689         1.225245095997         1.208264052583         1.177985687174         1.134641845295         1.079862775082         1.016708687368         0.949398359701         0.883032808795         0.822483806677         0.771524585223         0.729873875727         0.691621965882         0.639521958440         0.526373360725         0.000000000000
        0.833940820768         0.777064376199         0.780972997461         0.773416964255         0.811534519220         0.853103834090         0.912226304681         0.973963490733         1.038221472485         1.097711450957         1.149549040742         1.190227285517         1.218402219032         1.233719552378         1.237258621325         1.231060732941         1.217936125048         1.201070944067         1.183692761835         1.168733858978         1.158559952925         1.154770894860         1.158093233539         1.168367392606         1.184626040202         1.205250876250         1.228188262090         1.251199085736         1.272115716710         1.289079081874         1.300731852758         1.306349125959         1.305894947394         1.300001439450         1.289875340641         1.277144554925         1.263662968153         1.251296028433         1.241710727884         1.236192776853         1.235510058426         1.239836455544         1.248743063560         1.261256717721         1.275978434213         1.291248051553         1.305336516599         1.316644305787         1.323884056684         1.326227105510         1.323397725216         1.315704708995         1.304006664281         1.289614841993         1.274144194760         1.259329053602         1.246823884272         1.238011272639         1.233838519868         1.234701502970         1.240389244402         1.250096252085         1.262502438831         1.275913042920         1.288444350357         1.298235742278         1.303665166345         1.303544235177         1.297270603072         1.284919205341         1.267260009272         1.245697498049         1.222135408777         1.198778556751         1.177890916838         1.161534504897         1.151316671151         1.148173590685         1.152214948919         1.162649386118         1.177802682000         1.195231734978         1.211928289219         1.224597164036         1.229987206900         1.225245104016         1.208264059262         1.177985693199         1.134641851103         1.079862780851         1.016708692971         0.949398364857         0.883032813166         0.822483809994         0.771524587378         0.729873876896         0.691621966398         0.639521958634         0.526373360777         0.000000000000
        0.833940820769         0.777064376168         0.780972997298         0.773416963917         0.811534518649         0.853103833229         0.912226303543         0.973963489400         1.038221471152         1.097711449911         1.149549040356         1.190227286228         1.218402221294         1.233719556644         1.237258627988         1.231060742333         1.217936137372         1.201070959457         1.183692780279         1.168733880426         1.158559977222         1.154770921753         1.158093262826         1.168367424057         1.184626073660         1.205250911636         1.228188299256         1.251199124742         1.272115757676         1.289079124871         1.300731897887         1.306349173214         1.305894996835         1.300001491000         1.289875394151         1.277144610189         1.263663024906         1.251296086383         1.241710786673         1.236192835873         1.235510117413         1.239836514191         1.248743121472         1.261256774779         1.275978490235         1.291248107036         1.305336571330         1.316644360321         1.323884111206         1.326227160549         1.323397780799         1.315704765644         1.304006721894         1.289614900558         1.274144254004         1.259329113303         1.246823944801         1.238011333543         1.233838580612         1.234701563020         1.240389303430         1.250096309944         1.262502495394         1.275913098138         1.288444404091         1.298235794486         1.303665216904         1.303544284103         1.297270650404         1.284919251007         1.267260053109         1.245697539981         1.222135448613         1.198778594305         1.177890951835         1.161534537052         1.151316700190         1.148173616386         1.152214971151         1.162649404855         1.177802697348         1.195231747191         1.211928298670         1.224597171179         1.229987212250         1.225245108114         1.208264062556         1.177985696059         1.134641853768         1.079862783467         1.016708695483         0.949398367153         0.883032815102         0.822483811457         0.771524588304         0.729873877381         0.691621966593         0.639521958686         0.526373360772         0.000000000000
        0.833940820784         0.777064376206         0.780972997355         0.773416963987         0.811534518723         0.853103833287         0.912226303579         0.973963489422         1.038221471202         1.097711450068         1.149549040738         1.190227286993         1.218402222623         1.233719558738         1.237258631037         1.231060746524         1.217936142833         1.201070966299         1.183692788531         1.168733890100         1.158559988271         1.154770934079         1.158093276332         1.168367438606         1.184626089166         1.205250928008         1.228188316414         1.251199142702         1.272115776473         1.289079144500         1.300731918426         1.306349194665         1.305895019291         1.300001514488         1.289875418634         1.277144635692         1.263663051319         1.251296113587         1.241710814584         1.236192864205         1.235510146092         1.239836543064         1.248743150350         1.261256803629         1.275978518918         1.291248135805         1.305336599921         1.316644388985         1.323884139726         1.326227190084         1.323397810722         1.315704796264         1.304006753165         1.289614932597         1.274144286689         1.259329146547         1.246823978995         1.238011368386         1.233838615841         1.234701598359         1.240389338758         1.250096345206         1.262502530445         1.275913132907         1.288444438413         1.298235828228         1.303665249908         1.303544316290         1.297270681710         1.284919281321         1.267260082273         1.245697567909         1.222135475157         1.198778619339         1.177890975184         1.161534558540         1.151316719662         1.148173633711         1.152214986242         1.162649417683         1.177802707950         1.195231755690         1.211928305253         1.224597176085         1.229987215761         1.225245110542         1.208264064188         1.177985697151         1.134641854525         1.079862784066         1.016708695989         0.949398367604         0.883032815491         0.822483811765         0.771524588485         0.729873877470         0.691621966620         0.639521958681         0.526373360759         0.000000000000
        0.833940820807         0.777064376277         0.780972997515         0.773416964245         0.811534519090         0.853103833762         0.912226304144         0.973963490053         1.038221471874         1.097711450770         1.149549041479         1.190227287807         1.218402223571         1.233719559903         1.237258632513         1.231060748410         1.217936145209         1.201070969239         1.183692792067         1.168733894259         1.158559993052         1.154770939450         1.158093282256         1.168367444997         1.184626096008         1.205250935198         1.228188323920         1.251199150571         1.272115784722         1.289079152956         1.300731927232         1.306349203802         1.305895028887         1.300001524623         1.289875429376         1.277144647148         1.263663063534         1.251296126583         1.241710828494         1.236192878871         1.235510161479         1.239836559094         1.248743166891         1.261256820639         1.275978536218         1.291248153502         1.305336617654         1.316644406881         1.323884157488         1.326227208727         1.323397829458         1.315704815231         1.304006772325         1.289614952054         1.274144306489         1.259329166713         1.246823999599         1.238011389364         1.233838637072         1.234701619824         1.240389360494         1.250096367226         1.262502552562         1.275913155170         1.288444460693         1.298235850406         1.303665271836         1.303544337860         1.297270702810         1.284919301820         1.267260102025         1.245697586817         1.222135493109         1.198778636240         1.177890990932         1.161534573034         1.151316732831         1.148173645498         1.152214996586         1.162649426559         1.177802715364         1.195231761693         1.211928309928         1.224597179547         1.229987218154         1.225245112040         1.208264064973         1.177985697407         1.134641854422         1.079862783769         1.016708695615         0.949398367246         0.883032815201         0.822483811566         0.771524588339         0.729873877386         0.691621966577         0.639521958655         0.526373360746         0.000000000000
        0.833940820838         0.777064376381         0.780972997761         0.773416964653         0.811534519683         0.853103834548         0.912226305097         0.973963491126         1.038221473004         1.097711451895         1.149549042554         1.190227288815         1.218402224526         1.233719560850         1.237258633520         1.231060749559         1.217936146580         1.201070970903         1.183692794069         1.168733896628         1.158559995801         1.154770942561         1.158093285699         1.168367448703         1.184626099971         1.205250939333         1.228188328218         1.251199155073         1.272115789446         1.289079157751         1.300731932234         1.306349209024         1.305895034474         1.300001530691         1.289875436052         1.277144654549         1.263663071788         1.251296135774         1.241710838847         1.236192890252         1.235510173816         1.239836572327         1.248743180902         1.261256835342         1.275978551426         1.291248169128         1.305336633365         1.316644422765         1.323884173376         1.326227224952         1.323397845583         1.315704831342         1.304006788330         1.289614968081         1.274144322577         1.259329182944         1.246824015852         1.238011405662         1.233838653415         1.234701636171         1.240389377020         1.250096383928         1.262502569189         1.275913171946         1.288444477537         1.298235867243         1.303665288535         1.303544354315         1.297270718900         1.284919317425         1.267260117025         1.245697601137         1.222135506675         1.198778648998         1.177891002836         1.161534584036         1.151316742916         1.148173654660         1.152215004748         1.162649433677         1.177802721407         1.195231766671         1.211928313857         1.224597182472         1.229987220147         1.225245113210         1.208264065454         1.177985697352         1.134641853994         1.079862783129         1.016708694900         0.949398366577         0.883032814651         0.822483811173         0.771524588068         0.729873877236         0.691621966507         0.639521958622         0.526373360733         0.000000000000
        0.833940820866         0.777064376472         0.780972997978         0.773416965014         0.811534520211         0.853103835250         0.912226305950         0.973963492088         1.038221474015         1.097711452898         1.149549043501         1.190227289684         1.218402225320         1.233719561601         1.237258634281         1.231060750394         1.217936147552         1.201070972066         1.183692795459         1.168733898259         1.158559997676         1.154770944660         1.158093287992         1.168367451142         1.184626102550         1.205250942009         1.228188331003         1.251199157987         1.272115792507         1.289079160911         1.300731935562         1.306349212555         1.305895038321         1.300001534957         1.289875440853         1.277144659978         1.263663077970         1.251296142791         1.241710846910         1.236192899252         1.235510183685         1.239836583019         1.248743192325         1.261256847402         1.275978563982         1.291248182002         1.305336646298         1.316644435852         1.323884186512         1.326227238111         1.323397858549         1.315704844177         1.304006800912         1.289614980568         1.274144334883         1.259329195121         1.246824027800         1.238011417425         1.233838665112         1.234701647663         1.240389388573         1.250096395534         1.262502580626         1.275913183544         1.288444489251         1.298235879054         1.303665300345         1.303544366026         1.297270730398         1.284919328603         1.267260127774         1.245697611393         1.222135516379         1.198778658105         1.177891011326         1.161534591887         1.151316750146         1.148173661297         1.152215010704         1.162649438909         1.177802725869         1.195231770382         1.211928316819         1.224597184711         1.229987221713         1.225245114175         1.208264065918         1.177985697426         1.134641853799         1.079862782779         1.016708694493         0.949398366193         0.883032814340         0.822483810953         0.771524587903         0.729873877140         0.691621966458         0.639521958593         0.526373360719         0.000000000000
        0.833940820885         0.777064376535         0.780972998129         0.773416965264         0.811534520577         0.853103835736         0.912226306541         0.973963492755         1.038221474717         1.097711453592         1.149549044155         1.190227290280         1.218402225861         1.233719562107         1.237258634784         1.231060750935         1.217936148170         1.201070972793         1.183692796313         1.168733899246         1.158559998793         1.154770945891         1.158093289317         1.168367452538         1.184626104020         1.205250943535         1.228188332620         1.251199159704         1.272115794341         1.289079162855         1.300731937643         1.306349214795         1.305895040776         1.300001537680         1.289875443906         1.277144663407         1.263663081848         1.251296147168         1.241710851927         1.236192904834         1.235510189801         1.239836589652         1.248743199428         1.261256854895         1.275978571838         1.291248190041         1.305336654354         1.316644444064         1.323884194813         1.326227246296         1.323397866592         1.315704852195         1.304006808796         1.289614988358         1.274144342517         1.259329202527         1.246824034920         1.238011424289         1.233838671859         1.234701654155         1.240389395044         1.250096401988         1.262502586923         1.275913189993         1.288444495826         1.298235885799         1.303665307220         1.303544372966         1.297270737317         1.284919335407         1.267260134360         1.245697617693         1.222135522325         1.198778663650         1.177891016457         1.161534596597         1.151316754473         1.148173665289         1.152215014302         1.162649442085         1.177802728591         1.195231772671         1.211928318667         1.224597186131         1.229987222731         1.225245114808         1.208264066227         1.177985697473         1.134641853662         1.079862782532         1.016708694203         0.949398365919         0.883032814115         0.822483810793         0.771524587773         0.729873877060         0.691621966414         0.639521958565         0.526373360704         0.000000000000
        0.833940820896         0.777064376570         0.780972998210         0.773416965397         0.811534520769         0.853103835989         0.912226306847         0.973963493098         1.038221475079         1.097711453956         1.149549044510         1.190227290624         1.218402226205         1.233719562467         1.237258635184         1.231060751396         1.217936148711         1.201070973426         1.183692797038         1.168733900054         1.158559999673         1.154770946823         1.158093290286         1.168367453535         1.184626105059         1.205250944611         1.228188333780         1.251199160965         1.272115795730         1.289079164383         1.300731939327         1.306349216644         1.305895042817         1.300001539925         1.289875446378         1.277144666117         1.263663084825         1.251296150437         1.241710855568         1.236192908798         1.235510194085         1.239836594254         1.248743204323         1.261256859978         1.275978577152         1.291248195424         1.305336659706         1.316644449555         1.323884200357         1.326227251542         1.323397871681         1.315704857375         1.304006814006         1.289614993533         1.274144347623         1.259329207487         1.246824039700         1.238011428913         1.233838676425         1.234701658545         1.240389399415         1.250096406361         1.262502591218         1.275913194449         1.288444500402         1.298235890574         1.303665312176         1.303544378054         1.297270742468         1.284919340535         1.267260139367         1.245697622505         1.222135526871         1.198778667873         1.177891020344         1.161534600134         1.151316757691         1.148173668224         1.152215016927         1.162649444382         1.177802730558         1.195231774325         1.211928320008         1.224597187183         1.229987223532         1.225245115333         1.208264066535         1.177985697597         1.134641853655         1.079862782455         1.016708694106         0.949398365885         0.883032814190         0.822483810968         0.771524587973         0.729873877222         0.691621966576         0.639521958712         0.526373360849         0.000000000000
        0.833940820901         0.777064376585         0.780972998241         0.773416965446         0.811534520838         0.853103836076         0.912226306948         0.973963493211         1.038221475199         1.097711454085         1.149549044655         1.190227290798         1.218402226425         1.233719562753         1.237258635554         1.231060751865         1.217936149285         1.201070974104         1.183692797810         1.168733900903         1.158560000579         1.154770947765         1.158093291248         1.168367454515         1.184626106069         1.205250945655         1.228188334901         1.251199162183         1.272115797074         1.289079165871         1.300731940973         1.306349218452         1.305895044800         1.300001542071         1.289875448699         1.277144668610         1.263663087500         1.251296153309         1.241710858683         1.236192912126         1.235510197633         1.239836598020         1.248743208284         1.261256864001         1.275978581278         1.291248199518         1.305336663729         1.316644453622         1.323884204365         1.326227255154         1.323397875057         1.315704860811         1.304006817556         1.289614997063         1.274144351139         1.259329210941         1.246824043089         1.238011432259         1.233838679797         1.234701661839         1.240389402723         1.250096409698         1.262502594533         1.275913197904         1.288444503941         1.298235894284         1.303665316041         1.303544382040         1.297270746523         1.284919344588         1.267260143339         1.245697626332         1.222135530489         1.198778671218         1.177891023415         1.161534602900         1.151316760171         1.148173670428         1.152215018848         1.162649446015         1.177802731921         1.195231775443         1.211928320902         1.224597187876         1.229987224071         1.225245115699         1.208264066774         1.177985697725         1.134641853708         1.079862782456         1.016708694082         0.949398365861         0.883032814177         0.822483810960         0.771524587941         0.729873877196         0.691621966563         0.639521958704         0.526373360846         0.000000000000
        0.833941181796         0.777065461212         0.780975094117         0.773419953669         0.811538411959         0.853108530188         0.912231628132         0.973969256209         1.038227579694         1.097717995325         1.149556379909         1.190236067695         1.218413364848         1.233734159274         1.237277849282         1.231085643334         1.217967604798         1.201109591557         1.183738827886         1.168787210945         1.158620103095         1.154837063232         1.158164468163         1.168442700038         1.184704521881         1.205331841169         1.228271322292         1.251284197470         1.272203160158         1.289169420726         1.300825886017         1.306447773511         1.305999127502         1.300111928156         1.289992683870         1.277268958587         1.263794273206         1.251433689769         1.241853859852         1.236340201733         1.235660445578         1.239988438688         1.248895370066         1.261408275899         1.276128460732         1.291396113901         1.305482533636         1.316788537557         1.324027019047         1.326369458665         1.323540175427         1.315847886156         1.304151020902         1.289760567356         1.274291140458         1.259476713467         1.246971423596         1.238157563907         1.233982265401         1.234841362496         1.240523960070         1.250224766926         1.262623988411         1.276027224111         1.288551151748         1.298335518995         1.303758583455         1.303632178011         1.297354054684         1.284999122856         1.267337213911         1.245772569072         1.222208599759         1.198849772369         1.177959725616         1.161600202654         1.151378385769         1.148230405324         1.152266029828         1.162694095613         1.177840667995         1.195262986039         1.211953142696         1.224616274822         1.230001475189         1.225255567495         1.208271767518         1.177991595930         1.134646703382         1.079867087492         1.016712701374         0.949402109705         0.883036179999         0.822486634864         0.771526759523         0.729875413948         0.691623000613         0.639522664723         0.526373830587         0.000000000000
        0.833941238915         0.777065627506         0.780975424620         0.773420455227         0.811539094575         0.853109372394         0.912232607463         0.973970337386         1.038228757977         1.097719302075         1.149557919650         1.190238022473         1.218415986233         1.233737749778         1.237282746048         1.231092192677         1.217976104559         1.201120251690         1.183751749903         1.168802378621         1.158637383141         1.154856224383         1.158185212251         1.168464695376         1.184727443488         1.205355408607         1.228295327121         1.251308537272         1.272227861731         1.289194630338         1.300851833963         1.306474735138         1.306027399107         1.300141791302         1.290024368177         1.277302608535         1.263829921584         1.251471249375         1.241893127134         1.236380872747         1.235702147292         1.240030763957         1.248937922952         1.261450715421         1.276170534428         1.291437678360         1.305523567602         1.316829127201         1.324067332675         1.326409720560         1.323580639184         1.315888800103         1.304192582868         1.289802888032         1.274334219071         1.259520435140         1.247015562952         1.238201802337         1.234026218304         1.234884608311         1.240566086234         1.250265417519         1.262662903543         1.276064261212         1.288586293079         1.298368859980         1.303790310836         1.303662537897         1.297383318580         1.285027551224         1.267365018789         1.245799880444         1.222235446652         1.198876074382         1.177985295938         1.161624760126         1.151401583661         1.148251871148         1.152285415054         1.162711121905         1.177855163805         1.195274907030         1.211962576289         1.224623430547         1.230006658201         1.225259147215         1.208274142549         1.177993151396         1.134647769552         1.079867912408         1.016713434132         0.949402808755         0.883036839503         0.822487217609         0.771527230761         0.729875769223         0.691623265516         0.639522874546         0.526374000546         0.000000000000
        0.833941246823         0.777065649353         0.780975464916         0.773420513936         0.811539172073         0.853109463413         0.912232709492         0.973970446468         1.038228879854         1.097719449442         1.149558120093         1.190238314844         1.218416421649         1.233738388034         1.237283650862         1.231093425089         1.217977713169         1.201122269624         1.183754190302         1.168805234023         1.158640626234         1.154859811187         1.158189087297         1.168468797324         1.184731711793         1.205359789979         1.228299783071         1.251313048226         1.272232426660         1.289199265544         1.300856570836         1.306479615685         1.306032470573         1.300147098950         1.290029948053         1.277308482463         1.263836093388         1.251477703719         1.241899830436         1.236387776491         1.235709193375         1.240037891264         1.248945072664         1.261457834979         1.276177583892         1.291444635338         1.305530427503         1.316835903156         1.324074054143         1.326416427290         1.323587375407         1.315895605952         1.304199489502         1.289809911743         1.274341359684         1.259527673663         1.247022863230         1.238209116233         1.234033487621         1.234891773652         1.240573088354         1.250272202404         1.262669427841         1.276070498388         1.288592237516         1.298374525864         1.303795728476         1.303667746832         1.297388360839         1.285032465166         1.267369833889         1.245804613159         1.222240097626         1.198880626785         1.177989716479         1.161629003021         1.151405593994         1.148255589949         1.152288784895         1.162714093244         1.177857701817         1.195276997075         1.211964226613         1.224624671355         1.230007537728         1.225259725446         1.208274485707         1.177993326180         1.134647837019         1.079867922766         1.016713423833         0.949402799738         0.883036841763         0.822487232129         0.771527253320         0.729875794936         0.691623290901         0.639522898440         0.526374021824         0.000000000000
        0.833941248112         0.777065652548         0.780975469819         0.773420520210         0.811539179283         0.853109470160         0.912232715642         0.973970452033         1.038228887723         1.097719464321         1.149558150240         1.190238370675         1.218416516072         1.233738535415         1.237283865768         1.231093720841         1.217978099891         1.201122753638         1.183754773337         1.168805913397         1.158641395149         1.154860659578         1.158190002789         1.168469766504         1.184732721544         1.205360829221         1.228300843819         1.251314126145         1.272233521130         1.289200379719         1.300857711014         1.306480790402         1.306033689142         1.300148369986         1.290031278308         1.277309875662         1.263837549645         1.251479219403         1.241901398549         1.236389387274         1.235710835154         1.240039551486         1.248946738808         1.261459496065         1.276179231607         1.291446264827         1.305532037767         1.316837496648         1.324075636809         1.326418007028         1.323588960872         1.315897205415         1.304201109077         1.289811554758         1.274343025618         1.259529358173         1.247024558139         1.238210810718         1.234035169584         1.234893430259         1.240574707891         1.250273775068         1.262670946313         1.276071957778         1.288593635722         1.298375864060         1.303797011511         1.303668982019         1.297389556369         1.285033628505         1.267370970728         1.245805726293         1.222241186645         1.198881687945         1.177990742667         1.161629984415         1.151406519175         1.148256446751         1.152289561585         1.162714779612         1.177858290374         1.195277483917         1.211964612293         1.224624961148         1.230007741230         1.225259855489         1.208274557083         1.177993354297         1.134647836648         1.079867906590         1.016713401925         0.949402778995         0.883036826128         0.822487222908         0.771527249866         0.729875795570         0.691623293678         0.639522901969         0.526374025380         0.000000000000
        0.833941248361         0.777065653088         0.780975470397         0.773420520671         0.811539179415         0.853109469556         0.912232714331         0.973970450195         1.038228886407         1.097719465120         1.149558155704         1.190238383880         1.218416540649         1.233738575276         1.237283924728         1.231093802275         1.217978206251         1.201122886323         1.183754932548         1.168806098246         1.158641603781         1.154860889404         1.158190250775         1.168470029311         1.184732996102         1.205361113004         1.228301135021         1.251314423768         1.272233825106         1.289200690840         1.300858030807         1.306481120810         1.306034032258         1.300148727562         1.290031651698         1.277310265484         1.263837955700         1.251479640750         1.241901833368         1.236389833213         1.235711289457         1.240040011160         1.248947200780         1.261459957713         1.276179690924         1.291446720702         1.305532489928         1.316837945610         1.324076083695         1.326418453602         1.323589408872         1.315897656533         1.304201564668         1.289812015396         1.274343491068         1.259529827219         1.247025028734         1.238211280028         1.234035634635         1.234893887983         1.240575155362         1.250274210002         1.262671367082         1.276072363488         1.288594026089         1.298376239073         1.303797371831         1.303669328872         1.297389891371         1.285033953188         1.267371286281         1.245806033248         1.222241484859         1.198881976466         1.177991019905         1.161630248151         1.151406766806         1.148256675499         1.152289768719         1.162714962738         1.177858447695         1.195277614442         1.211964716039         1.224625039260         1.230007795968         1.225259890036         1.208274575244         1.177993360167         1.134647834267         1.079867899561         1.016713393207         0.949402770720         0.883036819601         0.822487218639         0.771527247716         0.729875795003         0.691623294006         0.639522902654         0.526374026152         0.000000000000
        0.833941248427         0.777065653215         0.780975470483         0.773420520657         0.811539179218         0.853109469045         0.912232713520         0.973970449169         1.038228885534         1.097719464947         1.149558157075         1.190238387792         1.218416548255         1.233738587782         1.237283943297         1.231093827906         1.217978239641         1.201122927845         1.183754982216         1.168806155770         1.158641668609         1.154860960801         1.158190327895         1.168470111258         1.184733082072         1.205361202351         1.228301227294         1.251314518727         1.272233922757         1.289200791411         1.300858134711         1.306481228528         1.306034144322         1.300148844324         1.290031773461         1.277310392320         1.263838087490         1.251479777173         1.241901973956         1.236389977259         1.235711436203         1.240040159802         1.248947350483         1.261460107733         1.276179840739         1.291446869969         1.305532638549         1.316838093658         1.324076231431         1.326418601360         1.323589557111         1.315897805464         1.304201714656         1.289812166531         1.274343643150         1.259529979912         1.247025181447         1.238211431940         1.234035784896         1.234894035734         1.240575299823         1.250274350501         1.262671503195         1.276072494933         1.288594152865         1.298376361182         1.303797489314         1.303669441930         1.297390000290         1.285034058284         1.267371387811         1.245806131300         1.222241579363         1.198882067186         1.177991106438         1.161630329948         1.151406843219         1.148256745836         1.152289832284         1.162715018907         1.177858495987         1.195277654583         1.211964748024         1.224625063396         1.230007812917         1.225259900662         1.208274580706         1.177993361711         1.134647833151         1.079867896933         1.016713390030         0.949402767704         0.883036817192         0.822487217020         0.771527246850         0.729875794707         0.691623294039         0.639522902823         0.526374026359         0.000000000000
        0.833941248450         0.777065653258         0.780975470506         0.773420520638         0.811539179125         0.853109468829         0.912232713189         0.973970448757         1.038228885179         1.097719464853         1.149558157552         1.190238389202         1.218416551009         1.233738592306         1.237283949993         1.231093837127         1.217978251624         1.201122942712         1.183754999967         1.168806176305         1.158641691747         1.154860986304         1.158190355496         1.168470140676         1.184733113066         1.205361234732         1.228301260929         1.251314553546         1.272233958792         1.289200828676         1.300858173359         1.306481268695         1.306034186141         1.300148887902         1.290031818862         1.277310439535         1.263838136465         1.251479827794         1.241902026059         1.236390030669         1.235711490640         1.240040214992         1.248947406175         1.261460163702         1.276179896806         1.291446926016         1.305532694523         1.316838149585         1.324076287373         1.326418657297         1.323589613189         1.315897861747         1.304201771252         1.289812223361         1.274343700164         1.259530036984         1.247025238405         1.238211488446         1.234035840733         1.234894090566         1.240575353424         1.250274402661         1.262671553777         1.276072543848         1.288594200112         1.298376406770         1.303797533215         1.303669484158         1.297390040880         1.285034097300         1.267371425303         1.245806167274         1.222241613794         1.198882099999         1.177991137520         1.161630359151         1.151406870364         1.148256770735         1.152289854739         1.162715038738         1.177858513048         1.195277668787         1.211964759368         1.224625071974         1.230007818934         1.225259904431         1.208274582617         1.177993362202         1.134647832669         1.079867895895         1.016713388788         0.949402766524         0.883036816242         0.822487216372         0.771527246493         0.729875794571         0.691623294033         0.639522902871         0.526374026424         0.000000000000
        0.833941248458         0.777065653273         0.780975470512         0.773420520625         0.811539179080         0.853109468733         0.912232713043         0.973970448577         1.038228885018         1.097719464797         1.149558157726         1.190238389755         1.218416552108         1.233738594125         1.237283952698         1.231093840844         1.217978256446         1.201122948686         1.183755007090         1.168806184541         1.158641701030         1.154860996544         1.158190366599         1.168470152539         1.184733125609         1.205361247892         1.228301274661         1.251314567825         1.272233973619         1.289200844075         1.300858189373         1.306481285367         1.306034203510         1.300148906001         1.290031837706         1.277310459111         1.263838156747         1.251479848736         1.241902047604         1.236390052741         1.235711513147         1.240040237874         1.248947429267         1.261460186960         1.276179920157         1.291446949417         1.305532717946         1.316838173018         1.324076310836         1.326418680795         1.323589636747         1.315897885374         1.304201794963         1.289812247135         1.274343723967         1.259530060762         1.247025262078         1.238211511900         1.234035863869         1.234894113277         1.240575375614         1.250274424262         1.262671574741         1.276072564136         1.288594219723         1.298376425712         1.303797551464         1.303669501704         1.297390057722         1.285034113449         1.267371440765         1.245806182048         1.222241627866         1.198882113341         1.177991150096         1.161630370913         1.151406881256         1.148256780697         1.152289863707         1.162715046651         1.177858519855         1.195277674457         1.211964763901         1.224625075407         1.230007821347         1.225259905945         1.208274583385         1.177993362397         1.134647832470         1.079867895470         1.016713388279         0.949402766040         0.883036815851         0.822487216105         0.771527246343         0.729875794512         0.691623294028         0.639522902888         0.526374026448         0.000000000000
        0.833941251118         0.777065661513         0.780975487947         0.773420548075         0.811539217450         0.853109517812         0.912232770750         0.973970512293         1.038228953760         1.097719540716         1.149558246867         1.190238502892         1.218416704119         1.233738802173         1.237284234820         1.231094213925         1.217978734872         1.201123542825         1.183755722195         1.168807020335         1.158642652008         1.154862053576         1.158191518400         1.168471387376         1.184734432347         1.205362617737         1.228302703161         1.251316055477         1.272235526082         1.289202471018         1.300859903393         1.306483100723         1.306036133496         1.300150962074         1.290034027237         1.277312784530         1.263840615010         1.251482431813         1.241904742430         1.236392842305         1.235714377930         1.240043157003         1.248950382673         1.261463156782         1.276182892280         1.291449913953         1.305535669398         1.316841109983         1.324079234825         1.326421595649         1.323592547238         1.315900794982         1.304204704678         1.289815154896         1.274346623349         1.259532941370         1.247028109289         1.238214308261         1.234038589989         1.234896750041         1.240577905235         1.250276831839         1.262673849429         1.276074700016         1.288596216355         1.298378287871         1.303799289044         1.303671128149         1.297391588022         1.285035562666         1.267372821905         1.245807504751         1.222242897296         1.198883329827         1.177992308944         1.161631463330         1.151407895967         1.148257705437         1.152290687051         1.162715760134         1.177859119376         1.195278161295         1.211965144841         1.224625362255         1.230008029608         1.225260053257         1.208274687394         1.177993438853         1.134647893530         1.079867948979         1.016713437613         0.949402811043         0.883036854339         0.822487245444         0.771527265369         0.729875804282         0.691623297627         0.639522903556         0.526374026012         0.000000000000
        0.833941255738         0.777065674828         0.780975512561         0.773420583262         0.811539262587         0.853109571636         0.912232831369         0.973970577900         1.038229023697         1.097719615845         1.149558330862         1.190238601995         1.218416826768         1.233738958700         1.237284436431         1.231094471528         1.217979057526         1.201123936692         1.183756189962         1.168807561095         1.158643261521         1.154862724571         1.158192241437         1.168472151957         1.184735228852         1.205363438531         1.228303542993         1.251316912168         1.272236400557         1.289203367261         1.300860827932         1.306484061290         1.306037138620         1.300152019321         1.290035142247         1.277313960341         1.263841851547         1.251483725451         1.241906086352         1.236394227045         1.235715792398         1.240044589756         1.248951822634         1.261464594438         1.276184320324         1.291451328012         1.305537068470         1.316842496221         1.324080612829         1.326422971445         1.323593927611         1.315902186159         1.304206111366         1.289816579325         1.274348064443         1.259534394701         1.247029567412         1.238215761175         1.234040026021         1.234898156985         1.240579271637         1.250278148031         1.262675108223         1.276075897659         1.288597352258         1.298379364932         1.303800311956         1.303672103378         1.297392523051         1.285036464722         1.267373697180         1.245808357095         1.222243727861         1.198884136830         1.177993087782         1.161632207206         1.151408596468         1.148258353615         1.152291274684         1.162716280393         1.177859567675         1.195278536040         1.211965447823         1.224625598750         1.230008207618         1.225260182939         1.208274779853         1.177993505084         1.134647943235         1.079867989788         1.016713474389         0.949402845997         0.883036887358         0.822487275385         0.771527290856         0.729875824657         0.691623313054         0.639522915054         0.526374034264         0.000000000000
        0.833941256259         0.777065676269         0.780975515236         0.773420586986         0.811539267282         0.853109576821         0.912232837069         0.973970583789         1.038229029955         1.097719622938         1.149558339731         1.190238613828         1.218416843247         1.233738981730         1.237284468111         1.231094513679         1.217979111583         1.201124003541         1.183756269854         1.168807653670         1.158643365932         1.154862839449         1.158192365052         1.168472282560         1.184735364875         1.205363578540         1.228303686061         1.251317057693         1.272236548566         1.289203518275         1.300860983058         1.306484221950         1.306037306321         1.300152195540         1.290035328216         1.277314156857         1.263842058802         1.251483942869         1.241906312864         1.236394460873         1.235716031624         1.240044832204         1.248952066116         1.261464837081         1.276184560847         1.291451565601         1.305537303085         1.316842728352         1.324080843543         1.326423202160         1.323594159785         1.315902421249         1.304206350511         1.289816823120         1.274348312948         1.259534647230         1.247029822663         1.238216017155         1.234040280545         1.234898407694         1.240579516259         1.250278384490         1.262675335227         1.276076114456         1.288597558888         1.298379561787         1.303800500217         1.303672284568         1.297392698576         1.285036635830         1.267373864682         1.245808521423         1.222243888717         1.198884293387         1.177993238727         1.161632350872         1.151408730978         1.148258477234         1.152291385939         1.162716378143         1.177859651378         1.195278605574         1.211965503647         1.224625641782         1.230008239277         1.225260205002         1.208274794239         1.177993513742         1.134647948035         1.079867992354         1.016713475997         0.949402847598         0.883036889452         0.822487278103         0.771527294024         0.729875828058         0.691623316409         0.639522918156         0.526374036894         0.000000000000
        0.833941256319         0.777065676405         0.780975515426         0.773420587213         0.811539267543         0.853109577028         0.912232837281         0.973970583960         1.038229030228         1.097719623339         1.149558340517         1.190238615229         1.218416845586         1.233738985354         1.237284473370         1.231094520863         1.217979120911         1.201124015141         1.183756283756         1.168807669797         1.158643384102         1.154862859411         1.158192386538         1.168472305302         1.184735388609         1.205363603059         1.228303711133         1.251317083250         1.272236574607         1.289203544885         1.300861010407         1.306484250262         1.306037335874         1.300152226579         1.290035360896         1.277314191308         1.263842095001         1.251483980794         1.241906352200         1.236394501380         1.235716072951         1.240044873970         1.248952107954         1.261464878736         1.276184602011         1.291451606189         1.305537343058         1.316842767840         1.324080882736         1.326423241330         1.323594199170         1.315902461125         1.304206391044         1.289816864412         1.274348354967         1.259534689868         1.247029865757         1.238216060337         1.234040323471         1.234898449963         1.240579557489         1.250278424350         1.262675373501         1.276076150995         1.288597593614         1.298379594813         1.303800531811         1.303672314864         1.297392727907         1.285036664459         1.267373892797         1.245808549094         1.222243915921         1.198884319900         1.177993264302         1.161632375172         1.151408753640         1.148258497947         1.152291404370         1.162716394141         1.177859664866         1.195278616586         1.211965512317         1.224625648317         1.230008243931         1.225260208050         1.208274795970         1.177993514450         1.134647948017         1.079867991883         1.016713475328         0.949402846930         0.883036888942         0.822487277835         0.771527294013         0.729875828253         0.691623316718         0.639522918498         0.526374037214         0.000000000000
        0.833941256326         0.777065676420         0.780975515441         0.773420587225         0.811539267551         0.853109577016         0.912232837264         0.973970583930         1.038229030216         1.097719623358         1.149558340622         1.190238615462         1.218416846017         1.233738986050         1.237284474399         1.231094522280         1.217979122757         1.201124017437         1.183756286507         1.168807672986         1.158643387694         1.154862863358         1.158192390789         1.168472309805         1.184735393312         1.205363607916         1.228303716109         1.251317088329         1.272236579787         1.289203550183         1.300861015855         1.306484255901         1.306037341778         1.300152232744         1.290035367379         1.277314198126         1.263842102152         1.251483988254         1.241906359931         1.236394509352         1.235716081045         1.240044882142         1.248952116136         1.261464886873         1.276184610064         1.291451614137         1.305537350902         1.316842775598         1.324080890443         1.326423249059         1.323594206912         1.315902468953         1.304206398995         1.289816872501         1.274348363193         1.259534698209         1.247029874173         1.238216068771         1.234040331882         1.234898458250         1.240579565555         1.250278432160         1.262675381013         1.276076158174         1.288597600453         1.298379601332         1.303800538042         1.303672320850         1.297392733696         1.285036670100         1.267373898330         1.245808554568         1.222243921274         1.198884325128         1.177993269349         1.161632379967         1.151408758107         1.148258502011         1.152291407972         1.162716397244         1.177859667456         1.195278618676         1.211965513937         1.224625649515         1.230008244763         1.225260208574         1.208274796244         1.177993514529         1.134647947959         1.079867991738         1.016713475146         0.949402846750         0.883036888797         0.822487277744         0.771527294008         0.729875828267         0.691623316760         0.639522918549         0.526374037265         0.000000000000
