        0.717298546872         0.643884770261         0.644962393848         0.612726928203         0.612775447049         0.612935829661         0.607492352733         0.602507937622         0.616508022138         0.629891967241         0.633845353296         0.622552369119         0.615577143881         0.616175777109         0.619944305868         0.621438129042         0.620491172592         0.619173657349         0.619088876387         0.619510971997         0.619629557439         0.618942878715         0.617684072957         0.616964629253         0.616741200826         0.616286160919         0.616181463074         0.616990961681         0.617085972403         0.615940312134         0.614978079535         0.615840184725         0.616223264306         0.616771543485         0.617812069758         0.618485188615         0.618302188699         0.616520754983         0.614807536004         0.613682021342         0.613204627250         0.613628921561         0.614044011130         0.615254906068         0.616596126485         0.617408759530         0.616417362603         0.614919213956         0.613474910591         0.612670680242         0.612229606373         0.612396406598         0.613072202317         0.613639856347         0.614026561660         0.613771756339         0.613973636307         0.614215216767         0.614419818558         0.614693101560         0.614547846845         0.614240479629         0.614858312984         0.615384923626         0.616075775780         0.616875257811         0.617973669303         0.618911917941         0.619604412788         0.619623127521         0.620107585903         0.620449892533         0.620929659962         0.621156941518         0.621099794355         0.620894959204         0.621116502525         0.620984357570         0.620727762086         0.620643943010         0.619424893388         0.617760589097         0.616682647481         0.617013757528         0.619687457303         0.625118895284         0.631249589203         0.635338187218         0.635537479953         0.633293066597         0.634339604098         0.644669142068         0.665170088814         0.687700619402         0.698645595287         0.692130692797         0.664529156727         0.628318054755         0.520771367909         0.000000000000
        0.788981731407         0.739150679385         0.778548380500         0.775853977716         0.812378227619         0.811196934971         0.793579817148         0.759363202063         0.733204373361         0.723126126248         0.727130133924         0.733698382951         0.733987183390         0.726556048520         0.716207957446         0.708657033374         0.706355825466         0.707881095845         0.710035013413         0.710415963791         0.708687584466         0.706120206207         0.704246320391         0.703758861059         0.704301609423         0.705013093924         0.705230089864         0.704831764279         0.704143924172         0.703606314234         0.703450599496         0.703626620451         0.703897323869         0.704037808864         0.703975326518         0.703784540669         0.703592168547         0.703478992366         0.703455662911         0.703488349300         0.703530940593         0.703561694801         0.703575444479         0.703596464676         0.703596269450         0.703554641810         0.703459154522         0.703354543677         0.703309770710         0.703364059562         0.703478813844         0.703572633253         0.703574428015         0.703475891725         0.703347845965         0.703299361077         0.703399766453         0.703610367916         0.703805806858         0.703836182090         0.703673000606         0.703449509317         0.703411475879         0.703724440734         0.704328688569         0.704890885584         0.705049245232         0.704681952315         0.704146096599         0.704117363250         0.705117352284         0.706989666049         0.708798349873         0.709390186874         0.708410891926         0.706939506575         0.707083333801         0.710438744938         0.716511248014         0.722418407476         0.724650171115         0.722068166866         0.717917445028         0.718418372079         0.728151979233         0.745566444817         0.762410138976         0.768775749514         0.761246958758         0.747980321567         0.744658641033         0.761976602636         0.796311470203         0.828066572588         0.832994454035         0.799978609497         0.737756220626         0.665063460509         0.537646126072         0.000000000000
        0.796534851317         0.748068436699         0.792495320226         0.793377791495         0.834991931621         0.836411969682         0.819011587653         0.782999948356         0.754705720978         0.744943924638         0.751947637016         0.762617616712         0.764481781834         0.754117846661         0.737570562254         0.724264083529         0.719613690304         0.722287889164         0.726734299624         0.727858049609         0.724294870018         0.718410820438         0.713720581545         0.712190767474         0.713311819600         0.715072906642         0.715662595714         0.714605130833         0.712716550225         0.711206499109         0.710756389850         0.711202175474         0.711865486553         0.712130735428         0.711834347831         0.711246782672         0.710771008035         0.710635555402         0.710787080667         0.711007071263         0.711101406187         0.711025873394         0.710874819965         0.710768931150         0.710755136344         0.710793645654         0.710814619230         0.710790855795         0.710758588476         0.710777398310         0.710861029911         0.710953146790         0.710967842684         0.710870561953         0.710731959517         0.710695881682         0.710869001000         0.711208562210         0.711514280448         0.711555200115         0.711275210670         0.710904662151         0.710855745552         0.711419309254         0.712465870437         0.713422160143         0.713638883886         0.712951796341         0.712012531106         0.711996316150         0.713741053732         0.716902079982         0.719876401755         0.720809207622         0.719205178569         0.716870343293         0.717081234000         0.722158169997         0.731175659642         0.739802138163         0.742981937578         0.739277227353         0.733347508697         0.733551448072         0.745652101500         0.767319604028         0.787837399812         0.795232947057         0.785865485762         0.769502528620         0.763939801400         0.781129323348         0.816750389759         0.849305210358         0.852865422151         0.815511669021         0.747886589448         0.669802805231         0.539585885461         0.000000000000
        0.798502793003         0.750403938469         0.796113336191         0.797887429297         0.840665695275         0.842606226598         0.825064026119         0.788791142398         0.760388170839         0.751037395865         0.758975621931         0.770622865406         0.772646293076         0.761297688666         0.743031706367         0.728274381233         0.723230163529         0.726515591340         0.731805224623         0.733138961406         0.728819036778         0.721617729011         0.715830110240         0.713940732244         0.715374747612         0.717625257545         0.718372189954         0.716972467718         0.714469824359         0.712458140723         0.711857912794         0.712463534073         0.713361412181         0.713711239005         0.713284575201         0.712456253689         0.711792659510         0.711618018587         0.711854972565         0.712181809353         0.712312802327         0.712183775069         0.711937892871         0.711764474580         0.711747896293         0.711832200423         0.711902210292         0.711895257046         0.711846497041         0.711841418152         0.711921147157         0.712031723784         0.712065452840         0.711966122587         0.711808554695         0.711767329778         0.711979935213         0.712401032079         0.712783691074         0.712840964386         0.712500398756         0.712048138125         0.711995834168         0.712700642627         0.713997086165         0.715176679238         0.715443699490         0.714607745970         0.713473140516         0.713464856626         0.715575876160         0.719367266166         0.722913086278         0.724020534028         0.722131632287         0.719394763329         0.719626223428         0.725466003586         0.735784812738         0.745599246239         0.749202383771         0.745040398272         0.738383020528         0.738484951441         0.751534738429         0.774756749318         0.796685499049         0.804414024220         0.794335874571         0.776794772641         0.770297502788         0.787207989039         0.822970467959         0.855653233379         0.858680404247         0.819982119953         0.750765993092         0.671141401788         0.540114052620         0.000000000000
        0.799167033272         0.751181669835         0.797317339967         0.799388645790         0.842597540496         0.844724760201         0.827147170340         0.790795363975         0.762362729429         0.753158633440         0.761386997493         0.773340008852         0.775428846106         0.763763436499         0.744942837632         0.729719873030         0.724572661533         0.728099733247         0.733699406459         0.735106997912         0.730502346069         0.722798730969         0.716592010186         0.714571324310         0.716139715782         0.718592541800         0.719403528752         0.717857296574         0.715090393145         0.712861643282         0.712197551475         0.712876624879         0.713881839597         0.714270578521         0.713782443846         0.712839295622         0.712084599570         0.711888898444         0.712164958011         0.712542461426         0.712691094312         0.712536227088         0.712243738197         0.712036674478         0.712017321997         0.712121719637         0.712212291960         0.712209547476         0.712149930463         0.712132970492         0.712212375116         0.712333321858         0.712375811280         0.712273051332         0.712102944617         0.712056802660         0.712287728089         0.712748463711         0.713168631982         0.713233142196         0.712862097947         0.712369150901         0.712313988208         0.713084491832         0.714497473895         0.715780364208         0.716070029381         0.715164815668         0.713939676727         0.713932064000         0.716202764833         0.720269496325         0.724063486752         0.725245876424         0.723233478777         0.720320294293         0.720550348388         0.726694355333         0.737538545121         0.747821285671         0.751584811646         0.747229974742         0.740270785209         0.740283023712         0.753589026523         0.777273102980         0.799593070795         0.807435741939         0.797068655962         0.779113700407         0.772286527580         0.789113929050         0.824968499263         0.857728926605         0.860578478259         0.821454018922         0.751711165340         0.671581410075         0.540289099080         0.000000000000
        0.799436255942         0.751497440664         0.797801505985         0.799990665081         0.843371668804         0.845566704508         0.827981172785         0.791592385476         0.763133271611         0.754000246744         0.762346478406         0.774419540864         0.776536566009         0.764755995467         0.745731881461         0.730342161780         0.725168700985         0.728795255147         0.734517188634         0.735947556016         0.731222993253         0.723313060624         0.716934824422         0.714862130220         0.716488746952         0.719026550745         0.719862793122         0.718251617763         0.715368989472         0.713045332023         0.712353691783         0.713065659958         0.714118441846         0.714523763348         0.714006698893         0.713010261823         0.712213147928         0.712007236322         0.712300833012         0.712701241533         0.712857442737         0.712689934106         0.712375218396         0.712152129878         0.712131100577         0.712244195825         0.712343262716         0.712341200031         0.712275619612         0.712253033899         0.712332793475         0.712458972394         0.712505154495         0.712399594532         0.712222248683         0.712173165223         0.712413105449         0.712893409771         0.713331803719         0.713399269819         0.713012674297         0.712499603159         0.712443284406         0.713246111039         0.714715586564         0.716047751412         0.716347413738         0.715408431195         0.714140490293         0.714134845402         0.716483479197         0.720681635266         0.724591489247         0.725806421538         0.723734366354         0.720739880824         0.720974362798         0.727266384798         0.738355999546         0.748845313000         0.752661106191         0.748200803892         0.741106675821         0.741085987163         0.754495067211         0.778363734832         0.800828230545         0.808706453865         0.798170327968         0.780014851189         0.773047332926         0.789843098520         0.825740146863         0.858540263678         0.861324952449         0.822032870221         0.752080594419         0.671752798626         0.540357699168         0.000000000000
        0.799572797227         0.751660020520         0.798047642996         0.800294643626         0.843762266066         0.845993667346         0.828415164474         0.792011926213         0.763535310805         0.754447492108         0.762849605859         0.774981441655         0.777113843153         0.765282717315         0.746168007450         0.730701669727         0.725515854610         0.729182040738         0.734954062935         0.736386481811         0.731598239556         0.723586396915         0.717124143314         0.715025194999         0.716678101423         0.719254359947         0.720100200846         0.718456051456         0.715516839411         0.713147093587         0.712441877105         0.713169133567         0.714243950063         0.714656253958         0.714124369684         0.713101603714         0.712283617366         0.712072473430         0.712374170240         0.712785158889         0.712944472557         0.712770364105         0.712444589158         0.712213600989         0.712191605327         0.712308574826         0.712411207863         0.712408893036         0.712340055460         0.712314726188         0.712394850528         0.712523653693         0.712571353971         0.712463842603         0.712282410425         0.712231749094         0.712476462722         0.712966891759         0.713414448935         0.713483000728         0.713088054210         0.712564671902         0.712508213316         0.713328207611         0.714826843144         0.716183755403         0.716487644331         0.715530830825         0.714241502316         0.714238542236         0.716629096270         0.720895408550         0.724863152716         0.726091876938         0.723987331150         0.720952155042         0.721193189403         0.727565978475         0.738781717526         0.749369703366         0.753197358380         0.748673159278         0.741512693910         0.741480981528         0.754950923589         0.778917985596         0.801453642113         0.809343976067         0.798713096707         0.780455950223         0.773427536113         0.790213179333         0.826133115723         0.858949377007         0.861696875832         0.822316961230         0.752260323872         0.671836018599         0.540391895938         0.000000000000
        0.823390912290         0.786960805418         0.849483688721         0.860963860042         0.914513479734         0.923824882629         0.912832547745         0.881761109695         0.857433017541         0.851764880463         0.862875739818         0.876994197293         0.879816113687         0.866904774423         0.845180800639         0.826851080484         0.820099133048         0.824101492328         0.830877985310         0.831948921521         0.824279196523         0.811548268606         0.800535692240         0.795912477897         0.797349530370         0.800658449622         0.801362406189         0.797810283503         0.791751545805         0.786472523951         0.784233311696         0.784884315988         0.786471893305         0.786964613505         0.785633545807         0.783247649454         0.781207391287         0.780409519299         0.780729073855         0.781366620566         0.781576685388         0.781177989887         0.780529401644         0.780105651857         0.780065625819         0.780207939447         0.780249689332         0.780141918961         0.780121894240         0.780454635627         0.781112781184         0.781713197967         0.781816065303         0.781362306337         0.780856832472         0.781064274514         0.782383213320         0.784391690874         0.786009757312         0.786278865412         0.785224295588         0.784078863505         0.784529819535         0.787399350944         0.791765702371         0.795358489889         0.796177857406         0.794204656083         0.791865677748         0.792536458377         0.797934050198         0.806394500848         0.813612185425         0.815612271993         0.812107917502         0.807422072824         0.807817509973         0.816704731195         0.831420243011         0.844343649861         0.848140395070         0.841668226703         0.831943494137         0.829794865562         0.841706457431         0.863973625895         0.883972887079         0.888533876730         0.874223689873         0.851666470307         0.839199850792         0.849121117570         0.877173225832         0.901332365755         0.895374021322         0.846797855630         0.768049313946         0.679426558589         0.543438109130         0.000000000000
        0.833891968060         0.801521144756         0.870997037579         0.887075636740         0.946153828862         0.959562314279         0.952159664369         0.924552389395         0.903784479387         0.902167244336         0.917457646775         0.935288742250         0.940826882691         0.929515518531         0.908886244860         0.891943609341         0.887453885980         0.894437451973         0.903944439269         0.906240897509         0.897718181562         0.882783608033         0.869876951287         0.865089834115         0.868255949900         0.873727170151         0.875062984460         0.869600162263         0.859867245057         0.851152571310         0.847437723300         0.848801904369         0.851897024095         0.852796548543         0.849844971025         0.844440352526         0.839555051898         0.837394452227         0.837961116505         0.839454858373         0.839924198767         0.838692141255         0.836558087371         0.834851198355         0.834284103962         0.834541547868         0.834824066315         0.834719714442         0.834552022053         0.834928827452         0.835982960112         0.837081417799         0.837346774830         0.836577519166         0.835698729415         0.836186185100         0.838806806554         0.842728347540         0.845876896726         0.846472340693         0.844627321139         0.842628311881         0.843452796383         0.848406568962         0.855756483571         0.861663353560         0.862958355421         0.859793135418         0.856030222599         0.856702903549         0.864121679301         0.875667989478         0.885225246720         0.887521361194         0.882406035794         0.875628720238         0.875037814128         0.884634287461         0.900974065791         0.914908685008         0.918005516716         0.909183385017         0.896516232482         0.891933365230         0.902354796592         0.923613902812         0.942112501957         0.943925508459         0.925643560454         0.898528988405         0.881679919041         0.887795426509         0.912332890937         0.932423485490         0.921242050091         0.865889197339         0.780386391042         0.685378754438         0.545992677633         0.000000000000
        0.836490957592         0.805027163687         0.876157840895         0.893352541780         0.953691963486         0.967942099356         0.961163268318         0.934160887344         0.914112497643         0.913503853229         0.929930015506         0.948809308258         0.955097480361         0.944230870000         0.923960695539         0.907550881600         0.903916400356         0.911945968955         0.922386322002         0.925212100961         0.916742651178         0.901658048580         0.888781513394         0.884498711222         0.888527064607         0.894820715460         0.896476978068         0.890669673688         0.880229927622         0.870990625991         0.867345879263         0.869339634811         0.873127602948         0.874234771449         0.870773748979         0.864431587495         0.858768547036         0.856424865324         0.857379620389         0.859383327099         0.859983403591         0.858328528116         0.855479170682         0.853209041880         0.852521768368         0.853032716380         0.853609602317         0.853562136189         0.853202328873         0.853349963685         0.854361912137         0.855630621363         0.856104854829         0.855404291344         0.854450827767         0.854909091725         0.857760028885         0.862161377111         0.865801195024         0.866612476178         0.864625930718         0.862363996871         0.863180103588         0.868596237931         0.876723905414         0.883306037931         0.884794570266         0.881314728362         0.877082040666         0.877591032482         0.885375253203         0.897624731195         0.907743508844         0.910072711676         0.904428578379         0.896909464378         0.895819606365         0.905375368641         0.921969579103         0.936048745913         0.938809106367         0.929116876974         0.915341294010         0.909796279198         0.919612427166         0.940510579864         0.958563454674         0.959528422277         0.939952699477         0.911329205126         0.893083052505         0.898122934998         0.921817332280         0.940970404787         0.928483400379         0.871280544829         0.783867136470         0.687059334448         0.546719888813         0.000000000000
        0.837276173834         0.806085370594         0.877713679709         0.895237747407         0.955913585056         0.970374586220         0.963721492189         0.936852127961         0.916999753547         0.916697054778         0.933471331598         0.952650250394         0.959118478195         0.948322327659         0.928108672274         0.911841313660         0.908470393355         0.916825352040         0.927533240528         0.930474760021         0.921971943217         0.906814407731         0.893960357522         0.889856743166         0.894159292344         0.900690787968         0.902413449414         0.896483428261         0.885852457018         0.876514997267         0.872962468524         0.875180135583         0.879164859666         0.880289542074         0.876640795864         0.870031530198         0.864197275748         0.861881358146         0.863005502326         0.865157792854         0.865752462210         0.863925058402         0.860847306055         0.858446356333         0.857792579142         0.858437585857         0.859115797490         0.859046875465         0.858564948693         0.858597915861         0.859601657348         0.860973110956         0.861573372316         0.860919045443         0.859912372770         0.860293834642         0.863153303656         0.867680148397         0.871503021947         0.872435939375         0.870435789929         0.868072001767         0.868823061531         0.874313033907         0.882647915662         0.889450245655         0.891038422889         0.887481749505         0.883080295794         0.883476051116         0.891302005601         0.903726965168         0.914021375953         0.916386080459         0.910583678354         0.902812645228         0.901510236371         0.910999990316         0.927653942706         0.941793122391         0.944479202088         0.934537336509         0.920408870174         0.914537074614         0.924150190169         0.944954604404         0.962911551340         0.963672133665         0.943746598486         0.914695389027         0.896047188204         0.900792861144         0.924284573616         0.943228178599         0.930425333253         0.872734487111         0.784807656824         0.687508574536         0.546907581087         0.000000000000
        0.837540668099         0.806445070163         0.878241351396         0.895875569621         0.956648856149         0.971163399690         0.964532650684         0.937696797575         0.917912217224         0.917717477296         0.934610193225         0.953878736680         0.960387371096         0.949593306896         0.929387905722         0.913172160893         0.909900297699         0.918369351100         0.929157983675         0.932116078766         0.923581877722         0.908389105422         0.895549546252         0.891520635051         0.895924742438         0.902529085966         0.904253119130         0.898260468345         0.887558084979         0.878199960127         0.874698946851         0.877002414623         0.881048855544         0.882160247271         0.878429347203         0.871726384139         0.865854533111         0.863575757110         0.864776589322         0.866976570190         0.867551230640         0.865644903222         0.862485252488         0.860059497962         0.859447898855         0.860159799647         0.860873886589         0.860778981904         0.860228626678         0.860209238224         0.861220487213         0.862652527382         0.863319789666         0.862686267327         0.861645690123         0.861976593159         0.864819640179         0.869390235413         0.873293319336         0.874289895538         0.872293036340         0.869882686412         0.870586270008         0.876079209793         0.884481191983         0.891371933847         0.893013538800         0.889438393340         0.884969326238         0.885304025182         0.893124137384         0.905602636196         0.915969303414         0.918365355914         0.912520252889         0.904658252680         0.903266030216         0.912720463926         0.929393384820         0.943567266883         0.946246183681         0.936229840702         0.921982826685         0.915992938790         0.925531025725         0.946308659647         0.964247783700         0.964960782991         0.944932785415         0.915743932103         0.896959193298         0.901603961721         0.925030724844         0.943914808542         0.931023496167         0.873190727656         0.785105674995         0.687651120146         0.546965603110         0.000000000000
        0.837635882733         0.806577665738         0.878435286549         0.896109616167         0.956910859856         0.971437372541         0.964807094870         0.937981084968         0.918223939970         0.918072516525         0.935009615480         0.954306589034         0.960822063382         0.950020852850         0.929815816394         0.913622224751         0.910392554427         0.918905131879         0.929718770704         0.932673959493         0.924120352061         0.908911959761         0.896083166671         0.892090175941         0.896537307932         0.903166529653         0.904878773638         0.898851878896         0.888118873088         0.878757591133         0.875284735932         0.877624778582         0.881691615450         0.882789478642         0.879018255645         0.872277277006         0.866397381429         0.864143223059         0.865380270051         0.867597571062         0.868156176313         0.866208591579         0.863013860246         0.860584956717         0.860000234840         0.860746231474         0.861474323714         0.861360646810         0.860773307809         0.860728640240         0.861745607359         0.863209954015         0.863912140825         0.863288483436         0.862228893773         0.862531068273         0.865361269339         0.869950406409         0.873892530095         0.874923357790         0.872931913270         0.870500164177         0.871177044218         0.876664124626         0.885092251174         0.892024243200         0.893696012564         0.890119147643         0.885622411322         0.885926857380         0.893738884032         0.906237155900         0.916637537624         0.919055315440         0.913201068831         0.905304781994         0.903873645131         0.913309409171         0.929989145079         0.944180507717         0.946864403412         0.936824774767         0.922533144403         0.916495266140         0.926001081844         0.946767953016         0.964704829855         0.965407876969         0.945348412455         0.916111411820         0.897274985591         0.901880105436         0.925282443024         0.944147754853         0.931229746955         0.873351075730         0.785211125649         0.687701677085         0.546985575037         0.000000000000
        0.837672942282         0.806630981193         0.878512663427         0.896202698821         0.957011198370         0.971538855073         0.964905388808         0.938082653718         0.918337938081         0.918205694492         0.935160898497         0.954467220266         0.960982076155         0.950175174288         0.929969121496         0.913786542969         0.910575975448         0.919105820324         0.929926782763         0.932876492843         0.924311323322         0.909095502666         0.896273560055         0.892298690311         0.896765224865         0.903402549344         0.905105740583         0.899060834984         0.888314794686         0.878955343379         0.875498315262         0.877855364818         0.881928864941         0.883017109160         0.879224976971         0.872467336366         0.866587232323         0.864348153417         0.865603100003         0.867826570308         0.868374331726         0.866405097038         0.863194311494         0.860767100897         0.860198418397         0.860962283357         0.861695857577         0.861570413772         0.860963421015         0.860906397644         0.861927628627         0.863409580455         0.864130271579         0.863511376115         0.862441034490         0.862727293086         0.865549943983         0.870148189857         0.874110562295         0.875159902237         0.873172401019         0.870730175133         0.871392573456         0.876874687241         0.885314267397         0.892266765942         0.893955193539         0.890379857627         0.885870886214         0.886159967590         0.893966361645         0.906472596778         0.916889400436         0.919320228717         0.913465076285         0.905554966411         0.904105505894         0.913531126318         0.930213187223         0.944413385350         0.947102427609         0.937055838735         0.922746112211         0.916686854364         0.926177235063         0.946938709714         0.964875985424         0.965577906060         0.945508644496         0.916253659751         0.897396066711         0.901984108543         0.925376003215         0.944234616671         0.931308063321         0.873413222920         0.785252181741         0.687721457835         0.546993091130         0.000000000000
        0.840855617889         0.811180694827         0.885205795654         0.904316170823         0.966889568509         0.982938576249         0.978033870927         0.952902897385         0.934796245270         0.936030949321         0.954061505546         0.974242067417         0.981650060029         0.971924015322         0.952844109375         0.937696931026         0.935272896179         0.944295669993         0.955451461148         0.958727731543         0.950612786588         0.935903112793         0.923552259740         0.919906026917         0.924513227566         0.931149201447         0.932806553558         0.926741118153         0.915986959844         0.906642669316         0.903183387476         0.905479910266         0.909416510041         0.910303283505         0.906286934933         0.899317182488         0.893276138852         0.890930188370         0.892076806647         0.894163457908         0.894522484920         0.892359257322         0.889002546018         0.886506845365         0.885915555918         0.886631378403         0.887254279783         0.886985759164         0.886289662419         0.886250771993         0.887371889609         0.888959602156         0.889698909256         0.889001030355         0.887827260417         0.888097618946         0.891033318968         0.895831435655         0.899958085988         0.901043305737         0.898965942368         0.896402939669         0.896995904579         0.902472373005         0.910919222776         0.917845629923         0.919430545160         0.915682468963         0.910955583372         0.910967978458         0.918428797391         0.930529986450         0.940533434622         0.942582676574         0.936376509059         0.928054344801         0.926042113684         0.934691250288         0.950461346733         0.963755469199         0.965667244028         0.954969674113         0.939951492040         0.932974333798         0.941285238894         0.960725589913         0.977363977421         0.976946014918         0.955874080146         0.925582170190         0.905557370783         0.908896559119         0.931038818767         0.948756959652         0.934835262706         0.875943797696         0.786863021344         0.688459125614         0.547263402636         0.000000000000
        0.842613386670         0.813694539144         0.888889256674         0.908757064052         0.972190676678         0.988908517946         0.984724654716         0.960362200368         0.943136037419         0.945255832417         0.964054087776         0.984921122560         0.992955390968         0.983893175982         0.965553496934         0.951219337540         0.949573599217         0.959270500557         0.970936958226         0.974667059471         0.967043404947         0.952907467449         0.941171102094         0.938111513938         0.943211772689         0.950193724119         0.952115331462         0.946328123512         0.935920982356         0.926983290495         0.923941305780         0.926588374484         0.930728770533         0.931711444903         0.927755255297         0.920891022714         0.915042180906         0.912946656163         0.914323740205         0.916520877746         0.916852535989         0.914586607647         0.911155837714         0.908694042433         0.908247299424         0.909131669773         0.909828530800         0.909489917082         0.908622324973         0.908429893255         0.909510508579         0.911179944963         0.912040690259         0.911373290469         0.910077828551         0.910122078195         0.912834015317         0.917510228951         0.921646455289         0.922786826795         0.920697075942         0.917950926903         0.918231633280         0.923385030085         0.931602524252         0.938424015304         0.939965020535         0.936106454806         0.931090400076         0.930668587631         0.937663353698         0.949364486501         0.959064628175         0.960862933409         0.954357622821         0.945572413189         0.942943263013         0.950917137655         0.966047859618         0.978780349502         0.980186071751         0.968954261055         0.953275775185         0.945518439889         0.952984090130         0.971589699189         0.987474065356         0.986347930699         0.964544759743         0.933428429687         0.912498419196         0.914929810636         0.936226678206         0.953167923872         0.938467205027         0.878650394822         0.788626370872         0.689297608805         0.547586205233         0.000000000000
        0.843460481417         0.814927194225         0.890685405549         0.910913366889         0.974665877243         0.991604673493         0.987668224875         0.963636672265         0.946829639293         0.949415498796         0.968612602224         0.989768450815         0.998021435862         0.989200215447         0.971206656329         0.957302726172         0.956110306959         0.966181468027         0.978099984096         0.982008037885         0.974582897907         0.960744477175         0.949407513022         0.946775907488         0.952220083135         0.959414492085         0.961450377538         0.955780558845         0.945593662825         0.936985145169         0.934315693154         0.937264856453         0.941576111404         0.942611745569         0.938692570118         0.931947947716         0.926348263667         0.924566937780         0.926212435908         0.928527937723         0.928855611448         0.926536171841         0.923108906431         0.920767269901         0.920537673766         0.921619278867         0.922387743708         0.921959892445         0.920911900717         0.920571119971         0.921633681547         0.923403750547         0.924380679141         0.923724666553         0.922277593590         0.922058301310         0.924527849605         0.929084570850         0.933244006794         0.934467112842         0.932363991950         0.929440035058         0.929420740225         0.934259315749         0.942275799025         0.949032568966         0.950554402176         0.946607815365         0.941353648743         0.940572469012         0.947179385840         0.958584231738         0.968121706664         0.969807805504         0.963137638907         0.954056708826         0.951015892409         0.958553093400         0.973324033102         0.985811400914         0.987022281301         0.975547125410         0.959504467965         0.951273309384         0.958250657584         0.976453109534         0.992047389904         0.990675427730         0.968569935428         0.937036811176         0.915614237305         0.917575139509         0.938492476191         0.955138658641         0.940154962610         0.879961059198         0.789501536333         0.689713707586         0.547734260507         0.000000000000
        0.843930232873         0.815621330336         0.891691090935         0.912117445702         0.976016144494         0.993046314488         0.989199733819         0.965327298950         0.948750576386         0.951604543960         0.971026565044         0.992328626300         1.000674249702         0.991960202610         0.974144131753         0.960493787584         0.959576417360         0.969881517425         0.981951478955         0.985947845741         0.978614168384         0.964947835113         0.953859608252         0.951502493405         0.957156566744         0.964479642281         0.966568582873         0.960953970170         0.950902309740         0.942516816442         0.940103035378         0.943250666431         0.947672436597         0.948726147505         0.944815864547         0.938158084328         0.932728240344         0.931169662136         0.932997902777         0.935414168021         0.935723328740         0.933350392683         0.929920567938         0.927672881116         0.927601984217         0.928826255119         0.929642561599         0.929156091265         0.927996584459         0.927578285212         0.928652507711         0.930520439896         0.931602122589         0.930967523360         0.929420539675         0.929022907793         0.931320304204         0.935794256454         0.939961790439         0.941214007996         0.939085614934         0.936025529639         0.935777158172         0.940389134954         0.948261642657         0.954971156237         0.956484467533         0.952478225276         0.947059951484         0.946017357088         0.952349021542         0.963551916372         0.972987341183         0.974624601655         0.967862241492         0.958587389623         0.955262254078         0.962502904190         0.977042843749         0.989396831994         0.990523027306         0.978930163594         0.962681399343         0.954169324278         0.960859429623         0.978837205945         0.994290697039         0.992816887104         0.970582732866         0.938839352372         0.917146533119         0.918841664490         0.939562587664         0.956086500921         0.940994940829         0.880635969199         0.789958604268         0.689931265676         0.547806333523         0.000000000000
        0.844160794942         0.815968822217         0.892190373959         0.912714837386         0.976668899254         0.993728184551         0.989914849019         0.966116352372         0.949658312317         0.952647571380         0.972183443513         0.993548592263         1.001921297650         0.993242383774         0.975514095689         0.962006319681         0.961249338378         0.971683841719         0.983828718353         0.987865360048         0.980581275965         0.967014317225         0.956081271814         0.953891979687         0.959680720986         0.967067053030         0.969171725714         0.963573398870         0.953593219016         0.945339907814         0.943077333164         0.946340620653         0.950807899075         0.951853554463         0.947921760621         0.941291298640         0.935953880599         0.934511284431         0.936431815720         0.938877617306         0.939152173516         0.936721894976         0.933272180921         0.931073780029         0.931092413505         0.932399561393         0.933239289237         0.932703092808         0.931462942889         0.930990547973         0.932084079723         0.934030598630         0.935197440846         0.934587861502         0.932987501578         0.932488408057         0.934701395287         0.939156487378         0.943364069772         0.944658812368         0.942517307904         0.939371237146         0.938984095350         0.943463544929         0.951267259133         0.957981166297         0.959521394600         0.955499198249         0.949987057546         0.948791801584         0.954976877726         0.966084838190         0.975488874171         0.977120171683         0.970323910150         0.960947797807         0.957462410801         0.964533932335         0.978948201647         0.991243870362         0.992346188193         0.980709310824         0.964351374932         0.955670808443         0.962184553189         0.980026372048         0.995407307654         0.993895466316         0.971605046497         0.939749709919         0.917901872235         0.919446184898         0.940062674845         0.956535075028         0.941410297947         0.880982914101         0.790199049612         0.690045889482         0.547841037307         0.000000000000
        0.844296533611         0.816178219222         0.892489028725         0.913067665264         0.977039676646         0.994097082975         0.990284257768         0.966521217688         0.950133505605         0.953208487389         0.972811672484         0.994206925589         1.002582200695         0.993910618646         0.976224765960         0.962800432252         0.962144270633         0.972659240225         0.984839163596         0.988879371340         0.981599617015         0.968076575698         0.957230787426         0.955147032405         0.961020647357         0.968447860780         0.970559263636         0.964969935112         0.955033869845         0.946869215900         0.944717131849         0.948065117137         0.952567165127         0.953602649147         0.949660131892         0.943048158183         0.937779568309         0.936437670200         0.938440739955         0.940907566648         0.941153162833         0.938682805866         0.935223138719         0.933063736485         0.933158636119         0.934532748485         0.935390571599         0.934814103038         0.933508126124         0.932997910035         0.934107807120         0.936107926458         0.937324574152         0.936720162072         0.935070184222         0.934495381102         0.936650036114         0.941094499806         0.945337241679         0.946676490839         0.944549305408         0.941361245856         0.940895787884         0.945301527196         0.953067265108         0.959784559618         0.961342716339         0.957310315585         0.951737118067         0.950440138674         0.956524251630         0.967569951947         0.976956292309         0.978592393035         0.971778870366         0.962333295496         0.958730649251         0.965684334933         0.980014768791         0.992272374165         0.993361614745         0.981697809514         0.965273111550         0.956491305545         0.962901482455         0.980671883957         0.996022927714         0.994501978029         0.972185803735         0.940266450811         0.918325714221         0.919779817323         0.940336581325         0.956783753205         0.941645840183         0.881183875849         0.790339755560         0.690112977405         0.547860392851         0.000000000000
        0.844385881207         0.816316856079         0.892686793180         0.913304089976         0.977290071150         0.994353547789         0.990545379429         0.966808361031         0.950469793315         0.953604195336         0.973255607342         0.994671159703         1.003042862654         0.994371256862         0.976704203083         0.963319842505         0.962719812107         0.973276430462         0.985471849321         0.989507220325         0.982226482079         0.968727074250         0.957938378714         0.955920211357         0.961840426269         0.969285550847         0.971393298040         0.965801293026         0.955888086822         0.947777157930         0.945691746227         0.949096610704         0.953621885920         0.954654559747         0.950708326398         0.944116591605         0.938893686380         0.937611216546         0.939664003905         0.942148790972         0.942383900958         0.939895504013         0.936441218836         0.934318444276         0.934465794595         0.935880589883         0.936748295875         0.936152281223         0.934815772823         0.934286865950         0.935404648328         0.937435487559         0.938682596793         0.938085905276         0.936409491778         0.935783439574         0.937892971668         0.942320966196         0.946577043017         0.947939581779         0.945812579472         0.942587377124         0.942061948742         0.946415246603         0.954158638882         0.960883836080         0.962455208067         0.958411621538         0.952794686499         0.951427701349         0.957440848282         0.968444663570         0.977823939625         0.979464251395         0.972639435719         0.963151188025         0.959480678069         0.966368884529         0.980661638252         0.992913485232         0.994007459233         0.982333476285         0.965864094615         0.957014536541         0.963358011387         0.981084574228         0.996418841415         0.994894418899         0.972563418992         0.940602310992         0.918598774587         0.919990998886         0.940507359615         0.956939555868         0.941796599608         0.881315377716         0.790432968306         0.690157459803         0.547872469905         0.000000000000
        0.844441683830         0.816404631655         0.892811576240         0.913452805109         0.977443231204         0.994504982608         0.990694888997         0.966974362394         0.950669153961         0.953843445208         0.973524707078         0.994952011102         1.003323114076         0.994654714502         0.977009059592         0.963666086103         0.963114331690         0.973703950932         0.985912168635         0.989940230167         0.982658924923         0.969174700867         0.958419290696         0.956444369715         0.962397950584         0.969853763548         0.971953820584         0.966345241208         0.956430085825         0.948340875428         0.946287492770         0.949717542654         0.954244309950         0.955255366575         0.951277599646         0.944671439699         0.939462261622         0.938211312892         0.940287878934         0.942772817319         0.942987189416         0.940470619321         0.937002714974         0.934892245846         0.935070437642         0.936513832755         0.937388961163         0.936775346849         0.935410872415         0.934865741690         0.935992444208         0.938052555702         0.939330393073         0.938745106692         0.937055550499         0.936403026409         0.938489327381         0.942916723675         0.947196075615         0.948588313069         0.946470206310         0.943223649182         0.942657099685         0.946974271522         0.954705968590         0.961443400263         0.963035000955         0.958996375015         0.953360240775         0.951958718768         0.957938819726         0.968922464819         0.978302645855         0.979951707728         0.973120113096         0.963602482630         0.959885811695         0.966729855362         0.980996936420         0.993245060821         0.994344880436         0.982667039447         0.966173416605         0.957283444755         0.963586901566         0.981289599654         0.996619627535         0.995099534746         0.972764294464         0.940780108192         0.918739435757         0.920095682462         0.940590774843         0.957018623773         0.941877614734         0.881388976208         0.790486056537         0.690182797885         0.547878795367         0.000000000000
        0.844469874589         0.816449903507         0.892875672213         0.913529096420         0.977520045214         0.994579311683         0.990766641452         0.967054365015         0.950766992068         0.953962705210         0.973659396654         0.995091542726         1.003460373796         0.994792152307         0.977157576005         0.963837089725         0.963313117405         0.973924972376         0.986137571326         0.990154516453         0.982857125580         0.969370159769         0.958626635111         0.956666482500         0.962631338501         0.970087727203         0.972176952443         0.966556941836         0.956639443890         0.948561596655         0.946528248419         0.949974939155         0.954505358733         0.955507023280         0.951514367218         0.944902119740         0.939702204151         0.938470449370         0.940563084397         0.943049431064         0.943250166273         0.940714995860         0.937237343454         0.935133655514         0.935330573142         0.936791477929         0.937670380286         0.937044073360         0.935659749759         0.935102171748         0.936232922590         0.938310736815         0.939607252425         0.939027907995         0.937327403049         0.936654943787         0.938726941688         0.943155813405         0.947450762648         0.948860017311         0.946745893849         0.943485272550         0.942896327390         0.947194755790         0.954922690999         0.961671222800         0.963277595972         0.959243727279         0.953596293020         0.952172672294         0.958133010738         0.969109907573         0.978497947929         0.980160307219         0.973334140720         0.963806704272         0.960068889357         0.966892845885         0.981151962821         0.993405951232         0.994514937504         0.982835735424         0.966324161990         0.957408103898         0.963686958249         0.981376089180         0.996705874372         0.995191801551         0.972857667135         0.940862528638         0.918801385089         0.920137269602         0.940621184588         0.957049133814         0.941913041081         0.881424222955         0.790512526767         0.690195452380         0.547881306553         0.000000000000
        0.844486070272         0.816476177680         0.892912682051         0.913573068451         0.977562879681         0.994619109949         0.990802875233         0.967094101193         0.950816634997         0.954025028338         0.973730764902         0.995164804224         1.003530110606         0.994859086625         0.977228212427         0.963919010575         0.963409543777         0.974032281063         0.986247611881         0.990261275230         0.982960346817         0.969476987352         0.958745597621         0.956801452615         0.962776457390         0.970233789670         0.972314609186         0.966687473424         0.956768877333         0.948698961106         0.946678565220         0.950135600945         0.954667966772         0.955663322290         0.951663339250         0.945048643490         0.939855194603         0.938631539225         0.940728298609         0.943212415942         0.943402112403         0.940853354568         0.937367704334         0.935266274976         0.935473049399         0.936943426709         0.937823610390         0.937188467171         0.935790747481         0.935224198830         0.936356251959         0.938444101160         0.939751532940         0.939175426780         0.937467618715         0.936782078188         0.938844339285         0.943273395375         0.947577444683         0.948998006402         0.946887676172         0.943620556585         0.943018796721         0.947306643342         0.955033233982         0.961789839303         0.963407306512         0.959378945927         0.953726861600         0.952291240036         0.958240278791         0.969214310954         0.978608674596         0.980280382359         0.973458760552         0.963923979183         0.960168725047         0.966976288902         0.981227274056         0.993482571946         0.994597244477         0.982919943815         0.966401572414         0.957472132294         0.963737462591         0.981419555886         0.996750408210         0.995241229223         0.972908819383         0.940907733186         0.918834501437         0.920158177841         0.940635558860         0.957064153138         0.941931925149         0.881443976589         0.790527670899         0.690202699649         0.547882553272         0.000000000000
        0.844498079930         0.816496151634         0.892940807071         0.913606452471         0.977597059373         0.994654365094         0.990837925121         0.967128847621         0.950855706737         0.954070035277         0.973781037509         0.995215572321         1.003578649124         0.994905848759         0.977278378841         0.963975586053         0.963474518170         0.974103517153         0.986319643484         0.990329984458         0.983025398323         0.969543872528         0.958819159779         0.956885257793         0.962868750551         0.970327378056         0.972399348968         0.966763481650         0.956841614327         0.948774996751         0.946762061609         0.950224713628         0.954756500515         0.955745222134         0.951737392366         0.945119144755         0.939929316626         0.938714068160         0.940817978487         0.943302918838         0.943486486733         0.940929193847         0.937438884781         0.935340259633         0.935555366558         0.937033642838         0.937915617209         0.937274925180         0.935868530660         0.935296674033         0.936430830939         0.938526876991         0.939842894761         0.939269776422         0.937557469374         0.936863457484         0.938919857111         0.943350195380         0.947661624657         0.949091195934         0.946984614721         0.943714080880         0.943104512543         0.947386165932         0.955113633987         0.961877736437         0.963504694285         0.959480515170         0.953825292998         0.952381975119         0.958324598307         0.969296397838         0.978690893525         0.980364051357         0.973541213318         0.964000193145         0.960234315651         0.967031711938         0.981277560830         0.993533936548         0.994652503792         0.982976484113         0.966453501550         0.957514758072         0.963770700487         0.981447950225         0.996779689687         0.995274095817         0.972943031717         0.940937907894         0.918856353050         0.920171640101         0.940644586270         0.957073732034         0.941944296255         0.881457099770         0.790537777784         0.690207533955         0.547883357220         0.000000000000
        0.844507916984         0.816512276508         0.892963539701         0.913633406210         0.977623964115         0.994680666225         0.990863682539         0.967158263615         0.950892362951         0.954113138365         0.973828461005         0.995263163934         1.003623654150         0.994949000551         0.977323472496         0.964026455037         0.963532777404         0.974167288442         0.986384829651         0.990393396655         0.983086738114         0.969606825860         0.958885677355         0.956958649061         0.962946772819         0.970405253229         0.972473119406         0.966833133480         0.956910619058         0.948848456499         0.946842906064         0.950312123297         0.954845732645         0.955830992593         0.951813338862         0.945190328781         0.940000874423         0.938790416287         0.940899067009         0.943384685085         0.943563818960         0.941000086266         0.937505452687         0.935407384871         0.935627660978         0.937111197614         0.937993943280         0.937348268534         0.935934131564         0.935356796637         0.936491114577         0.938592246541         0.939914025539         0.939342624004         0.937626259080         0.936924897935         0.938975757363         0.943405951546         0.947721850983         0.949157277027         0.947052595296         0.943778515374         0.943162032588         0.947438035863         0.955164819355         0.961933270011         0.963566040430         0.959544737907         0.953887273211         0.952438093627         0.958374882329         0.969344814237         0.978741833986         0.980418980775         0.973597475101         0.964052865952         0.960279786181         0.967070166452         0.981312782292         0.993570521052         0.994692530620         0.983018026822         0.966492171220         0.957546979630         0.963796277730         0.981470168082         0.996802899660         0.995300554097         0.972971466003         0.940964503570         0.918878961572         0.920189585930         0.940657090366         0.957083247805         0.941954200248         0.881466925749         0.790545253061         0.690211096660         0.547883937995         0.000000000000
        0.844512412317         0.816520031621         0.892974318377         0.913646133103         0.977635396492         0.994690327424         0.990871386422         0.967166612544         0.950903950213         0.954128793465         0.973846726128         0.995281317337         1.003639678049         0.994963114442         0.977338025185         0.964044175485         0.963554893969         0.974192584977         0.986410468768         0.990416894432         0.983107886256         0.969627778352         0.958908988629         0.956986651638         0.962977930051         0.970436331440         0.972501229534         0.966858026614         0.956934640386         0.948875107556         0.946874166904         0.950347038992         0.954880963541         0.955863327705         0.951841874454         0.945217288781         0.940029938414         0.938823993483         0.940936476865         0.943422687542         0.943598711028         0.941030598160         0.937533616189         0.935436987817         0.935661513703         0.937149026185         0.938032564077         0.937383859621         0.935965026022         0.935384665581         0.936519740315         0.938624768127         0.939950665399         0.939380507269         0.937661502184         0.936955392843         0.939002869343         0.943433329639         0.947752425510         0.949191807373         0.947088309706         0.943811712097         0.943190502335         0.947462711171         0.955189049064         0.961960342092         0.963596751519         0.959576858325         0.953917174910         0.952463432660         0.958396291685         0.969365293873         0.978764544905         0.980444867281         0.973624633548         0.964077918760         0.960300376932         0.967086615344         0.981327787610         0.993587145315         0.994711965811         0.983038746334         0.966511118683         0.957561829108         0.963807073796         0.981479240979         0.996813108344         0.995313198550         0.972985345950         0.940976868717         0.918887467662         0.920194260000         0.940659998409         0.957086379372         0.941959029213         0.881472411806         0.790549599741         0.690213174794         0.547884223229         0.000000000000
        0.844514963440         0.816524535165         0.892980539371         0.913653466394         0.977641696679         0.994695305663         0.990874908615         0.967170402224         0.950909591899         0.954136897488         0.973856394004         0.995290790851         1.003647616021         0.994969613109         0.977344585087         0.964052592883         0.963565988934         0.974205567264         0.986423478506         0.990428316169         0.983117617746         0.969637217243         0.958919984437         0.957000564803         0.962993860269         0.970452197081         0.972515155017         0.966869797004         0.956945757519         0.948887848664         0.946889833011         0.950364999391         0.954899050709         0.955879446096         0.951855494068         0.945229891355         0.940043944250         0.938840977281         0.940955969856         0.943442567980         0.943616580886         0.941045669374         0.937547237312         0.935451649612         0.935679018690         0.937169160213         0.938053237997         0.937402607914         0.935980821955         0.935398640843         0.936534353378         0.938642008055         0.939970608348         0.939401245611         0.937680535950         0.936971411522         0.939016831392         0.943447619299         0.947768894001         0.949210867144         0.947108148387         0.943829923673         0.943205698091         0.947475540327         0.955201699830         0.961974918412         0.963613721845         0.959594733906         0.953933604653         0.952476928511         0.958407299023         0.969375809142         0.978776641739         0.980459145571         0.973639822280         0.964091806566         0.960311445277         0.967095105980         0.981335485180         0.993596041148         0.994722803714         0.983050496481         0.966521773906         0.957569884862         0.963812584750         0.981483743723         0.996818461874         0.995320225373         0.972993244581         0.940983842758         0.918892039050         0.920196421124         0.940661057220         0.957087805974         0.941961696654         0.881475662113         0.790552230347         0.690214435097         0.547884361934         0.000000000000
        0.844516514775         0.816527301225         0.892984350043         0.913657954780         0.977645475661         0.994698197474         0.990876821412         0.967172450725         0.950912772662         0.954141617039         0.973862084511         0.995296321638         1.003652115962         0.994973132962         0.977348089268         0.964057243590         0.963572319053         0.974213063886         0.986430936495         0.990434697313         0.983122865235         0.969642243644         0.958926027163         0.957008444338         0.963003031602         0.970461326228         0.972523039259         0.966876283598         0.956951806330         0.948894927256         0.946898783720         0.950375418032         0.954909543968         0.955888660749         0.951863097745         0.945236838923         0.940051800565         0.938850756050         0.940967360096         0.943454199657         0.943626914330         0.941054207313         0.937554853763         0.935459954185         0.935689169088         0.937181005425         0.938065423484         0.937413548012         0.935989873264         0.935406549748         0.936542708440         0.938652077778         0.939982419340         0.939413551988         0.937691731443         0.936980669913         0.939024797619         0.943455842528         0.947778568886         0.949222222706         0.947120020514         0.943840753610         0.943214604565         0.947482957069         0.955209046891         0.961983544991         0.963623914195         0.959605514236         0.953943452017         0.952484891093         0.958413678885         0.969381910010         0.978783806327         0.980467754506         0.973649039977         0.964100196385         0.960318030391         0.967100053907         0.981339960415         0.993601332017         0.994729380797         0.983057680618         0.966528259404         0.957574700386         0.963815774635         0.981486310322         0.996821609070         0.995324476936         0.972998074022         0.940988082129         0.918894754074         0.920197598156         0.940661529032         0.957088586455         0.941963310652         0.881477700132         0.790553895052         0.690215232924         0.547884440034         0.000000000000
        0.844517488051         0.816529044064         0.892986748295         0.913660778525         0.977647830530         0.994699971310         0.990877952780         0.967173658070         0.950914691570         0.954144513823         0.973865596163         0.995299719871         1.003654837061         0.994975205810         0.977350135812         0.964060014284         0.963576158888         0.974217640193         0.986435469651         0.990438519277         0.983125942755         0.969645170381         0.958929616343         0.957013202485         0.963008620796         0.970466889672         0.972527803840         0.966880145812         0.956955381455         0.948899161419         0.946904221461         0.950381800349         0.954915973783         0.955894264179         0.951867661836         0.945240978170         0.940056525516         0.938856719831         0.940974359649         0.943461351065         0.943633226816         0.941059362930         0.937559416051         0.935464961714         0.935695368761         0.937188295658         0.938072928116         0.937420244809         0.935995353294         0.935411300200         0.936547755880         0.938658236433         0.939989698653         0.939421142035         0.937698597177         0.936986284298         0.939029585956         0.943460810083         0.947784495220         0.949229238175         0.947127379121         0.943847444976         0.943220064354         0.947487469934         0.955213533075         0.961988872986         0.963630263476         0.959612246826         0.953949583675         0.952489809429         0.958417584252         0.969385649121         0.978788247265         0.980473140504         0.973654825893         0.964105450796         0.960322123602         0.967103097773         0.981342711194         0.993604622968         0.994733512639         0.983062209701         0.966532338851         0.957577702452         0.963817730924         0.981487872074         0.996823555706         0.995327144689         0.973001119445         0.940990746937         0.918896439940         0.920198294450         0.940661771909         0.957089051156         0.941964324120         0.881479002508         0.790554963326         0.690215744863         0.547884487251         0.000000000000
        0.844518229582         0.816530353434         0.892988554507         0.913662906809         0.977649634537         0.994701363038         0.990878887204         0.967174658960         0.950916223578         0.954146775164         0.973868320952         0.995302372232         1.003657002014         0.994976905975         0.977351833860         0.964062267727         0.963579221676         0.974221259980         0.986439063318         0.990441594399         0.983128484443         0.969647636151         0.958932625577         0.957017111637         0.963013174554         0.970471441536         0.972531779905         0.966883482323         0.956958561303         0.948902904195         0.946908928351         0.950387254453         0.954921480371         0.955899164829         0.951871823523         0.945244903657         0.940061002752         0.938862233286         0.940980718110         0.943467842221         0.943639093499         0.941064401689         0.937564118029         0.935470164569         0.935701638989         0.937195500382         0.938080329650         0.937427033515         0.936001256967         0.935416782889         0.936553685616         0.938665251957         0.939997741039         0.939429488151         0.937706389987         0.936993149822         0.939035955548         0.943467575602         0.947792324352         0.949238171760         0.947136732169         0.943856335767         0.943228048513         0.947494861868         0.955221183963         0.961997554988         0.963640122806         0.959622709515         0.953959782039         0.952499208404         0.958426362449         0.969394558145         0.978798090544         0.980484234053         0.973666831015         0.964117680760         0.960334061519         0.967114762725         0.981354554782         0.993617294008         0.994747318885         0.983077349771         0.966547327107         0.957591228126         0.963829559548         0.981498345173         0.996833192676         0.995336436985         0.973010123094         0.940998943962         0.918903139231         0.920203236951         0.940665368310         0.957092079800         0.941967307543         0.881481773991         0.790557019048         0.690216734787         0.547884701338         0.000000000000
        0.844518859448         0.816531438766         0.892990058030         0.913664681596         0.977651180221         0.994702600028         0.990879772834         0.967175599641         0.950917586096         0.954148724583         0.973870654763         0.995304668129         1.003658924005         0.994978459892         0.977353378988         0.964064250301         0.963581855224         0.974224354633         0.986442155802         0.990444281719         0.983130737268         0.969649812258         0.958935228832         0.957020435750         0.963017037763         0.970475331262         0.972535219900         0.966886393640         0.956961316189         0.948906086306         0.946912886800         0.950391841622         0.954926142489         0.955903347074         0.951875381210         0.945248219654         0.940064723689         0.938866788702         0.940985992271         0.943473263650         0.943644016610         0.941068609523         0.937567977946         0.935474373126         0.935706711359         0.937201381142         0.938086426550         0.937432639426         0.936006077962         0.935421156698         0.936558345071         0.938670793870         0.940004187851         0.939436258943         0.937712720485         0.936998642081         0.939040905379         0.943472742842         0.947798363653         0.949245204072         0.947144215719         0.943863471665         0.943234358991         0.947500539877         0.955226959420         0.962004167217         0.963647794872         0.959630998331         0.953967915442         0.952506649554         0.958433195446         0.969401409757         0.978805667748         0.980492886755         0.973676261094         0.964127663523         0.960344041075         0.967125375160         0.981366418581         0.993629858461         0.994760034340         0.983090068101         0.966559397497         0.957602261610         0.963839205577         0.981506634524         0.996840609845         0.995343540615         0.973017071692         0.941005292688         0.918908219871         0.920206764977         0.940667715116         0.957094008127         0.941969358410         0.881483841928         0.790558615794         0.690217506158         0.547884829780         0.000000000000
        0.844519409351         0.816532385754         0.892991371413         0.913666232128         0.977652541405         0.994703704155         0.990880590276         0.967176482335         0.950918848867         0.954150503780         0.973872768986         0.995306752516         1.003660697608         0.994979942674         0.977354891955         0.964066178287         0.963584368683         0.974227272051         0.986445071141         0.990446862183         0.983132985632         0.969652063354         0.958937920499         0.957023791859         0.963020871589         0.970479188449         0.972538711683         0.966889498178         0.956964396492         0.948909648476         0.946917193250         0.950396711470         0.954931073568         0.955907891525         0.951879486492         0.945252280598         0.940069306530         0.938872207036         0.940992065444         0.943479456125         0.943649812397         0.941073923579         0.937573221319         0.935480163732         0.935713417442         0.937208841112         0.938094067205         0.937439897349         0.936012829953         0.935427818608         0.936565575256         0.938679014623         0.940013277091         0.939445636361         0.937721777696         0.937007186891         0.939049329273         0.943481728121         0.947808384568         0.949256221791         0.947155693402         0.943874773483         0.943245204381         0.947511202282         0.955238079389         0.962016315054         0.963661101338         0.959645086271         0.953982172613         0.952520641740         0.958446961899         0.969415454036         0.978820658370         0.980509288107         0.973694015319         0.964146449791         0.960363466106         0.967145980439         0.981387498890         0.993649567655         0.994776473744         0.983104129452         0.966572233493         0.957613748230         0.963848826050         0.981514535399         0.996847442622         0.995349957780         0.973023204602         0.941010721817         0.918912433303         0.920209660161         0.940669713589         0.957095752612         0.941971218279         0.881485654819         0.790559974408         0.690218153459         0.547884950441         0.000000000000
        0.844519793248         0.816533059969         0.892992302979         0.913667330431         0.977653480816         0.994704438333         0.990881097503         0.967177028965         0.950919670950         0.954151702522         0.973874206753         0.995308154787         1.003661853355         0.994980866675         0.977355824378         0.964067407096         0.963586021722         0.974229213698         0.986446997506         0.990448522747         0.983134378994         0.969653436134         0.958939599008         0.957025944356         0.963023364020         0.970481684903         0.972540918487         0.966891389237         0.956966231535         0.948911800324         0.946919863339         0.950399777036         0.954934168898         0.955910678482         0.951881907700         0.945254608287         0.940071952349         0.938875413707         0.940995720653         0.943483179279         0.943653215218         0.941076914639         0.937576070325         0.935483311503         0.935717149674         0.937213071193         0.938098398073         0.937443908871         0.936016393956         0.935431194422         0.936569222481         0.938683256892         0.940018063551         0.939450573719         0.937726418506         0.937011352214         0.939053254847         0.943485882422         0.947813120256         0.949261536370         0.947161217555         0.943880043666         0.943249996774         0.947515692783         0.955242714786         0.962021488037         0.963666870315         0.959651135995         0.953988043490         0.952526057235         0.958452021763         0.969420552719         0.978826203042         0.980515415017         0.973700501852         0.964152903943         0.960369595255         0.967151847677         0.981393342077         0.993655572504         0.994782620225         0.983110186060         0.966577815408         0.957618673533         0.963853009377         0.981518164270         0.996850853967         0.995353385400         0.973026599350         0.941013773278         0.918914820322         0.920211316355         0.940670883578         0.957096811298         0.941972376456         0.881486798256         0.790560839269         0.690218568798         0.547885029265         0.000000000000
        0.844520053492         0.816533521713         0.892992939520         0.913668080337         0.977654112209         0.994704920107         0.990881413962         0.967177368508         0.950920199901         0.954152492277         0.973875160384         0.995309078813         1.003662598587         0.994981442485         0.977356399000         0.964068182854         0.963587089368         0.974230479045         0.986448247602         0.990449580633         0.983135241563         0.969654273827         0.958940640295         0.957027308708         0.963024960720         0.970483280495         0.972542305574         0.966892545031         0.956967332637         0.948913106031         0.946921517635         0.950401699768         0.954936108154         0.955912396229         0.951883356656         0.945255970285         0.940073511529         0.938877343494         0.940997951199         0.943485452274         0.943655258519         0.941078655008         0.937577683537         0.935485098498         0.935719313856         0.937215563859         0.938100953267         0.937446234810         0.936018391021         0.935433027785         0.936571202393         0.938685611306         0.940020769948         0.939453372071         0.937729001770         0.937013586743         0.939055288030         0.943488027033         0.947815621036         0.949264401599         0.947164205028         0.943882839298         0.943252441461         0.947517896173         0.955244973625         0.962024067300         0.963669811616         0.959654228690         0.953990979003         0.952528650696         0.958454342211         0.969422864602         0.978828774701         0.980518325094         0.973703591786         0.964155898480         0.960372305260         0.967154300639         0.981395742075         0.993658117868         0.994785354042         0.983112964155         0.966580347256         0.957620843985         0.963854784460         0.981519695320         0.996852368056         0.995355009949         0.973028264360         0.941015253756         0.918915910693         0.920211990191         0.940671311846         0.957097238169         0.941972930271         0.881487400048         0.790561310150         0.690218794817         0.547885062516         0.000000000000
        0.844520229985         0.816533835765         0.892993371892         0.913668589476         0.977654537820         0.994705241206         0.990881619438         0.967177588091         0.950920547978         0.954153018157         0.973875797644         0.995309694464         1.003663089750         0.994981814923         0.977356767828         0.964068686875         0.963587791426         0.974231315210         0.986449072177         0.990450271790         0.983135796307         0.969654807635         0.958941309542         0.957028196027         0.963026005451         0.970484323706         0.972543204618         0.966893282555         0.956968027291         0.948913934648         0.946922579962         0.950402943286         0.954937362157         0.955913497453         0.951884270162         0.945256817261         0.940074484916         0.938878563207         0.940999372603         0.943486901831         0.943656550107         0.941079735465         0.937578668536         0.935486191008         0.935720654111         0.937217122671         0.938102553211         0.937447677582         0.936019605616         0.935434121655         0.936572383557         0.938687035847         0.940022426907         0.939455089264         0.937730572037         0.937014916324         0.939056471759         0.943489273230         0.947817096110         0.949266114884         0.947165997426         0.943884500509         0.943253862143         0.947519146026         0.955246249294         0.962025546698         0.963671525084         0.959656037858         0.953992678598         0.952530116338         0.958455618309         0.969424126303         0.978830200855         0.980519968339         0.973705346774         0.964157580456         0.960373787795         0.967155600368         0.981396998673         0.993659478922         0.994786855736         0.983114511629         0.966581747870         0.957622021442         0.963855720841         0.981520494845         0.996853181525         0.995355917490         0.973029214149         0.941016094954         0.918916509371         0.920212331459         0.940671508551         0.957097449284         0.941973238260         0.881487753724         0.790561591976         0.690218930061         0.547885079320         0.000000000000
        0.850627637753         0.826210706238         0.906898953211         0.930162905752         0.996687495537         1.015852624001         1.014667495982         0.994165670245         0.981336584156         0.987625375390         1.009666213738         1.032799015138         1.042803308908         1.036281063198         1.021487280779         1.011280070157         1.013481402206         1.026006755550         1.039472474766         1.044644891331         1.038997006395         1.027823192129         1.019690192109         1.020011112949         1.027504639248         1.035816724277         1.038594374496         1.034047973709         1.025782540009         1.019668098957         1.019378979019         1.023952904896         1.028991897774         1.030255801827         1.026734062175         1.021026456073         1.017040783592         1.016951820207         1.019769841845         1.022464895516         1.022541966537         1.019878739499         1.016519297786         1.014813478506         1.015505595215         1.017287423113         1.018108954271         1.017036950810         1.014990392217         1.013806876188         1.014536594070         1.016461723084         1.017673370513         1.016800830153         1.014390363910         1.012603098598         1.013391629538         1.016694387642         1.020220561953         1.021146473343         1.018506117828         1.014315803710         1.012251026794         1.014728487628         1.020715642374         1.026153803942         1.026902891955         1.022110818270         1.015329847121         1.012147968946         1.015884864406         1.024654735849         1.032285644001         1.032730599836         1.024879973483         1.014006380571         1.008279921808         1.012585238744         1.024280351235         1.034404300515         1.033956586835         1.020962668545         1.002860254807         0.991730760891         0.995287220411         1.010202812859         1.023153707487         1.019777932628         0.995824974484         0.961998951160         0.937614885266         0.936251277778         0.954051487373         0.968112008767         0.950982659236         0.888459413354         0.795463559145         0.692920040744         0.549192971813         0.000000000000
        0.854902846694         0.833089080273         0.916550562252         0.941596467902         1.008196945519         1.027018103180         1.025480037307         1.006167389268         0.995858871126         1.005161154385         1.029359301514         1.053118952797         1.062677047896         1.055909209762         1.042211559903         1.034586009749         1.039899511451         1.054720740203         1.068902820314         1.073602551840         1.067548277316         1.057236580120         1.051491812154         1.054847160296         1.064661040466         1.073717669153         1.075936399192         1.070730937942         1.062963056542         1.058891086853         1.061424441179         1.068247503056         1.074006554416         1.074582977151         1.070079798243         1.064394984453         1.061968322986         1.064357718119         1.069260473994         1.072597375105         1.071826636163         1.067817786682         1.063928956646         1.063191397618         1.065905326672         1.069523385571         1.070863225369         1.068766092043         1.064994576649         1.062690873845         1.063732723480         1.067145679704         1.069882325993         1.069374858636         1.065764861573         1.061889667299         1.060977107813         1.063918933390         1.068365290385         1.070470831462         1.068030526732         1.062486344447         1.058017566861         1.058266080253         1.063258980444         1.069063880400         1.070646249459         1.065894442756         1.057638553982         1.051809408342         1.052888761201         1.060128309272         1.067639321410         1.068603744230         1.060652083721         1.048225403094         1.039700783972         1.041060391766         1.050840645203         1.060474781025         1.060293056325         1.047083797268         1.027397550597         1.013434273738         1.013942555349         1.026768170270         1.039025810800         1.035745039452         1.011483762350         0.976085948449         0.948992213006         0.944778268373         0.960644945105         0.974022620653         0.956848442998         0.893783106269         0.799366622323         0.694857464949         0.549750890541         0.000000000000
        0.860738768173         0.842066682498         0.929155447233         0.956518310583         1.023461759815         1.041939723167         1.039829784195         1.021645525021         1.014035016440         1.026765655604         1.053512893754         1.078026259135         1.086918773174         1.079496822087         1.066582683235         1.061524196498         1.070200867389         1.087583184689         1.102487614752         1.106351472621         1.099324332952         1.089411170013         1.085917882278         1.092469385363         1.104799742679         1.114534556800         1.115745814696         1.109222535166         1.101403055061         1.099174825433         1.104657536682         1.113910565250         1.120298135855         1.119706326553         1.113533925712         1.107316341288         1.106273004943         1.111304531133         1.118508720409         1.122416591849         1.120329366324         1.114310168120         1.109396482920         1.109547509536         1.114554273961         1.120310029866         1.122152296104         1.118601047966         1.112495465343         1.108676969870         1.110090249739         1.115411982178         1.120093119866         1.120010253286         1.114822268729         1.108314946888         1.105412553277         1.108202956609         1.114149426296         1.117982778089         1.115881811574         1.108653534812         1.101288813005         1.099103553605         1.103432439902         1.110317423925         1.113392341662         1.108889715006         1.098865752155         1.089922297075         1.088174613785         1.094269590449         1.102444640140         1.104653529560         1.096855718035         1.082600524085         1.070801805053         1.069016269186         1.077231775863         1.087137386563         1.087943023217         1.074778209662         1.053220372772         1.035895083133         1.033053450984         1.044000574936         1.056188713999         1.053624647503         1.029255954090         0.991948521730         0.961523997091         0.953991597271         0.967896241999         0.980954944432         0.964143235415         0.900591701033         0.804379374918         0.697285226180         0.550342518356         0.000000000000
        0.866610128538         0.850787898994         0.941446736608         0.971087751140         1.038926627499         1.057579875317         1.055416110999         1.038412740568         1.033190745871         1.048917305802         1.078021167471         1.103515813335         1.112263909447         1.104649542256         1.092602638895         1.089767448223         1.101299309257         1.120948581823         1.136710751571         1.140217064415         1.132687849019         1.123290657977         1.121716078984         1.130917569711         1.145391437335         1.155863799579         1.156512098237         1.149163045747         1.141469555208         1.140804172807         1.148689012308         1.159943447317         1.166952882074         1.165603620833         1.158284490046         1.151786680912         1.151920717160         1.159082363101         1.168133744707         1.172551873284         1.169524608100         1.162044363742         1.156435519604         1.157357892525         1.164196210814         1.171631999820         1.173873319712         1.169211324968         1.161338003428         1.156405060718         1.158161879332         1.164988904509         1.171162610709         1.171362940809         1.164902785741         1.156332754736         1.151895720821         1.154583512412         1.161680757950         1.166793571171         1.164850775040         1.156196692999         1.146490133198         1.142358160764         1.146128884409         1.153785686196         1.157900356291         1.153417500017         1.141822148002         1.130281247308         1.126198348958         1.131286239726         1.139839426403         1.142822663573         1.134888568372         1.118922519704         1.104303460816         1.099839206558         1.106631295690         1.116524411088         1.117815833300         1.104332621544         1.080924274354         1.060600856431         1.054817242704         1.064001600453         1.075818725011         1.073427733513         1.048504976433         1.009189860781         0.975669740405         0.965124977899         0.977133348806         0.989555673408         0.972545407769         0.907961134748         0.809656147123         0.699848215034         0.551073759432         0.000000000000
        0.871176736248         0.857449628257         0.950845092927         0.982231773428         1.050964519725         1.069942183401         1.067924209904         1.051846627071         1.048348737558         1.066224329860         1.097073501292         1.123406680396         1.132229505345         1.124630514200         1.113274315445         1.112022120556         1.125565958042         1.146850677859         1.163320039766         1.166721244143         1.158974580087         1.150013901265         1.149793816324         1.160836628972         1.176822157314         1.187881524776         1.188255172926         1.180448633920         1.172913821626         1.173348046441         1.182884758932         1.195524356705         1.203008938207         1.201224504169         1.193212299985         1.186588547359         1.187552553492         1.196165291630         1.206474446867         1.211262300796         1.207650371424         1.199245946089         1.193221091257         1.194689046450         1.202762771497         1.211321553465         1.213830762253         1.208443056412         1.199420521106         1.193776741726         1.195780939405         1.203609392817         1.210758326105         1.211122649402         1.203801675791         1.193862910586         1.188417509211         1.191039608057         1.198883070644         1.204804799980         1.202914486920         1.193268151605         1.181980455819         1.176543732551         1.179924294683         1.188050252404         1.192784724908         1.188229119604         1.175509966763         1.162185231562         1.156509039316         1.160879013277         1.169607176387         1.172996795827         1.164845583031         1.147620520777         1.131027848489         1.124702219518         1.130460821551         1.140228015587         1.141688597345         1.127816863691         1.103003629760         1.080535571681         1.072666232719         1.080545152411         1.091950230965         1.089466207459         1.063935385091         1.023042197759         0.987246185355         0.974515476434         0.985090527118         0.996885268219         0.979483992055         0.913875827001         0.813837068798         0.701885435446         0.551699962905         0.000000000000
        0.874072830568         0.861634201342         0.956749452215         0.989233037284         1.058592126455         1.077831798345         1.075961145215         1.060468203187         1.058017374552         1.077195175689         1.109120562608         1.136006244172         1.144932595888         1.137391356201         1.126473848211         1.126173826247         1.140923153460         1.163201531421         1.180129107958         1.183515455676         1.175681454804         1.167003667956         1.167593886829         1.179730229316         1.196623550648         1.208057089611         1.208305090763         1.200263844132         1.192845476021         1.193936275236         1.204448079319         1.217910411800         1.225691480032         1.223678753078         1.215287606482         1.208610018288         1.210068405388         1.219531622345         1.230579355037         1.235591749059         1.231655004885         1.222731499290         1.216479944005         1.218272595296         1.227065057790         1.236274679904         1.238939593135         1.233136248049         1.223457350313         1.217411231292         1.219562447850         1.227968058698         1.235673318758         1.236123235860         1.228298963284         1.217569043753         1.211543445061         1.214126343150         1.222392574424         1.228765731273         1.226886268693         1.216650502623         1.204440602392         1.198245504068         1.201392879626         1.209773535329         1.214840181355         1.210211622627         1.196815258237         1.182440443802         1.175830365153         1.179769390092         1.188572239650         1.192158436914         1.183836773573         1.165841515936         1.148074919595         1.140647561040         1.145780533588         1.155434904743         1.156939171807         1.142779901092         1.117092773457         1.093332858945         1.084214615030         1.091294324572         1.102403886755         1.099792008186         1.073823142816         1.031929778735         0.994740311357         0.980681435404         0.990366845964         1.001724813518         0.984002323604         0.917677263866         0.816508627343         0.703190225935         0.552115631793         0.000000000000
        0.875707613026         0.863984664921         0.960065721373         0.993165260390         1.062893886044         1.082296880437         1.080524217043         1.065360001548         1.063486680526         1.083381949836         1.115905924673         1.143108775319         1.152108666529         1.144612774691         1.133942501504         1.134164728873         1.149573769046         1.172400470051         1.189589462266         1.192981706024         1.185111877504         1.176594284395         1.177626882020         1.190358396561         1.207748998621         1.219393909751         1.219584543385         1.211425551084         1.204075881147         1.205523744925         1.216563514104         1.230473813886         1.238421157328         1.236292783661         1.227704480865         1.221002435430         1.222728848149         1.232650796651         1.244098032614         1.249234902270         1.245128071629         1.235930039055         1.229559762969         1.231527940737         1.240706131886         1.250265257326         1.253014222805         1.246989353479         1.236960208282         1.230699599916         1.232929343001         1.241642352294         1.249643499417         1.250136883443         1.242041248249         1.230886967578         1.224550005834         1.227109782463         1.235598344282         1.242207796431         1.240328413909         1.229772312723         1.217065463107         1.210461827508         1.213480600712         1.221991410012         1.227227302391         1.222550162003         1.208782765910         1.193839589675         1.186724730229         1.190427054556         1.199260879894         1.202940208274         1.194513522758         1.176093123689         1.157687984289         1.149662846760         1.154451946616         1.164033418183         1.165544409828         1.151212119562         1.125038591472         1.100571438163         1.090771689659         1.097410105372         1.108344094337         1.105641269899         1.079411742270         1.036956362011         0.998997447720         0.984208221751         0.993398973851         1.004500455364         0.986576901002         0.919829759403         0.818017132423         0.703927829925         0.552354637260         0.000000000000
        0.876608412821         0.865276590236         0.961888437400         0.995326458398         1.065262953729         1.084760044980         1.083045213671         1.068061772120         1.066502881218         1.086788647472         1.119639930434         1.147018911127         1.156063293891         1.148595679777         1.138061226593         1.138566797085         1.154333670095         1.177458976118         1.194792728298         1.198191888217         1.190305762746         1.181876158396         1.183148073271         1.196201337972         1.213861696723         1.225623158219         1.225785778409         1.217565630214         1.210253990229         1.211894390593         1.223218811319         1.237371319574         1.245410023972         1.243221402904         1.234528767861         1.227814041594         1.229684435023         1.239852742416         1.251514944607         1.256719675196         1.252522638406         1.243178102330         1.236744026203         1.238805692531         1.248189891776         1.257936091202         1.260730399456         1.254587107376         1.244370473310         1.237994324319         1.240264811245         1.249140839487         1.257299275914         1.257815304683         1.249574123113         1.238192335234         1.231687734011         1.234233316302         1.242838507566         1.249572145335         1.247691096896         1.236962381372         1.223988725404         1.217165254345         1.220112992935         1.228690358683         1.234013450610         1.229307419395         1.215339440695         1.200090724339         1.192704196018         1.196277274902         1.205123942560         1.208848708517         1.200361689815         1.181710585559         1.162961549201         1.154614536043         1.159216650763         1.168754674630         1.170263712895         1.155833240320         1.129394765587         1.104545769859         1.094378539186         1.100777258706         1.111612072606         1.108853825996         1.082477515768         1.039714734735         1.001338761978         0.986154487471         0.995076075899         1.006034138892         0.987994754683         0.921011347518         0.818843995512         0.704332349478         0.552486825431         0.000000000000
        0.877119456891         0.866008470464         0.962920985430         0.996550735881         1.066606355073         1.086158023251         1.084477068746         1.069595980881         1.068214345491         1.088720353634         1.121756717672         1.149236081618         1.158306820197         1.150856106040         1.140398420859         1.141063362215         1.157031587654         1.180325327065         1.197741457119         1.201145529530         1.193251014871         1.184871062825         1.186277274608         1.199511289960         1.217323525370         1.229151160880         1.229298878285         1.221044981769         1.213754612308         1.215502706478         1.226986611261         1.241275195958         1.249365682028         1.247143849971         1.238393004944         1.231670824931         1.233621330278         1.243927209408         1.255709796285         1.260952887151         1.256705714408         1.247279203859         1.240808838679         1.242921975608         1.252420680467         1.262271188726         1.265091029064         1.258881724295         1.248560229814         1.242118779577         1.244410994403         1.253377092576         1.261622743237         1.262151193758         1.253828785175         1.242319786108         1.235720912359         1.238257420600         1.246926345016         1.253728274841         1.251845702841         1.241020420106         1.227897619132         1.220950797826         1.223857639712         1.232470578280         1.237840908921         1.233117892727         1.219037632666         1.203618216997         1.196079579474         1.199579385475         1.208431577478         1.212179978238         1.203658064978         1.184877641535         1.165936413989         1.157409391581         1.161906131603         1.171418216624         1.172924226880         1.158437342329         1.131850021904         1.106787486884         1.096414809822         1.102678868580         1.113456683967         1.110665370498         1.084205090852         1.041269298433         1.002659807752         0.987254598617         0.996025159257         1.006901562958         0.988795229565         0.921677283944         0.819309641956         0.704560223966         0.552561637609         0.000000000000
        0.877422745673         0.866442478773         0.963533297328         0.997276706328         1.067403342818         1.086987694204         1.085327119468         1.070506686287         1.069230040319         1.089866392134         1.123012295408         1.150551403314         1.159638124704         1.152197651353         1.141785412027         1.142544502957         1.158631731329         1.182025170518         1.199490302921         1.202897625742         1.194998349416         1.186647729270         1.188133104151         1.201473783837         1.219375790685         1.231242750803         1.231381932631         1.223108224076         1.215830267186         1.217641591532         1.229219341970         1.243588189267         1.251709394013         1.249468183837         1.240683021996         1.233956180534         1.235953457673         1.246340008238         1.258193384808         1.263459165943         1.259182607286         1.249707826746         1.243215747938         1.245358649440         1.254924310982         1.264835902549         1.267670881133         1.261422928580         1.251039717977         1.244559367564         1.246863760245         1.255882212704         1.264178737564         1.264714377965         1.256344288464         1.244760487170         1.238105826001         1.240636354402         1.249342015612         1.256183584154         1.254299909314         1.243417899955         1.230207436511         1.223187848633         1.226070068687         1.234703136550         1.240100646939         1.235367322145         1.221221023226         1.205701335517         1.198073140755         1.201529367467         1.210384032894         1.214145581260         1.205602711790         1.186746214208         1.167692160970         1.159059300178         1.163493699536         1.172989796088         1.174493221959         1.159972618709         1.133297655331         1.108109725357         1.097616400424         1.103801099278         1.114544809872         1.111733283802         1.085223065916         1.042185392978         1.003438809568         0.987903988850         0.996585781365         1.007413781917         0.989267407961         0.922069693227         0.819583892831         0.704694429524         0.552605789555         0.000000000000
        0.877610801716         0.866711465085         0.963912806132         0.997726649209         1.067897435116         1.087502160975         1.085854299175         1.071071528097         1.069859805921         1.090576785027         1.123790580056         1.151366699486         1.160463412444         1.153029416154         1.142645323148         1.143462655847         1.159623530483         1.183078728120         1.200574275428         1.203983705035         1.196081497160         1.187748946587         1.189283181799         1.202689767498         1.220647315249         1.232538680403         1.232672650040         1.224386657776         1.217116240112         1.218966422489         1.230602017183         1.245020432549         1.253160658273         1.250907514345         1.242101062061         1.235371149054         1.237397027294         1.247833135810         1.259730142376         1.265009968456         1.260715329337         1.251210660306         1.244704931651         1.246865844995         1.256472509543         1.266421659182         1.269265945831         1.262994192522         1.252572845365         1.246068359219         1.248379909572         1.257430307467         1.265758003252         1.266298096245         1.257898663474         1.246268740113         1.239579506016         1.242106007611         1.250834001836         1.257699790679         1.255815376361         1.244898469026         1.231634015087         1.224569476775         1.227436245755         1.236081388669         1.241495386365         1.236755606645         1.222568653437         1.206987263605         1.199303862685         1.202733042456         1.211588919181         1.215358289058         1.206802371058         1.187899012532         1.168775539027         1.160077501612         1.164473369090         1.173959357261         1.175460914530         1.160919361941         1.134190391753         1.108925318953         1.098357761092         1.104493529840         1.115216025610         1.112391778205         1.085850623284         1.042750172249         1.003919255561         0.988304748964         0.996931904080         1.007729959398         0.989558694312         0.922311626869         0.819752927954         0.704777165268         0.552633067226         0.000000000000
        0.877731936282         0.866884699120         0.964157215702         0.998016409317         1.068215719222         1.087833646932         1.086194038590         1.071435514966         1.070265553333         1.091034434705         1.124291970420         1.151891981958         1.160995185849         1.153565353219         1.143199350604         1.144054113589         1.160262352073         1.183757300896         1.201272446772         1.204683271471         1.196779186505         1.188458218099         1.190023819537         1.203472740601         1.221465998704         1.233373082702         1.233503725119         1.225209812829         1.217944154835         1.219819196416         1.231491899904         1.245942147020         1.254094599889         1.251833788667         1.243013607610         1.236281618194         1.238325715452         1.248793531269         1.260718509229         1.266007361657         1.261701119219         1.252177207852         1.245662578654         1.247834868794         1.257467685925         1.267440874746         1.270291108813         1.264004089873         1.253558217569         1.247038128036         1.249354092614         1.258424825578         1.266772432014         1.267315383584         1.258897141469         1.247237609247         1.240526103193         1.243049853262         1.251792023198         1.258673241860         1.256788309470         1.245849018771         1.232549941579         1.225456507604         1.228313219108         1.236965956428         1.242390401195         1.237646421646         1.223433412641         1.207812467428         1.200093632617         1.203505368205         1.212361879734         1.216136148974         1.207571799929         1.188638392380         1.169470431468         1.160730605387         1.165101711336         1.174581105571         1.176081336004         1.161526261725         1.134762631966         1.109448127530         1.098833015544         1.104937410553         1.115646231893         1.112813702547         1.086252600722         1.043111886610         1.004227028758         0.988561588822         0.997153796394         1.007932650534         0.989745390093         0.922466633555         0.819861181117         0.704830110083         0.552650502825         0.000000000000
        0.877812332732         0.866999634654         0.964319373034         0.998208638234         1.068426922165         1.088053612723         1.086419461762         1.071676993470         1.070534685286         1.091337969409         1.124624532626         1.152240448068         1.161348051308         1.153921022405         1.143567061591         1.144446690455         1.160686388869         1.184207753911         1.201735947053         1.205147733262         1.197242412243         1.188929109610         1.190515494214         1.203992482569         1.222009438120         1.233926957789         1.234055409326         1.225756236836         1.218493688507         1.220385158606         1.232082430970         1.246553779097         1.254714341770         1.252448450784         1.243619151352         1.236885726230         1.238941815288         1.249430582504         1.261374073596         1.266668912324         1.262354984768         1.252818300351         1.246297712856         1.248477451195         1.258127509172         1.268116582380         1.270970744958         1.264673619127         1.254211479235         1.247680995718         1.249999793092         1.259083904383         1.267444654124         1.267989496979         1.259558813621         1.247879670456         1.241153364308         1.243675203200         1.252426675785         1.259318060043         1.257432782782         1.246478683803         1.233156688524         1.226044081204         1.228894052613         1.237551729451         1.242983035167         1.238236263138         1.224006027014         1.208358912574         1.200616607697         1.204016744122         1.212873609379         1.216651071575         1.208081121878         1.189127838157         1.169930450371         1.161162966542         1.165517659222         1.174992637968         1.176491937195         1.161927887739         1.135141346082         1.109794186860         1.099147653553         1.105231299075         1.115931043721         1.113093006937         1.086518689802         1.043351339962         1.004430798650         0.988731670573         0.997300778927         1.008066908342         0.989869009624         0.922569248444         0.819932854480         0.704865192075         0.552662083948         0.000000000000
        0.877866950815         0.867077710285         0.964429519459         0.998339190515         1.068570421279         1.088203088664         1.086572660705         1.071841111432         1.070717592483         1.091544258357         1.124850535167         1.152477222760         1.161587762707         1.154162605626         1.143816794082         1.144713281683         1.160974339400         1.184513645122         1.202050710353         1.205463155913         1.197556989376         1.189248872883         1.190849349322         1.204345386295         1.222378447464         1.234303057087         1.234430037849         1.226127293366         1.218866830863         1.220769423581         1.232483357771         1.246969034754         1.255135121154         1.252865796559         1.244030301247         1.237295869297         1.239360054028         1.249863008951         1.261819059547         1.267117974395         1.262798847974         1.253253492959         1.246728838227         1.248913588012         1.258575304522         1.268575135819         1.271431960498         1.265127982473         1.254654798724         1.248117237864         1.250437915037         1.259531055479         1.267900702126         1.268446828037         1.260007716766         1.248315271180         1.241578900663         1.244099404863         1.252857145175         1.259755408882         1.257869911331         1.246905796635         1.233568274396         1.226442654005         1.229288025856         1.237949014854         1.243384950948         1.238636286731         1.224394387704         1.208729546207         1.200971328217         1.204363579227         1.213220655986         1.217000261537         1.208426510865         1.189459769160         1.170242451739         1.161456226847         1.165799786363         1.175271753663         1.176770408918         1.162200281779         1.135398228445         1.110028949099         1.099361119968         1.105430684868         1.116124247647         1.113282454771         1.086699168518         1.043513765730         1.004569027628         0.988847054615         0.997400477478         1.008157950018         0.989952807520         0.922638788694         0.819981419529         0.704888963639         0.552669936738         0.000000000000
        0.877904693037         0.867131641462         0.964505589388         0.998429335107         1.068669569069         1.088306381363         1.086678530107         1.071954533122         1.070843990643         1.091686821026         1.125006747692         1.152640942265         1.161753580488         1.154329740727         1.143989563591         1.144897698806         1.161173517803         1.184725227790         1.202268433378         1.205681339357         1.197774584429         1.189470038849         1.191080235845         1.204589419592         1.222633601123         1.234563108567         1.234689072316         1.226383854809         1.219124817123         1.221035070363         1.232760493830         1.247256056458         1.255425957475         1.253154262065         1.244314479393         1.237579331624         1.239649078953         1.250161805815         1.262126514760         1.267428238400         1.263105520368         1.253554168948         1.247026686278         1.249214864686         1.258884601159         1.268891843180         1.271750501197         1.265441795810         1.254960986354         1.248418529449         1.250740480595         1.259839827185         1.268215604634         1.268762616817         1.260317696083         1.248616066916         1.241872732445         1.244392296443         1.253154343566         1.260057349607         1.258171704846         1.247200686886         1.233852451836         1.226717841401         1.229560020405         1.238223275047         1.243662393898         1.238912422343         1.224662478686         1.208985404474         1.201216196128         1.204602988894         1.213460195108         1.217241268103         1.208664891000         1.189688864988         1.170457796073         1.161658633857         1.165994499891         1.175464374854         1.176962575336         1.162388251536         1.135575497946         1.110190960100         1.099508436171         1.105568275650         1.116257552450         1.113413157660         1.086823672703         1.043625809208         1.004664387647         0.988926660148         0.997469261170         1.008220762127         0.990010622258         0.922686766259         0.820014925199         0.704905363627         0.552675354656         0.000000000000
        0.877931077383         0.867169299305         0.964558678751         0.998492225734         1.068738789373         1.088378552050         1.086752494142         1.072033785455         1.070932342320         1.091786507139         1.125116008028         1.152755462700         1.161869554900         1.154446634506         1.144110386236         1.145026660099         1.161312818060         1.184873215821         1.202420727742         1.205833960360         1.197926790943         1.189624736319         1.191241728762         1.204760111933         1.222812080394         1.234745034258         1.234870288591         1.226563336956         1.219305283364         1.221220883054         1.232954340792         1.247456825062         1.255629404876         1.253356056558         1.244513270294         1.237777609781         1.239851236011         1.250370793528         1.262341560880         1.267645255464         1.263320029446         1.253764477946         1.247235005775         1.249425567668         1.259100904652         1.269113330414         1.271973275847         1.265661268126         1.255175122350         1.248629233532         1.250952062030         1.260055742255         1.268435809196         1.268983446612         1.260534468678         1.248826413894         1.242078199189         1.244597098626         1.253362153338         1.260268480545         1.258382736003         1.247406892335         1.234051165347         1.226910262486         1.229750199803         1.238415030462         1.243856370132         1.239105484294         1.224849915861         1.209164285552         1.201387385340         1.204770352641         1.213627641937         1.217409735904         1.208831520137         1.189848999739         1.170608311803         1.161800096446         1.166130571507         1.175598966660         1.177096839984         1.162519578540         1.135699346192         1.110304144132         1.099611351653         1.105664398870         1.116350691060         1.113504485035         1.086910675928         1.043704111065         1.004731030810         0.988982295693         0.997517338353         1.008264669380         0.990051037071         0.922720303461         0.820038345792         0.704916827457         0.552679142383         0.000000000000
        0.877949722545         0.867195912000         0.964596171732         0.998536638325         1.068787743581         1.088429570870         1.086804783230         1.072089770218         1.070994741547         1.091856934527         1.125193231785         1.152836423704         1.161951564127         1.154529305957         1.144195839916         1.145117868749         1.161411327862         1.184977864220         1.202528419071         1.205941884228         1.198034421921         1.189734124037         1.191355911740         1.204880787930         1.222938252705         1.234873645000         1.234998394387         1.226690216412         1.219432850250         1.221352215921         1.233091340286         1.247598709260         1.255773180652         1.253498665700         1.244653756387         1.237917728033         1.239994085604         1.250518460694         1.262493502128         1.267798588644         1.263471593569         1.253913073705         1.247382191001         1.249574426719         1.259253710322         1.269269793531         1.272130648422         1.265816310058         1.255326393436         1.248778074100         1.251101510989         1.260208244430         1.268591336895         1.269139414584         1.260687571745         1.248974974952         1.242223307178         1.244741728357         1.253508897829         1.260417565646         1.258531746050         1.247552492090         1.234191471745         1.227046119910         1.229884467798         1.238550405508         1.243993309214         1.239241775984         1.224982233772         1.209290558271         1.201508220935         1.204888480179         1.213745821635         1.217528631061         1.208949113008         1.189962002949         1.170714519238         1.161899908180         1.166226572596         1.175693920323         1.177191552836         1.162612207281         1.135786692942         1.110383979645         1.099683955502         1.105732216432         1.116416414088         1.113568937278         1.086972082730         1.043759380305         1.004778070488         0.989021561051         0.997551261700         1.008295648825         0.990079560149         0.922743972254         0.820054873734         0.704924916531         0.552681813719         0.000000000000
        0.877962965430         0.867214794410         0.964622737923         0.998568097797         1.068822438042         1.088465709241         1.086841778436         1.072129384239         1.071038936379         1.091906812326         1.125247958017         1.152893822949         1.162009687496         1.154587881074         1.144256366218         1.145182465382         1.161481112694         1.185052009128         1.202604732708         1.206018363348         1.198110691512         1.189811642272         1.191436845983         1.204966351686         1.223027739868         1.234964878983         1.235089271097         1.226780220762         1.219523340839         1.221445388512         1.233188555655         1.247699415158         1.255875244511         1.253599904665         1.244753483916         1.238017192422         1.240095497154         1.250623311071         1.262601406557         1.267907494806         1.263579246853         1.254018614480         1.247486727729         1.249680157143         1.259362256806         1.269380953563         1.272242464884         1.265926472968         1.255433873774         1.248883824018         1.251207695636         1.260316607782         1.268701860648         1.269250257808         1.260796380392         1.249080552071         1.242326427537         1.244844510130         1.253613187112         1.260523524680         1.258637655961         1.247655978845         1.234291194213         1.227142678107         1.229979897340         1.238646626342         1.244090647393         1.239338658836         1.225076293478         1.209380320288         1.201594117543         1.204972452912         1.213829834652         1.217613156373         1.209032715545         1.190042343729         1.170790029459         1.161970873101         1.166294831166         1.175761438169         1.177258905001         1.162678081047         1.135848804766         1.110440729623         1.099735541970         1.105780385407         1.116463077661         1.113614678339         1.087015648334         1.043798584771         1.004811447879         0.989049435555         0.997575357573         1.008317665417         0.990099832045         0.922760797233         0.820066623767         0.704930668036         0.552683713697         0.000000000000
        0.877972448308         0.867228332265         0.964641741261         0.998590606132         1.068847319542         1.088491664729         1.086868386326         1.072157881244         1.071070707083         1.091942666163         1.125287267219         1.152935033079         1.162051422642         1.154629945754         1.144299839888         1.145228863970         1.161531226317         1.185105242989         1.202659513924         1.206073262920         1.198165441369         1.189867284174         1.191494925830         1.205027732715         1.223091916041         1.235030296390         1.235154428063         1.226844754173         1.219588218705         1.221512176561         1.233258223573         1.247771567632         1.255948360151         1.253672428130         1.244824927452         1.238088447232         1.240168138954         1.250698402474         1.262678670956         1.267985469433         1.263656324998         1.254094183748         1.247561579711         1.249755858201         1.259439962994         1.269460519765         1.272322495408         1.266005320190         1.255510804795         1.248959517230         1.251283696607         1.260394159665         1.268780949237         1.269329569893         1.260874237592         1.249156100641         1.242400219820         1.244918057314         1.253687805335         1.260599330072         1.258713423214         1.247730014647         1.234362541635         1.227211764250         1.230048173924         1.238715462982         1.244160277245         1.239407961433         1.225143579480         1.209444537616         1.201655573998         1.205032532477         1.213889938529         1.217673621911         1.209092520414         1.190099819813         1.170844057242         1.162021655121         1.166343677979         1.175809752558         1.177307098645         1.162725219105         1.135893258938         1.110481357656         1.099772484020         1.105814886498         1.116496503059         1.113647446767         1.087046862969         1.043826677954         1.004835359733         0.989069400124         0.997592609758         1.008333418652         0.990114329011         0.922772825230         0.820075022962         0.704934779700         0.552685072483         0.000000000000
        0.877979258966         0.867238063279         0.964655354226         0.998606730627         1.068865170446         1.088510290202         1.086887478472         1.072178327809         1.071093507060         1.091968404524         1.125315490956         1.152964622672         1.162081387996         1.154660145974         1.144331050949         1.145262175104         1.161567204771         1.185143463156         1.202698843110         1.206112676115         1.198204745470         1.189907227068         1.191536617429         1.205071792781         1.223137982108         1.235077253215         1.235201196815         1.226891075324         1.219634785001         1.221560112099         1.233308225671         1.247823353279         1.256000837516         1.253724480706         1.244876204748         1.238139588573         1.240220275227         1.250752296861         1.262734124605         1.268041433704         1.263711646523         1.254148422410         1.247615303746         1.249810191367         1.259495735098         1.269517626631         1.272379935815         1.266061910412         1.255566019325         1.249013841686         1.251338242705         1.260449819135         1.268837710653         1.269386490678         1.260930113634         1.249210319662         1.242453177496         1.244970838716         1.253741354760         1.260653731392         1.258767797796         1.247783147377         1.234413745627         1.227261345223         1.230097173224         1.238764863095         1.244210245482         1.239457694838         1.225191865686         1.209490622147         1.201699677931         1.205075648079         1.213933070799         1.217717012486         1.209135436219         1.190141064498         1.170882828062         1.162058097589         1.166378731637         1.175844423422         1.177341681714         1.162759044041         1.135925158166         1.110510512222         1.099798994413         1.105839645484         1.116520489480         1.113670960868         1.087069261620         1.043846837222         1.004852519278         0.989083727762         0.997604991329         1.008344723493         0.990124731072         0.922781454779         0.820081048748         0.704937729751         0.552686047555         0.000000000000
        0.877984166594         0.867245081064         0.964665128057         0.998618305133         1.068877994718         1.088523664619         1.086901174559         1.072192986612         1.071109852850         1.091986858734         1.125335730931         1.152985837065         1.162102871341         1.154681796883         1.144353429848         1.145286068211         1.161593022241         1.185170900123         1.202727081089         1.206140975937         1.198232965697         1.189935905985         1.191566556086         1.205103439773         1.223171078077         1.235110994269         1.235234803322         1.226924359348         1.219668243804         1.221594556884         1.233344161389         1.247860577328         1.256038562996         1.253761901746         1.244913067440         1.238176353086         1.240257757000         1.250791047101         1.262774000271         1.268081680080         1.263751431508         1.254187427830         1.247653938978         1.249849266324         1.259535848311         1.269558703144         1.272421254431         1.266102616467         1.255605734325         1.249052914265         1.251377476965         1.260489857415         1.268878543302         1.269427438184         1.260970308591         1.249249321611         1.242491270718         1.245008805705         1.253779875912         1.260692867740         1.258806916890         1.247821373825         1.234450584365         1.227297015757         1.230132425354         1.238800404183         1.244246195926         1.239493477237         1.225226606591         1.209523778624         1.201731409554         1.205106668801         1.213964104101         1.217748231895         1.209166314076         1.190170739741         1.170910723134         1.162084317565         1.166403952519         1.175869369158         1.177366564285         1.162783381023         1.135948109464         1.110531488728         1.099818068489         1.105857459517         1.116537747653         1.113687879130         1.087085377226         1.043861341575         1.004864865581         0.989094036708         0.997613900312         1.008352857619         0.990132215429         0.922787663581         0.820085384129         0.704939852412         0.552686749125         0.000000000000
        0.877987721023         0.867250174369         0.964672185832         0.998626658519         1.068887254243         1.088533316154         1.086911053846         1.072203559753         1.071121645132         1.092000177878         1.125350336237         1.153001138667         1.162118347947         1.154697380599         1.144369531716         1.145303260988         1.161611602615         1.185190647490         1.202747402830         1.206161340746         1.198253272984         1.189956545202         1.191588105395         1.205126222304         1.223194906369         1.235135287848         1.235258999160         1.226948322742         1.219692333392         1.221619359024         1.233370041264         1.247887388230         1.256065736181         1.253788854947         1.244939617823         1.238202833805         1.240284757466         1.250818965219         1.262802731307         1.268110678949         1.263780096948         1.254215530826         1.247681776566         1.249877423936         1.259564757530         1.269588308169         1.272451033547         1.266131951582         1.255634353821         1.249081070475         1.251405753437         1.260518716720         1.268907975384         1.269456950972         1.260999276357         1.249277428757         1.242518723236         1.245036169514         1.253807641219         1.260721077458         1.258835113902         1.247848926709         1.234477137048         1.227322727460         1.230157837217         1.238826025317         1.244272111457         1.239519270427         1.225251647343         1.209547676968         1.201754282248         1.205129030562         1.213986475679         1.217770736560         1.209188570504         1.190192127548         1.170930827368         1.162103215379         1.166422131191         1.175887349494         1.177384497436         1.162800918514         1.135964646219         1.110546601300         1.099831809897         1.105870292536         1.116550178690         1.113700062202         1.087096978437         1.043871774361         1.004873742795         0.989101449355         0.997620309013         1.008358710607         0.990137603087         0.922792134181         0.820088505896         0.704941380697         0.552687254132         0.000000000000
        0.878035226485         0.867357862481         0.964824092608         0.998807370050         1.069117213644         1.088828613443         1.087314397057         1.072716065119         1.071724164594         1.092654030529         1.126035181449         1.153733141686         1.162942880063         1.155656549029         1.145469661373         1.146509497417         1.162875176286         1.186487215064         1.204097340581         1.207615499030         1.199853715021         1.191702942246         1.193436854098         1.207023858947         1.225117817616         1.237108014999         1.237333184562         1.229161400675         1.222036232631         1.224044785908         1.235823119760         1.250347964514         1.258561763329         1.256370966495         1.247638939092         1.241004079032         1.243134909038         1.253666065897         1.265631812747         1.270953020183         1.266684596403         1.257206876314         1.250738177768         1.252943715162         1.262592346976         1.272568187926         1.275417998311         1.269133142220         1.258688431766         1.252160469016         1.254454141571         1.263491633805         1.271803355131         1.272313702759         1.263862970720         1.252161027275         1.245389580007         1.247838043781         1.256501161742         1.263311676712         1.261365772586         1.250363821914         1.236983941652         1.229784727451         1.232519861320         1.241055035812         1.246381187779         1.241555111551         1.227256665288         1.211524859470         1.203664229268         1.206919613024         1.215632138658         1.219291801149         1.210634333178         1.191602315926         1.172304554241         1.163401104277         1.167597890313         1.176924077932         1.178308357207         1.163660850658         1.136795802725         1.111345742331         1.100563985161         1.106498820775         1.117066425239         1.114130017352         1.087481463772         1.044236662491         1.005215174286         0.989395083052         0.997844638931         1.008511118169         0.990236493477         0.922860036874         0.820140737013         0.704979954505         0.552713651554         0.000000000000
        0.878038638467         0.867363824261         0.964832589541         0.998817699686         1.069130695643         1.088845380602         1.087336288182         1.072742916332         1.071755555798         1.092688592004         1.126072255036         1.153773297458         1.162987768468         1.155707802535         1.145527758021         1.146573540997         1.162943725794         1.186559542651         1.204174116157         1.207698418767         1.199944339066         1.191801594050         1.193542482006         1.207134959927         1.225233669209         1.237229255517         1.237461415484         1.229297968158         1.222181174439         1.224196899970         1.235980965177         1.250510977996         1.258730563449         1.256546845847         1.247822842138         1.241195698917         1.243332899978         1.253869040695         1.265839314552         1.271165627691         1.266903335008         1.257432292164         1.250969585871         1.253179561770         1.262831250203         1.272809781640         1.275662878640         1.269382190931         1.258941875013         1.252417247668         1.254712429361         1.263749974995         1.272061518385         1.272572458691         1.264123266872         1.252422861949         1.245651455655         1.248097750635         1.256757148928         1.263563971451         1.261615607432         1.250612410225         1.237231109785         1.230028476715         1.232757493257         1.241284961394         1.246603939365         1.241772682879         1.227470744840         1.211735114686         1.203868058548         1.207113781539         1.215815143378         1.219464933887         1.210800607102         1.191763986788         1.172461098240         1.163549314076         1.167734158541         1.177047208939         1.178420556650         1.163766106349         1.136896798522         1.111441775374         1.100651562364         1.106574475919         1.117129522032         1.114183358589         1.087529236228         1.044281389727         1.005256254248         0.989429893067         0.997871059685         1.008529150675         0.990248496121         0.922868264184         0.820146851863         0.704984167227         0.552716515342         0.000000000000
        0.878039876659         0.867365642403         0.964835159530         0.998820759023         1.069134176558         1.088849153761         1.087340408987         1.072747505135         1.071760745510         1.092694402604         1.126078590039         1.153780014012         1.162994794385         1.155715194105         1.145535657042         1.146582077218         1.162952925929         1.186569312890         1.204184313385         1.207708961984         1.199955268239         1.191813047241         1.193554602010         1.207147793069         1.225247135356         1.237243203131         1.237475730855         1.229312658074         1.222196360872         1.224212733130         1.235997505757         1.250528155326         1.258748220536         1.256564841156         1.247841146557         1.241214408107         1.243352158882         1.253888923032         1.265859760626         1.271186475441         1.266924419598         1.257453547406         1.250991082635         1.253201433613         1.262853578179         1.272832516085         1.275685857933         1.269405236717         1.258964892997         1.252440280914         1.254735592809         1.263773353805         1.272085080564         1.272596054695         1.264146712333         1.252446040671         1.245674381256         1.248120521866         1.256779860945         1.263586614818         1.261638058323         1.250634490757         1.237252689513         1.230049539351         1.232778121402         1.241305255773         1.246623927672         1.241792283994         1.227489805535         1.211753495270         1.203885710855         1.207130758474         1.215831556804         1.219480865145         1.210816037264         1.191778799487         1.172475145013         1.163562506171         1.167746521079         1.177058868175         1.178431653185         1.163776692143         1.136906794910         1.111451025011         1.100659944977         1.106582000984         1.117136332684         1.114189633256         1.087535059613         1.044286694782         1.005260897716         0.989433790674         0.997874267197         1.008531806335         0.990250737088         0.922870047703         0.820148120081         0.704984851422         0.552716817883         0.000000000000
        0.878040634074         0.867366728011         0.964836684847         0.998822567185         1.069136187042         1.088851269038         1.087342612323         1.072749888682         1.071763411526         1.092697405640         1.126081877700         1.153783470114         1.162998323046         1.155718788965         1.145539404155         1.146586089343         1.162957257778         1.186573916145         1.204189068820         1.207713767492         1.199960109493         1.191818007427         1.193559798131         1.207153287890         1.225252887704         1.237249094796         1.237481649515         1.229318578561         1.222202360620         1.224218932395         1.236003975612         1.250534862195         1.258755047603         1.256571668828         1.247847937747         1.241221231281         1.243359135133         1.253896132429         1.265867178882         1.271193987459         1.266931899368         1.257460946406         1.250998459489         1.253208908513         1.262861237147         1.272840344756         1.275693743423         1.269413050098         1.258972574394         1.252447879622         1.254743224118         1.263781109426         1.272092956394         1.272603946842         1.264154487720         1.252453628949         1.245681821150         1.248127925470         1.256787326247         1.263594147851         1.261645562756         1.250641832458         1.237259790226         1.230056427122         1.232784904559         1.241312038206         1.246630726470         1.241799013734         1.227496334877         1.211759739582         1.203891687764         1.207136569197         1.215837308468         1.219486588284         1.210821658691         1.191784193421         1.172480221301         1.163567271560         1.167751068650         1.177063306865         1.178436024931         1.163780937974         1.136910796034         1.111454688524         1.100663269052         1.106585071960         1.117139258423         1.114192460761         1.087537737295         1.044289110347         1.005262964758         0.989435516005         0.997875740400         1.008533123525         0.990251929630         0.922871029992         0.820148809350         0.704985195910         0.552716940015         0.000000000000
        0.878041129129         0.867367433622         0.964837672368         0.998823734674         1.069137483101         1.088852625270         1.087344011831         1.072751392658         1.071765089541         1.092699297225         1.126083950851         1.153785647694         1.163000534201         1.155721025161         1.145541721793         1.146588565922         1.162959932637         1.186576758694         1.204191998548         1.207716712240         1.199963057017         1.191821011209         1.193562936311         1.207156603869         1.225256355151         1.237252634463         1.237485184798         1.229322090773         1.222205900140         1.224222579322         1.236007778982         1.250538800895         1.258759044032         1.256575642629         1.247851863834         1.241225155234         1.243363137893         1.253900268609         1.265871433723         1.271198285510         1.266936157301         1.257465132528         1.251002613798         1.253213111763         1.262865548025         1.272844755691         1.275698181604         1.269417430552         1.258976857957         1.252452100527         1.254747461176         1.263785426119         1.272097351957         1.272608353664         1.264158818331         1.252457838109         1.245685936484         1.248132024120         1.256791475474         1.263598353337         1.261649761173         1.250645935499         1.237263747477         1.230060259852         1.232788687226         1.241315841730         1.246634562817         1.241802825135         1.227500033669         1.211763270828         1.203895066232         1.207139865768         1.215840596028         1.219489885253         1.210824913088         1.191787319201         1.172483159624         1.163570031343         1.167753716550         1.177065916054         1.178438618636         1.163783469986         1.136913182855         1.111456869918         1.100665249979         1.106586915469         1.117141036204         1.114194197271         1.087539388861         1.044290597069         1.005264230830         0.989436571542         0.997876648117         1.008533947528         0.990252685329         0.922871656292         0.820149246843         0.704985410600         0.552717011286         0.000000000000
        0.878041459870         0.867367902372         0.964838327132         0.998824508490         1.069138345636         1.088853527318         1.087344941783         1.072752391159         1.071766202889         1.092700552158         1.126085325334         1.153787089216         1.163001996486         1.155722502218         1.145543250835         1.146590198323         1.162961694757         1.186578630212         1.204193925576         1.207718645928         1.199964988832         1.191822976801         1.193564987955         1.207158770931         1.225258619991         1.237254944170         1.237487488007         1.229324374931         1.222208198684         1.224224945529         1.236010245869         1.250541354420         1.258761632420         1.256578212317         1.247854398070         1.241227684444         1.243365716075         1.253902932251         1.265874173131         1.271201050686         1.266938892797         1.257467817117         1.251005275078         1.253215802943         1.262868308277         1.272847580555         1.275701022820         1.269420232057         1.258979593584         1.252454793394         1.254750163879         1.263788181405         1.272100159592         1.272611168890         1.264161583055         1.252460522328         1.245688558790         1.248134636242         1.256794122641         1.263601039782         1.261652444892         1.250648557840         1.237266274947         1.230062706815         1.232791103554         1.241318274948         1.246637021270         1.241805270317         1.227502407144         1.211765535983         1.203897233172         1.207141982061         1.215842710556         1.219492010071         1.210827013374         1.191789337324         1.172485056407         1.163571813180         1.167755428445         1.177067606900         1.178440303326         1.163785116796         1.136914735444         1.111458288237         1.100666538245         1.106588116712         1.117142198224         1.114195335682         1.087540473236         1.044291573225         1.005265061548         0.989437264187         0.997877245320         1.008534491794         0.990253185701         0.922872071138         0.820149536347         0.704985551930         0.552717057284         0.000000000000
        0.878041681962         0.867368214711         0.964838763264         0.998825025275         1.069138925421         1.088854133254         1.087345565990         1.072753061052         1.071766950316         1.092701394870         1.126086248924         1.153788057253         1.163002978091         1.155723493205         1.145544276665         1.146591293681         1.162962877379         1.186579886280         1.204195218577         1.207719942903         1.199966283866         1.191824293996         1.193566362525         1.207160222720         1.225260136901         1.237256490652         1.237489029396         1.229325902860         1.222209735634         1.224226527249         1.236011894626         1.250543060672         1.258763361276         1.256579927820         1.247856088927         1.241229371149         1.243367435052         1.253904708046         1.265875999071         1.271202893421         1.266940715113         1.257469604580         1.251007046595         1.253217594056         1.262870145547         1.272849461010         1.275702913914         1.269422096227         1.258981413313         1.252456584330         1.254751961365         1.263790014270         1.272102027713         1.272613042187         1.264163422465         1.252462307621         1.245690302495         1.248136373204         1.256795883386         1.263602827361         1.261654231073         1.250650303224         1.237267956913         1.230064335025         1.232792711586         1.241319894857         1.246638658829         1.241806899670         1.227503988992         1.211767045602         1.203898677409         1.207143392895         1.215844120973         1.219493428152         1.210828415763         1.191790685212         1.172486323415         1.163573003650         1.167756572736         1.177068737941         1.178441431069         1.163786219776         1.136915775669         1.111459238789         1.100667401960         1.106588922491         1.117142978189         1.114196100087         1.087541201432         1.044292228658         1.005265619235         0.989437729212         0.997877646454         1.008534857690         0.990253522346         0.922872350452         0.820149731352         0.704985647165         0.552717088392         0.000000000000
        0.878041831674         0.867368423764         0.964839053766         0.998825372048         1.069139318319         1.088854544015         1.087345989103         1.072753515164         1.071767457121         1.092701966964         1.126086875929         1.153788714729         1.163003644582         1.155724165916         1.145544972743         1.146592036822         1.162963679697         1.186580738416         1.204196095679         1.207720822534         1.199967161892         1.191825186826         1.193567294114         1.207161206682         1.225261164911         1.237257538657         1.237490073722         1.229326937865         1.222210776583         1.224227598396         1.236013011125         1.250544215998         1.258764531702         1.256581088952         1.247857233093         1.241230512269         1.243368597946         1.253905909349         1.265877234164         1.271204139847         1.266941947646         1.257470813395         1.251008244444         1.253218805163         1.262871388113         1.272850732880         1.275704192966         1.269423356883         1.258982643776         1.252457795230         1.254753176722         1.263791253648         1.272103291024         1.272614308992         1.264164666247         1.252463514643         1.245691481271         1.248137547408         1.256797073734         1.263604036002         1.261655438812         1.250651483345         1.237269094015         1.230065435693         1.232793798608         1.241320990005         1.246639766040         1.241808001425         1.227505058657         1.211768066355         1.203899653953         1.207144346908         1.215845074844         1.219494387338         1.210829364441         1.191791597044         1.172487180513         1.163573808986         1.167757346925         1.177069503314         1.178442194325         1.163786966301         1.136916479662         1.111459882008         1.100667986371         1.106589467756         1.117143506073         1.114196617422         1.087541694097         1.044292671767         1.005265995871         0.989438043152         0.997877917531         1.008535105137         0.990253750161         0.922872539513         0.820149863213         0.704985711408         0.552717109199         0.000000000000
        0.878041932658         0.867368563302         0.964839244569         0.998825603409         1.069139583619         1.088854821244         1.087346274235         1.072753821771         1.071767800617         1.092702356317         1.126087303223         1.153789162880         1.163004098661         1.155724624077         1.145545446967         1.146592543595         1.162964227313         1.186581320252         1.204196694515         1.207721422931         1.199967761055         1.191825796094         1.193567929891         1.207161878323         1.225261866566         1.237258253921         1.237490786320         1.229327644030         1.222211486787         1.224228329221         1.236013772922         1.250545004263         1.258765330219         1.256581881081         1.247858013594         1.241231290681         1.243369391216         1.253906728779         1.265878076701         1.271204990075         1.266942788313         1.257471637812         1.251009061260         1.253219631005         1.262872235486         1.272851600229         1.275705065183         1.269424216464         1.258983482724         1.252458620791         1.254754005342         1.263792098667         1.272104152378         1.272615172735         1.264165514273         1.252464337587         1.245692284937         1.248138347959         1.256797885300         1.263604860084         1.261656262301         1.250652288005         1.237269869322         1.230066186137         1.232794539731         1.241321736673         1.246640520946         1.241808752650         1.227505788048         1.211768762404         1.203900319886         1.207144997506         1.215845725365         1.219495041530         1.210830011536         1.191792219076         1.172487765273         1.163574358496         1.167757875235         1.177070025656         1.178442715260         1.163787475869         1.136916960273         1.111460321220         1.100668385524         1.106589840256         1.117143866780         1.114196971011         1.087542030959         1.044292974945         1.005266253754         0.989438258183         0.997878103082         1.008535274443         0.990253905969         0.922872668781         0.820149953441         0.704985755440         0.552717123573         0.000000000000
        0.878042001251         0.867368657190         0.964839368748         0.998825758508         1.069139764507         1.088855010521         1.087346468259         1.072754030362         1.071768035176         1.092702622972         1.126087596405         1.153789470147         1.163004409478         1.155724937382         1.145545771302         1.146592890449         1.162964602369         1.186581718787         1.204197104552         1.207721833817         1.199968170959         1.191826212956         1.193568365026         1.207162338193         1.225262346989         1.237258743579         1.237491273966         1.229328127191         1.222211972738         1.224228829395         1.236014294409         1.250545543905         1.258765876827         1.256582423242         1.247858547741         1.241231823436         1.243369934231         1.253907289753         1.265878653542         1.271205572109         1.266943363695         1.257472202000         1.251009620208         1.253220196181         1.262872815490         1.272852193909         1.275705662144         1.269424804682         1.258984056768         1.252459185645         1.254754572343         1.263792676924         1.272104741832         1.272615763832         1.264166094587         1.252464900730         1.245692834901         1.248138895832         1.256798440762         1.263605424143         1.261656825945         1.250652838714         1.237270399905         1.230066699691         1.232795046916         1.241322247673         1.246641037595         1.241809266765         1.227506287184         1.211769238682         1.203900775533         1.207145442687         1.215846170505         1.219495489201         1.210830454350         1.191792644700         1.172488165341         1.163574734420         1.167758236654         1.177070383001         1.178443071618         1.163787824386         1.136917288889         1.111460621426         1.100668658266         1.106590094718         1.117144113118         1.114197212325         1.087542260688         1.044293181571         1.005266429622         0.989438405050         0.997878229877         1.008535390266         0.990254012628         0.922872757311         0.820150015261         0.704985785632         0.552717133470         0.000000000000
        0.878042047815         0.867368720289         0.964839447663         0.998825861582         1.069139887040         1.088855138899         1.087346599254         1.072754171516         1.071768195119         1.092702806087         1.126087798383         1.153789681811         1.163004623248         1.155725152612         1.145545994203         1.146593129176         1.162964860805         1.186581993429         1.204197386938         1.207722116532         1.199968452845         1.191826499633         1.193568664353         1.207162654632         1.225262677521         1.237259080286         1.237491609092         1.229328459137         1.222212306592         1.224229173077         1.236014652773         1.250545914712         1.258766252317         1.256582795571         1.247858914497         1.241232189238         1.243370307120         1.253907674983         1.265879049631         1.271205971668         1.266943758581         1.257472589124         1.251010003699         1.253220583966         1.262873213488         1.272852601264         1.275706071684         1.269425208122         1.258984450406         1.252459572908         1.254754961077         1.263793073348         1.272105145913         1.272616169061         1.264166492394         1.252465286737         1.245693211848         1.248139271342         1.256798821497         1.263605810784         1.261657212259         1.250653216047         1.237270763319         1.230067051339         1.232795394167         1.241322597549         1.246641391336         1.241809618703         1.227506628719         1.211769564394         1.203901086981         1.207145746937         1.215846474720         1.219495795143         1.210830756878         1.191792935263         1.172488438171         1.163574990542         1.167758482748         1.177070626257         1.178443314090         1.163788061272         1.136917511829         1.111460824565         1.100668842293         1.106590265984         1.117144278618         1.114197374105         1.087542414078         1.044293318573         1.005266545142         0.989438501219         0.997878313683         1.008535467650         0.990254084810         0.922872817532         0.820150057308         0.704985806056         0.552717139991         0.000000000000
        0.878042079462         0.867368763035         0.964839497015         0.998825929783         1.069139969706         1.088855225661         1.087346687199         1.072754266505         1.071768303771         1.092702931578         1.126087937351         1.153789827399         1.163004769955         1.155725300101         1.145546147045         1.146593293227         1.162965038727         1.186582182598         1.204197581313         1.207722310921         1.199968646545         1.191826696663         1.193568870222         1.207162872424         1.225262905039         1.237259311912         1.237491839494         1.229328687292         1.222212536094         1.224229409445         1.236014899321         1.250546169827         1.258766510585         1.256583051593         1.247859166663         1.241232440796         1.243370563641         1.253907940048         1.265879322150         1.271206246512         1.266944030151         1.257472855341         1.251010267459         1.253220850756         1.262873487360         1.272852881553         1.275706353429         1.269425485630         1.258984721184         1.252459839321         1.254755228551         1.263793346081         1.272105423879         1.272616447876         1.264166766169         1.252465552506         1.245693471479         1.248139530046         1.256799083826         1.263606077184         1.261657478427         1.250653476034         1.237271013758         1.230067293728         1.232795633574         1.241322838783         1.246641635234         1.241809861367         1.227506864251         1.211769789098         1.203901301926         1.207145956990         1.215846684766         1.219496006410         1.210830965855         1.191793136082         1.172488626869         1.163575167817         1.167758653163         1.177070794743         1.178443482056         1.163788225457         1.136917666527         1.111460965771         1.100668970463         1.106590385462         1.117144394241         1.114197487411         1.087542522178         1.044293415946         1.005266628099         0.989438570205         0.997878373252         1.008535522115         0.990254135042         0.922872859188         0.820150086319         0.704985820096         0.552717144440         0.000000000000
        0.878042100975         0.867368792300         0.964839527683         0.998825974732         1.069140025261         1.088855284229         1.087346746191         1.072754330352         1.071768377475         1.092703017463         1.126088032877         1.153789927503         1.163004870641         1.155725401186         1.145546251856         1.146593405953         1.162965161215         1.186582312906         1.204197715144         1.207722444636         1.199968779708         1.191826832134         1.193569011862         1.207163022370         1.225263061721         1.237259471338         1.237491998003         1.229328844214         1.222212693960         1.224229572101         1.236015069036         1.250546345455         1.258766688347         1.256583227768         1.247859340168         1.241232613906         1.243370740219         1.253908122548         1.265879509778         1.271206435717         1.266944217066         1.257473038557         1.251010449004         1.253221034434         1.262873675959         1.272853074569         1.275706547433         1.269425676696         1.258984907623         1.252460022758         1.254755412742         1.263793533873         1.272105615261         1.272616639899         1.264166954769         1.252465735658         1.245693650455         1.248139708418         1.256799264718         1.263606260898         1.261657661989         1.250653655335         1.237271186489         1.230067460931         1.232795798747         1.241323005236         1.246641803538         1.241810028833         1.227507026815         1.211769944224         1.203901450346         1.207146102078         1.215846829870         1.219496152394         1.210831110304         1.191793274941         1.172488757392         1.163575290491         1.167758771127         1.177070911406         1.178443598380         1.163788339202         1.136917773770         1.111461063754         1.100669059505         1.106590468543         1.117144474717         1.114197566273         1.087542597273         1.044293483457         1.005266685515         0.989438618098         0.997878414596         1.008535559854         0.990254169786         0.922872888010         0.820150106428         0.704985829888         0.552717147621         0.000000000000
        0.878042115598         0.867368812518         0.964839546926         0.998826004264         1.069140062466         1.088855323823         1.087346785944         1.072754373415         1.071768427492         1.092703076147         1.126088098411         1.153789996277         1.163004939757         1.155725470519         1.145546323768         1.146593483405         1.162965245506         1.186582402635         1.204197807295         1.207722536659         1.199968871322         1.191826925338         1.193569109351         1.207163125628         1.225263169652         1.237259581127         1.237492107131         1.229328952225         1.222212802623         1.224229684092         1.236015185916         1.250546466421         1.258766810771         1.256583349083         1.247859459634         1.241232733110         1.243370861843         1.253908248278         1.265879639044         1.271206566061         1.266944345811         1.257473164738         1.251010574041         1.253221160972         1.262873805922         1.272853207583         1.275706681124         1.269425808352         1.258985036091         1.252460149159         1.254755539682         1.263793663302         1.272105747168         1.272616772263         1.264167084787         1.252465861936         1.245693773870         1.248139831435         1.256799389489         1.263606387630         1.261657788622         1.250653779032         1.237271305658         1.230067576296         1.232795912725         1.241323120108         1.246641919694         1.241810144416         1.227507139020         1.211770051308         1.203901552808         1.207146202259         1.215846930065         1.219496253218         1.210831210083         1.191793370865         1.172488847549         1.163575375224         1.167758852599         1.177070991978         1.178443678703         1.163788417729         1.136917847794         1.111461131376         1.100669120945         1.106590525849         1.117144530220         1.114197620630         1.087542649003         1.044293529947         1.005266725048         0.989438651010         0.997878442947         1.008535585793         0.990254193704         0.922872907879         0.820150120295         0.704985836640         0.552717149807         0.000000000000
        0.878042125472         0.867368826426         0.964839559323         0.998826023465         1.069140087003         1.088855350327         1.087346812458         1.072754402085         1.071768460949         1.092703115627         1.126088142700         1.153790042968         1.163004986721         1.155725517628         1.145546372665         1.146593536104         1.162965302985         1.186582463939         1.204197870343         1.207722599663         1.199968934055         1.191826989153         1.193569176118         1.207163196402         1.225263243701         1.237259656494         1.237492182065         1.229329026383         1.222212877219         1.224229760987         1.236015266202         1.250546549558         1.258766894936         1.256583432495         1.247859541769         1.241232815064         1.243370945482         1.253908334774         1.265879727996         1.271206655771         1.266944434414         1.257473251560         1.251010660072         1.253221248060         1.262873895406         1.272853299193         1.275706773217         1.269425899045         1.258985124587         1.252460236228         1.254755627140         1.263793752499         1.272105838096         1.272616863521         1.264167174430         1.252465948995         1.245693858950         1.248139916253         1.256799475537         1.263606475057         1.261657876002         1.250653864398         1.237271387911         1.230067655933         1.232795991417         1.241323199430         1.246641999922         1.241810224268         1.227507216558         1.211770125326         1.203901623643         1.207146271531         1.215846999352         1.219496322963         1.210831279125         1.191793437253         1.172488909942         1.163575433861         1.167758908972         1.177071047728         1.178443734270         1.163788472049         1.136917898999         1.111461178157         1.100669163457         1.106590565499         1.117144568637         1.114197658274         1.087542684854         1.044293562201         1.005266752483         0.989438673893         0.997878462699         1.008535603823         0.990254210285         0.922872921628         0.820150129887         0.704985841315         0.552717151335         0.000000000000
        0.878042132086         0.867368836029         0.964839568122         0.998826036185         1.069140103607         1.088855368732         1.087346831218         1.072754422299         1.071768484183         1.092703142775         1.126088173048         1.153790075080         1.163005019014         1.155725549967         1.145546406139         1.146593572117         1.162965342249         1.186582505827         1.204197913467         1.207722642800         1.199968977022         1.191827032843         1.193569221802         1.207163244831         1.225263294409         1.237259708148         1.237492233453         1.229329077245         1.222212928369         1.224229813706         1.236015321258         1.250546606600         1.258766952717         1.256583489784         1.247859598183         1.241232871348         1.243371002927         1.253908394201         1.265879789132         1.271206717453         1.266944495338         1.257473311247         1.251010719201         1.253221307923         1.262873956944         1.272853362220         1.275706836602         1.269425961476         1.258985185500         1.252460296149         1.254755687334         1.263793813909         1.272105900726         1.272616926396         1.264167236194         1.252466008963         1.245693917537         1.248139974664         1.256799534815         1.263606535317         1.261657936260         1.250653923285         1.237271444657         1.230067710875         1.232796045712         1.241323254175         1.246642055319         1.241810279433         1.227507270145         1.211770176491         1.203901672608         1.207146319420         1.215847047255         1.219496371208         1.210831326901         1.191793483196         1.172488953096         1.163575474400         1.167758947927         1.177071086251         1.178443772661         1.163788509571         1.136917934357         1.111461210444         1.100669192779         1.106590592828         1.117144595115         1.114197684213         1.087542709547         1.044293584394         1.005266771325         0.989438689560         0.997878476159         1.008535616044         0.990254221434         0.922872930715         0.820150136009         0.704985843930         0.552717151907         0.000000000000
        0.878043509876         0.867372059384         0.964844166817         0.998831400990         1.069147048907         1.088864587808         1.087359825600         1.072771257765         1.071788575753         1.092725239228         1.126111677985         1.153815613412         1.163034180009         1.155759795787         1.145586030154         1.146637533685         1.163012125643         1.186631379612         1.204249563914         1.207778724514         1.200030853796         1.191894740192         1.193641456490         1.207238344769         1.225340544603         1.237339846390         1.237576836688         1.229419286389         1.222308489611         1.224329222812         1.236116906406         1.250649745741         1.258872415424         1.256692735825         1.247973497968         1.241350899506         1.243491510373         1.254029744230         1.266001484750         1.271329591346         1.267069907725         1.257601902297         1.251141738304         1.253353010715         1.263004790377         1.272982984460         1.275836186149         1.269556330154         1.259117026874         1.252592680028         1.254886827981         1.263922286466         1.272231559455         1.272740849928         1.264290695415         1.252589314822         1.245816010117         1.248259063870         1.256914364153         1.263717206426         1.261765700516         1.250760072765         1.237376173566         1.230169854295         1.232893854093         1.241415693126         1.246729509973         1.241894197630         1.227588964776         1.211849738650         1.203977858924         1.207217480932         1.215912413748         1.219556628423         1.210888100117         1.191848073773         1.172541354466         1.163624420797         1.167802959773         1.177109687124         1.178477908402         1.163819876957         1.136947739758         1.111489359929         1.100694514410         1.106611902866         1.117161713610         1.114211641130         1.087555008064         1.044305149985         1.005277462087         0.989447671750         0.997885068149         1.008539825049         0.990256753434         0.922874546623         0.820151309859         0.704986620271         0.552717606025         0.000000000000
        0.878043600341         0.867372275776         0.964844470020         0.998831768081         1.069147648954         1.088865446984         1.087361097441         1.072772903670         1.071790529342         1.092727354023         1.126113896611         1.153818001764         1.163036902069         1.155762990556         1.145589711750         1.146641582948         1.163016393265         1.186635805460         1.204254228990         1.207783797304         1.200036466687         1.191900894633         1.193648030975         1.207245200696         1.225347634066         1.237347253133         1.237584712977         1.229427733341         1.222317484392         1.224338635684         1.236126600801         1.250659678634         1.258882670877         1.256703452644         1.247984758774         1.241362656001         1.243503619260         1.254042070025         1.266013993951         1.271342368657         1.267083076077         1.257615517214         1.251155724766         1.253367211813         1.263019073844         1.272997327194         1.275850673779         1.269571072781         1.259132054623         1.252607893826         1.254902060524         1.263937410554         1.272246565978         1.272755829580         1.264305750838         1.252604454440         1.245831115440         1.248273962201         1.256928938204         1.263731464615         1.261779746084         1.250774007612         1.237389993589         1.230183428172         1.232907008154         1.241428323850         1.246741650114         1.241905972387         1.227600485306         1.211860996087         1.203988713490         1.207227758244         1.215922026870         1.219565641439         1.210896673245         1.191856334793         1.172549292695         1.163631888486         1.167809782087         1.177115796827         1.178483406854         1.163824961397         1.136952557547         1.111493901376         1.100698628853         1.106615421949         1.117164592195         1.114214003567         1.087557067659         1.044307063477         1.005279238760         0.989449196556         0.997886220417         1.008540565060         0.990257178277         0.922874784176         0.820151475102         0.704986747763         0.552717714422         0.000000000000
        0.878043608394         0.867372292363         0.964844494174         0.998831797317         1.069147701901         1.088865523196         1.087361211871         1.072773049995         1.071790703579         1.092727543165         1.126114097639         1.153818220079         1.163037150668         1.155763279668         1.145590041839         1.146641945032         1.163016776735         1.186636206629         1.204254653988         1.207784257498         1.200036970643         1.191901442175         1.193648614192         1.207245810656         1.225348268416         1.237347917826         1.237585418351         1.229428486278         1.222318282857         1.224339470214         1.236127462167         1.250660564125         1.258883585889         1.256704406610         1.247985757178         1.241363694659         1.243504687047         1.254043157073         1.266015098088         1.271343495308         1.267084233832         1.257616710155         1.251156946563         1.253368449593         1.263020317325         1.272998574635         1.275851930983         1.269572347653         1.259133349350         1.252609200254         1.254903364858         1.263938702581         1.272247844638         1.272757101704         1.264307023852         1.252605729223         1.245832382481         1.248275206964         1.256930151416         1.263732647050         1.261780905930         1.250775152468         1.237391123646         1.230184532821         1.232908073368         1.241429341801         1.246742623994         1.241906912298         1.227601399535         1.211861884169         1.203989564507         1.207228559316         1.215922772761         1.219566337609         1.210897331767         1.191856965136         1.172549893884         1.163632449935         1.167810292335         1.177116252498         1.178483815809         1.163825337594         1.136952911277         1.111494232151         1.100698926995         1.106615676942         1.117164801407         1.114214175615         1.087557217000         1.044307201354         1.005279367241         0.989449308583         0.997886307880         1.008540622667         0.990257211806         0.922874801535         0.820151486397         0.704986756881         0.552717723335         0.000000000000
        0.878043610827         0.867372296191         0.964844499890         0.998831804217         1.069147712480         1.088865537179         1.087361231406         1.072773074191         1.071790732240         1.092727574588         1.126114131533         1.153818256961         1.163037192055         1.155763326781         1.145590094856         1.146642003077         1.163016838707         1.186636272107         1.204254723597         1.207784332411         1.200037051789         1.191901529605         1.193648707289         1.207245908513         1.225348370855         1.237348025395         1.237585532092         1.229428607049         1.222318410451         1.224339603803         1.236127600689         1.250660707253         1.258883733900         1.256704560408         1.247985917488         1.241363861211         1.243504858619         1.254043332414         1.266015276809         1.271343677684         1.267084420625         1.257616901760         1.251157142544         1.253368648711         1.263020518070         1.272998776569         1.275852134273         1.269572553042         1.259133556993         1.252609409484         1.254903574189         1.263938910635         1.272248050923         1.272757306635         1.264307228039         1.252605932696         1.245832584416         1.248275405704         1.256930345667         1.263732836675         1.261781091574         1.250775334861         1.237391302763         1.230184707623         1.232908242192         1.241429503741         1.246742779204         1.241907061883         1.227601544329         1.211862024191         1.203989698524         1.207228685773         1.215922891057         1.219566448459         1.210897436643         1.191857065040         1.172549988739         1.163632538513         1.167810373316         1.177116325573         1.178483882039         1.163825398640         1.136952968392         1.111494285237         1.100698974856         1.106615718348         1.117164836181         1.114214204896         1.087557242715         1.044307224913         1.005279388876         0.989449327346         0.997886322798         1.008540633040         0.990257218466         0.922874805420         0.820151488910         0.704986758546         0.552717724657         0.000000000000
        0.878043612394         0.867372298336         0.964844503061         0.998831808001         1.069147717214         1.088865542708         1.087361238136         1.072773082085         1.071790741424         1.092727584807         1.126114142677         1.153818268956         1.163037205045         1.155763340974         1.145590110406         1.146642020003         1.163016856912         1.186636291462         1.204254744046         1.207784354002         1.200037074648         1.191901553854         1.193648733005         1.207245935662         1.225348399368         1.237348055222         1.237585563193         1.229428639566         1.222318444482         1.224339639354         1.236127637689         1.250660745622         1.258883773506         1.256704601213         1.247985959560         1.241363904623         1.243504903360         1.254043378355         1.266015323856         1.271343725617         1.267084469395         1.257616951361         1.251157193024         1.253368700037         1.263020570083         1.272998829154         1.275852187261         1.269572606290         1.259133610435         1.252609463112         1.254903627949         1.263938964387         1.272248104499         1.272757359892         1.264307280900         1.252605985029         1.245832636173         1.248275456801         1.256930395969         1.263732886068         1.261781140032         1.250775382314         1.237391349125         1.230184752699         1.232908285921         1.241429546032         1.246742820108         1.241907101477         1.227601582594         1.211862060971         1.203989733669         1.207228719163         1.215922922734         1.219566478596         1.210897465399         1.191857092418         1.172550014605         1.163632562680         1.167810395690         1.177116346249         1.178483901257         1.163825416628         1.136952985209         1.111494300753         1.100698988861         1.106615730737         1.117164847058         1.114214214547         1.087557251437         1.044307232835         1.005279395943         0.989449333379         0.997886327716         1.008540636820         0.990257221318         0.922874807426         0.820151490265         0.704986759296         0.552717725063         0.000000000000
        0.878043613620         0.867372299963         0.964844505451         0.998831810834         1.069147720444         1.088865546213         1.087361242001         1.072773086412         1.071790746362         1.092727590355         1.126114148751         1.153818275406         1.163037211795         1.155763348066         1.145590117965         1.146642028169         1.163016865733         1.186636300858         1.204254753870         1.207784364139         1.200037085104         1.191901564746         1.193648744491         1.207245947810         1.225348412127         1.237348068439         1.237585576742         1.229428653445         1.222318458806         1.224339654248         1.236127653218         1.250660761736         1.258883790047         1.256704618037         1.247985976638         1.241363922053         1.243504921275         1.254043396811         1.266015342807         1.271343744882         1.267084488844         1.257616970908         1.251157212732         1.253368720061         1.263020590479         1.272998849904         1.275852208125         1.269572627131         1.259133631157         1.252609483773         1.254903648675         1.263938985229         1.272248125423         1.272757380738         1.264307301505         1.252606005280         1.245832656115         1.248275476536         1.256930415581         1.263732905527         1.261781159218         1.250775401098         1.237391367340         1.230184770373         1.232908303155         1.241429562926         1.246742836675         1.241907117654         1.227601598221         1.211862075934         1.203989747956         1.207228732867         1.215922936013         1.219566491464         1.210897477836         1.191857104283         1.172550025770         1.163632573126         1.167810405502         1.177116355571         1.178483910183         1.163825425135         1.136952993178         1.111494308060         1.100698995466         1.106615736718         1.117164852552         1.114214219664         1.087557256185         1.044307237125         1.005279399676         0.989449336524         0.997886330349         1.008540639028         0.990257223180         0.922874808874         0.820151491263         0.704986759808         0.552717725274         0.000000000000
        0.878043614624         0.867372301306         0.964844507413         0.998831813153         1.069147722994         1.088865548899         1.087361244835         1.072773089507         1.071790749848         1.092727594278         1.126114153048         1.153818279934         1.163037216440         1.155763352846         1.145590122972         1.146642033544         1.163016871545         1.186636307048         1.204254760293         1.207784370669         1.200037091723         1.191901571554         1.193648751635         1.207245955366         1.225348420051         1.237348076585         1.237585584981         1.229428661748         1.222318467269         1.224339663007         1.236127662353         1.250660771208         1.258883799712         1.256704627757         1.247985986365         1.241363931875         1.243504931330         1.254043407183         1.266015353474         1.271343755691         1.267084499650         1.257616981652         1.251157223495         1.253368730980         1.263020601672         1.272998861291         1.275852219589         1.269572638513         1.259133642375         1.252609494886         1.254903659826         1.263938996508         1.272248136821         1.272757392117         1.264307312713         1.252606016228         1.245832666851         1.248275487188         1.256930426260         1.263732916223         1.261781169828         1.250775411460         1.237391377358         1.230184780078         1.232908312675         1.241429572371         1.246742846063         1.241907126898         1.227601607164         1.211862084476         1.203989756116         1.207228740763         1.215922943770         1.219566499122         1.210897485317         1.191857111439         1.172550032494         1.163632579427         1.167810411490         1.177116361375         1.178483915858         1.163825430614         1.136952998324         1.111494312766         1.100698999730         1.106615740640         1.117164856260         1.114214223214         1.087557259526         1.044307240135         1.005279402263         0.989449338693         0.997886332194         1.008540640651         0.990257224619         0.922874810036         0.820151492071         0.704986760212         0.552717725422         0.000000000000
        0.878043615460         0.867372302451         0.964844509069         0.998831815110         1.069147725112         1.088865551101         1.087361247118         1.072773091974         1.071790752609         1.092727597384         1.126114156443         1.153818283496         1.163037220066         1.155763356531         1.145590126803         1.146642037644         1.163016875976         1.186636311761         1.204254765161         1.207784375579         1.200037096654         1.191901576592         1.193648756907         1.207245960941         1.225348425891         1.237348082564         1.237585590983         1.229428667741         1.222318473334         1.224339669266         1.236127668884         1.250660777976         1.258883806593         1.256704634629         1.247985993186         1.241363938718         1.243504938319         1.254043414400         1.266015360901         1.271343763200         1.267084507111         1.257616989012         1.251157230823         1.253368738402         1.263020609275         1.272998869060         1.275852227407         1.269572646242         1.259133649952         1.252609502362         1.254903667327         1.263939004124         1.272248144548         1.272757399843         1.264307320307         1.252606023617         1.245832674078         1.248275494372         1.256930433501         1.263732923524         1.261781177100         1.250775418558         1.237391384205         1.230184786705         1.232908319200         1.241429578898         1.246742852606         1.241907133375         1.227601613439         1.211862090464         1.203989761840         1.207228746331         1.215922949291         1.219566504625         1.210897490725         1.191857116621         1.172550037360         1.163632583995         1.167810415858         1.177116365656         1.178483920088         1.163825434725         1.136953002190         1.111494316299         1.100699002937         1.106615743616         1.117164859112         1.114214225981         1.087557262145         1.044307242493         1.005279404278         0.989449340379         0.997886333642         1.008540641951         0.990257225794         0.922874810999         0.820151492742         0.704986760543         0.552717725537         0.000000000000
        0.878043639256         0.867372356242         0.964844583125         0.998831903029         1.069147838353         1.088865703382         1.087361465243         1.072773378335         1.071791097742         1.092727980221         1.126114567658         1.153818734734         1.163037740315         1.155763972943         1.145590846690         1.146642845230         1.163017747109         1.186637235217         1.204255753713         1.207785458549         1.200038298790         1.191902900114         1.193650181193         1.207247459623         1.225349987156         1.237349719033         1.237587328992         1.229430526268         1.222320448772         1.224341737361         1.236129802132         1.250662965385         1.258886060005         1.256706976493         1.247988436642         1.241366474368         1.243507538491         1.254046051589         1.266018025181         1.271346465945         1.267087267454         1.257619814906         1.251160108055         1.253371637208         1.263023502651         1.273001749199         1.275855106357         1.269575541711         1.259136566438         1.252612422135         1.254906560182         1.263941844919         1.272250929073         1.272760142612         1.264310039046         1.252608720665         1.245835330388         1.248278080358         1.256932927567         1.263735326206         1.261783506887         1.250777694443         1.237393607954         1.230186938970         1.232910371979         1.241431515456         1.246744679119         1.241908873024         1.227603287203         1.211863700060         1.203991287964         1.207230163507         1.215924245998         1.219567693138         1.210898598244         1.191858165510         1.172551028980         1.163633499210         1.167811231935         1.177117076224         1.178484542190         1.163825997935         1.136953528260         1.111494805312         1.100699436712         1.106616103404         1.117165142842         1.114214452161         1.087557457348         1.044307423593         1.005279569766         0.989449476857         0.997886430093         1.008540699000         0.990257255515         0.922874826530         0.820151502196         0.704986765253         0.552717727308         0.000000000000
        0.878043647092         0.867372375789         0.964844610279         0.998831937021         1.069147885181         1.088865765606         1.087361550470         1.072773485032         1.071791222678         1.092728116559         1.126114712541         1.153818890963         1.163037914792         1.155764171836         1.145591070474         1.146643088855         1.163018003837         1.186637501868         1.204256033378         1.207785757895         1.200038623001         1.191903249099         1.193650549614         1.207247840974         1.225350378818         1.237350123973         1.237587753579         1.229430975129         1.222320920893         1.224342226672         1.236130301999         1.250663473371         1.258886579393         1.256707513201         1.247988994493         1.241367051536         1.243508128499         1.254046647584         1.266018624957         1.271347072890         1.267087887440         1.257620450952         1.251160757623         1.253372293281         1.263024158675         1.273002403410         1.275855762450         1.269576205041         1.259137239330         1.252613101208         1.254907237973         1.263942515227         1.272251590790         1.272760799873         1.264310696997         1.252609381033         1.245835988751         1.248278728944         1.256933560714         1.263735943796         1.261784113629         1.250778295652         1.237394204632         1.230187525840         1.232910941235         1.241432062002         1.246745204079         1.241909382144         1.227603786057         1.211864189049         1.203991761141         1.207230613031         1.215924667736         1.219568089622         1.210898976553         1.191858531359         1.172551382170         1.163633833458         1.167811539816         1.177117354750         1.178484795612         1.163826234164         1.136953752966         1.111495017879         1.100699630827         1.106616272579         1.117165285505         1.114214573444         1.087557565507         1.044307524098         1.005279662346         0.989449556497         0.997886491882         1.008540741972         0.990257284009         0.922874845723         0.820151516397         0.704986775387         0.552717734185         0.000000000000
        0.878043647857         0.867372377200         0.964844612536         0.998831939874         1.069147889636         1.088865771268         1.087361558212         1.072773494359         1.071791233714         1.092728128517         1.126114725344         1.153818904658         1.163037929917         1.155764188770         1.145591089316         1.146643109271         1.163018025357         1.186637524321         1.204256056979         1.207785783040         1.200038650090         1.191903278123         1.193650580137         1.207247872606         1.225350411449         1.237350157809         1.237587789096         1.229431012723         1.222320960461         1.224342267946         1.236130344516         1.250663516956         1.258886624037         1.256707559230         1.247989042341         1.241367101037         1.243508179531         1.254046699649         1.266018677850         1.271347126683         1.267087942337         1.257620507129         1.251160814990         1.253372351490         1.263024217426         1.273002462479         1.275855821880         1.269576265130         1.259137300089         1.252613162488         1.254907299430         1.263942576438         1.272251651707         1.272760860532         1.264310757606         1.252609441605         1.245836049123         1.248278788731         1.256933619524         1.263736001587         1.261784170422         1.250778351778         1.237394260068         1.230187580444         1.232910994504         1.241432113652         1.246745253980         1.241909430509         1.227603833204         1.211864235024         1.203991805859         1.207230655885         1.215924708347         1.219568127949         1.210899013026         1.191858566513         1.172551416127         1.163633865847         1.167811569983         1.177117382404         1.178484820920         1.163826257818         1.136953775466         1.111495039249         1.100699650500         1.106616289969         1.117165300443         1.114214586401         1.087557577292         1.044307535153         1.005279672587         0.989449565288         0.997886498925         1.008540747142         0.990257287817         0.922874848627         0.820151518786         0.704986777297         0.552717735723         0.000000000000
        0.878043648256         0.867372377804         0.964844613418         0.998831940906         1.069147890906         1.088865772691         1.087361559886         1.072773496248         1.071791235901         1.092728130936         1.126114727974         1.153818907447         1.163037932881         1.155764191945         1.145591092745         1.146643112969         1.163018029301         1.186637528466         1.204256061293         1.207785787531         1.200038654802         1.191903283097         1.193650585389         1.207247878113         1.225350417167         1.237350163707         1.237587795179         1.229431019017         1.222320967020         1.224342274729         1.236130351555         1.250663524240         1.258886631557         1.256707566884         1.247989050137         1.241367108969         1.243508187636         1.254046707998         1.266018686409         1.271347135374         1.267087951163         1.257620516033         1.251160823933         1.253372360534         1.263024226630         1.273002471803         1.275855831261         1.269576274545         1.259137309488         1.252613171890         1.254907308816         1.263942585865         1.272251661187         1.272760869982         1.264310767000         1.252609450912         1.245836058307         1.248278797802         1.256933628535         1.263736010525         1.261784179318         1.250778360497         1.237394268554         1.230187588752         1.232911002606         1.241432121600         1.246745261767         1.241909438116         1.227603840610         1.211864242165         1.203991812712         1.207230662491         1.215924714715         1.219568134089         1.210899018928         1.191858572160         1.172551421493         1.163633870921         1.167811574788         1.177117386897         1.178484825161         1.163826261835         1.136953779259         1.111495042782         1.100699653721         1.106616292857         1.117165303041         1.114214588792         1.087557579537         1.044307537233         1.005279674424         0.989449566799         0.997886500134         1.008540748107         0.990257288642         0.922874849314         0.820151519311         0.704986777616         0.552717735896         0.000000000000
        0.878043648576         0.867372378265         0.964844614075         0.998831941681         1.069147891774         1.088865773611         1.087361560862         1.072773497311         1.071791237101         1.092728132284         1.126114729450         1.153818908999         1.163037934475         1.155764193582         1.145591094461         1.146643114809         1.163018031283         1.186637530567         1.204256063462         1.207785789730         1.200038657030         1.191903285391         1.193650587797         1.207247880656         1.225350419825         1.237350166429         1.237587797925         1.229431021781         1.222320969860         1.224342277666         1.236130354642         1.250663527383         1.258886634765         1.256707570109         1.247989053359         1.241367112207         1.243508190937         1.254046711401         1.266018689907         1.271347138921         1.267087954707         1.257620519579         1.251160827440         1.253372364108         1.263024230253         1.273002475495         1.275855834982         1.269576278241         1.259137313131         1.252613175493         1.254907312427         1.263942589551         1.272251664890         1.272760873691         1.264310770663         1.252609454494         1.245836061819         1.248278801290         1.256933632041         1.263736014048         1.261784182822         1.250778363930         1.237394271881         1.230187591981         1.232911005837         1.241432124767         1.246745264926         1.241909441235         1.227603843637         1.211864245065         1.203991815492         1.207230665191         1.215924717376         1.219568136721         1.210899021503         1.191858574629         1.172551423821         1.163633873112         1.167811576875         1.177117388921         1.178484827140         1.163826263749         1.136953781065         1.111495044440         1.100699655224         1.106616294237         1.117165304344         1.114214590047         1.087557580729         1.044307538315         1.005279675351         0.989449567561         0.997886500770         1.008540748663         0.990257289148         0.922874849738         0.820151519615         0.704986777772         0.552717735952         0.000000000000
