        0.684814085298         0.741246421325         0.949485895484         0.682918504703         0.609691293606         0.679768147229         0.685112939978         0.683736370438         0.699524864045         0.850475443133         0.811863912550         0.780220050636         0.779557306216         0.848042727644         0.872029568724         0.801836097476         0.756732228158         0.703176551822         0.641455353734         0.610819041657         0.599290290322         0.691109167772         0.695743088508         0.731427839805         0.778335202570         0.737481863283         0.654692455940         0.633798566420         0.643310492319         0.649515105479         0.636452668639         0.719386569329         0.683096577812         0.969603959393         0.989621808778         0.945503877379         0.939088324598         1.088788751901         0.734398104572         0.757432704581         0.685630850368         0.660860983250         0.741384328315         0.682955484797         0.743937690519         0.686765753267         0.680405883820         0.708777349197         0.808255658856         0.717964776801         0.790127433588         0.812014775271         0.830912855880         0.714222309744         0.740921683617         0.747858808831         0.831570519583         0.728037654834         0.684208632686         0.671171641762         0.684377508811         0.690137094603         0.768364217355         0.683570162458         0.771705488867         0.676800052959         0.691206744266         0.667937178922         0.633774210930         0.599146243830         0.607182957117         0.590701935316         0.625050866043         0.622891364169         0.656832307734         0.633723608820         0.700859437740         0.732323910933         0.792713399356         0.662720422801         0.686713182456         0.693432113002         0.644624275216         0.596525056239         0.622315549589         0.595164967855         0.629295778937         0.619799875905         0.752605898886         0.653265720672         0.707788843394         0.697657471976         0.682323555340         0.677771432987         0.987930135953         0.906321424087         1.294916174960         0.698432053545         0.606507910828         0.000000000000
        0.648313871373         0.902291792299         1.293646119318         1.050199636829         1.327574856999         0.908164008518         0.884413362585         0.905584827477         0.940015902843         0.904387388043         0.844082868572         0.891754117840         0.920563175791         0.890502631498         0.843185979347         0.847717377423         0.834824532826         0.822857428072         0.801999041973         0.783317707717         0.745370745108         0.747411860340         0.738994983588         0.724953098342         0.691851265173         0.699822050759         0.690742543674         0.690826204948         0.669018161232         0.679627150396         0.667402279702         0.667887008532         0.650259552171         0.695088661337         0.710167770145         0.982328478905         0.916257152693         1.292317776352         0.974390366475         1.067692436397         0.736761029768         0.700625843776         0.671244895409         0.656946967418         0.675473095069         0.667239665843         0.682575535096         0.669060537881         0.682311193595         0.672189516521         0.686079673239         0.672695538464         0.683547024235         0.670742262756         0.688709239203         0.677930035342         0.687385693764         0.674757163833         0.690442522170         0.679105614476         0.692213449739         0.680592424942         0.695432635683         0.684721426920         0.702607394263         0.690837154269         0.712776048362         0.715972653621         0.748765810598         0.736711856535         0.758221067949         0.765728089024         0.829266810230         0.835387117397         0.836947647988         0.819028946450         0.906542725106         0.941567969732         0.911415318190         0.852084952906         0.926758356265         0.967659285364         0.917626962695         0.844000518686         0.869614622314         0.876775649010         0.838109016344         0.788523772306         0.783861048168         0.772423675168         0.779224465163         0.763891582986         0.830216498013         0.836188194950         1.245609288923         1.128443489155         1.367862142586         0.775807032664         0.625852712666         0.000000000000
        0.624216637939         0.854358032511         1.115237185490         0.994116119871         1.405592036980         0.926924945347         0.930967253327         0.814155205102         0.807957845211         0.785246966606         0.742624031212         0.768520702678         0.774548587839         0.758539553826         0.726404392269         0.740225292919         0.732116198692         0.732055306707         0.714514339700         0.720260825230         0.703398942245         0.713043664525         0.702373766487         0.706802672704         0.688778194911         0.700137240134         0.689131374881         0.694699971125         0.678065494189         0.686547876722         0.672654877542         0.676513192568         0.664534154510         0.724464121502         0.734921985705         1.040348618595         0.964006316079         1.302598761475         0.995448227897         1.084786191662         0.765840698762         0.735574694231         0.680746513542         0.666622224726         0.682949866231         0.673673481941         0.689922959901         0.679525223029         0.693751650243         0.682931250784         0.696675574260         0.685145612293         0.697781349965         0.686505830254         0.699589533192         0.687566292322         0.699758741812         0.688665968400         0.702162891838         0.690323350005         0.702339375564         0.690943866440         0.706512690914         0.696872520554         0.708610947042         0.695628317725         0.714563561667         0.709911534257         0.724823552504         0.710657728387         0.730281587855         0.729590441981         0.756909570540         0.748222945669         0.761053483154         0.755815808144         0.804320331153         0.811149028544         0.811748764730         0.791408334118         0.857858593614         0.882851909832         0.875245759098         0.840040520120         0.902456701818         0.932771827204         0.930787884670         0.893291797909         0.916357468617         0.928250550724         0.940254728327         0.918967005122         0.939371210742         0.935744038458         1.344257958851         1.221384305603         1.443321289615         0.827326417305         0.648485020449         0.000000000000
        0.616842993874         0.837946627108         1.047385323966         0.957970721829         1.395572399663         0.985731557377         1.037327050306         0.801759122404         0.779277792420         0.755174330979         0.717310441202         0.739987124547         0.742589514512         0.734330057750         0.707314037376         0.722062017023         0.713752547344         0.717279507500         0.701201324636         0.710437055689         0.696135466989         0.706457020814         0.694994976993         0.702789576968         0.687345676472         0.698432378925         0.686459304861         0.693718378330         0.678288512077         0.686041163929         0.671546065093         0.676262037030         0.665479520947         0.733867669274         0.743027130282         1.053772530764         0.974440744576         1.302201867320         1.000871908422         1.090401882220         0.775973760108         0.747593231805         0.681367800156         0.666687414270         0.683066364723         0.674003233064         0.690459196739         0.680327618478         0.695056888102         0.684320796943         0.697962458917         0.686601672840         0.699610610785         0.688224656234         0.700851825371         0.688952324652         0.701338586889         0.689821404471         0.702310753202         0.690318945164         0.702256469580         0.690469253293         0.703588314525         0.692209100889         0.703508394824         0.691029099018         0.705157561418         0.695037996092         0.706228999601         0.692977720172         0.707274616658         0.698294340046         0.711855223537         0.699136462685         0.711400561094         0.702046795201         0.722013249473         0.713234164956         0.721175337484         0.708459397970         0.738097149489         0.737383099410         0.741557899459         0.722920295994         0.759612647464         0.769172302223         0.776704667084         0.751982057689         0.778333846619         0.792634002980         0.815459627706         0.797738768401         0.851588908662         0.870841788723         1.297353259792         1.170411708237         1.401329075148         0.802814481758         0.638077129350         0.000000000000
        0.613576512172         0.829660575803         1.007337385335         0.934069213887         1.377966762530         1.021638972513         1.113650488435         0.817146597414         0.787494478478         0.745218372326         0.708026787599         0.729842916837         0.731626099195         0.726460779618         0.701304854452         0.716316433716         0.707844732950         0.712896895718         0.697509613328         0.707646929724         0.693942788331         0.704499884759         0.692818599430         0.701520554452         0.686772081491         0.697656120517         0.685326747692         0.693091064613         0.677996204319         0.685447439120         0.670721236537         0.675780792746         0.665392903027         0.737288767178         0.745887552075         1.056942446660         0.977365439765         1.301279360265         1.004452103149         1.095638385803         0.782650439496         0.755212165498         0.681532517077         0.666417191827         0.682543847208         0.673533865225         0.690167662956         0.680151526702         0.695038596583         0.684320791796         0.698001099132         0.686704753428         0.699781575537         0.688324807057         0.700907518372         0.689093793454         0.701510297028         0.689830688566         0.702112179606         0.690136283741         0.702190947781         0.690340966128         0.702821496143         0.691028397765         0.702671135291         0.690513910505         0.703477737895         0.692193115825         0.703548934507         0.690953847199         0.704184771547         0.693564840927         0.705609878934         0.692876023704         0.705454153548         0.695242323056         0.710177143430         0.698655397138         0.708978757141         0.697688344450         0.718399044340         0.711480521479         0.718924429895         0.703477424126         0.730539451619         0.732301759926         0.740801182648         0.718743833049         0.741484583118         0.752464543590         0.774964026267         0.760775161303         0.867349391931         0.882710666867         1.317675994489         1.155637588762         1.351895232501         0.786171256706         0.626637957130         0.000000000000
        0.611613047806         0.823996783997         0.978486588465         0.915674232435         1.357292054980         1.042252776832         1.169098079755         0.841947303404         0.811259741930         0.740698957981         0.702530279500         0.723799726914         0.725338255393         0.722069127497         0.698039082624         0.713259502509         0.704695588713         0.710687911775         0.695752212609         0.706277495040         0.692808644740         0.703555393380         0.691822926574         0.700902008736         0.686434898611         0.697239123083         0.684759021840         0.692738121399         0.677778404173         0.685095565896         0.670261269319         0.675489157454         0.665213071184         0.738156505926         0.746455224197         1.056016969752         0.977589695741         1.300403335300         1.007879102332         1.101737845294         0.788732244037         0.762106634759         0.681870629327         0.666315690738         0.682048015965         0.673047138042         0.689828203247         0.679888402270         0.694859426995         0.684155782677         0.697893462933         0.686635546916         0.699739682141         0.688256998720         0.700856932718         0.689087652904         0.701517326884         0.689779678576         0.702014435703         0.690058445898         0.702178380271         0.690320884233         0.702595491378         0.690677199189         0.702509150143         0.690488938429         0.703065483013         0.691430301075         0.703002883668         0.690670572804         0.703555045570         0.692478498117         0.704310234162         0.691659240102         0.704314590191         0.693835024556         0.707497433039         0.695331274031         0.706464130807         0.695551699997         0.713685963558         0.704894775887         0.713379314219         0.698918066510         0.722827465637         0.721957813595         0.730475021100         0.709041874853         0.729908384060         0.739590096816         0.763503208095         0.752798342627         0.908283919524         0.912849166259         1.343716522885         1.152264402481         1.315596930358         0.778761441758         0.620279894670         0.000000000000
        0.610308749718         0.820015035021         0.957877898065         0.901515817076         1.337704735317         1.054422555182         1.208279089049         0.864356956110         0.835765598497         0.738389035805         0.698930499508         0.719660268488         0.721145723197         0.719165274874         0.695888217139         0.711295062699         0.702687541730         0.709311791167         0.694688530131         0.705433980188         0.692085751906         0.702984145857         0.691251051922         0.700534609121         0.686215094373         0.696994186935         0.684444135903         0.692543479177         0.677657700691         0.684918710058         0.670026609288         0.675322971354         0.665005395518         0.737493111654         0.745619403613         1.052728521690         0.976322993178         1.299493783486         1.011346653383         1.108621807521         0.794694321972         0.768908341435         0.682407818099         0.666390313457         0.681630251196         0.672627242117         0.689525114750         0.679645398198         0.694679457821         0.683992111212         0.697781542487         0.686551912628         0.699675024307         0.688185382938         0.700806957758         0.689062020278         0.701499251632         0.689739725622         0.701964098512         0.690019495330         0.702168624842         0.690310715396         0.702506365669         0.690541159577         0.702457231210         0.690490568865         0.702910278661         0.691143568411         0.702822367170         0.690587932357         0.703319384610         0.692065318550         0.703853100811         0.691235031563         0.703889333133         0.693281035396         0.706488849730         0.694099479853         0.705475021210         0.694604592316         0.711710512238         0.702179990496         0.710953221264         0.696822386069         0.719282993212         0.717211898449         0.725527699927         0.704254100760         0.723838290487         0.732997794583         0.760754597237         0.753533793356         0.952516999922         0.943418805117         1.364217015103         1.149426333278         1.283879973506         0.773766399759         0.615460414848         0.000000000000
        0.633290245940         0.856663570927         1.022894761863         0.989178412048         1.396068213095         1.218705527514         1.430097714801         1.115953620089         1.107880451091         0.876603177880         0.821472636315         0.828339937389         0.830778498457         0.820584790941         0.791669365636         0.808075971110         0.799933829322         0.800911046403         0.782891099971         0.790807066969         0.775208731188         0.783905159832         0.771370843846         0.776947599395         0.759795213180         0.770266242789         0.758025049032         0.763962200528         0.747830640395         0.756571799947         0.744427722935         0.766317390839         0.765365077965         0.904109407085         0.909575077555         1.198121028240         1.122896473735         1.397428106709         1.161975472509         1.267818599441         0.973027709953         0.955151081724         0.790533497838         0.762303948815         0.751068362182         0.739031301523         0.755152492718         0.745268068941         0.761050818715         0.750633530982         0.765222511994         0.754252149447         0.768405494406         0.757251179219         0.770511025958         0.758812220581         0.772207958736         0.760842443489         0.773591211530         0.761507413368         0.774392378411         0.762943534289         0.775997357582         0.764048148042         0.776264864233         0.764417941794         0.778581868573         0.767605791743         0.779142285885         0.766356665475         0.781836067709         0.772575380675         0.784584676139         0.770995111982         0.786468128044         0.778395391786         0.793980604761         0.781740038360         0.794191607945         0.784393662858         0.807455144115         0.800838147945         0.807707335920         0.791589141665         0.821927822291         0.824615676941         0.828485296733         0.803711025147         0.831357361209         0.848091150463         0.928284234181         0.923270719996         1.208754292732         1.153684201402         1.489649867896         1.239720736413         1.299241864364         0.803395107266         0.630207405293         0.000000000000
        0.635787236124         0.858343563089         1.000272722684         0.977829913974         1.348029061932         1.255585863134         1.520076894230         1.263867887117         1.311599837626         1.000356509935         0.951769882747         0.884810449892         0.882813175858         0.865656992965         0.835168763961         0.854620622032         0.848924006308         0.849140446307         0.830369633078         0.836759842313         0.820676498653         0.829195496634         0.816847324595         0.817713142439         0.797854832141         0.808371458023         0.796939440338         0.797746011079         0.778909753818         0.789591049291         0.781406890871         0.835288714236         0.837947569291         1.015451722807         1.010801040049         1.279470630702         1.195798640312         1.428258954729         1.221608661370         1.324654207322         1.065083446899         1.061956209091         0.873868522549         0.843198684192         0.788055071682         0.771912100573         0.782890222031         0.772862897781         0.788915425885         0.778921645052         0.793753753722         0.783300224659         0.798268035471         0.787861171276         0.801309109326         0.789904559215         0.804360286370         0.794088578067         0.807153834054         0.795249116870         0.808996394757         0.798669457989         0.812789689822         0.801447509461         0.813769573703         0.802485471751         0.818969245213         0.809612101103         0.820434052390         0.807338195848         0.826035738562         0.819305578220         0.830619797336         0.816371131340         0.834469815765         0.828723087760         0.844868458143         0.832614773423         0.845279830283         0.836183822853         0.861304835446         0.855668554203         0.859428750723         0.841763480162         0.873836133957         0.877904362103         0.876382029319         0.850246774126         0.900713986277         0.929102404426         1.094205225785         1.070434521259         1.385154463861         1.264122356460         1.520436241429         1.242278387343         1.241837398112         0.807746240316         0.629524456382         0.000000000000
        0.635080286046         0.854858307200         0.973902801374         0.955230603463         1.293008247353         1.242490501858         1.529049328077         1.320069068437         1.412343551011         1.092305436577         1.065329971255         0.927575675921         0.915589722816         0.870843351325         0.838091150785         0.857867055427         0.852923361913         0.853814032069         0.835322241176         0.841782509875         0.825734555552         0.834819031937         0.822752572647         0.822751133824         0.802375362866         0.813100532363         0.801868501300         0.801501699601         0.782373441564         0.798827162367         0.793809170968         0.869759224291         0.872729934363         1.061084520996         1.050080865648         1.304131917898         1.218305214059         1.431562741390         1.239223785956         1.340390207578         1.098925554111         1.103533187713         0.912200888698         0.883030370465         0.804762947025         0.785172488463         0.786045361500         0.775503496800         0.791711792162         0.781925245244         0.797103859255         0.786912928454         0.802426038907         0.792338740348         0.805999518123         0.794708606808         0.809771632115         0.799946396124         0.813204739035         0.801334059386         0.815582815600         0.805696918891         0.820258793647         0.809087725907         0.821568953058         0.810493688415         0.827837509998         0.818963794250         0.829539199492         0.816318963488         0.836122447746         0.830103955102         0.841029999366         0.826473970028         0.845405109653         0.840269665002         0.856187133159         0.843640717686         0.856290973316         0.847340386930         0.872445631087         0.866601544462         0.869046865636         0.850736556705         0.882624135109         0.887100717462         0.886630682602         0.863422762912         0.958640383600         0.994476746736         1.208683387503         1.160979004027         1.461041122569         1.297729874059         1.501044594959         1.218258174042         1.193034488145         0.804674789804         0.626244474790         0.000000000000
        0.634263825571         0.851754728221         0.954569401619         0.937074310974         1.247989534667         1.221368687988         1.516174167904         1.342768079555         1.467260687596         1.157826132931         1.155176365643         0.976715510944         0.958780322808         0.874516292654         0.838145195923         0.854473699018         0.849492145976         0.850908590751         0.832757194559         0.839423891139         0.823411579181         0.832887787549         0.821025795120         0.821012120972         0.800599049959         0.811378651588         0.800187638070         0.799947630132         0.781374700501         0.805059696911         0.802337615103         0.891375990810         0.893845230824         1.085659658370         1.070571508565         1.314665907600         1.228489142131         1.430676224895         1.247578453380         1.347655843791         1.117598104603         1.127099370213         0.935619499284         0.908425675932         0.817411239995         0.795579634284         0.786285106971         0.775007931320         0.790831386027         0.781125088420         0.796558529871         0.786528956961         0.802338205534         0.792403845799         0.806208123964         0.794987872666         0.810324553498         0.800668343391         0.814001186915         0.802145692688         0.816605462571         0.806872614246         0.821531262117         0.810380151687         0.822936137301         0.811934633136         0.829450888150         0.820645502787         0.831125618872         0.817870394972         0.837883870372         0.831970066880         0.842659718998         0.827965137973         0.847021557195         0.841968823594         0.857554422632         0.844748150200         0.857262362252         0.848301666394         0.873028606503         0.866876493033         0.868687148090         0.850135793216         0.881787929700         0.887000175862         0.895050541989         0.875707175131         1.010545975205         1.047575837618         1.284717840550         1.216682092553         1.495384961273         1.306579074719         1.475176697102         1.195771775948         1.159021482672         0.801552382500         0.623736172773         0.000000000000
        0.633580497249         0.849326343987         0.940249281311         0.922928441304         1.212107596703         1.200369771187         1.497153302264         1.350034081501         1.497437587369         1.202279418523         1.221498254702         1.020704162575         1.001746972411         0.883885821131         0.843670297958         0.850767421142         0.845262820793         0.846936733112         0.829065536446         0.836016012864         0.820087960173         0.829863993143         0.818161807831         0.818353917257         0.798036121254         0.808833949465         0.797657519562         0.797953113492         0.780080957972         0.809860629341         0.808627749289         0.906034321151         0.907912681044         1.101032983709         1.083264888098         1.320403521693         1.234343801582         1.429349864542         1.252596470466         1.351905122192         1.129555128270         1.142327554117         0.951345671160         0.925838097620         0.826935168108         0.803835121488         0.786846223590         0.774741738688         0.789623535716         0.779927698809         0.795529606835         0.785602856303         0.801574588920         0.791716421240         0.805621803057         0.794453141775         0.809901775873         0.800297962528         0.813661600425         0.801819937183         0.816351987374         0.806655251939         0.821293933857         0.810122267283         0.822704413247         0.811721029015         0.829178232499         0.820314726566         0.830756307503         0.817497187057         0.837427889473         0.831434240277         0.841976996682         0.827216157108         0.846170509325         0.841045467402         0.856343695794         0.843345007733         0.855689777124         0.846674793403         0.871001155648         0.864571639913         0.865983041264         0.847349574252         0.879243978749         0.885736807212         0.908180075894         0.891944899494         1.055738565880         1.090234073947         1.337661060682         1.253185169815         1.511693886188         1.306444335509         1.450691681133         1.176895644086         1.133906942470         0.798927580876         0.621817216317         0.000000000000
        0.633028265273         0.847405088384         0.929071019364         0.911534272203         1.182742061801         1.181032457319         1.476715572411         1.350015019017         1.514311052899         1.234064713144         1.272668690382         1.060302934744         1.043507590219         0.899266657676         0.855875480129         0.848482605263         0.841872746283         0.843244230743         0.825543421823         0.832778064464         0.816956221563         0.826974030565         0.815402404950         0.815847856793         0.795656499571         0.806462930984         0.795295534956         0.796293600175         0.779090190735         0.813551238108         0.813273799006         0.916252790415         0.917646787183         1.111130111732         1.091575211387         1.323720508966         1.237989377219         1.428143839601         1.255987602035         1.354835769871         1.137979418201         1.153112799949         0.962763121486         0.938635882882         0.834396212563         0.810553097972         0.787785936399         0.774905240025         0.788561880393         0.778850447513         0.794561776609         0.784703071483         0.800777519638         0.790966082593         0.804949139687         0.793821074746         0.809319839379         0.799728175979         0.813108416665         0.801280117554         0.815835267001         0.806136214096         0.820724483936         0.809524046998         0.822117555658         0.811136401886         0.828474379226         0.819523719373         0.829949907684         0.816699021738         0.836473321969         0.830354773467         0.840798179192         0.826003120515         0.844810382259         0.839580443847         0.854638559392         0.841489205844         0.853690701767         0.844626209169         0.868591331317         0.861925567707         0.863083190739         0.844486832112         0.877466817682         0.885573909392         0.923135449903         0.908852522834         1.093337328487         1.123783968000         1.375396890820         1.277789667542         1.519151450926         1.302816570450         1.429241888012         1.161345159547         1.114692461694         0.796808725979         0.620345618160         0.000000000000
        0.632587057205         0.845861045663         0.920237536020         0.902280964858         1.158347239725         1.163657209092         1.456605446571         1.346249811192         1.523241836885         1.257312158248         1.313011918246         1.095136944740         1.082110372911         0.916911500806         0.871637778127         0.848319714758         0.840053225448         0.840056622669         0.822414239142         0.829889353923         0.814164613956         0.824395547832         0.812943109127         0.813642905349         0.793580591080         0.804406596277         0.793258850640         0.795047204930         0.778448208950         0.816431784217         0.816779775112         0.923578174681         0.924591317247         1.118027800784         1.097235972663         1.325675185603         1.240343835466         1.427115375279         1.258418532435         1.357011343452         1.144211336102         1.161133538189         0.971442763014         0.948455441727         0.840461877607         0.816179360181         0.789009930430         0.775426999907         0.787709180456         0.777959707141         0.793746844614         0.783940716589         0.800080408033         0.790295762135         0.804342556610         0.793249938053         0.808768210613         0.799169984017         0.812556806853         0.800739217651         0.815298005304         0.805583275893         0.820106168468         0.808870354096         0.821471524804         0.810490695437         0.827687823571         0.818637687001         0.829055651710         0.815819435998         0.835416294894         0.829157726368         0.839510539599         0.824689268293         0.843347073128         0.838007270482         0.852825901967         0.839528179718         0.851610875204         0.842513810291         0.866113781011         0.859204448846         0.860184533808         0.841754423399         0.877025984391         0.886991262457         0.938764322305         0.925460536436         1.125446590103         1.151199581491         1.403836682845         1.295229340124         1.521811840668         1.297525206619         1.410003749268         1.147874438015         1.098910520443         0.794933620850         0.619114481756         0.000000000000
        0.639669463281         0.856506497531         0.933338661876         0.922045940434         1.166312818436         1.191165779904         1.474574366550         1.404447794724         1.600746627608         1.386518699068         1.481799295981         1.274730772232         1.279037793761         1.070431260065         1.024208159201         0.943214088581         0.925293960935         0.904668722693         0.884109077368         0.889487628899         0.873115457687         0.883912767362         0.873030840727         0.871949482035         0.850877578298         0.864409846490         0.855850352423         0.863699608775         0.850119178368         0.911036447101         0.916621987305         1.039797430683         1.038810687139         1.228191271476         1.204113505078         1.412825318486         1.331721423212         1.501716333578         1.349610313442         1.445759796706         1.252983861773         1.276607309455         1.088774590635         1.068932457249         0.938370805527         0.909336721221         0.851355929418         0.830806440537         0.828947879444         0.816915702095         0.830303643030         0.819668889545         0.835668531157         0.825959368666         0.839293402843         0.827756695157         0.844272096730         0.835504427881         0.849009512425         0.837002774420         0.852718532916         0.843916760020         0.859709294740         0.848964641514         0.862144787544         0.851534326333         0.871217111946         0.863567344621         0.873925239116         0.860382529490         0.882967926481         0.878593874207         0.888923646539         0.873655913178         0.894649123163         0.890737347552         0.906343320026         0.893242194192         0.906217591845         0.897447928008         0.922677224998         0.916964141655         0.919399337252         0.903280778674         0.963128812234         0.981748471018         1.081901380753         1.067650409452         1.291379126719         1.296259192879         1.527777253998         1.396215053800         1.574410915687         1.338351075755         1.416566836800         1.160889166298         1.099627406290         0.802315939826         0.623067709632         0.000000000000
        0.641355670598         0.858234360511         0.926277776059         0.915227407143         1.131584110171         1.167012170766         1.430187959050         1.395229849241         1.603293890274         1.443105677319         1.582288212415         1.408127559115         1.448005158800         1.223839839351         1.197201943687         1.058383246723         1.033601405825         0.961383315612         0.933864526474         0.928246987847         0.911291791230         0.923092172680         0.912969790745         0.911194438995         0.889851818546         0.906545614332         0.900924085735         0.922112072758         0.911816864816         0.996224000573         1.004104844255         1.139834533054         1.133154650074         1.315572226362         1.285302486004         1.472791221662         1.393964169028         1.545178668512         1.407884869298         1.499409079612         1.329478029961         1.359947418372         1.183664236892         1.171638173668         1.033315038562         1.005925942544         0.923060360971         0.897267165205         0.873468418910         0.857705727867         0.865627525183         0.854072029223         0.869197989279         0.859085379724         0.871592878743         0.859689147507         0.876039085307         0.867326420279         0.880465273998         0.868210939883         0.883981078220         0.875400383381         0.891413072621         0.880733914729         0.893749778131         0.883135835850         0.903585641360         0.896396662421         0.906259005208         0.892370473135         0.915801203978         0.912005237510         0.921670419839         0.905848160488         0.927090910756         0.923444196069         0.938453879912         0.924886119351         0.937155826113         0.928148847696         0.953387513077         0.948841881551         0.963722290297         0.953611147794         1.061314761367         1.086468789615         1.238775069488         1.210150934274         1.445034261043         1.414972258139         1.612120370514         1.450660732277         1.570569350844         1.327231179292         1.368543577719         1.138102848202         1.072020431568         0.803035636898         0.623221337227         0.000000000000
        0.641498378882         0.857582122414         0.917303490608         0.905168549135         1.099108306446         1.138028489937         1.383001177661         1.366964002994         1.575676209479         1.449747329783         1.613539906619         1.470574605547         1.538169362287         1.322707298151         1.320552876476         1.158224048651         1.137230607088         1.021740522105         0.987036459415         0.947040085887         0.926047207803         0.933218655878         0.923043137082         0.921438661263         0.900555453315         0.922916194512         0.920345558460         0.955171906221         0.946860888210         1.044421730096         1.051859001353         1.190855997691         1.180008966060         1.354534935566         1.320610118101         1.494476929252         1.417482370217         1.557525963382         1.429080718480         1.517212997619         1.360709172682         1.394683179723         1.228024307601         1.221589341645         1.083936162823         1.059846178970         0.966696455261         0.939796875468         0.900738845400         0.881563876753         0.880193915392         0.867819360246         0.882367588895         0.872184896685         0.884750392240         0.872925335743         0.889317422523         0.880643716962         0.893848094827         0.881629170499         0.897452659905         0.888931150717         0.905005331329         0.894332408048         0.907285683478         0.896643663838         0.917127486681         0.909940182541         0.919550561176         0.905487631307         0.928888374657         0.925089622982         0.934327111257         0.918201101268         0.939199614566         0.935470961019         0.949896322973         0.935980058085         0.947873443546         0.939299842957         0.970629935945         0.970228795026         1.017450573538         1.013277838132         1.161738394122         1.184420632200         1.359393900327         1.311879934756         1.533217353896         1.474664253674         1.638351201604         1.460858295713         1.542050973237         1.300408444635         1.320098826156         1.112272615680         1.046827666486         0.801530214188         0.622218418097         0.000000000000
        0.641343997255         0.856679724802         0.910160505581         0.896855306138         1.073952190645         1.113749150137         1.342977283308         1.338233770175         1.543020921740         1.440283947089         1.618131683161         1.500215035646         1.587859382520         1.386920689945         1.407084888101         1.239196794760         1.227087650983         1.086009268357         1.050342647714         0.976338509998         0.949481244886         0.937881188026         0.925861610396         0.923458702863         0.903213300975         0.932715075922         0.932758290460         0.978039990615         0.970573242557         1.075547968131         1.081816064426         1.221054382153         1.207246167223         1.375203620248         1.338957347891         1.503274920850         1.427783202404         1.560228038049         1.437918601847         1.523415730528         1.375879882997         1.411881986896         1.252483216894         1.249920328738         1.114171602165         1.092840915434         0.994674524148         0.968027812841         0.919364514573         0.898048589413         0.887616628352         0.873849438900         0.886538903402         0.876250434289         0.888898943303         0.877144580460         0.893617128761         0.884982145345         0.898259352664         0.886071784295         0.901936051919         0.893430163568         0.909500872644         0.898806541464         0.911742397402         0.901089283759         0.921511273171         0.914272955188         0.923774228205         0.909641288799         0.932922289888         0.929059080266         0.938064250912         0.921784975644         0.942579107716         0.938797786838         0.952933085328         0.939043889532         0.952778953530         0.946428313530         0.996437827094         1.001539875891         1.081464903684         1.078498867484         1.251007287013         1.265974511662         1.445270234909         1.380528318773         1.582154827053         1.503230484371         1.639946578798         1.455171925238         1.510321673216         1.274452591304         1.281082991812         1.091669612199         1.028225345565         0.800024624799         0.621308752356         0.000000000000
        0.641136650539         0.855816269364         0.904422638092         0.890013922299         1.053517889099         1.093062639404         1.308190931527         1.311003241312         1.509754373222         1.424268894193         1.610501289695         1.513363276070         1.616091466783         1.430858027488         1.470847716490         1.305681581140         1.304664411425         1.149754326857         1.117861717799         1.018086428502         0.987976733971         0.951399599901         0.934856524454         0.925393219759         0.905479191982         0.941226560598         0.942955247950         0.995771289717         0.988550552379         1.097905695864         1.102921626249         1.241486682887         1.225497670375         1.388111066642         1.350280431911         1.507406371140         1.433218418327         1.559997329344         1.442376781787         1.525764112458         1.384961768866         1.422307782781         1.268731137699         1.269086251996         1.135414405398         1.116401695992         1.015441979205         0.989446103624         0.934091809804         0.911619493914         0.893866307568         0.878384574304         0.887463332966         0.876902428584         0.889482348163         0.877766850846         0.894298605206         0.885685364347         0.898998713588         0.886827690499         0.902706070104         0.894197709109         0.910226803259         0.899505477465         0.912437926900         0.901789149599         0.922136089303         0.914841795362         0.924281105955         0.910114182937         0.933268961197         0.929334715283         0.938187143653         0.921818549268         0.942476314473         0.938722731414         0.953098078256         0.939937068637         0.961869573217         0.959487606307         1.031092868738         1.039537331395         1.143465467085         1.138172824616         1.322046246381         1.327855131962         1.503889999694         1.425190004934         1.608129887987         1.515007568927         1.631143661427         1.443599413544         1.480701372257         1.251674330601         1.249893875580         1.075419780447         1.014218469801         0.798700069541         0.620540476958         0.000000000000
        0.653175543118         0.873785681967         0.906751774095         0.891417911980         0.963219554372         0.978189582186         1.031100079775         1.046713279459         1.050114986585         1.024263579017         1.076111744147         1.093374851274         1.078541433860         1.042943416904         1.076411095386         1.083984319965         1.075733382558         1.043791964699         1.042880592486         1.030435708364         1.042302641338         1.024876314416         0.976276193384         0.931348723710         0.994246075560         1.020683940893         0.997692361115         0.948314336385         1.017669054376         1.046917771771         1.028153009607         0.985615150491         1.024677398224         1.032149390630         1.031849402711         1.010492643645         1.020059649500         1.005026272672         1.024191321026         1.019795577086         1.013481074631         0.987244381657         1.012951537097         1.013135284893         1.006816294652         0.981415035227         1.001746134515         0.997329528582         1.000787474394         0.983031691385         0.993230553079         0.980875465052         0.995333829068         0.985894053658         0.988734412645         0.970416585969         0.990700541341         0.985810525319         0.988297342358         0.969031936064         0.987641860671         0.981837767743         0.990659168596         0.975516479626         0.987184884048         0.976206370675         0.993903877054         0.985427640571         0.989936506486         0.972807362930         0.996110544366         0.992915286099         0.995434024952         0.975145328209         0.996084711371         0.993258687454         1.003980323210         0.989030754878         1.020865809479         1.021496122644         1.106773066916         1.114039981401         1.229769568754         1.218928566398         1.405524439779         1.401879572316         1.569617459827         1.477159202362         1.644059191802         1.540389366715         1.639666378496         1.448112261969         1.471238745176         1.246596518670         1.237929880724         1.072230731356         1.011043204767         0.801835294707         0.622633209418         0.000000000000
        0.648032288848         0.864532952981         0.891753907640         0.873048453962         0.941360047787         0.954004949674         1.000543471796         1.013117922451         1.020123741964         0.996757937325         1.043179991772         1.056449078381         1.051332595364         1.024009594998         1.057734449018         1.061686854247         1.063766051512         1.043476000740         1.059114802742         1.050258833070         1.064931276457         1.054470992627         1.055284335071         1.036073440539         1.060266778791         1.057125832707         1.053059530384         1.029840781421         1.054430040239         1.052341667310         1.053356133065         1.033138460189         1.049590301971         1.041876710004         1.053224978468         1.040482049858         1.046607244509         1.031191372219         1.051242435367         1.045262675019         1.045684867532         1.025583260462         1.047699473783         1.043807237430         1.046147749711         1.026908095934         1.044007136334         1.036834980373         1.046728987713         1.032802219171         1.041619048227         1.028306138235         1.046319957420         1.038640977422         1.041483792495         1.023176414634         1.044723595960         1.040348521333         1.043432789862         1.024441525484         1.042697587933         1.036625468960         1.046173505398         1.031337291955         1.041383404134         1.029439152169         1.047767043879         1.039638181326         1.041639021983         1.022954290699         1.046383208583         1.043377642985         1.043048386370         1.021002163496         1.041236822245         1.038463379084         1.050583932888         1.035930292281         1.075965610936         1.077724763736         1.173549623765         1.179612186119         1.301865138745         1.285327903803         1.471962385399         1.460712392944         1.620924201392         1.518109832902         1.672053687774         1.560529577267         1.647254633361         1.453582953820         1.466292383159         1.244923078219         1.230970042441         1.071970607065         1.010720557889         0.805152588046         0.624588806003         0.000000000000
        0.648600713369         0.865370601392         0.893278141259         0.875199152409         0.944559061455         0.957573662375         1.005175200470         1.018564437378         1.027183473207         1.004706117633         1.052272572585         1.066206829966         1.063515318985         1.037801743735         1.072811668498         1.077331755263         1.082197838334         1.063912550621         1.081555792842         1.073625656782         1.090278800386         1.081447064582         1.085389793379         1.067581274179         1.091428624365         1.088437426702         1.087586929391         1.066114567858         1.088841134352         1.085530990823         1.088751004709         1.070066492509         1.085101963026         1.076415719112         1.088359870379         1.076119349302         1.082243940212         1.066824402731         1.086057614380         1.079578826835         1.081050783825         1.061675634579         1.082425082518         1.077634174728         1.081175660936         1.062756628383         1.078686556103         1.070759098476         1.081423750333         1.067987727474         1.076167764346         1.062452022615         1.080606419069         1.073006384845         1.075647361261         1.057211318070         1.078385774453         1.073787356449         1.076826815074         1.057787500328         1.075291953178         1.068794192235         1.078288338266         1.063392534063         1.072402637529         1.059853177765         1.077949179329         1.069690537564         1.070437261790         1.050997937147         1.073938729079         1.070709871474         1.069031367820         1.046208140420         1.065979046689         1.063324339686         1.078638004126         1.064788543453         1.111987079106         1.114408203087         1.218447537065         1.223400614223         1.350678059725         1.329632347999         1.515581883993         1.498218030335         1.652660507136         1.542595727946         1.686404256356         1.569360054917         1.647012523699         1.452919480591         1.458263993328         1.240268723440         1.222793147098         1.069700776112         1.008952026828         0.806786037364         0.625521480797         0.000000000000
        0.650127075004         0.867922590743         0.897603676761         0.880880238069         0.952415436721         0.966411418029         1.016437337230         1.031291643273         1.041696409670         1.020160526696         1.070169567566         1.085460876367         1.084581347799         1.059907314650         1.097014275977         1.102682774337         1.109564071822         1.092467734595         1.111762061448         1.104719321257         1.123462518046         1.115874253369         1.121127180155         1.103969696337         1.129613344152         1.127721280335         1.127927847482         1.106959941285         1.130975278563         1.128458592658         1.132695232385         1.114537596127         1.130304653649         1.122033485237         1.135001430138         1.123348072371         1.129696202972         1.114349159990         1.134498405195         1.128610791562         1.130001607376         1.110484964898         1.131838997930         1.127502730829         1.130935718468         1.112353614807         1.128359359020         1.120556003234         1.131297121205         1.117876373718         1.125509652151         1.111492744583         1.129870271963         1.122457405732         1.124075864969         1.104991453905         1.126271833442         1.121863434397         1.123746793593         1.103939343290         1.121042412679         1.114443035591         1.122980814263         1.107477447818         1.115320835205         1.102179326542         1.119615050163         1.111012286455         1.109905042849         1.089384830015         1.111705134190         1.108241257916         1.104369384198         1.080293910129         1.099908385615         1.097499761498         1.114657457422         1.100661371278         1.152691632330         1.155117923295         1.264251209339         1.267565338908         1.397473354027         1.372155991648         1.556804930198         1.534217099587         1.683405624673         1.566989876166         1.702600101605         1.581083635055         1.651380768552         1.456442516996         1.455789248045         1.240036752105         1.219536524713         1.070441438989         1.009655106486         0.809192604085         0.626925840666         0.000000000000
        0.651479625876         0.870199658233         0.901443937136         0.885887811921         0.959307503470         0.974158285041         1.026255913357         1.042331036569         1.054191788285         1.033423643017         1.085519169769         1.101958983967         1.102461250490         1.078554391643         1.117443684912         1.124083686997         1.132453888909         1.116194008932         1.136806972448         1.130463408684         1.150817124796         1.144148114664         1.150321272936         1.133621097400         1.160805309497         1.159826986285         1.160755541741         1.140114710997         1.165391662877         1.163645336239         1.168635684977         1.150834937854         1.167384158116         1.159573393687         1.173402829448         1.162239375827         1.168882624072         1.153667997428         1.174754583143         1.169459567454         1.170825428803         1.151209838792         1.173310404693         1.169500457313         1.172864398245         1.154148746459         1.170452228966         1.162899745145         1.173741223391         1.160340244851         1.167700593776         1.153546604074         1.172212217792         1.165010551304         1.165888251064         1.146326647092         1.167834271170         1.163675036039         1.164645213742         1.144229626010         1.161163710955         1.154587765710         1.162337942320         1.146332123013         1.153350656887         1.139809599713         1.156709028380         1.147817725091         1.145208449680         1.123832693769         1.145668167288         1.142033392889         1.136310460112         1.111200818864         1.131151323199         1.129135158764         1.147900455856         1.133609506761         1.189454004381         1.191711976827         1.304498555759         1.306204126693         1.437759185894         1.408747950894         1.591925264615         1.564966389788         1.709676580671         1.588013830152         1.716925878725         1.591858635291         1.656249859422         1.460557908546         1.455083670888         1.241078950977         1.218117610788         1.072019204648         1.011056594155         0.811561855823         0.628332971860         0.000000000000
        0.652431865411         0.871802640402         0.904130311322         0.889387180138         0.964175348507         0.979646369832         1.033177612177         1.050097878455         1.062974643733         1.042745500516         1.096267518013         1.113488138540         1.114929074321         1.091545880565         1.131636294996         1.138923858733         1.148278484834         1.132562899959         1.154047503824         1.148163794649         1.169575407268         1.163509879136         1.170281584417         1.153878165318         1.182099781865         1.181739000528         1.183122203484         1.162688204443         1.188811304035         1.187585712928         1.193049481844         1.175478025425         1.192569892551         1.185076277937         1.199486925292         1.188646105401         1.195491339238         1.180372986694         1.202111864477         1.197232585679         1.198587889520         1.178908822285         1.201560044035         1.198134991603         1.201461295346         1.182663134464         1.199218570950         1.191869556807         1.202798955591         1.189424858537         1.196640217330         1.182420652433         1.201316436261         1.194278103470         1.194691759014         1.174830272761         1.196541094941         1.192580622979         1.192968047322         1.172160903567         1.189029736181         1.182508389176         1.189761112200         1.173432028785         1.179919433991         1.166127064775         1.182677422440         1.173600266036         1.169989079983         1.148042355647         1.169567673470         1.165827623654         1.158858679925         1.133080984510         1.153519965016         1.151881150377         1.172130421684         1.157674912137         1.216786907934         1.218964962458         1.334868765839         1.335299179937         1.468325510032         1.436358934983         1.618314163523         1.587828712881         1.729010048406         1.603286330244         1.726845802682         1.599079939065         1.658886179563         1.462811194028         1.453613747936         1.241205154939         1.216391877561         1.072836792071         1.011845037271         0.813271756268         0.629333569342         0.000000000000
        0.653029817022         0.872809882082         0.905824188882         0.891596542080         0.967246749856         0.983097132008         1.037528069307         1.054969918564         1.068482248688         1.048579829800         1.102983715272         1.120684476729         1.122701327625         1.099640119394         1.140470206288         1.148153761830         1.158111423429         1.142727868255         1.164750150258         1.159146768313         1.181202723555         1.175504756684         1.182628281023         1.166399159163         1.195259060541         1.195281223371         1.196936676554         1.176618656471         1.203270162250         1.202364763675         1.208110237374         1.190668458467         1.208096082653         1.200805492949         1.215580128069         1.204939825335         1.211910194213         1.196847648692         1.219004455321         1.214383679162         1.215722356906         1.195994890946         1.218994265061         1.215812854665         1.219112259267         1.200258575097         1.216981708887         1.209760959406         1.220751692801         1.207395956357         1.214528214000         1.200270934097         1.219316835203         1.212388177202         1.212516274272         1.192468559139         1.214322106847         1.210497112874         1.210523024270         1.189470972601         1.206311617204         1.199833181343         1.206783722913         1.190248801457         1.196407553078         1.182463412193         1.198818330308         1.189634761435         1.185388689466         1.163080423489         1.184429233834         1.180649557375         1.172924194551         1.146746301072         1.167768600849         1.166510491544         1.188401153730         1.173960308861         1.236112090339         1.238291238358         1.357032354843         1.356479709958         1.490925019148         1.456554948974         1.637450347459         1.604074884521         1.742392855576         1.613532945744         1.732691375595         1.602897638344         1.659091979179         1.463013456116         1.450939331077         1.240117302826         1.213947486299         1.072732026810         1.011896231863         0.814365001087         0.629991246100         0.000000000000
        0.653396246179         0.873430903948         0.906865970426         0.892946370596         0.969106668711         0.985188323885         1.040164707797         1.057924539976         1.071824076437         1.052123014392         1.107075488121         1.125071172401         1.127432370086         1.104562341268         1.145854055494         1.153784908925         1.164107627278         1.148929090005         1.171282380889         1.165855709483         1.188300558797         1.182820387554         1.190156645349         1.174029378421         1.203265142916         1.203506957589         1.205307502177         1.185050420994         1.212020075987         1.211308440959         1.217215751759         1.199843114900         1.217465904287         1.210294593972         1.225283789600         1.214757155249         1.221790608546         1.206756513085         1.229160273030         1.224693490544         1.226016253268         1.206254071875         1.229473929558         1.226446972074         1.229726276984         1.210835260232         1.227669111160         1.220533332869         1.231562741996         1.218214659606         1.225298287526         1.211020702398         1.230164329280         1.223302137766         1.223248770156         1.203078427348         1.225022957915         1.221285257265         1.221087536242         1.199882966145         1.216712813442         1.210264665800         1.217034072150         1.200375874993         1.206344545977         1.192315514200         1.208561468609         1.199325888088         1.194688771145         1.172153569044         1.193399969455         1.189597359669         1.181414514110         1.155020295852         1.176741398170         1.175890881053         1.199634712078         1.185342608080         1.250459283932         1.252675668917         1.374020515264         1.372631836653         1.508365264467         1.471922152085         1.651787513614         1.615927616550         1.751749328117         1.620376841350         1.735721266132         1.604366787954         1.657574216493         1.461771047074         1.447386955054         1.238157559883         1.210969703953         1.071956564337         1.011393390569         0.814985748765         0.630366923715         0.000000000000
        0.653619664618         0.873808890392         0.907499851074         0.893770522408         0.970250056325         0.986476179932         1.041785536231         1.059738314301         1.073873793070         1.054297585802         1.109582584605         1.127755561647         1.130320897337         1.107559835601         1.149124377045         1.157201783797         1.167743548777         1.152684544450         1.175237245510         1.169915557951         1.192602446553         1.187252192168         1.194709194355         1.178643993047         1.208112821089         1.208494705838         1.210389329505         1.190171276773         1.217342909607         1.216752534380         1.222758799346         1.205427977430         1.223174561153         1.216078410496         1.231201209604         1.220743059319         1.227820532760         1.212806397819         1.235362816488         1.230991251172         1.232302313261         1.212515602578         1.235867861395         1.232931652389         1.236196629367         1.217280017322         1.234175510838         1.227087466839         1.238134173553         1.224786288240         1.231832001653         1.217539387447         1.236740198086         1.229917314977         1.229749673659         1.209502824488         1.231503270102         1.227818823566         1.227473281457         1.206166853818         1.222987018495         1.216557954623         1.223204252961         1.206461451551         1.212299600351         1.198212609766         1.214383178523         1.205107370066         1.200206668189         1.177520722355         1.198705179581         1.194893034750         1.186441120778         1.159938364561         1.182430545836         1.181998731903         1.207666270633         1.193580817769         1.261494115253         1.263757089449         1.387446356030         1.385321587750         1.522179370814         1.483924554517         1.662799574573         1.624789909163         1.758413404841         1.624984243309         1.736996422009         1.604425944704         1.655119248657         1.459757941061         1.443481401228         1.235795203697         1.207823659202         1.070853471409         1.010627582357         0.815335298548         0.630580934309         0.000000000000
        0.653756314710         0.874041263089         0.907888000340         0.894272532286         0.970947756108         0.987262747701         1.042774000086         1.060843007555         1.075121008648         1.055618873805         1.111110607033         1.129393611601         1.132077750719         1.109379800401         1.151109099931         1.159275735016         1.169942383310         1.154952777749         1.177621808953         1.172361854531         1.195189479159         1.189918000117         1.197451019149         1.181422933100         1.211038507147         1.211508600514         1.213457234095         1.193256810956         1.220551817124         1.220037012573         1.226098973891         1.208790595589         1.226615070361         1.219566611830         1.234768580691         1.224351255843         1.231456309947         1.216455977082         1.239107497747         1.234797124331         1.236101624513         1.216300800696         1.239739440813         1.236861439612         1.240111353089         1.221175190653         1.238112822474         1.231058272965         1.242114347964         1.228763904926         1.235783184076         1.221479337491         1.240711261034         1.233910451325         1.233667690450         1.213372536661         1.235411343647         1.231760923911         1.231316688591         1.209941840421         1.226760109730         1.220344946674         1.226907174997         1.210106171954         1.215861934071         1.201739453398         1.217862339802         1.208560411697         1.203491908065         1.180709386012         1.201858862591         1.198048858944         1.189453692412         1.162912807261         1.186193546150         1.186159678086         1.213678473765         1.199816442989         1.270292253741         1.272585302339         1.398377798575         1.395592784740         1.533418156748         1.493566979735         1.671493295420         1.631601242197         1.763278401084         1.628131026092         1.737220907694         1.603684421916         1.652232136677         1.457391065643         1.439535052295         1.233304618509         1.204712457752         1.069609349323         1.009737310075         0.815508452576         0.630689547726         0.000000000000
        0.653841156394         0.874185901639         0.908129098420         0.894583496425         0.971382333856         0.987753595853         1.043389623123         1.061529573300         1.075897855582         1.056442653869         1.112061339188         1.130412067675         1.133175928358         1.110522025252         1.152360538637         1.160585568281         1.171335693703         1.156389895595         1.179139277136         1.173921123440         1.196838743471         1.191619699946         1.199198074042         1.183188421676         1.212888577263         1.213408873624         1.215385836599         1.195194521958         1.222560062267         1.222088598523         1.228181845137         1.210885689513         1.228755933148         1.221735423439         1.236983404695         1.226589627770         1.233710255313         1.218717394460         1.241424253089         1.237149405169         1.238447364084         1.218637473428         1.242127380469         1.239284839905         1.242522539644         1.223572364573         1.240536840485         1.233503990037         1.244560388361         1.231205634581         1.238209258577         1.223899843022         1.243149766771         1.236360466927         1.236067303077         1.215740233030         1.237802561266         1.234174651106         1.233664585826         1.212244254142         1.229061633148         1.222657398643         1.229161679368         1.212320574878         1.218018501252         1.203872235451         1.219961024049         1.210638817279         1.205452184914         1.182601207224         1.203726471587         1.199920434359         1.191252749895         1.164711661573         1.188759983485         1.189093146147         1.218335982654         1.204691854766         1.277494786950         1.279804202518         1.407493650582         1.404114397084         1.542786446375         1.501509515764         1.678546507574         1.636990086906         1.766927861667         1.630316708857         1.736824250272         1.602501319311         1.649191534923         1.454899146396         1.435698466848         1.230825230621         1.201728028313         1.068333704760         1.008817532715         0.815587437383         0.630741677030         0.000000000000
        0.653894175151         0.874276159349         0.908279560610         0.894777581330         0.971653130392         0.988059435655         1.043773282950         1.061957401521         1.076381171529         1.056955061507         1.112652555818         1.131045321085         1.133857423734         1.111230255786         1.153138266639         1.161399558377         1.172195863348         1.157274533849         1.180072400174         1.174879440020         1.197851262103         1.192662520190         1.200272222872         1.184276667435         1.214031361933         1.214583525423         1.216578686834         1.196393992619         1.223805482199         1.223362635602         1.229475575067         1.212187194827         1.230086416739         1.223083468545         1.238360486801         1.227981448109         1.235112039423         1.220123441365         1.242864922891         1.238611430284         1.239904563154         1.220089419252         1.243611643849         1.240791858521         1.244022721752         1.225064151226         1.242049173460         1.235031708442         1.246091080065         1.232733096616         1.239730411876         1.225415437718         1.244674543443         1.237891025791         1.237562541523         1.217213570215         1.239287266371         1.235671850223         1.235114154948         1.213660840262         1.230473758206         1.224075898545         1.230538662393         1.213666802326         1.219319824295         1.205153882781         1.221214087597         1.211874589599         1.206601052303         1.183700567374         1.204808729205         1.201007929451         1.192326113243         1.165816294351         1.190624414979         1.191298306783         1.222150555268         1.208707266080         1.283608485071         1.285917655696         1.415282348242         1.411355220904         1.550752106122         1.508194134034         1.684393586600         1.641356870994         1.769727446361         1.631860737614         1.736072357994         1.601102894992         1.646173111969         1.452432446416         1.432077636353         1.228462551937         1.198946541564         1.067102465584         1.007923142607         0.815609404765         0.630759880758         0.000000000000
        0.653927607927         0.874333384337         0.908374662771         0.894899989726         0.971827827326         0.988257785534         1.044021300072         1.062233363221         1.076698033058         1.057294455839         1.113043931771         1.131461991540         1.134305796914         1.111691865511         1.153636439263         1.161916951783         1.172742131764         1.157835491281         1.180663934960         1.175486512292         1.198489548433         1.193317978833         1.200945788966         1.184958891648         1.214746081677         1.215317296464         1.217322631716         1.197141430626         1.224581265278         1.224156573234         1.230281302410         1.212997743447         1.230914643356         1.223922113823         1.239215931228         1.228844724762         1.235980192662         1.220993467302         1.243755784802         1.239514220900         1.240803070835         1.220984607031         1.244527730651         1.241722499197         1.244945695919         1.225980055113         1.242976726928         1.235968119265         1.247025047739         1.233662701574         1.240652143176         1.226333242463         1.245597349015         1.238816508970         1.238461290879         1.218096600474         1.240178802654         1.236572274340         1.235978890315         1.214500623126         1.231311096372         1.224918129869         1.231349385476         1.214454145388         1.220077392831         1.205899719258         1.221940551831         1.212588587903         1.207250171955         1.184312598078         1.205410461557         1.201617408225         1.192957559528         1.166496880279         1.192047936765         1.193039320634         1.225378039816         1.212116638491         1.288905390947         1.291199484192         1.422038073538         1.417605805026         1.557620876195         1.513909084334         1.689326852082         1.644968182924         1.771927617102         1.632971309616         1.735135316389         1.599626721435         1.643274494374         1.450069224319         1.428713095501         1.226251552042         1.196382057228         1.065938970974         1.007075367280         0.815601339401         0.630760714617         0.000000000000
        0.653948788296         0.874369478391         0.908434765073         0.894977482986         0.971937384347         0.988382040120         1.044176925183         1.062406570297         1.076895574945         1.057505236312         1.113286766856         1.131722692523         1.134588558726         1.111987080949         1.153955837907         1.162255316139         1.173087046303         1.158185169401         1.181030952766         1.175862928161         1.198883843263         1.193721837431         1.201360944105         1.185379716557         1.215188024518         1.215771985828         1.217782906666         1.197603333664         1.225062507350         1.224650854578         1.230781074852         1.213499241172         1.231426905861         1.224441265989         1.239745228033         1.229378301401         1.236516021142         1.221529850606         1.244305282292         1.240071295422         1.241355929966         1.221534547092         1.245091317227         1.242295611966         1.245511549495         1.226539494350         1.243542625183         1.236539775081         1.247593636616         1.234227434106         1.241210240568         1.226888298748         1.246155466799         1.239376122348         1.239000480995         1.218623839103         1.240711922383         1.237111776721         1.236491224478         1.214993612001         1.231802150845         1.225412832960         1.231820232607         1.214906802379         1.220506214736         1.206319280939         1.222345927484         1.212984567367         1.207594235225         1.184627114792         1.205719413029         1.201937685147         1.193346099065         1.166954300681         1.193254400959         1.194545479047         1.228277940607         1.215176520028         1.293678061232         1.295939332493         1.428086448683         1.423178937810         1.563718438381         1.518946637337         1.693614729162         1.648053304454         1.773714787407         1.633786774806         1.734086682623         1.598111011875         1.640478631054         1.447781589306         1.425530104647         1.224129720765         1.193947455773         1.064794572254         1.006234952133         0.815563704075         0.630746727562         0.000000000000
        0.653962164763         0.874392536014         0.908472895276         0.895026248886         0.972006190892         0.988460116519         1.044274437057         1.062514835643         1.077018140601         1.057635344662         1.113436667853         1.131883015738         1.134760542198         1.112165372860         1.154151265377         1.162459665913         1.173302619731         1.158406482043         1.181265119729         1.176103957561         1.199137780880         1.193982739472         1.201630679223         1.185654103973         1.215477055282         1.216069796988         1.218084992005         1.197906665591         1.225377869551         1.224974698783         1.231108516585         1.213827668702         1.231761890625         1.224780133973         1.240089382162         1.229724466366         1.236862970072         1.221876738018         1.244659418179         1.240429718570         1.241710607657         1.221886822849         1.245451338315         1.242661068870         1.245870880502         1.226894175640         1.243899098582         1.236898625834         1.247948887807         1.234578790024         1.241555097218         1.227230206476         1.246498203960         1.239719148709         1.239326791333         1.218940463037         1.241031322711         1.237435968116         1.236793261739         1.215279682272         1.232084736038         1.225697320094         1.232085493665         1.215157189248         1.220735099311         1.206539281696         1.222554573657         1.213185671560         1.207750695960         1.184758115984         1.205847106884         1.202079452978         1.193590452798         1.167279891102         1.194329514120         1.195907984246         1.230960993724         1.218003821460         1.298071063717         1.300282572073         1.433588514415         1.428231464560         1.569205681171         1.523454386252         1.697400778633         1.650740680118         1.775201170132         1.634404294415         1.732999515555         1.596616939070         1.637828571417         1.445619476245         1.422568032832         1.222156474195         1.191700156690         1.063734439280         1.005460868042         0.815522644874         0.630728038381         0.000000000000
        0.653970740581         0.874407849576         0.908497753015         0.895057418477         0.972052780814         0.988513885559         1.044340551707         1.062587285286         1.077102769900         1.057726498186         1.113541319955         1.131994417632         1.134882934923         1.112293661044         1.154293416930         1.162609693858         1.173462311752         1.158567758661         1.181435426218         1.176279153767         1.199324151742         1.194174644405         1.201829959104         1.185857062840         1.215685114752         1.216280968731         1.218295536352         1.198115682628         1.225591301676         1.225191387777         1.231324691891         1.214042938604         1.231980609659         1.225001364117         1.240312587515         1.229947968965         1.237086735988         1.222100660253         1.244887275598         1.240659940392         1.241937741066         1.222112156454         1.245681902937         1.242895533067         1.246099898193         1.227119196795         1.244125293475         1.237126993105         1.248173147726         1.234799185949         1.241770784727         1.227444195681         1.246712257372         1.239933379880         1.239528465134         1.219135898921         1.241228932177         1.237637719480         1.236975775280         1.215447777487         1.232248310627         1.225861558635         1.232231187939         1.215288724428         1.220846582457         1.206642187167         1.222645452649         1.213268441971         1.207793199141         1.184777669897         1.205862242895         1.202107835086         1.193753624055         1.167539585439         1.195333239100         1.197185104481         1.233498910573         1.220672467655         1.302179815297         1.304329001970         1.438659785565         1.432872158737         1.574200571929         1.527539283953         1.700783463585         1.653116318934         1.776458781852         1.634883866415         1.731912891246         1.595177581694         1.635341790471         1.443600852918         1.419832376804         1.220342790486         1.189641739460         1.062767056162         1.004754404414         0.815479431689         0.630707849703         0.000000000000
        0.653976378734         0.874417812562         0.908514013927         0.895077935477         0.972083298419         0.988549017718         1.044383898357         1.062634910898         1.077158393759         1.057786464551         1.113610231486         1.132067705651         1.134963430601         1.112378184869         1.154387222240         1.162708747263         1.173568354613         1.158678482868         1.181553968028         1.176399996699         1.199448250227         1.194301152538         1.201960200652         1.185989819698         1.215822610531         1.216422087811         1.218438082830         1.198258730455         1.225737474868         1.225339800967         1.231472825655         1.214190394133         1.232129421062         1.225151276308         1.240463138023         1.230098297955         1.237236117926         1.222249583123         1.245037780842         1.240811513426         1.242086025557         1.222258510175         1.245830608983         1.243046863401         1.246245763306         1.227261044582         1.244266741167         1.237269636716         1.248311368045         1.234933773778         1.241900034102         1.227571239122         1.246837957665         1.240058175630         1.239641512269         1.219241935199         1.241335413075         1.237745900023         1.237068265073         1.215529041561         1.232325680106         1.225939539908         1.232295040427         1.215341510645         1.220882589639         1.206671262553         1.222665922603         1.213283106333         1.207774173963         1.184739904780         1.205824594840         1.202088551320         1.193890319441         1.167777150157         1.196294414040         1.198401650266         1.235911207946         1.223201038912         1.306033752147         1.308108961806         1.443353664362         1.437155688068         1.578772259592         1.531260462815         1.703825429738         1.655231474637         1.777531470305         1.635250021723         1.730834403741         1.593786127243         1.632992023496         1.441694696322         1.417273649668         1.218637791912         1.187718664882         1.061855439975         1.004084670585         0.815425787361         0.630680000301         0.000000000000
        0.654703466739         0.875374111625         0.910411166285         0.897822667842         0.977275900811         0.994659476634         1.051459746754         1.070423627539         1.087807052814         1.070064659139         1.126490023788         1.145125481630         1.151135604217         1.130602947254         1.173291089554         1.181664604979         1.194993275119         1.181806637926         1.206260734699         1.201771282966         1.225901641161         1.221459494043         1.231851179244         1.217460326562         1.247142665356         1.247423595205         1.252632704005         1.234548096976         1.261568925711         1.260515809178         1.269046947898         1.253432915602         1.271790794564         1.264761538720         1.280713402446         1.270817460625         1.279749966104         1.265771638065         1.287517449973         1.282487876252         1.286304576042         1.268190767174         1.290096054620         1.285953116711         1.291134322919         1.273616346438         1.289724400318         1.281882758735         1.293183274268         1.280122851036         1.287768463186         1.273747576514         1.291415816991         1.283578372927         1.284996134029         1.265872910205         1.285464049535         1.280028219757         1.281062163303         1.260894289502         1.275832016393         1.267941236935         1.274529412130         1.258023536028         1.263540419228         1.249096979995         1.263388379023         1.253023731493         1.249406992514         1.227753763795         1.246881761171         1.242042921100         1.242833193903         1.221616885960         1.261982226800         1.265528933339         1.321492638705         1.311151061828         1.406708790627         1.405228829541         1.542162574500         1.529221757851         1.665869996049         1.611233607901         1.767293630272         1.708201329791         1.815907919510         1.672086378854         1.751924576464         1.611788042732         1.641450336988         1.453592699689         1.423556218336         1.227091994612         1.192975034238         1.067926111391         1.008047058300         0.817043522572         0.631676467655         0.000000000000
        0.654736779439         0.875409139087         0.910499438577         0.897980759914         0.977665983893         0.995134301251         1.052058164256         1.071122941088         1.088827665830         1.071270254274         1.127836138549         1.146545134705         1.152970755706         1.132716887148         1.175615304746         1.184071017521         1.197796390776         1.184885038614         1.209683401025         1.205364030516         1.229790583105         1.225532860534         1.236414296559         1.222316550675         1.252198115511         1.252558114499         1.258315613007         1.240595918696         1.267803833824         1.266795907073         1.275795485948         1.260501842682         1.279144095340         1.272235631520         1.288467136722         1.278739712658         1.288088181040         1.274355059261         1.296179413020         1.291144054358         1.295421475069         1.277626168955         1.299511134481         1.295271319695         1.300802290426         1.283547464009         1.299684156922         1.291791032147         1.303188046464         1.290202369058         1.298011505813         1.284072187354         1.301547820590         1.293550142261         1.295207498156         1.276270500422         1.295496053951         1.289750814575         1.290929567913         1.270919341328         1.285515328796         1.277334561163         1.283789278062         1.267251199849         1.272602017521         1.258040015014         1.271911148255         1.261387827217         1.258931677805         1.238421621502         1.264290810983         1.262639913284         1.281134930714         1.264470948141         1.329711510587         1.336342853321         1.418472548803         1.406647906343         1.519607191547         1.510196367143         1.648964193418         1.623962683574         1.750036036692         1.680403439041         1.812276037270         1.740752307490         1.825321155217         1.677626238784         1.733769004488         1.595295277664         1.612068345390         1.434573682861         1.397399917358         1.212537751990         1.176164433802         1.061438524406         1.003392067361         0.816767051590         0.631500046685         0.000000000000
        0.654737860529         0.875411701359         0.910503695180         0.897986134024         0.977691710393         0.995168330551         1.052098012865         1.071166063869         1.088892703631         1.071348177774         1.127923706498         1.146636905178         1.153088122803         1.132850802207         1.175767388455         1.184232261384         1.197981779930         1.185085575047         1.209912401755         1.205610312747         1.230057814125         1.225811179981         1.236727124054         1.222651966394         1.252554335900         1.252923635309         1.258713220768         1.241014458848         1.268246446357         1.267250945939         1.276274535308         1.260994835614         1.279662025358         1.272769397707         1.289016745254         1.279294877956         1.288662051716         1.274942928880         1.296777606436         1.291743351414         1.296025282934         1.278234314052         1.300125045701         1.295886187871         1.301405466304         1.284141282665         1.300273265042         1.292378793598         1.303752026952         1.290746122453         1.298529254889         1.284577748903         1.302022608956         1.294000194470         1.295603173360         1.276634707836         1.295820006121         1.290048261502         1.291144793571         1.271081501992         1.285614718145         1.277400276272         1.283754009200         1.267159659356         1.272456472913         1.257961751709         1.272758738531         1.263114672837         1.266510944245         1.248752040352         1.287869904289         1.289977055925         1.327563497572         1.313143730431         1.397802645846         1.404444732286         1.501801315762         1.485744651919         1.605261702113         1.586848792550         1.721293825215         1.685668786592         1.800360140457         1.718716108361         1.831235161960         1.750835612324         1.818136573225         1.667815834997         1.706176441806         1.570126439212         1.577450145966         1.409477989706         1.366935870614         1.193579140714         1.155727146284         1.052256363465         0.996966242996         0.816212335334         0.631197153990         0.000000000000
        0.654737073282         0.875412179465         0.910502880180         0.897982613759         0.977691921124         0.995170916209         1.052098456384         1.071163484779         1.088890662260         1.071346683920         1.127921928366         1.146634284545         1.153082146660         1.132842005452         1.175760566360         1.184227361720         1.197970961750         1.185069409239         1.209897206061         1.205597287154         1.230040256900         1.225789015140         1.236700249434         1.222623312078         1.252525370349         1.252893935692         1.258671509966         1.240964643076         1.268198501776         1.267205841876         1.276213781056         1.260921865322         1.279585433073         1.272693698136         1.288928556145         1.279196080626         1.288546328845         1.274819071165         1.296648416588         1.291610054751         1.295859815389         1.278048281449         1.299935815590         1.295697918372         1.301177536288         1.283884743618         1.300001910586         1.292103644714         1.303442302916         1.290410306600         1.298152679997         1.284180133435         1.301602496599         1.293564591123         1.295096872777         1.276084174959         1.295249665085         1.289469559475         1.290476610241         1.270353518895         1.284844933663         1.276619439215         1.282913068569         1.266335099124         1.272204841666         1.258335223485         1.277204629617         1.269614948234         1.282534639174         1.267597160116         1.320784383063         1.325358571997         1.378520119839         1.364352986102         1.461482793306         1.466060568785         1.570947896799         1.549829733617         1.669851217785         1.643029015933         1.770469558573         1.726306522553         1.830134764343         1.739769294145         1.836752892851         1.750655985629         1.805187757928         1.654082102874         1.679586850239         1.546609334299         1.547519316963         1.387738738990         1.341683281768         1.177817129022         1.139104385290         1.044739107783         0.991802007332         0.815765823201         0.630959434653         0.000000000000
        0.654736200063         0.875412308664         0.910501617087         0.897978674862         0.977688844818         0.995169026973         1.052093838336         1.071155627235         1.088880097415         1.071334770909         1.127908406847         1.146619458719         1.153060235535         1.132814877687         1.175732653870         1.184200050037         1.197934321600         1.185025257656         1.209849407499         1.205548956710         1.229984464719         1.225727082072         1.236627693115         1.222545176084         1.252443833550         1.252810353813         1.258569982790         1.240851153105         1.268082801899         1.267090961217         1.276078494768         1.260771467871         1.279426348613         1.272532531826         1.288751732578         1.279007176465         1.288335050191         1.274596107577         1.296417889503         1.291374885679         1.295588004665         1.277752842637         1.299634962254         1.295397317498         1.300834913968         1.283512134217         1.299611945180         1.291708486990         1.303012464928         1.289954926830         1.297654163536         1.283658728673         1.301059702629         1.293007991369         1.294468678728         1.275410738372         1.294557232966         1.288770429000         1.289689952445         1.269511275043         1.283969969223         1.275762816941         1.282274161789         1.265989622554         1.274347861756         1.261968435881         1.287407376188         1.282029127430         1.305278710518         1.292331435257         1.357471347499         1.363203406979         1.427763015910         1.412605519532         1.517237036234         1.518786464318         1.626860335750         1.600731742742         1.718557288185         1.684378405340         1.804346637817         1.753404942596         1.847586709384         1.750840194970         1.835237065992         1.745517451203         1.790308583935         1.639539807899         1.655408379762         1.525765822132         1.522170529208         1.369477031240         1.321081168283         1.165042255604         1.125838947342         1.038774018140         0.987772370589         0.815418624811         0.630776144515         0.000000000000
        0.654735344651         0.875412386921         0.910500335561         0.897974811479         0.977685411868         0.995166577769         1.052088658207         1.071147282290         1.088868676427         1.071321776221         1.127893646544         1.146603352064         1.153036754269         1.132786017629         1.175702610103         1.184170354180         1.197895118495         1.184978489829         1.209798420253         1.205497011421         1.229924838075         1.225661288075         1.236550819372         1.222462345718         1.252357167858         1.252721454511         1.258462970965         1.240732066723         1.267960840622         1.266969361374         1.275936600140         1.260614640953         1.279260306271         1.272363911615         1.288567555819         1.278811195583         1.288116758399         1.274365973029         1.296179976022         1.291132370380         1.295309839138         1.277451619564         1.299327897988         1.295090150419         1.300487338916         1.283135802326         1.299218333210         1.291309328624         1.302580156288         1.289498400601         1.297155865880         1.283137999767         1.300518243360         1.292453306219         1.293845590625         1.274744574827         1.293871952399         1.288079250911         1.288917858150         1.268696602110         1.283204182843         1.275132009428         1.282791908423         1.267296006378         1.279702471666         1.269027934768         1.301642227478         1.298005853252         1.330484488812         1.318701125649         1.393068404954         1.399054224940         1.471648540869         1.454905219056         1.563857130900         1.562133024148         1.671040734709         1.640362260381         1.754929896329         1.714565075007         1.827524547045         1.771275677079         1.857244325286         1.755847402937         1.830109684565         1.738146321879         1.775457452342         1.625632099886         1.634187966679         1.507816274566         1.501004570279         1.354350874276         1.304377584470         1.154753974887         1.115282202595         1.034056511979         0.984629440520         0.815149564750         0.630635784363         0.000000000000
        0.654734486834         0.875412480927         0.910499062677         0.897970936878         0.977682073379         0.995164271999         1.052083606708         1.071139034929         1.088857491881         1.071309100475         1.127879219041         1.146587545322         1.153013714421         1.132757701808         1.175673198071         1.184141279023         1.197856642393         1.184932537094         1.209748474743         1.205446179127         1.229866342191         1.225596638628         1.236475505026         1.222381291892         1.252272239836         1.252634217753         1.258358153207         1.240615526467         1.267841477814         1.266850273340         1.275797699568         1.260461176097         1.279098043430         1.272199174248         1.288387509450         1.278619561021         1.287903763986         1.274141618775         1.295947839220         1.290895582905         1.295038823162         1.277158458452         1.299028957414         1.294790908837         1.300149133136         1.282769915514         1.298835953948         1.290921460586         1.302160006112         1.289054804223         1.296672530213         1.282633092529         1.299992491891         1.291914364281         1.293241632957         1.274099993472         1.293207805033         1.287411019856         1.288190371480         1.267964361986         1.282889396246         1.275240545375         1.285153275064         1.270741937110         1.287859739819         1.278685635819         1.318133295950         1.315745906444         1.356020344583         1.344791979497         1.426196560070         1.431882497670         1.510151181345         1.491552606393         1.602851990694         1.597887438430         1.706334773281         1.671614185327         1.782543659385         1.736984294722         1.843570904578         1.783124271652         1.862091900718         1.757252142929         1.823213903998         1.729900360904         1.761324992109         1.612747211899         1.615597128108         1.492315194753         1.483133206869         1.341666181404         1.290598677646         1.146315134843         1.106705386709         1.030244427606         0.982118669813         0.814935301514         0.630525042546         0.000000000000
        0.654733828552         0.875412442957         0.910497995290         0.897967962965         0.977678705188         0.995161340492         1.052078543854         1.071131623701         1.088846822149         1.071296690332         1.127865201595         1.146572520761         1.152992073293         1.132731284484         1.175645151091         1.184113289024         1.197820581459         1.184890129299         1.209701396119         1.205397675820         1.229811454097         1.225536766668         1.236404996732         1.222304943450         1.252192510163         1.252552745799         1.258260331168         1.240506811798         1.267729553847         1.266738389576         1.275668131853         1.260318685657         1.278946258733         1.272044374556         1.288219432404         1.278441612932         1.287705008052         1.273931593227         1.295730982745         1.290674982258         1.294786313790         1.276885249300         1.298749751183         1.294511196415         1.299834103138         1.282429902728         1.298479191076         1.290558597085         1.301768363718         1.288642556740         1.296222109565         1.282161563480         1.299501876115         1.291412305700         1.292679161157         1.273500434086         1.292591181869         1.286799107747         1.287606432621         1.267466975625         1.283440843500         1.276522903260         1.289340244477         1.276018117471         1.297974704049         1.290032883997         1.335627025590         1.334106944135         1.380879957840         1.369787718684         1.456573155941         1.461615029297         1.543932899578         1.523384220910         1.635780987231         1.627724152634         1.734986966936         1.696689905710         1.803915937094         1.753957858971         1.854791503376         1.790977185566         1.863917469174         1.756486043609         1.815514712454         1.721438915872         1.748113564009         1.600927804576         1.599202607020         1.478798523153         1.467815341911         1.330858139451         1.279011199365         1.139251739186         1.099580926899         1.027093105632         0.980063850360         0.814760683674         0.630434872036         0.000000000000
        0.654733230479         0.875412392468         0.910497011468         0.897965260163         0.977675517094         0.995158495438         1.052073755381         1.071124715462         1.088836797527         1.071284991171         1.127851996138         1.146558405422         1.152971778970         1.132706532607         1.175618788879         1.184086941468         1.197786762908         1.184850442365         1.209657202684         1.205352059627         1.229759949872         1.225480686138         1.236338844600         1.222233235488         1.252117649633         1.252476299083         1.258168546468         1.240404797376         1.267624421095         1.266633244442         1.275546497570         1.260185005853         1.278803657052         1.271898799714         1.288061525211         1.278274569742         1.287518244400         1.273734089322         1.295527077999         1.290467623010         1.294548943224         1.276628372723         1.298487034581         1.294247892146         1.299537737805         1.282110170560         1.298143278570         1.290216647651         1.301399513880         1.288254494941         1.295797692848         1.281716989532         1.299039155918         1.290939086722         1.292149052092         1.272937022548         1.292023306937         1.286259466111         1.287324642020         1.267429210272         1.284949835234         1.278873007089         1.294841506127         1.282473483792         1.309033385495         1.302060488916         1.353040659970         1.352097845067         1.404275359989         1.393041857077         1.483973617890         1.488177867664         1.573398632644         1.550914214848         1.663622130411         1.652689004679         1.758400558591         1.716956843602         1.820601273632         1.766908287067         1.862597517276         1.796061160849         1.863797799378         1.754398753467         1.807578162451         1.713134907168         1.735920386840         1.590170210349         1.584715455284         1.466960320632         1.454581259671         1.321565217168         1.269153981156         1.133265629628         1.093581314106         1.024449583551         0.978354591684         0.814615904787         0.630360420646         0.000000000000
        0.654732669949         0.875412349848         0.910496093064         0.897962726482         0.977672560426         0.995155874699         1.052069312467         1.071118279153         1.088827477044         1.071274123823         1.127839724290         1.146545274661         1.152952889532         1.132683488439         1.175594261080         1.184062430601         1.197755267337         1.184813458078         1.209616048023         1.205309595378         1.229711963634         1.225428400202         1.236277191214         1.222166418976         1.252047869017         1.252405006452         1.258082943264         1.240309654694         1.267526374011         1.266535165083         1.275432977453         1.260060216267         1.278670583487         1.271762956299         1.287914060952         1.278118499583         1.287343832959         1.273549688728         1.295336553276         1.290273726679         1.294327063651         1.276388342573         1.298241446201         1.294001565964         1.299260406237         1.281811028485         1.297829082750         1.289896685624         1.301053946293         1.287890734273         1.295400337353         1.281300978988         1.298605211602         1.290494992336         1.291653394002         1.272414626005         1.291535221617         1.285845265351         1.287485176490         1.267985374292         1.287332288050         1.282077221813         1.301249617814         1.289696815285         1.320529010433         1.314313640349         1.370001467608         1.369420706805         1.426136050114         1.414576342370         1.508750796783         1.512005698957         1.599330868354         1.574967414115         1.687485005879         1.673882574293         1.777857378871         1.733621891777         1.833855824825         1.776949155857         1.868009492361         1.799234851845         1.862418999220         1.751505983552         1.799661843471         1.705116082603         1.724648543235         1.580332392521         1.571767606551         1.456456803219         1.442968417563         1.313444921723         1.260616767662         1.128097889909         1.088430007272         1.022187350999         0.976902310420         0.814493114517         0.630297575258         0.000000000000
        0.654732167296         0.875412284140         0.910495246887         0.897960454202         0.977669706464         0.995153233403         1.052065031052         1.071112235431         1.088818593719         1.071263705175         1.127827981575         1.146532773793         1.152934953014         1.132661643556         1.175570894046         1.184039031138         1.197725380169         1.184778490717         1.209576950020         1.205269146329         1.229666424222         1.225378926616         1.236218712610         1.222102964510         1.251981651702         1.252337428423         1.258001810869         1.240219500482         1.267433377767         1.266442098668         1.275325401241         1.259942078055         1.278544434700         1.271634073569         1.287774298645         1.277970717452         1.287178563399         1.273374875133         1.295155954450         1.290089971749         1.294116820711         1.276160944646         1.298008657494         1.293767973679         1.298997531792         1.281527630625         1.297531248924         1.289593210083         1.300726174467         1.287545824679         1.295023545107         1.280906525597         1.298193419571         1.290074112760         1.291187487337         1.271932440203         1.291185494292         1.285651274322         1.288139444947         1.269111651042         1.290442302493         1.285946022709         1.308230410540         1.297364754315         1.332097658534         1.326467311163         1.386265433455         1.385886641586         1.446431785611         1.434419404888         1.531139977802         1.533386371823         1.622222835876         1.596060971967         1.708054136072         1.691992087845         1.794149734294         1.747432498405         1.844454815764         1.784769016842         1.871659435777         1.801030720944         1.860209623485         1.748123913258         1.791925547241         1.697460124296         1.714239284137         1.571323759231         1.560130693652         1.447073583010         1.432691020355         1.306282968739         1.253144085683         1.123587212911         1.083955229865         1.020227876979         0.975652247806         0.814387790959         0.630244153885         0.000000000000
        0.654731712794         0.875412198047         0.910494459432         0.897958399229         0.977666926909         0.995150559171         1.052060867103         1.071106503894         1.088810048499         1.071253623841         1.127816636419         1.146520756713         1.152917761214         1.132640736215         1.175548411733         1.184016468158         1.197696744577         1.184745112596         1.209539430279         1.205230210101         1.229622767421         1.225331656063         1.236162680285         1.222042056479         1.251918142918         1.252272705357         1.257924124712         1.240133171370         1.267344187537         1.266352787710         1.275222383684         1.259829089596         1.278423495479         1.271510319709         1.287640371778         1.277829340933         1.287020188076         1.273207134269         1.294982762797         1.289913901844         1.293915367063         1.275943003786         1.297785320774         1.293543738679         1.298745522948         1.281256179309         1.297245474104         1.289301637497         1.300411646856         1.287215189872         1.294661953825         1.280527858806         1.297798367261         1.289671649128         1.290752165401         1.271497090341         1.291027694703         1.285741216312         1.289259666709         1.270717072066         1.294101088311         1.290299097098         1.315561786016         1.305273217774         1.343555385610         1.338368361190         1.401756347927         1.401458500452         1.465251753618         1.452701888901         1.551429110487         1.552642962135         1.642549333789         1.614677834345         1.725926232821         1.707596814129         1.807919877420         1.758986333774         1.852999550737         1.790891714259         1.874007990817         1.801828727982         1.857455283460         1.744457628545         1.784444218715         1.690184912356         1.704603748432         1.563042866732         1.549597219087         1.438622973708         1.423507396522         1.299902258762         1.246530539555         1.119604780573         1.080020673522         1.018509812450         0.974562510799         0.814296279832         0.630197881868         0.000000000000
        0.654731362875         0.875412056753         0.910493791254         0.897956816536         0.977664233432         0.995147704266         1.052056848805         1.071101349231         1.088802037489         1.071244022953         1.127805884514         1.146509522988         1.152901807732         1.132621421883         1.175527352731         1.183995214508         1.197670215831         1.184714506398         1.209504546408         1.205193736927         1.229582300750         1.225288213074         1.236110816309         1.221985466704         1.251859269427         1.252212904328         1.257852368109         1.240053462464         1.267261585956         1.266269978614         1.275127266194         1.259725069794         1.278311663063         1.271395581716         1.287516659980         1.277699151064         1.286873940219         1.273051970669         1.294822712058         1.289751405893         1.293729463596         1.275741903187         1.297578946465         1.293336375418         1.298512922002         1.281005995355         1.296981514394         1.289031875660         1.300121088667         1.286910252092         1.294328092790         1.280178005646         1.297434030429         1.289303027921         1.290376577176         1.271146349871         1.291085871657         1.286104145764         1.290763198871         1.272690947328         1.298131308221         1.294954229455         1.323031639131         1.313228821895         1.354731708536         1.349873886391         1.416412851903         1.416103839337         1.482672050996         1.469530327424         1.569846347437         1.570027643990         1.660675562266         1.631189274890         1.741552186421         1.721133242674         1.819646593082         1.768727873541         1.859928832368         1.795694131326         1.875382892926         1.801898557016         1.854355703993         1.740647950471         1.777265344564         1.683299889786         1.695675842145         1.555415369170         1.540020760683         1.430973076776         1.415250023006         1.294180674113         1.240634537767         1.116061256740         1.076531814802         1.016989732160         0.973603667917         0.814215753976         0.630156923937         0.000000000000
        0.654731009813         0.875411942661         0.910493140180         0.897955219549         0.977661721037         0.995145120357         1.052053096159         1.071096422948         1.088794487569         1.071235021611         1.127795787410         1.146498925808         1.152886723823         1.132603133753         1.175507504029         1.183975218389         1.197645120204         1.184685455522         1.209471589234         1.205159361619         1.229544026897         1.225247006996         1.236061744015         1.221931988736         1.251803586920         1.252156279489         1.257784423011         1.239977981622         1.267183434753         1.266191652677         1.275037180957         1.259626466158         1.278205800613         1.271287047010         1.287399490005         1.277575728457         1.286735426825         1.272905081059         1.294671107672         1.289597405970         1.293553319091         1.275551367276         1.297383409328         1.293139886770         1.298292462071         1.280768819035         1.296731302834         1.288776185119         1.299845582386         1.286621119607         1.294011562519         1.279846588811         1.297090747023         1.288960130297         1.290073442762         1.270905760429         1.291366394376         1.286722702048         1.292586605549         1.274959250660         1.302410150427         1.299788742305         1.330502037400         1.321106466341         1.365531658306         1.360912352757         1.430223282747         1.429832090586         1.498777529419         1.485010861844         1.586578336561         1.585741803206         1.676877385773         1.645872325355         1.755262756755         1.732920705975         1.829673281369         1.776970870743         1.865554098481         1.799447950875         1.876019650500         1.801432002770         1.851050458862         1.736792650181         1.770419211827         1.676807971417         1.687403778214         1.548383894487         1.531290362062         1.424025375902         1.407794923055         1.289026746889         1.235350528754         1.112891557933         1.073421063376         1.015637315541         0.972754589448         0.814144623271         0.630120808113         0.000000000000
        0.654730599524         0.875411898247         0.910492456405         0.897953364452         0.977659452917         0.995143054323         1.052049691418         1.071091571514         1.088787399792         1.071226726692         1.127786428672         1.146488943710         1.152872394859         1.132585671581         1.175488854846         1.183956552366         1.197621235682         1.184657479259         1.209440358874         1.205127068916         1.229507624164         1.225207425061         1.236015005183         1.221881278435         1.251750636501         1.252102216218         1.257719551069         1.239905897159         1.267109046421         1.266117175382         1.274951122149         1.259531972089         1.278104873195         1.271183860284         1.287287591834         1.277457437709         1.286603161886         1.272765094913         1.294526361580         1.289450073504         1.293384934540         1.275369276323         1.297196672765         1.292952218763         1.298081594288         1.280541707982         1.296492162881         1.288532026932         1.299581974109         1.286344108000         1.293708890890         1.279530408757         1.296766845910         1.288643085763         1.289863199393         1.270804950271         1.291877259831         1.287586356320         1.294711608941         1.277502306241         1.306919623081         1.304797574572         1.337989424820         1.328933336408         1.376025314990         1.371569940887         1.443332263930         1.442800351792         1.513791728665         1.499378835754         1.601920894264         1.600083856351         1.691501871868         1.659063370868         1.767414985963         1.743294162314         1.838333840198         1.784018476728         1.870150241090         1.802383698424         1.876098794756         1.800571145646         1.847624538109         1.732943726341         1.763889811093         1.670675077902         1.679703204206         1.541867346500         1.523276958673         1.417670237563         1.401011244831         1.284346653008         1.230573952603         1.110031156926         1.070622350602         1.014422700453         0.971995053273         0.814081124853         0.630088810895         0.000000000000
        0.654730214417         0.875411848933         0.910491808690         0.897951623210         0.977657271812         0.995141038694         1.052046418065         1.071086946465         1.088780605922         1.071218759015         1.127777444775         1.146479376491         1.152858668697         1.132568952497         1.175470966492         1.183938633742         1.197598349325         1.184630703002         1.209410413516         1.205096076200         1.229472724325         1.225169508996         1.235970189286         1.221832635372         1.251699848755         1.252050368820         1.257657327580         1.239836761925         1.267037669598         1.266045690695         1.274868527957         1.259441302987         1.278007991090         1.271084779510         1.287180122629         1.277343826308         1.286476117427         1.272630633695         1.294387243272         1.289308403128         1.293223039707         1.275194249728         1.297017066261         1.292771589800         1.297878593193         1.280323113315         1.296261937372         1.288296871660         1.299327830421         1.286077023728         1.293417346904         1.279226642093         1.296462464586         1.288353985132         1.289746436490         1.270834214425         1.292589432247         1.288651975864         1.297082185692         1.280268590216         1.311610216726         1.309941408420         1.345481290032         1.336711511463         1.386254857965         1.381900414939         1.455848108886         1.455128970943         1.527895333721         1.512818365900         1.616111619553         1.613291452261         1.704828920446         1.671029177773         1.778293363577         1.752515115427         1.845887750751         1.790102766563         1.873922888648         1.804669900784         1.875743091725         1.799408938351         1.844120454399         1.729117497398         1.757635225111         1.664848834003         1.672479850500         1.535778512290         1.515853136999         1.411800606515         1.394775326728         1.280051854784         1.226208464754         1.107420874593         1.068075601072         1.013319060879         0.971307225647         0.814023612683         0.630060201487         0.000000000000
        0.654729891011         0.875411764322         0.910491229139         0.897950160526         0.977655121607         0.995138887722         1.052043201238         1.071082634543         1.088774073795         1.071211005890         1.127768735096         1.146470196502         1.152845568304         1.132553047927         1.175453771519         1.183921336286         1.197576528055         1.184605364227         1.209381780090         1.205066274187         1.229439427056         1.225133559800         1.235927466511         1.221786132851         1.251651377573         1.252001005872         1.257598086763         1.239770954204         1.266969577298         1.265977438030         1.274789894738         1.259355156450         1.277915641990         1.270990155425         1.287077749758         1.277235830906         1.286355097372         1.272502395252         1.294254654018         1.289173493607         1.293068840335         1.275027557677         1.296845870278         1.292599322258         1.297685149604         1.280114996686         1.296042509764         1.288072564832         1.299085469310         1.285822560454         1.293139886104         1.278938620351         1.296186248942         1.288105778376         1.289732488821         1.270991932732         1.293477747987         1.289886356821         1.299624691839         1.283179379167         1.316375907366         1.315115253400         1.352857505234         1.344326294362         1.396120422154         1.391816962046         1.467716950504         1.466777286481         1.541092471265         1.525348135874         1.629218025290         1.625442173510         1.716980370930         1.681895230938         1.788056613917         1.760737975978         1.852501889130         1.795373323259         1.877018836758         1.806430366451         1.875059742637         1.798030858632         1.840600814415         1.725356250044         1.751667087934         1.659327251179         1.665708124579         1.530090396214         1.508968714149         1.406371551401         1.389031135865         1.276102531915         1.222209267901         1.105032865720         1.065751305975         1.012313607182         0.970682994264         0.813971599579         0.630034323797         0.000000000000
        0.654729593871         0.875411685605         0.910490695573         0.897948816334         0.977653134863         0.995136896602         1.052040229551         1.071078656701         1.088768042765         1.071203846252         1.127760692572         1.146461720984         1.152833474340         1.132538367192         1.175437896790         1.183905364969         1.197556381799         1.184581972960         1.209355344555         1.205038758562         1.229408683057         1.225100365716         1.235888016929         1.221743195605         1.251606620230         1.251955420122         1.257543374244         1.239710178758         1.266906695653         1.265914408236         1.274717260516         1.259275573106         1.277830343936         1.270902770489         1.286983180906         1.277136043054         1.286243287274         1.272383941802         1.294132168469         1.289048841119         1.292926337343         1.274873515266         1.296687701306         1.292440190901         1.297506358709         1.279922583245         1.295839708155         1.287865384521         1.298861495692         1.285587459481         1.292884280079         1.278675233520         1.295954854302         1.287919564395         1.289831249007         1.271277078994         1.294521760694         1.291261288605         1.302282563143         1.286173343777         1.321130302228         1.320234011194         1.360027647036         1.351693213964         1.405545090318         1.401251607226         1.478896120705         1.477712094574         1.553380965054         1.536975320166         1.641283352219         1.636585574902         1.728036492288         1.691741459356         1.796804623152         1.768056018410         1.858283578973         1.799930305548         1.879540266025         1.807751475952         1.874124432683         1.796496345123         1.837108421421         1.721687703503         1.745990789006         1.654105702616         1.659365575116         1.524778992190         1.502582879148         1.401348110356         1.383735768994         1.272467614967         1.218540357389         1.102844580477         1.063625904718         1.011395738694         0.970115165932         0.813924382204         0.630010765488         0.000000000000
        0.654729309409         0.875411605620         0.910490180937         0.897947529561         0.977651198814         0.995134941583         1.052037334989         1.071074803888         1.088762183328         1.071196881932         1.127752872760         1.146453489845         1.152821737449         1.132524125157         1.175422481280         1.183889849839         1.197536838344         1.184559301242         1.209329697153         1.205012047733         1.229378865595         1.225068196858         1.235849768642         1.221701553115         1.251563223341         1.251911235147         1.257490351957         1.239651284203         1.266845746676         1.265853308829         1.274646886002         1.259198492614         1.277747699263         1.270818075580         1.286891560129         1.277039405272         1.286134992208         1.272269183965         1.294013501707         1.288928089747         1.292788337822         1.274724351358         1.296534469263         1.292285975438         1.297333199824         1.279736303176         1.295643225685         1.287664578189         1.298644558973         1.285360040672         1.292638110980         1.278424120300         1.295763424845         1.287793840920         1.290032405993         1.271671771503         1.295695893699         1.292751668649         1.305027140136         1.289225502610         1.325848642761         1.325276001162         1.366973774185         1.358798998695         1.414528921668         1.410210706774         1.489411906571         1.487966188420         1.564816325460         1.547760816401         1.652389661404         1.646807718284         1.738102675132         1.700670487656         1.804654238471         1.774577789920         1.863344651870         1.803872366726         1.881579244381         1.808709185539         1.872997018320         1.794851652847         1.833670721450         1.718127233652         1.740599350542         1.649171243234         1.653422650560         1.519815211538         1.496651096433         1.396691540968         1.378843481070         1.269114226899         1.215166146673         1.100834213087         1.061677132587         1.010555400496         0.969596948896         0.813881298105         0.629989236467         0.000000000000
        0.654729019241         0.875411538309         0.910489667817         0.897946217141         0.977649329385         0.995133099219         1.052034537568         1.071071015381         1.088756479698         1.071190130123         1.127745283436         1.146445473851         1.152810285643         1.132510215408         1.175407480352         1.183874773850         1.197517765869         1.184537119649         1.209304698403         1.204986065773         1.229349778845         1.225036744383         1.235812450804         1.221660972506         1.251520904944         1.251868102966         1.257438595973         1.239593802963         1.266786315827         1.265793742416         1.274578187178         1.259123192652         1.277667094409         1.270735538358         1.286802137332         1.276944980186         1.286029326236         1.272157305021         1.293897709189         1.288810147868         1.292653619639         1.274578797751         1.296384962265         1.292135446302         1.297164070758         1.279554323213         1.295451477025         1.287468665823         1.298432614565         1.285137958559         1.292399954463         1.278184205764         1.295609007567         1.287722346671         1.290322512111         1.272158886366         1.296980268896         1.294338811476         1.307840448360         1.292321559808         1.330526061170         1.330242477565         1.373714985394         1.365668204550         1.423118571299         1.418745977681         1.499338794744         1.497617781575         1.575496656537         1.557803703566         1.662650414781         1.656219610390         1.747299807652         1.708797836176         1.811720165172         1.780409959392         1.867784392758         1.807288020104         1.883211687830         1.809365918912         1.871722292589         1.793130457254         1.830302906461         1.714681250292         1.735478831834         1.644506501877         1.647847847886         1.515169844082         1.491130371025         1.392366139221         1.374313582216         1.266012821944         1.212054372801         1.098982184207         1.059885589812         1.009783679466         0.969122180795         0.813841698012         0.629969646013         0.000000000000
        0.654728760057         0.875411468614         0.910489201532         0.897945044685         0.977647589157         0.995131351806         1.052031934602         1.071067536168         1.088751201168         1.071183861404         1.127738241718         1.146438055217         1.152799703167         1.132497370460         1.175393585086         1.183860790854         1.197500136851         1.184516657707         1.209281564097         1.204961977297         1.229322871648         1.225007702041         1.235777931654         1.221623392979         1.251481727872         1.251828201706         1.257390720719         1.239540625252         1.266731271015         1.265738545730         1.274514607798         1.259053554259         1.277592424315         1.270658995181         1.286719309292         1.276857607179         1.285931432705         1.272053558823         1.293790358294         1.288700860869         1.292528782811         1.274443889706         1.296246262430         1.291995740010         1.297007255295         1.279385695461         1.295273528368         1.287286704106         1.298236045652         1.284932453850         1.292181990972         1.277968352915         1.295500963497         1.287709495563         1.290695866878         1.272729871708         1.298356950791         1.296006072997         1.310709147286         1.295451998150         1.335163977952         1.335138448234         1.380273799745         1.372328999542         1.431364102834         1.426912129822         1.508756938553         1.506750001910         1.585530427606         1.567212324312         1.672194212334         1.664947139025         1.755764892835         1.716252331773         1.818131390175         1.785668743658         1.871710088594         1.810270767972         1.884513676776         1.809781607622         1.870337502007         1.791359064337         1.827008850174         1.711345470983         1.730601233687         1.640081975826         1.642595685474         1.510803204942         1.485966590522         1.388327747995         1.370096132666         1.263128723490         1.209168296918         1.097266201792         1.058228590886         1.009070774133         0.968684865554         0.813805487712         0.629951793391         0.000000000000
        0.654728428346         0.875411472538         0.910488681665         0.897943544882         0.977646049830         0.995130104496         1.052029613094         1.071064005792         1.088746226092         1.071178125773         1.127731738922         1.146431026130         1.152789540670         1.132484936301         1.175380470089         1.183847728878         1.197483156552         1.184496584848         1.209259430486         1.204939245643         1.229296980797         1.224979322282         1.235744637492         1.221587399403         1.251444040276         1.251789578029         1.257344366680         1.239489116720         1.266678235503         1.265685458052         1.274452995085         1.258985733598         1.277520290514         1.270585390903         1.286639090006         1.276772512692         1.285836629328         1.271953416666         1.293686447426         1.288594758474         1.292407699703         1.274313105705         1.296111984907         1.291860509635         1.296855075942         1.279221794505         1.295101129165         1.287110735648         1.298045475874         1.284733139583         1.291975277621         1.277768507764         1.295426496080         1.287736651651         1.291123134613         1.273349734615         1.299778615495         1.297702858671         1.313574280459         1.298560120692         1.339710245591         1.339918221285         1.386613837578         1.378747890248         1.439249464563         1.434700352990         1.517676484395         1.515376608998         1.594948801594         1.576020902373         1.681070418064         1.673039403759         1.763558665873         1.723091678554         1.823951744297         1.790413023993         1.875181704721         1.812873434835         1.885533305507         1.809996059836         1.868872290532         1.789558442856         1.823798142255         1.708123934752         1.725956989142         1.635885130397         1.637644184291         1.506694546717         1.481129979663         1.384551912294         1.366163844731         1.260441932813         1.206485917439         1.095673050522         1.056693452078         1.008410585526         0.968280340155         0.813771925377         0.629935701861         0.000000000000
        0.654766360028         0.875452457699         0.910584176105         0.898110207629         0.978031149598         0.995589397461         1.052609778113         1.071736707723         1.089778346546         1.072417874250         1.129123155867         1.147889087772         1.154723104985         1.134736022471         1.177857408447         1.186407858940         1.200503963073         1.187833926494         1.212992389272         1.208864206446         1.233548124828         1.229436434665         1.240796464592         1.226988883261         1.257034197807         1.257453993240         1.263704417523         1.246301192932         1.273672153185         1.272712815368         1.282084794729         1.267030686346         1.285919566354         1.279124867090         1.295530904226         1.285897166709         1.295576738129         1.282038970504         1.303864696720         1.298787347291         1.303392563919         1.285814937706         1.307636435819         1.303300415179         1.309021643209         1.291905538525         1.308030689289         1.300090112708         1.311483117550         1.298535017718         1.306851040851         1.293356597255         1.312643273906         1.305856142833         1.313535485282         1.297706102370         1.329095125805         1.328261528874         1.351428999408         1.338218121543         1.386035146935         1.386880335641         1.440194589557         1.432644844023         1.498291770345         1.492967478571         1.578283798311         1.574071489453         1.654845564866         1.633627936176         1.735857789497         1.723938458752         1.811134080706         1.767684710211         1.862267397941         1.824514924325         1.902989614813         1.838054725745         1.903776739146         1.825904093493         1.878085649280         1.797399512212         1.826269052379         1.711047291253         1.723918494128         1.634186175224         1.632883978750         1.504232553175         1.476255113255         1.381267068919         1.361586676880         1.258291437740         1.203855954976         1.094633295987         1.055295622744         1.008264638785         0.968196818973         0.813881476061         0.630009436061         0.000000000000
        0.654768007309         0.875453601008         0.910587904866         0.898117848604         0.978048231981         0.995609231552         1.052636213383         1.071768731258         1.089826926652         1.072476107898         1.129189753809         1.147960079349         1.154818564471         1.134848348829         1.177983069816         1.186539605633         1.200663013289         1.188012338224         1.213194591706         1.209079574542         1.233788715777         1.229693757739         1.241090207065         1.227305488310         1.257373082819         1.257805708950         1.264101142813         1.246727849507         1.274122740853         1.273175731121         1.282592480460         1.267568482262         1.286489813381         1.279712621770         1.296154401023         1.286543591526         1.296267439999         1.282755968631         1.304605406591         1.299540878879         1.304197418639         1.286652744107         1.308491946555         1.304164900070         1.309940640332         1.292872273012         1.309146611928         1.301367065595         1.313611668087         1.301281523554         1.312189862045         1.300147714931         1.324594588632         1.319835727879         1.335596741681         1.321989527778         1.363679601631         1.364964536447         1.399906479744         1.387999387293         1.447078077665         1.448410112548         1.511642568633         1.503132852138         1.575844663610         1.567832679404         1.655979893350         1.647955140405         1.728578642887         1.701875487796         1.798605597127         1.780669151379         1.860751185876         1.811473297231         1.895153674915         1.851605037249         1.919141990956         1.850706597641         1.904965224172         1.824572224452         1.866072732786         1.785668953906         1.806429129224         1.693295171249         1.698671336620         1.612839112909         1.607893741020         1.484716463008         1.453447756916         1.364191220430         1.343851039457         1.246698501823         1.192382582371         1.088054139331         1.048939511793         1.005673804689         0.966649465757         0.813773738254         0.629951056994         0.000000000000
        0.654767626584         0.875453579358         0.910587301365         0.898116147029         0.978046438958         0.995607736857         1.052633574796         1.071764803787         1.089821123842         1.072469303457         1.129182126172         1.147951998749         1.154806612747         1.134833604130         1.177967475975         1.186524215140         1.200642954790         1.187988647467         1.213168109793         1.209052326504         1.233757890934         1.229660233981         1.241050185340         1.227261962920         1.257327649472         1.257759406519         1.264044897320         1.246665170986         1.274057843661         1.273110552083         1.282516345516         1.267484788703         1.286399963234         1.279620214007         1.296052696317         1.286435592823         1.296146548331         1.282627858178         1.304469981813         1.299401852031         1.304040214376         1.286487879782         1.308350186070         1.304068177166         1.310126771504         1.293315053112         1.310852660780         1.303930660498         1.319183262205         1.308288187700         1.324448192155         1.314297601813         1.346233460233         1.343369457602         1.368210384131         1.356169737920         1.407492337114         1.409967424350         1.454608138449         1.442830986170         1.509963711145         1.510514517379         1.580005865901         1.569538842045         1.645832580077         1.634284335701         1.722376717248         1.710187891819         1.788672645006         1.756522569613         1.846843581323         1.823311072778         1.896276229525         1.841807331422         1.915372071728         1.866855574684         1.924703425833         1.853464335836         1.897671436258         1.815416994544         1.847631097718         1.768003702548         1.781817426418         1.671044220747         1.669846577062         1.588233720537         1.580313065702         1.462729333114         1.428593533126         1.345345258729         1.324674103335         1.233894925372         1.179905333082         1.080752804843         1.042004616254         1.002747884553         0.964908430060         0.813632681686         0.629879753013         0.000000000000
        0.654767067716         0.875453443315         0.910586307423         0.898113620313         0.978042822912         0.995604146052         1.052628138815         1.071757472074         1.089810080399         1.072456202371         1.129167352964         1.147936351763         1.154784353317         1.134806648927         1.177938302083         1.186494684358         1.200605706149         1.187945560076         1.213119606213         1.209001657026         1.233700925192         1.229598699193         1.240977886973         1.227183499611         1.257244918239         1.257674403732         1.263944487103         1.246554682682         1.273942397313         1.272993357547         1.282382612674         1.267339702308         1.286244577552         1.279459969192         1.295878382934         1.286251961203         1.295944110192         1.282415624816         1.304251325376         1.299187595025         1.303875353036         1.286395220278         1.308759934778         1.304890781433         1.312507400124         1.296592109316         1.317297166369         1.311833305469         1.332171433916         1.322857466037         1.345806715325         1.337311758632         1.377210092603         1.375728329772         1.409107394385         1.397888992777         1.457155281447         1.459947602431         1.511950711789         1.499432750601         1.571770601557         1.570647498497         1.643473022742         1.630469411362         1.707684291221         1.692244136522         1.778155538409         1.761836712312         1.836724858068         1.799589461365         1.882917847262         1.854552875315         1.920469399762         1.861814014033         1.926082412805         1.873776623188         1.923150878004         1.850107050994         1.885765919126         1.802587003643         1.827090490166         1.748779673319         1.756996023760         1.648832740782         1.642305630740         1.564840337873         1.554686931791         1.442321750761         1.405942376518         1.328191111551         1.307405959795         1.222363917867         1.168783149719         1.074241309660         1.035867265713         1.000159101236         0.963384598108         0.813509072599         0.629818232536         0.000000000000
        0.654766477584         0.875453260948         0.910585223869         0.898110949480         0.978038697377         0.995599912901         1.052621930033         1.071749285326         1.089797612834         1.072441343321         1.129150598509         1.147918648801         1.154759287306         1.134776376329         1.177905363284         1.186461203959         1.200563733023         1.187897216075         1.213064995251         1.208944406223         1.233636684377         1.229529453166         1.240896589074         1.227095228614         1.257151671224         1.257578481117         1.263831603251         1.246430716510         1.273812483835         1.272861129853         1.282232255506         1.267177000524         1.286070064003         1.279279941084         1.295683095724         1.286048163739         1.295730206056         1.282208777532         1.304169175615         1.299240707314         1.304583951562         1.287570880976         1.311634730012         1.308737790153         1.319463649624         1.304769581261         1.330141520823         1.326162275382         1.352531677328         1.344538388305         1.374379848605         1.367065868654         1.414151353020         1.413473990594         1.453996320193         1.442902232990         1.508076042262         1.510473925136         1.567577381394         1.553725478911         1.628908090088         1.625583928039         1.699563726257         1.683800520478         1.760134006037         1.740833900845         1.823334068850         1.803199955616         1.873799512270         1.832322759131         1.908708651026         1.876338291473         1.935683849660         1.873770547739         1.929781548866         1.874697744568         1.916828212073         1.842770202248         1.871269634716         1.787876188194         1.806045623709         1.729405420788         1.733156808825         1.627708475688         1.616906102609         1.543400535179         1.531605165712         1.424006817646         1.385905700949         1.313069069614         1.292318549845         1.212314718596         1.159177989905         1.068627868810         1.030612467403         0.997948974401         0.962097645676         0.813404986259         0.629766957283         0.000000000000
        0.654765900953         0.875453030320         0.910584120947         0.898108338449         0.978034274162         0.995595210548         1.052615277227         1.071740744239         1.089784405292         1.072425509072         1.129132764640         1.147899884314         1.154732813668         1.134744477403         1.177870454553         1.186425598473         1.200519378654         1.187846360279         1.213007268966         1.208883669115         1.233568718650         1.229456400246         1.240810742672         1.227001919539         1.257052967493         1.257476903008         1.263712352950         1.246299941772         1.273674979664         1.272720892974         1.282073237175         1.267005598170         1.285886572495         1.279093007375         1.295500331943         1.285884340757         1.295743644685         1.282397021710         1.305119932872         1.300717652130         1.307759769092         1.291622447006         1.318624978787         1.316909031051         1.331839427793         1.318313599747         1.348905872854         1.346174397359         1.378520457516         1.371475791839         1.407548229426         1.400916014735         1.453932353741         1.453540416924         1.499634192022         1.488119042644         1.557331007367         1.558825756633         1.619156403108         1.603620342896         1.679895721835         1.674128091098         1.747786647123         1.729270722869         1.803628233258         1.780703878271         1.859205839991         1.835676516453         1.901793860262         1.856627059748         1.926442313439         1.890818173757         1.944212337977         1.879818504772         1.928586892429         1.871532401910         1.907502269831         1.833024320030         1.855533324799         1.772431508565         1.785388347393         1.710623276878         1.710806172329         1.608070412816         1.593829730669         1.524038444611         1.511043674348         1.407757940158         1.368337890069         1.299859900367         1.279238077173         1.203629232954         1.150942410438         1.063825002459         1.026143741258         0.996075552685         0.961017841833         0.813317952219         0.629724283661         0.000000000000
        0.654765338655         0.875452760251         0.910583007219         0.898105791047         0.978029620748         0.995590134914         1.052608281722         1.071731945109         1.089770635218         1.072408926807         1.129114103240         1.147880307204         1.154705266502         1.134711349242         1.177834042630         1.186388351696         1.200473189401         1.187793589610         1.212947163717         1.208820250698         1.233497859060         1.229380382925         1.240721394840         1.226904755024         1.256950007256         1.257370860889         1.263588134382         1.246163960294         1.273531585129         1.272574743190         1.281909375915         1.266832848361         1.285730261533         1.278970733006         1.295601855883         1.286180496673         1.296820964929         1.283995269690         1.308350108707         1.304777426148         1.314470727506         1.299310065060         1.330003369202         1.329403979034         1.348897655169         1.336331113995         1.371996555873         1.370194377097         1.407919638082         1.401463945878         1.442787854010         1.436396064014         1.494024655702         1.493511771469         1.543745514659         1.531427405032         1.603168842403         1.603439093960         1.665593021117         1.648212834973         1.724384001631         1.716126524904         1.788544183085         1.767413368722         1.839201277915         1.812980092995         1.887299526947         1.860813099019         1.922534573034         1.874274068371         1.938028901043         1.899794873572         1.947879559451         1.881631545208         1.924081729367         1.865681948844         1.896414577956         1.821946782704         1.839430823939         1.756964861290         1.765610815131         1.692813497932         1.690128949575         1.590031114826         1.573007029033         1.506660073512         1.492791913868         1.393389643277         1.352954837460         1.288333622913         1.267896460301         1.196120452777         1.143872088221         1.059709764751         1.022335686354         0.994483850124         0.960108814020         0.813244920064         0.629688677348         0.000000000000
        0.654764799719         0.875452453960         0.910581899945         0.898103348712         0.978024811096         0.995584763019         1.052601052367         1.071723029001         1.089756522223         1.072391857738         1.129094904871         1.147860222872         1.154677085327         1.134677524503         1.177796697603         1.186350035269         1.200425895313         1.187739755293         1.212885630822         1.208755135445         1.233425214229         1.229302610463         1.240629967194         1.226805272838         1.256844377157         1.257262057292         1.263461039609         1.246025482547         1.273387335262         1.272432346900         1.281786825679         1.266743329315         1.285892794999         1.279354427701         1.296750317101         1.287814974873         1.299938285718         1.287856331146         1.314585348261         1.311902425986         1.324808567074         1.310546628662         1.345143166841         1.345486593286         1.369430645423         1.357580207136         1.397831567823         1.396651369409         1.438977512363         1.432802343698         1.478392794256         1.471895578304         1.532978774053         1.532046297834         1.585252405572         1.571883222129         1.645019735013         1.643882441161         1.706853323728         1.687585471896         1.762858148505         1.752170533576         1.822790775092         1.799236340285         1.868157677495         1.838981065755         1.909140904724         1.880103847830         1.937637073269         1.886795613599         1.945015445028         1.904701504496         1.948065952592         1.880456488419         1.917381621957         1.858111914241         1.884366257525         1.810215070614         1.823450729098         1.741848348088         1.746894292187         1.676088750673         1.671076654372         1.573508188410         1.554205085215         1.491041186557         1.476537189521         1.380638323436         1.339415473504         1.278220574901         1.257999540017         1.189586175259         1.137757179157         1.056156870290         1.019063963032         0.993120124671         0.959336625635         0.813183068212         0.629658547219         0.000000000000
        0.654764251221         0.875452130853         0.910580763334         0.898100863445         0.978019834934         0.995579175910         1.052593569162         1.071713840277         1.089741951129         1.072374218752         1.129075059644         1.147839460514         1.154647991740         1.134642640075         1.177758134868         1.186310403085         1.200377034295         1.187684214198         1.212822122051         1.208687856996         1.233350115043         1.229222235876         1.240535575816         1.226702661259         1.256735275682         1.257150085771         1.263333260896         1.245891419603         1.273290971077         1.272387178566         1.281992725062         1.267149096332         1.287006719283         1.280940660024         1.299681614132         1.291384867458         1.305575883323         1.294278350646         1.323800034001         1.321944033567         1.338245122738         1.324743143778         1.363126077439         1.364220195667         1.392272262810         1.380913253850         1.425147944160         1.424320978698         1.470469982970         1.464330870552         1.513308799884         1.506442603510         1.570029200764         1.568468947677         1.623732846644         1.609161908277         1.682860239862         1.680225108229         1.743300647175         1.722168458762         1.796024551851         1.783020889572         1.851518078931         1.825746815518         1.891678817508         1.859872402698         1.925998461905         1.894771809116         1.948369218168         1.895379572363         1.948557339613         1.906596519878         1.945758696021         1.877175545862         1.909244237965         1.849467048787         1.871863357193         1.798246582914         1.807858309575         1.727267749014         1.729276022009         1.660445276596         1.653523721544         1.558362501347         1.537171368089         1.476948447380         1.461983056364         1.369256527708         1.327415704557         1.269282284347         1.249293717611         1.183852381129         1.132420579584         1.053060937148         1.016225682058         0.991939922756         0.958673460853         0.813130085013         0.629632813362         0.000000000000
        0.654763705358         0.875451786759         0.910579613030         0.898098389857         0.978014717237         0.995573373956         1.052585868505         1.071704461152         1.089727014986         1.072356107966         1.129054676442         1.147818143241         1.154618174824         1.134606940230         1.177718579480         1.186269657334         1.200326899628         1.187627348314         1.212757014859         1.208618774266         1.233272962232         1.229139796279         1.240438960171         1.226598189451         1.256627532349         1.257045599519         1.263259325834         1.245858598817         1.273510221013         1.272817073887         1.283066960058         1.268623851176         1.289665136724         1.284207421901         1.304765667648         1.297135909784         1.313738271965         1.303171805059         1.335638231441         1.334505007832         1.354165456609         1.341270954628         1.383167982496         1.384831379273         1.416565508124         1.405503009681         1.453126098823         1.452428699033         1.501697769617         1.495402697605         1.547024131985         1.539593205821         1.604917952524         1.602583693057         1.659193332913         1.643333788334         1.716973974496         1.712806900507         1.775476198627         1.752539279406         1.824635819341         1.809452162794         1.875640612891         1.847854907672         1.910772168849         1.876631614434         1.938892611679         1.905789440272         1.955708688754         1.900932484159         1.949509861097         1.906253831963         1.941658595665         1.872407222455         1.900177140998         1.840169473519         1.859212493616         1.786285315116         1.792775006919         1.713291115372         1.712707572689         1.645812429291         1.637306689242         1.544430364199         1.521655635218         1.464157039757         1.448859214606         1.359021767039         1.316691517783         1.261313648895         1.241564587191         1.178773020556         1.127716088586         1.050335368847         1.013737072460         0.990907340688         0.958097276065         0.813084160897         0.629610592798         0.000000000000
        0.654763153372         0.875451427051         0.910578439542         0.898095889027         0.978009461686         0.995567384675         1.052577951578         1.071694859215         1.089711703906         1.072337524041         1.129033744448         1.147796239604         1.154587594705         1.134570371777         1.177677990050         1.186227755704         1.200275417708         1.187569049969         1.212690208937         1.208547870004         1.233193854200         1.229055844656         1.240344154550         1.226501290051         1.256572851103         1.257041345326         1.263480677697         1.246258951729         1.274484386776         1.274179419657         1.285461248359         1.271509077013         1.294117636350         1.289292552925         1.311955308139         1.304952853558         1.324107667102         1.314187896477         1.349572524623         1.349048086374         1.371906821923         1.359475769765         1.404543419377         1.406613086738         1.441589081809         1.430660774759         1.481124648719         1.480374598953         1.532158227831         1.525559241360         1.579207388322         1.571070925290         1.637524636029         1.634319475346         1.691720664809         1.674531416873         1.747654722181         1.741961036986         1.803857719436         1.779197702421         1.849313704743         1.832096045823         1.895883532282         1.866276442506         1.926215097560         1.890007086313         1.948593867367         1.913886026699         1.960380244959         1.904121482961         1.948495644963         1.904232451053         1.936265922647         1.866588839791         1.890532147290         1.830507027788         1.846614641125         1.774486555524         1.778264854303         1.699944723312         1.697129520518         1.632117067096         1.622285113898         1.531574029210         1.507457573332         1.452488351741         1.436955206082         1.349761339657         1.307040771869         1.254158074142         1.234649687892         1.174237762946         1.123534099518         1.047915337567         1.011535617515         0.989995695058         0.957591889903         0.813043975493         0.629591177075         0.000000000000
        0.654762593492         0.875451057777         0.910577245154         0.898093352672         0.978004098703         0.995561260403         1.052569864405         1.071685063573         1.089696086098         1.072318568321         1.129012373959         1.147773849583         1.154556377750         1.134533086955         1.177636560291         1.186184922225         1.200222811796         1.187509602817         1.212622212182         1.208476187634         1.233117655491         1.228980669205         1.240301858414         1.226501304032         1.256783238448         1.257423619331         1.264357531480         1.247453936298         1.276577673818         1.276748573082         1.289387617053         1.275944674879         1.300360244395         1.296142664370         1.321047893990         1.314608775866         1.336333567014         1.326966444196         1.365141268945         1.365117053497         1.390952025654         1.378853510290         1.426732666397         1.429065759615         1.466861633484         1.455931665622         1.508745309482         1.507793852476         1.561570248424         1.554553816266         1.609714420781         1.600770686669         1.667865318879         1.663727646753         1.721485982887         1.702956716814         1.775221059472         1.768031103159         1.828892368583         1.802601505301         1.870599949538         1.851495625092         1.912850210061         1.881601665515         1.938633546326         1.900596636999         1.955705240962         1.919628248075         1.962936820495         1.905451847903         1.945976731912         1.900943477868         1.929940279702         1.860030997215         1.880549191241         1.820671525902         1.834192392788         1.762939733685         1.764345590669         1.687220655679         1.682467886249         1.619278329915         1.608327065693         1.519667515480         1.494403775958         1.441789624190         1.426095146732         1.341331766541         1.298298232315         1.247688303806         1.228418312014         1.170157948832         1.119787132856         1.045749227828         1.009572008398         0.989183918662         0.957144509488         0.813008469767         0.629574100694         0.000000000000
        0.654762025969         0.875450663563         0.910576017545         0.898090781901         0.977998519776         0.995554841478         1.052561441744         1.071674922469         1.089679873425         1.072298873754         1.128990149097         1.147750552737         1.154523959670         1.134494439095         1.177593503138         1.186140376270         1.200168334714         1.187448641726         1.212555894141         1.208411641308         1.233087862043         1.228990371796         1.240492180976         1.226842192203         1.257565297099         1.258504070032         1.266206947420         1.249690601583         1.279989421300         1.280665799123         1.294885125347         1.281933992414         1.308289759989         1.304632614210         1.331819586270         1.325875000907         1.350109668478         1.341201693858         1.381986102133         1.382361031232         1.410922171420         1.399039351084         1.449378666649         1.451850595659         1.492074438708         1.481029642860         1.535757304419         1.534483205446         1.589804210337         1.582282682914         1.638525374918         1.628701822526         1.696042093015         1.690935234424         1.748705990199         1.728846768655         1.799994351584         1.791353839151         1.850990420104         1.823165081806         1.888965506559         1.868117406987         1.927045485099         1.894320720900         1.948536629547         1.908882464248         1.960703707848         1.923461843773         1.963805516753         1.905311197247         1.942299119630         1.896692563687         1.922941587016         1.852956392949         1.870391294285         1.810790109282         1.822016231599         1.751692276336         1.751007297303         1.675091754623         1.668643302346         1.607214920556         1.595311893998         1.508598082039         1.482344839916         1.431930725328         1.416131894243         1.333613882058         1.290328469902         1.241800451250         1.222764403596         1.166462160393         1.116405425047         1.043795964053         1.007806992366         0.988455411641         0.956745304059         0.812976853422         0.629558897107         0.000000000000
        0.654761462524         0.875450238501         0.910574770012         0.898088230066         0.977992736896         0.995548109961         1.052552700341         1.071664502041         1.089663137581         1.072278507168         1.128967138160         1.147726440666         1.154490505881         1.134454689615         1.177549188086         1.186094897416         1.200116394775         1.187395208190         1.212533626691         1.208428831402         1.233268489896         1.229301748460         1.241174302047         1.227780295323         1.259173753900         1.260475601426         1.269183336769         1.253077177815         1.284740621315         1.285914866205         1.301847324324         1.289351656471         1.317696132207         1.314543065958         1.343980009661         1.338461984030         1.365095190655         1.356556793349         1.399745456000         1.400427858121         1.431462096303         1.419693218462         1.472163463785         1.474666389402         1.516964337522         1.505711673933         1.561974655822         1.560280670785         1.616767176886         1.608674787717         1.665643805656         1.654892160586         1.722161140827         1.716067511508         1.773581020898         1.752416454189         1.822257782398         1.812221746503         1.870502397539         1.841238616479         1.904803599116         1.882346696054         1.938881606797         1.904830154745         1.956332129824         1.915247550467         1.963964077347         1.925733738530         1.963315002484         1.903995098704         1.937722182148         1.891705781474         1.915457699306         1.845523091044         1.860167258419         1.800943786508         1.810121387484         1.740762367278         1.738222212326         1.663518601189         1.655575114071         1.595846819884         1.583128939976         1.498263779847         1.471150260911         1.422798793176         1.406939914026         1.326506470945         1.283017887366         1.236407748389         1.217600094035         1.163091331727         1.113331617063         1.042021834076         1.006208606663         0.987796660417         0.956386284968         0.812948478949         0.629545230162         0.000000000000
        0.654760896511         0.875449781421         0.910573490708         0.898085666794         0.977986709706         0.995541026115         1.052543572979         1.071653708123         1.089645744665         1.072257322232         1.128943150553         1.147701345888         1.154455960600         1.134414162657         1.177507425687         1.186057267063         1.200106270474         1.187415728842         1.212696902096         1.208717274452         1.233890565865         1.230147461260         1.242591178448         1.229516082646         1.261793478215         1.263490943875         1.273389403077         1.257690773183         1.290850806673         1.292501457770         1.310226914603         1.298145467693         1.328480361220         1.325774368252         1.357392857934         1.352236341986         1.381136506976         1.372884257616         1.418265448261         1.419171210926         1.452434362489         1.440688052978         1.494984396761         1.497424006600         1.541478005218         1.529937648779         1.587403886162         1.585209651544         1.642535255025         1.633820274393         1.691214343816         1.679500306610         1.746435225371         1.739347746558         1.796383979371         1.773944255502         1.842330728965         1.830955744578         1.887782600606         1.857170810115         1.918481966843         1.894539358084         1.948722000141         1.913477376330         1.962362394562         1.920010654928         1.965785168290         1.926718828461         1.961714823217         1.901725705754         1.932428591634         1.886139720212         1.907607186707         1.837827774135         1.849927316879         1.791163420338         1.798497784498         1.730130524075         1.725930712404         1.652436880908         1.643163752381         1.585080389348         1.571659390233         1.488557949164         1.460689737942         1.414283006788         1.398398916045         1.319913459856         1.276260794737         1.231430165649         1.212845318904         1.159991912545         1.110514320140         1.040396768202         1.004748638140         0.987195744639         0.956060457225         0.812922771031         0.629532829052         0.000000000000
        0.654760318231         0.875449306057         0.910572175377         0.898083048272         0.977980485405         0.995533689526         1.052534114915         1.071642544174         1.089627785430         1.072235514269         1.128918554310         1.147676081195         1.154424952599         1.134382072971         1.177506705626         1.186093837025         1.200273159843         1.187686472089         1.213253854444         1.209488057641         1.235172297391         1.231708156765         1.244914790820         1.232189096298         1.265522650623         1.267622740822         1.278849845704         1.263544094420         1.298283637739         1.300383458747         1.319941264302         1.308232118861         1.340524409163         1.338207792665         1.371915294428         1.367059421458         1.398084110499         1.390039949057         1.437401910393         1.438454203002         1.473712207535         1.461906668690         1.517747376320         1.520039970882         1.565562594198         1.553667307159         1.612042749967         1.609281227731         1.667163201346         1.657785150801         1.715346853718         1.702647967665         1.769029044836         1.760948919689         1.817327781116         1.793647590290         1.860462544189         1.847806029002         1.903106867449         1.871232699597         1.930286102929         1.904971166043         1.956847603535         1.920529977330         1.966890607426         1.923416229158         1.966395704476         1.926626523053         1.959194450218         1.898670851635         1.926555670985         1.880111172358         1.899477497633         1.829940796993         1.839706133012         1.781468797221         1.787133822372         1.719777933532         1.714083250911         1.641793860726         1.631329680030         1.574840984369         1.560809506009         1.479396817790         1.450861628017         1.406297052438         1.390415598418         1.313760598795         1.269975726649         1.226806216294         1.208438705870         1.157122952505         1.107914291636         1.038897954308         1.003405759522         0.986643696651         0.955762531612         0.812899303917         0.629521531926         0.000000000000
        0.654767653036         0.875455822537         0.910589267011         0.898116291092         0.978061070654         0.995629298465         1.052656019677         1.071785578555         1.089858556843         1.072517361091         1.129237575265         1.148011196804         1.154897393098         1.134951653469         1.178180012436         1.186827304153         1.201228595974         1.188805725496         1.214661189774         1.211066182042         1.237123356647         1.233860129398         1.247642208290         1.235191320416         1.269102626037         1.271416967479         1.283502190894         1.268527536355         1.304076789541         1.306407559890         1.327012625876         1.315617815755         1.348933775017         1.346859524293         1.381643156110         1.377016696970         1.409186766253         1.401360437670         1.449665654544         1.450810878839         1.487153765389         1.475475127116         1.532022118268         1.534239904042         1.580544480103         1.568614903484         1.627414039908         1.624406107108         1.682562364212         1.672928733115         1.730590687999         1.717504677882         1.783580997209         1.775005244539         1.831097744555         1.806941931324         1.872960697367         1.859633597635         1.914217054646         1.881823429031         1.939774924461         1.913767428818         1.964534412578         1.927692374789         1.972839535933         1.928835050221         1.970468665166         1.930244197044         1.961633855964         1.900867367380         1.927406750458         1.880699961322         1.899016960265         1.829542283439         1.838191612472         1.780004785441         1.784810101190         1.717761734028         1.711313219795         1.639413963028         1.628329022790         1.572307018052         1.557878643531         1.477092182005         1.448205540137         1.404174615830         1.388144457083         1.312163346456         1.268276649432         1.225596516703         1.207201081081         1.156408874296         1.107254872575         1.038559816713         1.003077745618         0.986554248690         0.955723533643         0.812907148530         0.629527184539         0.000000000000
        0.654768559077         0.875456727888         0.910591518793         0.898120446824         0.978072894489         0.995643592789         1.052674012781         1.071806399515         1.089892989399         1.072560147123         1.129291007415         1.148073212582         1.155002581557         1.135092472044         1.178393766374         1.187103246492         1.201660433805         1.189339187132         1.215445380173         1.211996828206         1.238430828474         1.235339245438         1.249643895217         1.237403445628         1.271966526589         1.274501021606         1.287394614057         1.272647475023         1.309086753195         1.311649902381         1.333269938778         1.322078216800         1.356431252257         1.354550863587         1.390408149114         1.385929665804         1.419166634952         1.411436301337         1.460680588779         1.461874575574         1.499158503458         1.487437911720         1.544647063430         1.546754154579         1.593679526213         1.581558084610         1.640670443800         1.637348569803         1.695634461749         1.685655736365         1.743251254612         1.729670009898         1.795318637041         1.786244354506         1.841873298325         1.817131846523         1.882246492501         1.868305756403         1.922031239911         1.889073198567         1.945832229704         1.919206723910         1.968785322784         1.931490483315         1.975370353674         1.930906727176         1.971171814522         1.930677268127         1.960894793294         1.899967197451         1.925178265837         1.878453351128         1.895786592681         1.826502574483         1.834085622666         1.776182919619         1.780224625280         1.713678298893         1.706561447629         1.635233303965         1.623615042010         1.568298351348         1.553590323657         1.473561364831         1.444384174026         1.401114918645         1.385058395466         1.309859108529         1.265914891644         1.223888902937         1.205553979981         1.155378392428         1.106324325802         1.038040092063         1.002603716892         0.986376394176         0.955633919029         0.812903750104         0.629524095996         0.000000000000
        0.654768672131         0.875456785633         0.910591752799         0.898120973259         0.978073968631         0.995644854024         1.052676022878         1.071809267213         1.089899693189         1.072570467543         1.129314482539         1.148109728392         1.155076944130         1.135203080232         1.178590221348         1.187368076650         1.202088348812         1.189865193052         1.216231905784         1.212925159983         1.239743920567         1.236812105344         1.251625062212         1.239570473684         1.274775402529         1.277513156488         1.291182578616         1.276629655075         1.313928508676         1.316703057327         1.339282922387         1.328256772082         1.363579917522         1.361859382010         1.398708620805         1.394342341769         1.428551461366         1.420873168424         1.470960563587         1.472172292902         1.510287215811         1.498480318703         1.556251333264         1.558221430030         1.605662409890         1.593316169723         1.652651331984         1.648997072513         1.707331085154         1.696994829266         1.754456963767         1.740374608653         1.805552728416         1.795992404075         1.851125679580         1.825808338147         1.890019049803         1.875499790295         1.928377429425         1.894881545813         1.950485301320         1.923290557740         1.971730970697         1.934026986651         1.976703673128         1.931828791235         1.970805704923         1.930098167748         1.959223350827         1.898171219678         1.922146409387         1.875462050773         1.891896987173         1.822828277820         1.829431763287         1.771855785991         1.775214413916         1.709190275861         1.701476068297         1.630733650712         1.618646535294         1.564057150166         1.549124065513         1.469841642973         1.440414205285         1.397927108395         1.381885475252         1.307447217147         1.263463685778         1.222104805391         1.203858465193         1.154289590229         1.105343920084         1.037479802561         1.002102313718         0.986173588914         0.955526715726         0.812895770772         0.629519555373         0.000000000000
        0.654768642334         0.875456755528         0.910591688764         0.898120871198         0.978073741590         0.995644787637         1.052677220071         1.071812089534         1.089909000354         1.072586478278         1.129353164273         1.148170507009         1.155194019093         1.135365531501         1.178866901486         1.187730891200         1.202652087471         1.190538100303         1.217207182190         1.214054132503         1.241303515775         1.238537970868         1.253905747685         1.242041359783         1.277925339701         1.280865967429         1.295331121871         1.280962108868         1.319126133087         1.322103119000         1.345645519406         1.334771061482         1.371037395607         1.369457434027         1.407252423469         1.402978525679         1.438105849857         1.430455766223         1.481322602702         1.482532043988         1.521414327416         1.509499374377         1.567763266499         1.569577559273         1.617468208014         1.604881585874         1.664375052952         1.660375013258         1.718699313034         1.707998587861         1.765277485460         1.750690701177         1.815358802608         1.805315845540         1.859923872796         1.834038611746         1.897328671134         1.882245172143         1.934268269413         1.900251590160         1.954704905080         1.926964087818         1.974280535532         1.936190017719         1.977684722471         1.932424671790         1.970143199599         1.929247083578         1.957310217510         1.896155762592         1.918931913927         1.872309706635         1.887878788870         1.819038999708         1.824697910816         1.767461955073         1.770166819336         1.704668818603         1.696383544515         1.626228476761         1.613695000792         1.559829260843         1.544686516931         1.466141879306         1.436477707372         1.394764531731         1.378744843291         1.305054094201         1.261036127521         1.220335714623         1.202180801923         1.153207546968         1.104370174655         1.036921675482         1.001604595176         0.985970605638         0.955418647658         0.812887379935         0.629515272434         0.000000000000
        0.654768573135         0.875456723612         0.910591620308         0.898120723679         0.978073847284         0.995645743644         1.052682404647         1.071821550174         1.089931696004         1.072623469905         1.129425393155         1.148275627000         1.155377526817         1.135607416287         1.179250246836         1.188211305211         1.203363045723         1.191363504822         1.218360082503         1.215361460789         1.243059831511         1.240455173629         1.256384269412         1.244700060202         1.281262001874         1.284394993756         1.299649236671         1.285452116369         1.324460049590         1.327624031702         1.352095423840         1.341358940820         1.378543864218         1.377092687370         1.415809608084         1.411617956714         1.447633991264         1.439999257550         1.491607628515         1.492802837602         1.532413049112         1.520377941368         1.579091176328         1.580738073167         1.629035395238         1.616200016825         1.675810620055         1.671458068518         1.729735602610         1.718667999900         1.775732409213         1.760643115232         1.824778614090         1.814258587082         1.868325567836         1.841883335838         1.904248355283         1.888615286723         1.939785886386         1.905265844660         1.958581277935         1.930316288401         1.976527928630         1.938071267587         1.978408821338         1.932787205539         1.969278846505         1.928214094468         1.955245763581         1.894007766533         1.915621080359         1.869076498293         1.883810156622         1.815208638021         1.819955732674         1.763066704836         1.765143791265         1.700170801294         1.691337590121         1.621766325536         1.608805532301         1.555654029109         1.540313474666         1.462495001672         1.432605094296         1.391652426372         1.375658336335         1.302700506413         1.258651762958         1.218597780018         1.200534502367         1.152144425231         1.103414092383         1.036373185295         1.001116385950         0.985771061959         0.955312198936         0.812879047249         0.629511270368         0.000000000000
        0.654768491462         0.875456708472         0.910591714424         0.898120862573         0.978075226406         0.995649472459         1.052694331132         1.071841953227         1.089974868390         1.072689073076         1.129546579833         1.148445102871         1.155655787618         1.135959482105         1.179784437443         1.188860987950         1.204290346962         1.192417346331         1.219793627257         1.216962931324         1.245164383318         1.242728967222         1.259270412076         1.247770911126         1.285049514868         1.288375683748         1.304445353219         1.290413906309         1.330271224195         1.333614324339         1.359016725166         1.348406367559         1.386486970318         1.385147070155         1.424746376187         1.420620105695         1.457478164948         1.449837709056         1.502127793317         1.503289982843         1.543569928041         1.531395661464         1.590493143013         1.591954711534         1.640598105679         1.627500367017         1.687168169878         1.682450339075         1.740626770590         1.729185647985         1.785987711860         1.770392236250         1.833954860869         1.822959298897         1.876454112671         1.849461334282         1.910879279873         1.894707205733         1.945012471119         1.910003532271         1.962177195758         1.933406160767         1.978517480734         1.939713658032         1.978904723818         1.932942794984         1.968225024624         1.927011370817         1.953030852469         1.891728021850         1.912202509627         1.865751819719         1.879671823945         1.811320355636         1.815179235589         1.758646121037         1.760114859251         1.695670168952         1.686306657940         1.617319455227         1.603945667729         1.551504357831         1.535975529395         1.458876764384         1.428769409294         1.388568900522         1.372603484198         1.300369246754         1.256292527736         1.216876068802         1.198904742402         1.151090976889         1.102467582266         1.035829895410         1.000633325930         0.985573544835         0.955206968325         0.812870802206         0.629507333580         0.000000000000
        0.654768405748         0.875456736040         0.910592202229         0.898121692746         0.978079247357         0.995658088133         1.052719669821         1.071881097957         1.090048046003         1.072794421827         1.129726095151         1.148683591509         1.156027704066         1.136414340080         1.180450595285         1.189651962976         1.205393001306         1.193652172954         1.221441018573         1.218782553155         1.247513525846         1.245246496776         1.262417506380         1.251098185863         1.289101332903         1.292615463982         1.309506980727         1.295633121479         1.336324598828         1.339835339971         1.366145457533         1.355649377748         1.394599833186         1.393358161194         1.433810596759         1.429738242036         1.467407726456         1.459747769037         1.512679924917         1.513796167382         1.554705242034         1.542379030444         1.601814616421         1.603078193092         1.652023637817         1.638654602288         1.698336809224         1.693245861724         1.751282586673         1.739464544099         1.795971380540         1.779870129942         1.842833925189         1.831366594820         1.884270442269         1.856736007490         1.917197026350         1.900497940374         1.949934789786         1.914452012856         1.965489435782         1.936230979474         1.980253795549         1.941120904907         1.979182504513         1.932900909779         1.966996376684         1.925651683307         1.950682024600         1.889331323748         1.908694296356         1.862351394111         1.875481421952         1.807389282285         1.810385181563         1.754214506276         1.755095140165         1.691179275872         1.681303492052         1.612898348339         1.599126130114         1.547388298301         1.531680395023         1.455292645117         1.424976007756         1.385516949375         1.369582729473         1.298060837215         1.253958637978         1.215169980919         1.197290776591         1.150046104960         1.101529475587         1.035291126772         1.000154918775         0.985377882800         0.955102766287         0.812862625083         0.629503533245         0.000000000000
        0.654768325360         0.875456813254         0.910593201621         0.898123425793         0.978086503749         0.995673748774         1.052756882624         1.071937979175         1.090152452072         1.072940729522         1.129966805599         1.148994742024         1.156497339918         1.136975142056         1.181253583176         1.190589860995         1.206677757619         1.195074583479         1.223308515502         1.220826363962         1.250122950900         1.248027445033         1.265857735417         1.254717976231         1.293460282027         1.297157412604         1.314872372962         1.301147019775         1.342673713095         1.346344425412         1.373548921235         1.363155832820         1.402946885695         1.401788069508         1.443057274598         1.439025247857         1.477465373527         1.469769439797         1.523296014388         1.524351941137         1.565844466286         1.553352413299         1.613076503049         1.614129134562         1.663330400957         1.649680916882         1.709332872706         1.703860849555         1.761718409197         1.749520510408         1.805698195829         1.789091307747         1.851429807918         1.839495046783         1.891788410064         1.863720971457         1.923214393983         1.906000349891         1.954564988277         1.918623434697         1.968528897543         1.938801083801         1.981746049170         1.942302395735         1.979250033863         1.932668687148         1.965598370195         1.924140669809         1.948203392637         1.886821483697         1.905098418981         1.858877271874         1.871239580009         1.803416578024         1.805573234174         1.749771750032         1.750083297231         1.686698051420         1.676327234002         1.608502820665         1.594345870729         1.543306335039         1.527428427669         1.451744170989         1.421226130241         1.382499200746         1.366598870701         1.295779570447         1.251654681934         1.213484718613         1.195697432672         1.149013620996         1.100603332327         1.034758487410         0.999682259026         0.985184522339         0.955000046938         0.812854576940         0.629499723995         0.000000000000
        0.654768925370         0.875457476387         0.910596077893         0.898128832424         0.978102686778         0.995701323750         1.052812947823         1.072017558532         1.090289548265         1.073124421105         1.130248542452         1.149343473161         1.157009365295         1.137575791775         1.182084087494         1.191541141356         1.207957484163         1.196480539942         1.225133302025         1.222813243077         1.252644834684         1.250710609001         1.269181739128         1.258219504654         1.297686181524         1.301565947346         1.320124868584         1.306563482203         1.348953383647         1.352796317787         1.380968243549         1.370702809280         1.411426368258         1.410372843885         1.452561269232         1.448589418206         1.487909500603         1.480194947801         1.534417695773         1.535420102898         1.577611072970         1.564958197740         1.625065252426         1.625896438627         1.675448976846         1.661505774430         1.721194152733         1.715311550850         1.773040396066         1.760427346856         1.816311820534         1.799152980185         1.860866205502         1.848409316176         1.900086451642         1.871430715005         1.929904097809         1.912110780795         1.959750703003         1.923296712267         1.971981740940         1.941726148287         1.983501818445         1.943705275097         1.979437123709         1.932520219611         1.964171195193         1.922578916194         1.945577296982         1.884162193305         1.901241877783         1.855149766822         1.866662997226         1.799142867073         1.800372697101         1.744980499724         1.744660877718         1.681867328984         1.670949555056         1.603773590414         1.589190943330         1.538924197073         1.522856616393         1.447955341647         1.417216869388         1.379289977532         1.363421146545         1.293371818371         1.249222721370         1.211715650542         1.194021434806         1.147938191976         1.099639967765         1.034208372563         0.999192832787         0.984988195279         0.954897098273         0.812847274556         0.629496103841         0.000000000000
        0.654769099044         0.875457645603         0.910597717302         0.898132093263         0.978111569982         0.995719449336         1.052851104563         1.072072958102         1.090384312288         1.073251676867         1.130448267139         1.149591621848         1.157372444283         1.137998912353         1.182674593101         1.192217855132         1.208872635945         1.197484623144         1.226442474019         1.224237624674         1.254461056624         1.252641302332         1.271578757764         1.260740481355         1.300741567796         1.304752366024         1.323930847106         1.310481775235         1.353509726599         1.357474586213         1.386355592403         1.376174033461         1.417582172989         1.416596945470         1.459461168529         1.455524377552         1.495492225970         1.487750937948         1.542486287826         1.543439546863         1.586138524988         1.573351486369         1.633734476116         1.634391058439         1.684195248835         1.670020841506         1.729727432701         1.723527954182         1.781155143988         1.768224317633         1.823881270435         1.806301075988         1.867542226880         1.854691998667         1.905905216011         1.876804255078         1.934514425778         1.916288480233         1.963240309585         1.926403183966         1.974178225855         1.943531002033         1.984439235423         1.944383070747         1.979213051023         1.932050524813         1.962751733538         1.921069750145         1.943280312903         1.881850611772         1.898039079883         1.852063495890         1.862949637478         1.795675191601         1.796215631115         1.741157582907         1.740374328006         1.678053770725         1.666733554089         1.600073849852         1.585181158153         1.535522211950         1.519322974176         1.445030700754         1.414134307268         1.376827601185         1.360991594767         1.291527816631         1.247364397675         1.210363313031         1.192745079932         1.147114159534         1.098901665334         1.033785441317         0.998818963124         0.984835600128         0.954815622089         0.812840988161         0.629493777351         0.000000000000
        0.654769099562         0.875457776239         0.910599020019         0.898134389136         0.978119798241         0.995735642993         1.052887595541         1.072124994961         1.090474205536         1.073370849961         1.130637010834         1.149825559561         1.157716178763         1.138397966348         1.183235849985         1.192860523490         1.209746429346         1.198441463596         1.227698148510         1.225603753663         1.256211208454         1.254501045678         1.273896373290         1.263176815025         1.303702136269         1.307839094290         1.327622896592         1.314279557043         1.357929503093         1.362009996467         1.391577789860         1.381472231095         1.423539280202         1.422614604178         1.466123170097         1.462213187150         1.502792695534         1.495016813535         1.550226148840         1.551123869279         1.594285071426         1.581359147954         1.641973521185         1.642454095294         1.692460297604         1.678056767000         1.737740322276         1.731233499476         1.788720000274         1.775485477649         1.830882263611         1.812904475622         1.873656735388         1.860441926342         1.911179209958         1.881669206030         1.938630006719         1.920013843488         1.966294561335         1.929116283740         1.976023536682         1.945033447570         1.985121621439         1.944848663304         1.978833941111         1.931469995262         1.961291207723         1.919554173088         1.941040161216         1.879622465374         1.894998061801         1.849152401273         1.859472451100         1.792440380537         1.792361054236         1.737621755709         1.736424999249         1.674541361079         1.662864431046         1.596676909387         1.581509481515         1.532406999931         1.516094321275         1.442356263041         1.411320593215         1.374579432258         1.358776830086         1.289845428534         1.245671525593         1.209131294049         1.191583680700         1.146364557030         1.098231284603         1.033400558821         0.998478694470         0.984696556756         0.954741883520         0.812835219050         0.629491238431         0.000000000000
        0.654769076337         0.875457899186         0.910600338042         0.898136699735         0.978128152271         0.995752233229         1.052924139594         1.072177984001         1.090566622987         1.073493561919         1.130832673065         1.150067707691         1.158073010736         1.138811079808         1.183818446862         1.193526446102         1.210653920530         1.199433504584         1.228999982124         1.227017378514         1.258016680241         1.256415549340         1.276273269106         1.265670247487         1.306720727770         1.310981096438         1.331367580266         1.318125192536         1.362387207410         1.366577269323         1.396809364431         1.386771590893         1.429465597100         1.428591147024         1.472707641952         1.468815665870         1.509970417951         1.502151356773         1.557799370455         1.558634643515         1.602225844731         1.589156233361         1.649974128418         1.650275516422         1.700459997614         1.685826923976         1.745470057907         1.738657975334         1.795991662513         1.782457471369         1.837587860765         1.819219688021         1.879484675823         1.865914053331         1.916179148556         1.886271501640         1.942495254319         1.923501725760         1.969125327133         1.931619318573         1.977679103577         1.946361595012         1.985651460573         1.945175636914         1.978340070423         1.930788868259         1.959757310189         1.917976008721         1.938762225845         1.877365001128         1.891955853725         1.846246139135         1.856021955769         1.789234346627         1.788558643417         1.734137208242         1.732544442455         1.671093035803         1.659075084562         1.593353209364         1.577923299100         1.529366797406         1.512947800964         1.439750169147         1.408582076106         1.372390993271         1.356622865646         1.288209167351         1.244026646370         1.207934590645         1.190456383890         1.145637580667         1.097581960750         1.033028045936         0.998149453208         0.984561864121         0.954670666138         0.812829646970         0.629488683045         0.000000000000
        0.654769030164         0.875458057168         0.910601886026         0.898139387052         0.978137838538         0.995772126187         1.052969395138         1.072242337242         1.090678847081         1.073641745616         1.131068822998         1.150358474600         1.158501154471         1.139304614460         1.184512382339         1.194316120747         1.211721073438         1.200594261917         1.230506278153         1.228644518090         1.260074683379         1.258589405583         1.278946836247         1.268464490679         1.310069332490         1.314454851212         1.335459137404         1.322312886308         1.367179424008         1.371471040865         1.402355364898         1.392375937582         1.435675275180         1.434839104034         1.479534754591         1.475649932274         1.517347085492         1.509471752418         1.565518740254         1.566280386487         1.610264590466         1.597040275097         1.658023354375         1.658135626451         1.708466070569         1.693596016595         1.753168673894         1.746044377181         1.803199558367         1.789361730487         1.844204117876         1.825442877992         1.885201752560         1.871275168959         1.921053972188         1.890750501111         1.946225984553         1.926859148932         1.971818679329         1.933991085257         1.979198840912         1.947562340736         1.986052709640         1.945383869870         1.977728710395         1.930001342559         1.958121082268         1.916307056857         1.936399311681         1.875033773856         1.888847505478         1.843284746710         1.852524124181         1.785989672778         1.784726344282         1.730629356306         1.728648264989         1.667632790794         1.655280944171         1.590025362066         1.574338577329         1.526326158641         1.509804856386         1.437144953969         1.405847527903         1.370204437910         1.354472393244         1.286574901144         1.242385133084         1.206739951120         1.189331563571         1.144912020661         1.096934462313         1.032656269448         0.997821042964         0.984427808186         0.954600047938         0.812824128707         0.629486052418         0.000000000000
