        0.680606314834         0.636093819323         0.654463285633         0.688103619286         0.632476755887         0.653768576967         0.625798356917         0.652638449682         0.627415392163         0.646279434979         0.637221525822         0.653794989195         0.641875521156         0.666322937024         0.643668423501         0.671676182235         0.652681542325         0.672681770699         0.659797443660         0.672868161586         0.666074716214         0.672067284849         0.670126803510         0.669296501043         0.671674970314         0.668390151704         0.670909373034         0.669553974329         0.669823092875         0.669852669022         0.668277142099         0.668470808076         0.667594508323         0.667979359610         0.667920514558         0.668920421053         0.668359073377         0.667757400557         0.667543253050         0.668007145481         0.668092812393         0.668819194476         0.669606165958         0.669310627254         0.670111961859         0.669733788810         0.670098653854         0.669719350195         0.669627002802         0.669596165722         0.669531549568         0.669625342751         0.670079007723         0.670824424219         0.670619197829         0.670695608129         0.671079591073         0.669860264886         0.671395296963         0.670711535633         0.669841734309         0.670819910749         0.669032847185         0.669406573002         0.668701154142         0.667292747767         0.667729286892         0.666682812163         0.666931617907         0.668070227248         0.666787545431         0.666783070228         0.667427064347         0.667279418340         0.668531584765         0.668025859380         0.669922897814         0.669719640376         0.668005900178         0.670125271955         0.669237799978         0.668660100558         0.671026871459         0.668944595245         0.670710210274         0.674095689859         0.670355362579         0.676402715870         0.677642743627         0.672855946138         0.689015572110         0.680200372231         0.684975205134         0.709801331106         0.684231403587         0.712669249234         0.731399451795         0.664718431472         0.724305869874         0.614653739127         0.000000000000
        0.766303804188         0.727611954965         0.789687763516         0.833949580771         0.801430443260         0.798208032770         0.805480598532         0.786677714144         0.785718614417         0.789446871736         0.775487168811         0.780689026095         0.778854451190         0.772582848174         0.777994157136         0.774311549672         0.773030071141         0.776053685856         0.772763076932         0.773776150025         0.774765294668         0.772735598563         0.774349396497         0.773862771066         0.773254190714         0.774228858025         0.773580645185         0.773634204411         0.773981734520         0.773507716268         0.773707315000         0.773757213688         0.773531667123         0.773752174916         0.773655589576         0.773631134162         0.773731541882         0.773598501162         0.773666410259         0.773701273933         0.773682906209         0.773787038891         0.773744350183         0.773757471524         0.773871327670         0.773797337456         0.773893872993         0.773884936255         0.773838021021         0.773990734254         0.773852043371         0.773902469287         0.774078596763         0.773864591127         0.774152458700         0.774131867359         0.773910254365         0.774349868620         0.774020115898         0.774031325315         0.774554216715         0.773847254004         0.774374110722         0.774711582629         0.773711701671         0.775047237050         0.774622857267         0.773913196617         0.776196005422         0.774529795190         0.775205588439         0.777723482414         0.774645710905         0.778028347792         0.779370547466         0.775846511908         0.782912493622         0.780876005896         0.779369629766         0.789443857795         0.782277505735         0.787081551319         0.797094706662         0.785242151950         0.800649497830         0.804489976785         0.792497077871         0.819752391277         0.810214457678         0.806890266873         0.840485483422         0.812816806073         0.828249412180         0.853909170373         0.808934667426         0.842472390881         0.843393429516         0.752409066344         0.790901994214         0.642688858945         0.000000000000
        0.779470709757         0.745247430175         0.811538026975         0.857762806368         0.826637157231         0.824875968081         0.831582259006         0.814229575542         0.812296398450         0.815860647715         0.802660128549         0.805380921176         0.804908662465         0.796181467742         0.801084604330         0.797534422662         0.793682745741         0.797689552843         0.793033484691         0.792706059284         0.794580195145         0.790675571921         0.792147418917         0.792132419669         0.789884073929         0.791607933572         0.790554591656         0.789799716872         0.791002897638         0.789770212245         0.789937326389         0.790424760981         0.789517921532         0.790031586265         0.789971161444         0.789539920472         0.789973468872         0.789687767463         0.789651754147         0.789843579701         0.789626435025         0.789763791577         0.789699358118         0.789689339053         0.789779724140         0.789615462439         0.789847881231         0.789697919722         0.789662896896         0.790013483932         0.789568550924         0.789898087612         0.790115755388         0.789522426654         0.790375175302         0.790113802801         0.789714961600         0.791000414048         0.789982723121         0.790344306613         0.791648572184         0.789907969058         0.791634958404         0.792208537347         0.790310319120         0.793722375466         0.792601856267         0.791804812687         0.796504434587         0.792998339700         0.795038744869         0.799504325269         0.793996153200         0.800684742058         0.802421779963         0.797105396520         0.808938518370         0.805133465295         0.803981347371         0.818926622348         0.808151156497         0.816160246994         0.828999764448         0.813409523608         0.834363960246         0.837956757830         0.823845463302         0.856485097440         0.843552137369         0.840246838267         0.876575818805         0.844019779865         0.860366509945         0.884842964584         0.834748058153         0.867928004457         0.864273489446         0.768235939908         0.803011218344         0.647271898338         0.000000000000
        0.782955335658         0.750924288266         0.817438690946         0.863797079651         0.833000204852         0.830943707149         0.837762714605         0.820639405743         0.818229601579         0.821944718171         0.808926651069         0.810943851869         0.811044190584         0.801874846665         0.806347283728         0.803226440120         0.798524964455         0.802787098583         0.798186172073         0.797228976360         0.799642338426         0.795361798406         0.796655552749         0.797041752860         0.794217745074         0.796121006888         0.795070808740         0.793854537652         0.795408706927         0.794046616576         0.794057358357         0.794875619901         0.793793751637         0.794344093286         0.794407592708         0.793762413370         0.794314156226         0.794000953202         0.793865897417         0.794107108489         0.793817964694         0.793939135027         0.793838078715         0.793839268515         0.793885979948         0.793639380200         0.793974996281         0.793668432317         0.793620809016         0.794103928642         0.793376950265         0.793882515870         0.794127443718         0.793215146647         0.794455800170         0.793985923152         0.793438443013         0.795255909582         0.793755258589         0.794330672536         0.796079010992         0.793681007064         0.796086475110         0.796759483913         0.794342057924         0.798847286724         0.797305755335         0.796386644918         0.802258956452         0.797778664367         0.800470260725         0.805752021436         0.799147940367         0.807373587191         0.809271300885         0.803238180102         0.817095507331         0.812494723264         0.811507424601         0.828305801431         0.816163314801         0.825379300799         0.839224422809         0.822198315947         0.844928322636         0.848244626067         0.833215131133         0.867427961166         0.853175004119         0.849681654736         0.886692811172         0.852500859147         0.869060446831         0.893152739527         0.841450219872         0.874563671113         0.869528694963         0.772140609963         0.806064596466         0.648360034424         0.000000000000
        0.784264310852         0.753228913613         0.819698847943         0.866085951590         0.835378283871         0.833083633608         0.839951006007         0.822876888094         0.820180299900         0.823956708661         0.810934981428         0.812658848482         0.812965091569         0.803640764712         0.807953144040         0.805022519736         0.800043265190         0.804392032404         0.799892032244         0.798700850460         0.801359611774         0.797032136055         0.798242475030         0.798848732837         0.795874058182         0.797865984450         0.796937652915         0.795538845068         0.797269195161         0.795895291910         0.795797965378         0.796739059028         0.795536848149         0.796088627158         0.796238380369         0.795505028360         0.796108096722         0.795828460706         0.795647313604         0.795937023414         0.795661023035         0.795772036254         0.795686531057         0.795724075096         0.795751007171         0.795504858166         0.795919446586         0.795539778637         0.795521831254         0.796085876812         0.795203111495         0.795814495179         0.796044245384         0.794919581823         0.796326033179         0.795663741995         0.794985255927         0.797050547661         0.795272454881         0.795941137847         0.797908046179         0.795170907014         0.797885638570         0.798573369456         0.795868161156         0.800902318680         0.799138325903         0.798156566466         0.804594445358         0.799679651776         0.802670087354         0.808353956018         0.801235993256         0.810111851542         0.812045363369         0.805631068505         0.820358242100         0.815393124721         0.814451517350         0.832040509742         0.819276349884         0.828981753990         0.843238733272         0.825576953065         0.849028801275         0.852191270892         0.836760672077         0.871566248353         0.856744844898         0.853150771332         0.890422468506         0.855570626664         0.872223132834         0.896166652410         0.843880721214         0.877003815848         0.871459247277         0.773596823217         0.807174153858         0.648763472755         0.000000000000
        0.784843346009         0.754240824645         0.820681286452         0.867057333050         0.836379086686         0.833975107745         0.840832617003         0.823787133020         0.820962426279         0.824734842644         0.811722601510         0.813309127700         0.813676420144         0.804323229913         0.808540753209         0.805683661747         0.800632238147         0.804984821318         0.800570774414         0.799309454064         0.802044729112         0.797764218414         0.798925214548         0.799599499298         0.796598507061         0.798601365076         0.797751306157         0.796311003063         0.798043474381         0.796644875810         0.796503545169         0.797442391725         0.796172549364         0.796695691810         0.796852084577         0.796097614487         0.796692640459         0.796423424474         0.796233952396         0.796516172274         0.796261940813         0.796366024772         0.796269729794         0.796348237981         0.796349281355         0.796103547787         0.796573704296         0.796136542335         0.796154708671         0.796762897247         0.795794116603         0.796492918712         0.796710344303         0.795501784337         0.797022466918         0.796262329464         0.795555087900         0.797763205042         0.795865681415         0.796600205864         0.798678310314         0.795775291754         0.798653206682         0.799333202368         0.796485112667         0.801786052430         0.799899376946         0.798899092391         0.805617089306         0.800484831875         0.803640204855         0.809512890663         0.802138948483         0.811342681305         0.813286242500         0.806699106403         0.821839804212         0.816689074197         0.815778641895         0.833743220573         0.820667572816         0.830639100469         0.845086605341         0.827105878481         0.850887427863         0.853962768831         0.838334570571         0.873410337778         0.858328898093         0.854685424796         0.892073712517         0.856922596527         0.873607522063         0.897471808638         0.844920389587         0.878060850384         0.872308887422         0.774225317838         0.807653833065         0.648939135751         0.000000000000
        0.785125243684         0.754705032815         0.821140687636         0.867500919204         0.836834138222         0.834387011378         0.841219436215         0.824193965198         0.821312224121         0.825064110649         0.812067653561         0.813581368747         0.813963455420         0.804616691558         0.808769609991         0.805948390428         0.800880160816         0.805213618369         0.800857439856         0.799563466539         0.802301145056         0.798058613740         0.799192655349         0.799890975191         0.796888054085         0.798870869520         0.798054751162         0.796614608480         0.798326112404         0.796912020187         0.796754661328         0.797671128095         0.796391908680         0.796900976417         0.797045238578         0.796304201326         0.796877809024         0.796611559632         0.796432214050         0.796689918450         0.796455513115         0.796558135425         0.796442096751         0.796554078286         0.796535541107         0.796285834986         0.796794176390         0.796318941337         0.796360502412         0.796996221315         0.795979500030         0.796734558060         0.796949987694         0.795705271861         0.797303352225         0.796499355661         0.795790525643         0.798080837836         0.796113998945         0.796890436637         0.799029944595         0.796042419043         0.799011730368         0.799685321884         0.796763281713         0.802208721194         0.800257398471         0.799251724281         0.806130060618         0.800886962861         0.804131342584         0.810109652796         0.802595498514         0.811979569806         0.813937339154         0.807263414573         0.822636825371         0.817404994034         0.816511630585         0.834703004977         0.821472692990         0.831591813647         0.846149446299         0.828009065966         0.851991423354         0.855034657975         0.839237881542         0.874421314933         0.859206707400         0.855503240062         0.892953834474         0.857645266916         0.874324150201         0.898161532212         0.845462358003         0.878608703888         0.872759246412         0.774554597819         0.807911631249         0.649038676523         0.000000000000
        0.824521506834         0.811298762646         0.890053679109         0.941216613711         0.914500058609         0.913321225748         0.919198675381         0.903791928251         0.898809300448         0.900839031117         0.888675753749         0.886420883034         0.886826580086         0.876876892723         0.877908574540         0.876310173206         0.869176059284         0.872141763255         0.868449423301         0.864866899586         0.867607853806         0.863086234396         0.862492611286         0.863754916699         0.859857542734         0.860946641214         0.860672855718         0.858166065491         0.859635801242         0.858465175183         0.857324182852         0.858397106328         0.857119277557         0.856869200239         0.857423555636         0.856517342033         0.856566895483         0.856871134002         0.856361435532         0.856342777673         0.856789900831         0.856361831061         0.856306109184         0.857112697086         0.856365541261         0.856651772588         0.857674063448         0.856406157126         0.857548096952         0.858272969517         0.856704340787         0.859043839838         0.858761947147         0.857604654099         0.861001935958         0.859146280779         0.859498988054         0.863167315576         0.859769827494         0.862703144779         0.865257677424         0.861227934539         0.867239063029         0.867115674114         0.864332330257         0.872833223503         0.868979706656         0.869877825806         0.878830006583         0.871516604209         0.878234448230         0.884503962443         0.875907732159         0.889120594411         0.889361519100         0.883303437884         0.901159900762         0.893347736704         0.894460616938         0.912516493508         0.897280913459         0.909219470995         0.921211209464         0.902466961894         0.925981460081         0.925293667244         0.909473545530         0.940970325148         0.922740397461         0.917378807177         0.948556374199         0.910740135381         0.922310555710         0.939277862134         0.882904203889         0.908442527248         0.896147632188         0.792734956759         0.818193627796         0.654755059604         0.000000000000
        1.022239317042         1.083204424369         1.205917643672         1.275504294483         1.266381391117         1.275370492354         1.287581636092         1.288939110803         1.287079720980         1.296448447010         1.298013784217         1.293635008242         1.303810669403         1.302437422736         1.298600915042         1.309768397499         1.304077302206         1.303555272535         1.313656801985         1.304412411556         1.308659996303         1.315137586191         1.304627875537         1.313385139081         1.314357059155         1.305506754508         1.316928807095         1.311912927293         1.307324628413         1.318543922242         1.308684763834         1.309826003590         1.317791572283         1.305592288765         1.312323971638         1.314686537508         1.303344263811         1.313905356463         1.309706333123         1.302245527643         1.313680090286         1.303670137701         1.302099000070         1.311024973152         1.297521153926         1.302239133233         1.305756411377         1.292071915584         1.301693529078         1.298189151393         1.287776202003         1.299415762995         1.289061423717         1.284578155487         1.294549081820         1.279341207275         1.281881491064         1.286643107857         1.269967424425         1.278664430924         1.275776457224         1.261580479083         1.273686939610         1.262536352941         1.254304704573         1.265770929696         1.247867323086         1.247636949812         1.254062131899         1.232811346286         1.240481178162         1.238223275310         1.218199525498         1.231300553419         1.218484018224         1.204348874926         1.218368733957         1.195539320583         1.190831203962         1.200039649093         1.170291935769         1.176345431648         1.174942956809         1.143468957641         1.158675483385         1.141997908046         1.115137957940         1.134664501342         1.100073650849         1.084105377394         1.099917494871         1.046945259320         1.047067046762         1.046833622257         0.977370621137         0.990089077778         0.960685033870         0.845790147247         0.853928881467         0.673494219161         0.000000000000
        0.856386515236         0.856457066128         0.941827033666         0.994531480647         0.970526234038         0.969998106568         0.975650039995         0.963188609696         0.957147070707         0.959423791222         0.949486643594         0.944659770055         0.946075932379         0.937090059754         0.934590443269         0.935450557225         0.927009561558         0.927338779355         0.926648214320         0.919666196339         0.922006453175         0.919404979181         0.914811242888         0.917723805791         0.913802344919         0.911773819138         0.914102145151         0.909835359612         0.909879610369         0.911111543921         0.907274238290         0.908664562560         0.908809338503         0.905789472982         0.907954060755         0.907212879409         0.905128518289         0.907738684712         0.906235442489         0.905171834327         0.908017167518         0.905750844377         0.905948259612         0.908704222869         0.905719396109         0.907554415607         0.909624020511         0.906273081442         0.910028941457         0.910593329059         0.907723086719         0.913247430280         0.911559632690         0.910462137320         0.916874985577         0.912722575592         0.914790098634         0.920474035111         0.914598123096         0.920730129467         0.923660698134         0.917901898303         0.927859406409         0.926337714675         0.923361945733         0.935403360293         0.928902322386         0.931405462339         0.942399059650         0.932208976508         0.941811042259         0.948017769851         0.937317961017         0.953603452703         0.951881594023         0.945148323772         0.965061051954         0.954223734331         0.955889356857         0.974124682508         0.955855022751         0.968653027648         0.978777735447         0.957608698391         0.981161223227         0.977207035602         0.959656711589         0.989648747417         0.967645395063         0.960642536668         0.988613345797         0.947138780314         0.956474162504         0.969020413693         0.909411833306         0.931754260751         0.914639453207         0.808313717399         0.828669483609         0.660256671529         0.000000000000
        0.870610581491         0.876685294679         0.964124836308         1.016897241716         0.993826657412         0.992897614190         0.998048568160         0.986796323261         0.979724124373         0.982060072182         0.973065876978         0.966758644320         0.968882367134         0.960198887350         0.956049992085         0.958185984151         0.949094490075         0.948099283261         0.949051134603         0.940345471261         0.942335688892         0.941089385373         0.934096386885         0.937898597011         0.934350430185         0.930047753258         0.934182068797         0.929023115741         0.927679606658         0.930938530802         0.925199090566         0.926492776020         0.928148088500         0.922818580618         0.926116391743         0.925872871930         0.921766001216         0.926315937735         0.924168439160         0.921947509243         0.926925236455         0.923102872142         0.923312074506         0.927779806121         0.922814353096         0.925812882669         0.928709455412         0.923547282664         0.929298895073         0.929609048385         0.925644940037         0.933446741937         0.930547535155         0.929429233237         0.937791666274         0.931886816753         0.935055684434         0.941836300330         0.934249096594         0.942307444815         0.945241540338         0.938367629384         0.950525439405         0.948002214949         0.944868784576         0.958727723599         0.950625229851         0.953932503540         0.965865968575         0.954040017405         0.965075935014         0.971146431266         0.959275413612         0.977057015501         0.974262933845         0.967055523355         0.987968752738         0.975543428326         0.977344118726         0.995731361974         0.975827452475         0.989056125186         0.998444360864         0.975969966141         0.999805259107         0.994438063080         0.975991389815         1.005752062705         0.982036533946         0.974441621185         1.001549577944         0.958469485011         0.967311087481         0.978492721833         0.917614370787         0.939288393647         0.920549184845         0.813247939840         0.832207716256         0.661984039580         0.000000000000
        0.878110076776         0.887370591493         0.975686376459         1.028350098347         1.005745171478         1.004468388167         1.009261490076         0.998632899201         0.990848773904         0.993166914598         0.984629172943         0.977377757138         0.979909383607         0.971314008577         0.966217638000         0.969113791298         0.959587806926         0.957912589158         0.959775995778         0.950100413216         0.951950565959         0.951464556549         0.943139452530         0.947483463998         0.944173699089         0.938584382833         0.943789637760         0.938156147592         0.935991995132         0.940491006300         0.933650415705         0.934867670926         0.937496257213         0.930757321552         0.934742104491         0.934869459047         0.929475899300         0.935248546366         0.932740159248         0.929741923143         0.936088407865         0.931287912203         0.931460188323         0.937030461068         0.930782357936         0.934487046278         0.937905852162         0.931555277980         0.938538566533         0.938668173984         0.933974521556         0.943162394226         0.939473805395         0.938299553232         0.947800391071         0.940778849756         0.944566489785         0.951936738691         0.943276825110         0.952413496326         0.955274193673         0.947693494187         0.961053757522         0.957862669396         0.954582376892         0.969391854674         0.960307615555         0.964009520871         0.976385816649         0.963592037653         0.975369111820         0.981301234345         0.968746638368         0.987307087894         0.983879072946         0.976373725338         0.997796445400         0.984477499415         0.986334832190         1.004805792330         0.984016010092         0.997501419133         1.006533502679         0.983384404296         1.007436729110         1.001389715436         0.982534534296         1.012293501192         0.987776886483         0.979976523378         1.006782377338         0.962969591462         0.971687134304         0.982317070608         0.920884140998         0.942370689729         0.922947090432         0.815234015646         0.833664943731         0.662668114004         0.000000000000
        0.882814768488         0.894078445582         0.982897233172         1.035456648313         1.013139517037         1.011620762605         1.016180543320         1.005916732697         0.997660314218         0.999948891600         0.991687609881         0.983818162793         0.986615172763         0.978054498222         0.972350838183         0.975733379123         0.965902618170         0.963803393717         0.966246218770         0.955940115701         0.957724131943         0.957704137319         0.948550276471         0.953253431653         0.950093043688         0.943707835483         0.949600755719         0.943671056019         0.941002043341         0.946287492022         0.938760079400         0.939930887518         0.943182352464         0.935555826751         0.939975886146         0.940346486212         0.934127944267         0.940682048228         0.937946507523         0.934448905090         0.941667868917         0.936241410940         0.936379873267         0.942649809370         0.935585645032         0.939717510990         0.943462493223         0.936337519647         0.944083164319         0.944080963757         0.938905544149         0.948946314146         0.944733285665         0.943501265003         0.953684198333         0.945938193108         0.950086879806         0.957802636119         0.948458572231         0.958248798315         0.961031877134         0.953006503232         0.967084697768         0.963460621500         0.960068618495         0.975430210919         0.965718854891         0.969631051324         0.982245270704         0.968833055953         0.981027817403         0.986837766209         0.973844038326         0.992841140410         0.989011336236         0.981311167169         1.003025659249         0.989171067684         0.991061240343         1.009586408452         0.988274526909         1.001922903689         1.010754646896         0.987210772162         1.011411360745         1.004982014615         0.985901765363         1.015688160961         0.990722440514         0.982826439738         1.009488663950         0.965268427431         0.973940771042         0.984278545037         0.922541478059         0.943946016736         0.924157486039         0.816232734293         0.834408562026         0.663003350692         0.000000000000
        0.885889718492         0.898467301061         0.987590451676         1.040069112719         1.017940441796         1.016246267665         1.020656324835         1.010636013401         1.002066750416         1.004345872047         0.996271934899         0.987999612113         0.990978731307         0.982443024501         0.976348672861         0.980057353861         0.970028749133         0.967656558019         0.970479260751         0.959757226391         0.961506534375         0.961787103969         0.952099179361         0.957046782203         0.953980632231         0.947083803026         0.953434263163         0.947312446970         0.944320876443         0.950123959994         0.942152915409         0.943295757612         0.946960330346         0.938750243132         0.943459290635         0.943990220096         0.937228256546         0.944293736764         0.941408303711         0.937580609201         0.945371753835         0.939530697291         0.939643949644         0.946366064185         0.938759165738         0.943173403254         0.947126010372         0.939491980232         0.947730938442         0.947636661953         0.942141331890         0.952731622526         0.948169269272         0.946894158894         0.957514310541         0.949288484768         0.953663233888         0.961588693007         0.951785415936         0.961990169674         0.964714158954         0.956395756081         0.970929395333         0.967014901206         0.963542278103         0.979244987086         0.969123874445         0.973158700583         0.985908429052         0.972093071796         0.984544265070         0.990268684859         0.976990171880         0.996258746964         0.992164441899         0.984335908827         1.006230934409         0.992031884665         0.993943042485         1.012499144670         0.990856620258         1.004612124389         1.013314643414         0.989522565268         1.013822259519         1.007150839734         0.987933772094         1.017743229680         0.992496149254         0.984549153153         1.011125376466         0.966654058942         0.975307429263         0.985465923674         0.923547200537         0.944910221670         0.924900763457         0.816851680144         0.834864786995         0.663206034089         0.000000000000
        0.887894992071         0.901340292418         0.990649513374         1.043070019646         1.021063167255         1.019249805342         1.023560332129         1.013700764724         1.004921364686         1.007197077205         0.999241989594         0.990699827409         0.993800620342         0.985277986427         0.978931840003         0.982862925515         0.972705481458         0.970168120794         0.973246405845         0.962255108413         0.963995239681         0.964475632001         0.954443886847         0.959562054459         0.956557664512         0.949332008798         0.955990401201         0.949741106741         0.946543703056         0.952690046230         0.944423327296         0.945556646815         0.949492869181         0.940898212527         0.945802898902         0.946437363497         0.939320780329         0.946726733984         0.943741539987         0.939696995580         0.947867047628         0.941748641197         0.941846738632         0.948865285240         0.940895178059         0.945497448444         0.949582093074         0.941611061161         0.950178169115         0.950018664531         0.944314150802         0.955266820549         0.950468889349         0.949162815166         0.960067598097         0.951522145261         0.956044649124         0.964100117680         0.953990769565         0.964463193513         0.967140206726         0.958622949278         0.973447449984         0.969334129556         0.965804248186         0.981723429701         0.971329550631         0.975444319184         0.988279418372         0.974198771365         0.986818292762         0.992484055461         0.979018967770         0.998466563136         0.994195919976         0.986285017424         1.008298059985         0.993871791717         0.995799469849         1.014373539776         0.992517048316         1.006344109831         1.014959409572         0.991006014462         1.015370775012         1.008539776473         0.989234770771         1.019059097440         0.993627940216         0.985649243521         1.012169110070         0.967533540993         0.976175810555         0.986216439491         0.924178107569         0.945513973026         0.925358722417         0.817231504859         0.835147946353         0.663327532508         0.000000000000
        0.912036709212         0.934656338692         1.029780193939         1.085078524971         1.065768639730         1.065765163785         1.071321735874         1.063578042966         1.055368309787         1.058486497413         1.051861761505         1.042902247432         1.046731693582         1.038717112237         1.031434305642         1.036231080220         1.025730974101         1.022241065436         1.026277912046         1.014023435218         1.015315981978         1.016540831686         1.004640830185         1.010103757982         1.007166782179         0.998034180140         1.005790769144         0.998684255001         0.994186695189         1.001706142375         0.991714820436         0.992558492681         0.997491603676         0.986797448980         0.992444720583         0.993245082822         0.984277586148         0.993111344644         0.989318345176         0.984178081735         0.993877376854         0.986204723753         0.986227097260         0.994307501476         0.984507585138         0.989941599905         0.994234229300         0.984737070372         0.994606306110         0.993777791832         0.987233391321         0.999432596934         0.993361231463         0.992021841078         1.003641488995         0.993642294689         0.998723713082         1.006706333743         0.995414712668         1.006625444219         1.008539361592         0.999364120137         1.014657974422         1.009417312854         1.005731433214         1.021581697182         1.010041968639         1.014210069502         1.026369947091         1.011385329864         1.023875960731         1.028435094894         1.014350846395         1.033210554047         1.027740072863         1.019344719390         1.040268649413         1.024728034895         1.025959910653         1.043044546695         1.020211554553         1.032904252058         1.039901656388         1.014986364762         1.037780900478         1.029402435607         1.008958682547         1.036902048466         1.010057706983         1.000700877971         1.025309385743         0.979330994755         0.986355002984         0.994680330493         0.931388662423         0.951169758190         0.929702603862         0.820515001493         0.837181418127         0.664333211473         0.000000000000
        0.945216428500         0.980362059881         1.081660739030         1.139204677136         1.122580314572         1.123593150108         1.129854727955         1.124919306794         1.116677672499         1.121026581572         1.116733033694         1.106988106687         1.112727737618         1.105980668902         1.097695784143         1.104909312083         1.094372888169         1.090263807898         1.096819773784         1.083347759132         1.084880757042         1.088098462714         1.074108865368         1.080903700328         1.078834669873         1.067412728410         1.077436822038         1.069659749661         1.063528125602         1.073669212187         1.061550252998         1.062110291511         1.069124215933         1.055393898695         1.062294205631         1.063796905886         1.051836563960         1.063037478247         1.058213732054         1.051053302813         1.063388901385         1.053198055988         1.052746827501         1.062745765264         1.049676285261         1.056173641254         1.060939108752         1.048368791078         1.060262358224         1.058245049772         1.049636001489         1.063944375936         1.055396840736         1.053383438378         1.066380894190         1.053351026711         1.059015193966         1.067067161729         1.052954986180         1.065412480203         1.066002430477         1.054839838203         1.071301270163         1.063738358664         1.059114399562         1.075448955640         1.061199435360         1.065281421648         1.076873362098         1.059383714453         1.072144054364         1.075100904554         1.059092061604         1.078011523749         1.070242072860         1.060599624925         1.080977835965         1.062945210015         1.063412786301         1.079180899547         1.054045284653         1.066063284093         1.071059481340         1.044228435050         1.066069597178         1.055339508198         1.033403898606         1.059915952266         1.030714331614         1.020090515553         1.042815270605         0.994761478107         1.000566032282         1.006756927855         0.941809295732         0.960285994628         0.936732780599         0.826269575821         0.841164057257         0.666258542468         0.000000000000
        1.022240251508         1.083205005732         1.205919572911         1.275506834896         1.266384218933         1.275373925661         1.287585353028         1.288943036437         1.287084200385         1.296453155547         1.298018788451         1.293640558109         1.303816397410         1.302443561874         1.298607563950         1.309775194660         1.304084641876         1.303563000018         1.313664724322         1.304420909765         1.308668799793         1.315146706308         1.304637555538         1.313394986067         1.314367316676         1.305517505512         1.316939720405         1.311924306876         1.307336388400         1.318555841045         1.308697227401         1.309838700252         1.317804476524         1.305605661025         1.312337455340         1.314700307679         1.303358445339         1.313919629218         1.309720975580         1.302260435564         1.313694980086         1.303685277794         1.302114042417         1.311039854617         1.297536168819         1.302253925931         1.305771052585         1.292086615882         1.301707960020         1.298203524190         1.287790596283         1.299429833040         1.289075509774         1.284592088128         1.294562663651         1.279354833287         1.281894775685         1.286656104529         1.269980442469         1.278677000570         1.275788855735         1.261592730258         1.273698634175         1.262547936049         1.254315987320         1.265781612918         1.247877943786         1.247647002947         1.254071732545         1.232820854406         1.240490029966         1.238231860657         1.218207909006         1.231308242844         1.218491580978         1.204356090104         1.218375339559         1.195545891937         1.190837267580         1.200045266963         1.170297531162         1.176350425997         1.174947715612         1.143473626224         1.158679561123         1.142001892453         1.115141688937         1.134667707349         1.100076834602         1.084108152721         1.099919910540         1.046947670735         1.047069031862         1.046835395906         0.977372273072         0.990090301215         0.960686101414         0.845791020784         0.853929360509         0.673494646014         0.000000000000
        0.978278844652         1.025614167869         1.132668280988         1.192512583066         1.178321096427         1.180301571632         1.187313532348         1.184848139297         1.176668442974         1.182204223866         1.179974564538         1.169707674602         1.177283228877         1.171773439641         1.162880360174         1.172395956772         1.162105262717         1.157835225691         1.166729721354         1.152535741224         1.154625597200         1.159720643581         1.144361328590         1.152560978850         1.151452031135         1.138573048371         1.150670423482         1.142708694767         1.135594661818         1.147988157265         1.134493738520         1.134980804660         1.143784320499         1.127873269787         1.135777796228         1.138006496610         1.123740518774         1.136806762447         1.131353549041         1.122507756082         1.136954875455         1.124834247588         1.123804946884         1.135394246783         1.119586035895         1.126705072680         1.131898031156         1.116531695931         1.129900143474         1.126902350682         1.116183737513         1.132166649561         1.121393233538         1.118363549532         1.132450657866         1.116474827810         1.122237850992         1.130283445415         1.113239685400         1.126517107682         1.125832066434         1.112364189690         1.129764206030         1.119878766926         1.113884737266         1.130605776090         1.113472289922         1.117069482256         1.128101305350         1.107753257631         1.120543235040         1.121921023634         1.103581664256         1.122546751428         1.112432834435         1.101176043194         1.121148857729         1.100421907124         1.099906218219         1.114551985528         1.086820729630         1.098179622445         1.101354627169         1.072345882212         1.093456185878         1.080420566175         1.056826476592         1.082238668306         1.050624173096         1.038741427355         1.059905711022         1.009661489096         1.014413264548         1.018690373741         0.951966563663         0.969340164533         0.943751958691         0.831895956054         0.845147700931         0.668100288490         0.000000000000
        1.001877144862         1.057648314116         1.169012746909         1.230833977529         1.218318628764         1.221255353675         1.229049532543         1.228238642418         1.220524516670         1.227030017370         1.226266613987         1.216168960431         1.224999654890         1.220522203276         1.211739034968         1.222718761883         1.212941857650         1.208911395781         1.219260401066         1.205123147168         1.207756986577         1.214065191964         1.198465741105         1.207542937929         1.207198016347         1.193940569256         1.207147835902         1.199385677736         1.192027761565         1.205565571440         1.191748883205         1.192310362797         1.202044061932         1.185433044635         1.193803948973         1.196523144974         1.181361570754         1.195203186026         1.189604662977         1.180003829703         1.195325640225         1.182444459040         1.181027767298         1.193276619542         1.176261171157         1.183456539340         1.188805963322         1.172059800048         1.185874307087         1.182366097464         1.170441020888         1.186989986691         1.175061710155         1.171259051885         1.185682868277         1.168104464478         1.173586938751         1.181448884679         1.162674325348         1.176024281478         1.174485347752         1.159472077843         1.177026057017         1.165673879998         1.158567466735         1.175200865754         1.156209053819         1.159131990137         1.169583648925         1.147316496159         1.159738916675         1.159949937378         1.139874902734         1.158514357582         1.146739406624         1.134122967475         1.153533183325         1.130865667306         1.129371518421         1.143065171333         1.113404679530         1.124011740152         1.125794778684         1.095069257009         1.115426173818         1.100692451705         1.075701081180         1.100173759876         1.066750070322         1.053748688486         1.073686112710         1.021724980687         1.025510059708         1.028317635609         0.960132927613         0.976541913887         0.949394435080         0.836327471928         0.848278826041         0.669537624008         0.000000000000
        1.012592828148         1.072033431576         1.185681844903         1.248701421392         1.237000176648         1.240660791404         1.249027370030         1.248969674787         1.241802274091         1.248842626472         1.248779834188         1.239113123616         1.248490264553         1.244600247986         1.236189085097         1.247722518651         1.238414882497         1.234702420208         1.245564120627         1.231807212566         1.234751897962         1.241519266913         1.226219868592         1.235600450400         1.235650268071         1.222638496298         1.236127794217         1.228668789483         1.221423421858         1.235185208301         1.221574551206         1.222192229955         1.232126546684         1.215633695411         1.224024105593         1.226901422841         1.211761615893         1.225612905664         1.220115534889         1.210401924033         1.225722456075         1.212833831192         1.211244932691         1.223480560551         1.206335934246         1.213338754476         1.218639638027         1.201663022332         1.215314996161         1.211676040293         1.199422012990         1.215803957389         1.203608116613         1.199439219369         1.213682644231         1.195711595188         1.200823866377         1.208412350722         1.189140783068         1.202163480454         1.200248324782         1.184680265569         1.201902361607         1.190028433108         1.182376532324         1.198649991395         1.179032367996         1.181452409112         1.191444173869         1.168474411944         1.180428388363         1.180071196951         1.159282111896         1.177462224367         1.164981947358         1.151700547511         1.170597356262         1.147137924646         1.145035560651         1.158114070337         1.127629118825         1.137652494955         1.138709078905         1.107190904212         1.126963340010         1.111427512706         1.085709370002         1.109553541196         1.075292530055         1.061637502299         1.080876473764         1.028092475053         1.031269671347         1.033324279005         0.964401893116         0.980248412605         0.952339728128         0.838622084991         0.849876501599         0.670289199617         0.000000000000
        1.022240251509         1.083205005732         1.205919572912         1.275506834898         1.266384218935         1.275373925664         1.287585353030         1.288943036440         1.287084200387         1.296453155550         1.298018788453         1.293640558112         1.303816397414         1.302443561877         1.298607563953         1.309775194664         1.304084641880         1.303563000021         1.313664724325         1.304420909769         1.308668799797         1.315146706312         1.304637555542         1.313394986071         1.314367316681         1.305517505516         1.316939720409         1.311924306880         1.307336388405         1.318555841049         1.308697227405         1.309838700257         1.317804476529         1.305605661030         1.312337455345         1.314700307684         1.303358445344         1.313919629223         1.309720975585         1.302260435569         1.313694980090         1.303685277799         1.302114042420         1.311039854620         1.297536168823         1.302253925933         1.305771052588         1.292086615884         1.301707960022         1.298203524192         1.287790596284         1.299429833041         1.289075509775         1.284592088128         1.294562663652         1.279354833287         1.281894775684         1.286656104528         1.269980442468         1.278677000568         1.275788855734         1.261592730256         1.273698634173         1.262547936047         1.254315987318         1.265781612916         1.247877943784         1.247647002945         1.254071732543         1.232820854405         1.240490029965         1.238231860657         1.218207909005         1.231308242843         1.218491580977         1.204356090104         1.218375339559         1.195545891937         1.190837267580         1.200045266963         1.170297531161         1.176350425997         1.174947715612         1.143473626223         1.158679561123         1.142001892452         1.115141688937         1.134667707348         1.100076834601         1.084108152720         1.099919910539         1.046947670734         1.047069031862         1.046835395906         0.977372273072         0.990090301215         0.960686101414         0.845791020784         0.853929360509         0.673494646014         0.000000000000
        1.016258388145         1.076897291545         1.191538739968         1.255141320647         1.243737638700         1.247791096975         1.256460107422         1.256660979509         1.249854880767         1.257132197387         1.257334552810         1.248008838696         1.257588663810         1.253979061174         1.245867623642         1.257551885891         1.248553458542         1.245083029948         1.256068856811         1.242623978939         1.245724140698         1.252613179124         1.237617547062         1.247053734994         1.247249212258         1.234482172647         1.247935164159         1.240679045387         1.233600143023         1.247309230922         1.233951228318         1.234616075308         1.244521616253         1.228280604074         1.236592685040         1.239487827774         1.224545535796         1.238228930877         1.232825221862         1.223194602170         1.238311633165         1.225569741895         1.223924288773         1.235988114796         1.218989267090         1.225798729409         1.230985798897         1.214098659151         1.227483248302         1.223798391894         1.211518100281         1.227595333317         1.215408726218         1.211089876915         1.225060503808         1.207110793231         1.211979062378         1.219354425099         1.200054936927         1.212765627205         1.210694233374         1.195020394223         1.211908453160         1.199912000847         1.192052418905         1.208004025834         1.188269725864         1.190408317735         1.200117523982         1.177003766425         1.188619212023         1.188012729379         1.167022695412         1.184862208037         1.172162213153         1.158635638615         1.177201280087         1.153520602977         1.151127825024         1.163892009581         1.133172927974         1.142877118410         1.143643430666         1.111873174649         1.131313545689         1.115498106289         1.089512165673         1.113041284572         1.078523117184         1.064606270069         1.083559177927         1.030521700237         1.033431183719         1.035197516270         0.966010822101         0.981598083094         0.953422200259         0.839462619726         0.850443963324         0.670570759128         0.000000000000
        1.017424757794         1.078402501118         1.193466088777         1.257324847643         1.246035515351         1.250271679566         1.259082827489         1.259375616795         1.252763098348         1.260141438402         1.260441883870         1.251300616847         1.260942871734         1.257452932848         1.249507769723         1.261225239494         1.252386114058         1.249035953076         1.260041192747         1.246779049809         1.249932680652         1.256855105364         1.242037590881         1.251476078316         1.251741647830         1.239128443330         1.252536538742         1.245391642440         1.238402129943         1.252042289913         1.238827812238         1.239494314667         1.249339612881         1.233245508460         1.241490138594         1.244381775640         1.229565386953         1.243121964574         1.237767503032         1.228194372201         1.243160931963         1.230514264175         1.228837042218         1.240777932263         1.223898105662         1.230605670398         1.235719613274         1.218926318453         1.232145054161         1.228450557378         1.216196933984         1.232079204042         1.219924631093         1.215555342021         1.229358012708         1.211472041514         1.216214397205         1.223474104110         1.204219818522         1.216745553249         1.214605406245         1.198919533469         1.215608877265         1.203594805895         1.195657864999         1.211427686889         1.191692181939         1.193698415676         1.203264268099         1.180144238384         1.191591701626         1.190883624981         1.169849167925         1.187493925689         1.174722721798         1.161105783663         1.179492193058         1.155763816868         1.153251895453         1.165873592731         1.135114920090         1.144681887663         1.145347652268         1.113527360230         1.132827693461         1.116933909686         1.090874064448         1.114268933471         1.079689935315         1.065685844811         1.084521546773         1.031427449838         1.034238599678         1.035905610549         0.966645012955         0.982115685603         0.953835384354         0.839792589516         0.850651070162         0.670689715542         0.000000000000
        1.017803621258         1.078870227872         1.194115762085         1.258089861865         1.246840413491         1.251168780764         1.260040812033         1.260360846941         1.253834951370         1.261249865522         1.261587690492         1.252538625191         1.262203221150         1.258769449028         1.250906309307         1.262623376175         1.253863523734         1.250576067993         1.261578233396         1.248401300257         1.251579838991         1.258507977562         1.243784844419         1.253218919526         1.253517627821         1.240987260077         1.254355732441         1.247259846382         1.240323839728         1.253918769398         1.240782462641         1.241456032975         1.251272816239         1.235261775053         1.243468719558         1.246351241710         1.231601165968         1.245080488121         1.239753477198         1.230214363734         1.245106156917         1.232527941513         1.230843218796         1.242714902566         1.225896011834         1.232544026020         1.237630475030         1.220904156544         1.234043577197         1.230358674033         1.218132578591         1.233923897030         1.221811761442         1.217422263339         1.231133890448         1.213283782190         1.217955399349         1.225154045898         1.205935858093         1.218372430059         1.216210101301         1.200539639569         1.217129995900         1.205117905391         1.197149578220         1.212824336302         1.193105101517         1.195038283580         1.204525288943         1.181401252827         1.192748649302         1.191982990015         1.170932526229         1.188475871251         1.175680488706         1.162025817972         1.180323815579         1.156583689678         1.154013363337         1.166568461704         1.135801017566         1.145302089252         1.145925673644         1.114087927917         1.133322942013         1.117405284996         1.091318073038         1.114660489488         1.080068083806         1.066028683346         1.084824557955         1.031713608677         1.034483102616         1.036118686749         0.966836259978         0.982266693852         0.953961615675         0.839892200765         0.850714049870         0.670728675680         0.000000000000
        1.022240545035         1.083205186004         1.205920181744         1.275507630853         1.266385113749         1.275375001851         1.287586520662         1.288944275435         1.287085605422         1.296454641044         1.298020370140         1.293642301858         1.303818196751         1.302445467761         1.298609624456         1.309777283698         1.304086888283         1.303565361817         1.313667150071         1.304423495877         1.308671497121         1.315149497670         1.304640490895         1.313397959932         1.314370395663         1.305520709351         1.316942962175         1.311927664028         1.307339839087         1.318559326657         1.308700866409         1.309842388737         1.317808222727         1.305609532507         1.312341343655         1.314704280044         1.303362530747         1.313923742774         1.309725196060         1.302264730649         1.313699228437         1.303689604500         1.302118359595         1.311044156658         1.297540510484         1.302258185333         1.305775255166         1.292090825123         1.301712112685         1.298207672054         1.287794777961         1.299433957139         1.289079649572         1.284596189819         1.294566685550         1.279358867503         1.281898716794         1.286659970552         1.269984312897         1.278680733397         1.275792544642         1.261596366023         1.273702107848         1.262551363528         1.254319343175         1.265784788898         1.247881091664         1.247649977828         1.254074577494         1.232823665792         1.240492639130         1.238234382599         1.218210355466         1.231310480769         1.218493781303         1.204358183478         1.218377261937         1.195547801638         1.190839017526         1.200046894464         1.170299148058         1.176351866314         1.174949101909         1.143474979644         1.158680747285         1.142003067371         1.115142794429         1.134668677133         1.100077807940         1.084108995289         1.099920643754         1.046948395190         1.047069609960         1.046835915156         0.977372743857         0.990090638712         0.960686401038         0.845791253028         0.853929481268         0.673494757301         0.000000000000
        1.017924171638         1.079015705360         1.194334743039         1.258353163013         1.247117658033         1.251485421798         1.260381526390         1.260716266656         1.254229478391         1.261659125369         1.262010570257         1.252994042944         1.262661214934         1.259247354062         1.251416090772         1.263132548957         1.254404677510         1.251141975698         1.262142043141         1.249005835074         1.252197133587         1.259131016830         1.244447975964         1.253875326888         1.254183888088         1.241686124620         1.255041745237         1.247970513445         1.241059962767         1.254638572558         1.241540623223         1.242221893042         1.252028424334         1.236055794723         1.244252915153         1.247134418490         1.232410146418         1.245857720393         1.240545116793         1.231021839220         1.245884128513         1.233338409364         1.231655457468         1.243508401097         1.226730017240         1.233359291904         1.238430964885         1.221730757344         1.234823677771         1.231142621784         1.218931779423         1.234679784334         1.222588692240         1.218190016907         1.231861589206         1.214035964755         1.218678002426         1.225851891360         1.206653498202         1.219045776324         1.216877708776         1.201211512531         1.217747013811         1.205731296775         1.197744889839         1.213371256226         1.193658964224         1.195559913542         1.205010840302         1.181894289029         1.193200209846         1.192414071595         1.171362360119         1.188862208517         1.176062206636         1.162394247921         1.180651953049         1.156909220707         1.154311159054         1.166833745312         1.136063459709         1.145532725240         1.146136209341         1.114290788344         1.133495551622         1.117568207836         1.091469542187         1.114788370418         1.080189379241         1.066136780240         1.084914143013         1.031798583303         1.034554733177         1.036182200182         0.966893823522         0.982313553241         0.954000727985         0.839924682502         0.850735194194         0.670742144843         0.000000000000
        1.017969158788         1.079067173245         1.194422014222         1.258463958834         1.247233464395         1.251621784385         1.260530746399         1.260868919550         1.254405315299         1.261842715698         1.262202116998         1.253212506475         1.262881457074         1.259479834710         1.251671972043         1.263383768482         1.254674889246         1.251427315632         1.262424012999         1.249315609258         1.252515280615         1.259452488086         1.244801698261         1.254227347815         1.254543951826         1.242069614849         1.255416619301         1.248365356981         1.241468763053         1.255035096261         1.241961956326         1.242643431263         1.252437524607         1.236489513382         1.244681459433         1.247569975156         1.232879016854         1.246315896533         1.241018860501         1.231504782177         1.246339873003         1.233801844756         1.232110134541         1.243942978460         1.227178666954         1.233792708135         1.238858248679         1.222166047245         1.235225458130         1.231534825144         1.219324063025         1.235038815712         1.222948354559         1.218540713885         1.232184678123         1.214366523148         1.218988775519         1.226147074886         1.206956708617         1.219324936215         1.217150946096         1.201487489062         1.218000021760         1.205985817552         1.197993568122         1.213598329904         1.193890997276         1.195777843672         1.205211957990         1.182099686525         1.193386019757         1.192590983689         1.171539941697         1.189018393713         1.176216225223         1.162542856411         1.180782391844         1.157040772986         1.154431623272         1.166940736007         1.136172446731         1.145627933313         1.146223982411         1.114376438795         1.133566749474         1.117636647042         1.091533375443         1.114840628895         1.080240223536         1.066180718636         1.084951136797         1.031834103086         1.034583255752         1.036206868042         0.966916367666         0.982330557442         0.954015370212         0.839936292733         0.850742268780         0.670747100867         0.000000000000
        1.017990816808         1.079088608813         1.194465115202         1.258520802962         1.247292873185         1.251694533230         1.260610763009         1.260951619108         1.254502754162         1.261945005664         1.262310448057         1.253337091246         1.263008080116         1.259613919731         1.251820392300         1.263527834316         1.254829407621         1.251588295423         1.262584372114         1.249493422403         1.252695722593         1.259633717572         1.244998980403         1.254421362441         1.254743637296         1.242284540202         1.255625826005         1.248588754970         1.241702769827         1.255262119513         1.242207029787         1.242891076648         1.252681366736         1.236753092858         1.244940728475         1.247831523532         1.233158380134         1.246588285331         1.241303238497         1.231803063328         1.246632378370         1.234113263981         1.232419259758         1.244235299631         1.227481189306         1.234085280330         1.239142979425         1.222458843669         1.235499034456         1.231801725357         1.219585728473         1.235275251413         1.223184920482         1.218766145868         1.232388826502         1.214575969950         1.219185106051         1.226331418935         1.207149338478         1.219501737442         1.217324513248         1.201665469138         1.218161582719         1.206150338291         1.198156221798         1.213745011964         1.194041454021         1.195917274844         1.205338349210         1.182228464402         1.193500160463         1.192697679436         1.171647021346         1.189109414573         1.176305630545         1.162628780253         1.180854997393         1.157114835463         1.154498116109         1.166998047547         1.136231658306         1.145677745315         1.146269615419         1.114421569449         1.133602641226         1.117671618886         1.091565351317         1.114865445595         1.080264959354         1.066200761926         1.084967666960         1.031850575950         1.034595138960         1.036217358682         0.966925879796         0.982336756057         0.954021143443         0.839940283695         0.850744355444         0.670748824577         0.000000000000
        1.022240545037         1.083205186006         1.205920181745         1.275507630854         1.266385113750         1.275375001851         1.287586520663         1.288944275435         1.287085605423         1.296454641044         1.298020370140         1.293642301859         1.303818196752         1.302445467762         1.298609624457         1.309777283699         1.304086888284         1.303565361818         1.313667150072         1.304423495879         1.308671497123         1.315149497672         1.304640490898         1.313397959935         1.314370395665         1.305520709354         1.316942962178         1.311927664031         1.307339839091         1.318559326661         1.308700866414         1.309842388742         1.317808222732         1.305609532512         1.312341343660         1.314704280048         1.303362530752         1.313923742779         1.309725196064         1.302264730654         1.313699228440         1.303689604503         1.302118359599         1.311044156661         1.297540510487         1.302258185337         1.305775255169         1.292090825126         1.301712112688         1.298207672056         1.287794777963         1.299433957142         1.289079649574         1.284596189822         1.294566685552         1.279358867504         1.281898716796         1.286659970552         1.269984312897         1.278680733398         1.275792544642         1.261596366022         1.273702107847         1.262551363526         1.254319343173         1.265784788896         1.247881091661         1.247649977825         1.254074577491         1.232823665789         1.240492639128         1.238234382597         1.218210355463         1.231310480767         1.218493781300         1.204358183476         1.218377261934         1.195547801635         1.190839017524         1.200046894461         1.170299148056         1.176351866313         1.174949101907         1.143474979642         1.158680747283         1.142003067369         1.115142794428         1.134668677132         1.100077807939         1.084108995288         1.099920643754         1.046948395190         1.047069609960         1.046835915155         0.977372743857         0.990090638712         0.960686401038         0.845791253028         0.853929481268         0.673494757301         0.000000000000
        1.017998766365         1.079096206636         1.194481035779         1.258542118507         1.247315001126         1.251721928299         1.260640930090         1.260982515020         1.254539592712         1.261983401775         1.262350835820         1.253383787269         1.263054717252         1.259663997609         1.251875838525         1.263582160062         1.254889314168         1.251651604153         1.262647316821         1.249563775015         1.252767405669         1.259706309484         1.245079293361         1.254500604199         1.254825547945         1.242373298047         1.255711813701         1.248681000125         1.241799468984         1.255356373356         1.242309587239         1.242995558159         1.252784924717         1.236866914398         1.245053006608         1.247945119059         1.233279423356         1.246705406425         1.241425340670         1.231929683733         1.246754449185         1.234243018010         1.232549143266         1.244360271388         1.227613760175         1.234213558095         1.239269046145         1.222590935932         1.235624423744         1.231927418370         1.219715165321         1.235396474846         1.223310771536         1.218893244101         1.232512682576         1.214709721996         1.219315995050         1.226454945550         1.207276073856         1.219618966043         1.217433264370         1.201772640166         1.218256132759         1.206241714040         1.198243181481         1.213821868908         1.194118168846         1.195987308716         1.205401305742         1.182291921752         1.193555564785         1.192749519861         1.171698495488         1.189152526878         1.176348211216         1.162669135580         1.180888795158         1.157149476379         1.154528656480         1.167024199424         1.136258682327         1.145700003956         1.146290038459         1.114441763473         1.133618406904         1.117687114692         1.091579261990         1.114876000402         1.080275607914         1.066209091804         1.084974417497         1.031857547310         1.034599900912         1.036221606456         0.966929734497         0.982339070789         0.954023376598         0.839941765432         0.850745060802         0.670749485753         0.000000000000
        1.018000790601         1.079098910474         1.194486051396         1.258549740335         1.247323139153         1.251732134211         1.260652910975         1.260994714259         1.254554454194         1.261999441255         1.262367466823         1.253403410410         1.263074520661         1.259685029491         1.251899391829         1.263605350352         1.254914649976         1.251678809338         1.262674163796         1.249593728332         1.252798402690         1.259737608323         1.245114277818         1.254535437114         1.254861009529         1.242412147863         1.255749356992         1.248720867433         1.241841483010         1.255397424513         1.242354297505         1.243041140376         1.252828608817         1.236913091422         1.245097940680         1.247989479497         1.233326485366         1.246750576420         1.241471484535         1.231977674601         1.246799866465         1.234290589542         1.232596980790         1.244405825320         1.227661872443         1.234260320743         1.239314320273         1.222638943429         1.235670343220         1.231973016631         1.219762881534         1.235441263449         1.223356832332         1.218940757629         1.232557636709         1.214756445758         1.219362250900         1.226498159859         1.207321637033         1.219663200998         1.217477064044         1.201820024985         1.218299089951         1.206284145720         1.198285205547         1.213859436165         1.194155948968         1.196023514660         1.205433279843         1.182324656325         1.193585287524         1.192776271714         1.171726005936         1.189175941739         1.176370336382         1.162691295669         1.180907064240         1.157167661283         1.154545787934         1.167038059380         1.136273039758         1.145712574661         1.146300555721         1.114452694882         1.133627255542         1.117695001720         1.091587042151         1.114881797420         1.080280991698         1.066214107658         1.084978062309         1.031861317905         1.034603151407         1.036223935744         0.966932224598         0.982341060413         0.954024789627         0.839943427313         0.850746112567         0.670750236141         0.000000000000
        1.017999990735         1.079099760635         1.194486335442         1.258551767627         1.247325702210         1.251735268319         1.260657845610         1.260999456399         1.254560480072         1.262006827302         1.262374311191         1.253412039502         1.263083234365         1.259693135461         1.251908737514         1.263614540737         1.254924985298         1.251691627743         1.262686951206         1.249608614736         1.252815672025         1.259755483276         1.245135525990         1.254558098252         1.254883485680         1.242437360365         1.255773663065         1.248745726847         1.241867693645         1.255421910706         1.242379373400         1.243067120896         1.252852632003         1.236938746548         1.245123462845         1.248013765426         1.233353268513         1.246776382543         1.241497325162         1.232005769721         1.246826119242         1.234318146860         1.232625798928         1.244432943942         1.227691257961         1.234289729663         1.239342655723         1.222670138484         1.235700662897         1.232003398838         1.219795823064         1.235472772182         1.223389772295         1.218976071465         1.232591351618         1.214791042230         1.219396314153         1.226530575058         1.207356295996         1.219696578885         1.217510423439         1.201857815411         1.218336839675         1.206324773801         1.198324144842         1.213891740484         1.194189096295         1.196055323490         1.205461725139         1.182352757682         1.193611303586         1.192799079848         1.171749201030         1.189195845492         1.176388466491         1.162709696613         1.180922028674         1.157182117361         1.154559878520         1.167048993765         1.136284285862         1.145722833024         1.146308455969         1.114461214288         1.133634350717         1.117700719858         1.091593266034         1.114886389811         1.080284870655         1.066218490057         1.084980960751         1.031864264796         1.034606367036         1.036225847124         0.966934620796         0.982343439743         0.954026194345         0.839945696456         0.850747699547         0.670751283508         0.000000000000
        1.022240635003         1.083205250228         1.205920389719         1.275507912512         1.266385441060         1.275375388512         1.287586953906         1.288944735601         1.287086123655         1.296455202437         1.298020964312         1.293642961352         1.303818885388         1.302446186871         1.298610408055         1.309778077529         1.304087733981         1.303566258299         1.313668075187         1.304424480779         1.308672541950         1.315150571658         1.304641608175         1.313399092964         1.314371559008         1.305521917225         1.316944179939         1.311928907128         1.307341117601         1.318560603852         1.308702195451         1.309843736101         1.317809583552         1.305610936496         1.312342752623         1.314705715966         1.303364011950         1.313925239042         1.309726731075         1.302266306958         1.313700791117         1.303691193435         1.302119950315         1.311045744768         1.297542101215         1.302259737658         1.305776752731         1.292092322001         1.301713603049         1.298209159473         1.287796292877         1.299435464274         1.289081166151         1.284597698212         1.294568174372         1.279360362178         1.281900186708         1.286661419956         1.269985766783         1.278682151280         1.275793962316         1.261597770223         1.273703463030         1.262552705538         1.254320667134         1.265786038174         1.247882316711         1.247651127683         1.254075668323         1.232824722789         1.240493604256         1.238235284732         1.218211222291         1.231311268799         1.218494543591         1.204358915246         1.218377930907         1.195548458872         1.190839623312         1.200047450539         1.170299694825         1.176352355935         1.174949565168         1.143475429746         1.158681141024         1.142003447874         1.115143152341         1.134668987527         1.100078117453         1.084109274014         1.099920890192         1.046948641350         1.047069814186         1.046836094540         0.977372911630         0.990090765813         0.960686511405         0.845791347612         0.853929534351         0.673494803150         0.000000000000
        1.017998566701         1.079100094320         1.194485531935         1.258552376250         1.247326852009         1.251736693532         1.260660922060         1.261002452880         1.254564413884         1.262012118826         1.262379197373         1.253418342445         1.263090094486         1.259699708851         1.251916736863         1.263622502967         1.254933206588         1.251701502540         1.262696319669         1.249618839380         1.252827275981         1.259766571462         1.245148236422         1.254571641996         1.254896362144         1.242452228610         1.255788473939         1.248761051779         1.241884862373         1.255438126100         1.242396276527         1.243085587679         1.252870065409         1.236958253467         1.245144121434         1.248033690108         1.233375658179         1.246798157471         1.241518852215         1.232029289509         1.246848332989         1.234341262147         1.232650378153         1.244456190516         1.227716539725         1.234315514388         1.239367712331         1.222697975897         1.235728308981         1.232031284010         1.219826420641         1.235502633571         1.223421235627         1.219010158838         1.232624404243         1.214824696436         1.219425871167         1.226556287418         1.207383877677         1.219722974728         1.217535302000         1.201884960716         1.218361929118         1.206349125610         1.198349810835         1.213914573987         1.194212336035         1.196079096884         1.205483389368         1.182375238834         1.193632604348         1.192817993940         1.171768692225         1.189212990711         1.176404023939         1.162725625117         1.180935085719         1.157194723159         1.154572170576         1.167058594092         1.136294187692         1.145731704746         1.146315401573         1.114468599427         1.133640324666         1.117705744862         1.091598475029         1.114890172944         1.080288237914         1.066221989883         1.084983322943         1.031866698707         1.034608750068         1.036227351504         0.966936406811         0.982345044219         0.954027206412         0.839947174046         0.850748686880         0.670751957318         0.000000000000
        1.017997418393         1.079100152494         1.194484599674         1.258552222604         1.247327061724         1.251736957648         1.260662197389         1.261003724802         1.254566158205         1.262014727753         1.262381507652         1.253421347655         1.263093401655         1.259702714972         1.251920309769         1.263626005440         1.254936644998         1.251705670074         1.262700219911         1.249622943096         1.252832062878         1.259771036286         1.245153281885         1.254577205228         1.254901411860         1.242458054237         1.255794370525         1.248767089011         1.241891622101         1.255444336016         1.242402288293         1.243092237788         1.252876001910         1.236964567240         1.245150780408         1.248039836495         1.233382741500         1.246805334847         1.241525802274         1.232037093839         1.246855761104         1.234348740206         1.232658564168         1.244463825797         1.227724593372         1.234323997751         1.239375589876         1.222706742586         1.235737228124         1.232039560006         1.219835536739         1.235511188703         1.223429803928         1.219019388898         1.232632672794         1.214832869311         1.219433191520         1.226561995021         1.207390429327         1.219729544058         1.217541185622         1.201892163808         1.218368575776         1.206355444521         1.198356982305         1.213920913426         1.194218734541         1.196086006981         1.205489258098         1.182381342182         1.193638646221         1.192822929741         1.171774016739         1.189217740567         1.176408037031         1.162730097596         1.180938691195         1.157198009454         1.154575756748         1.167061159953         1.136296811668         1.145734350698         1.146317128673         1.114470561746         1.133642059593         1.117706958203         1.091599923323         1.114891229611         1.080288971010         1.066223121016         1.084984018997         1.031867408106         1.034609758471         1.036227877492         0.966937162110         0.982345918221         0.954027678707         0.839948059233         0.850749333339         0.670752372503         0.000000000000
        1.017996047932         1.079100274755         1.194483648646         1.258552420595         1.247327691870         1.251737883531         1.260664453138         1.261006000207         1.254569298515         1.262018880021         1.262385493986         1.253426465732         1.263098870085         1.259708289040         1.251926787364         1.263632564638         1.254943747659         1.251713653005         1.262708603110         1.249632013242         1.252842295944         1.259781847588         1.245165168364         1.254590499118         1.254915021092         1.242472467912         1.255805662887         1.248775331848         1.241898679313         1.255449582983         1.242406303798         1.243096022300         1.252879120678         1.236967463479         1.245153841744         1.248042540934         1.233385788694         1.246808520239         1.241528829527         1.232040573442         1.246859097041         1.234352055169         1.232662276531         1.244467261560         1.227728187934         1.234327859744         1.239379088451         1.222710689233         1.235741309766         1.232043083795         1.219839366087         1.235514695043         1.223433168197         1.219023068816         1.232635828692         1.214835965447         1.219436309978         1.226564427492         1.207393230353         1.219732408745         1.217543577997         1.201895204270         1.218371282534         1.206357902727         1.198359924879         1.213923485599         1.194221296908         1.196088877358         1.205491558005         1.182383688218         1.193641013972         1.192824683375         1.171775966672         1.189219463113         1.176409367258         1.162731699932         1.180939925286         1.157199047503         1.154577031717         1.167061945595         1.136297601857         1.145735254189         1.146317536822         1.114471071521         1.133642557354         1.117707192708         1.091600271107         1.114891468417         1.080289011757         1.066223460304         1.084984194308         1.031867587252         1.034610193145         1.036228062918         0.966937490494         0.982346376417         0.954027903087         0.839948548651         0.850749706435         0.670752605399         0.000000000000
        1.022240635004         1.083205250229         1.205920389718         1.275507912510         1.266385441059         1.275375388510         1.287586953905         1.288944735600         1.287086123654         1.296455202437         1.298020964311         1.293642961352         1.303818885388         1.302446186870         1.298610408055         1.309778077529         1.304087733981         1.303566258301         1.313668075188         1.304424480780         1.308672541952         1.315150571659         1.304641608177         1.313399092967         1.314371559010         1.305521917229         1.316944179943         1.311928907131         1.307341117605         1.318560603856         1.308702195455         1.309843736106         1.317809583556         1.305610936500         1.312342752628         1.314705715971         1.303364011955         1.313925239047         1.309726731080         1.302266306964         1.313700791122         1.303691193440         1.302119950320         1.311045744772         1.297542101219         1.302259737663         1.305776752736         1.292092322006         1.301713603053         1.298209159477         1.287796292882         1.299435464278         1.289081166154         1.284597698216         1.294568174376         1.279360362181         1.281900186711         1.286661419959         1.269985766786         1.278682151282         1.275793962318         1.261597770225         1.273703463032         1.262552705539         1.254320667136         1.265786038175         1.247882316712         1.247651127685         1.254075668325         1.232824722790         1.240493604257         1.238235284733         1.218211222292         1.231311268800         1.218494543592         1.204358915247         1.218377930908         1.195548458873         1.190839623312         1.200047450540         1.170299694826         1.176352355935         1.174949565168         1.143475429746         1.158681141024         1.142003447874         1.115143152340         1.134668987526         1.100078117452         1.084109274013         1.099920890192         1.046948641349         1.047069814185         1.046836094539         0.977372911629         0.990090765812         0.960686511405         0.845791347611         0.853929534350         0.673494803150         0.000000000000
        1.017994704693         1.079100175931         1.194482354858         1.258551791765         1.247327399538         1.251737548917         1.260665061162         1.261006604219         1.254570262953         1.262020622523         1.262386926018         1.253428447869         1.263101121177         1.259710266490         1.251929199061         1.263634908471         1.254946037554         1.251716489303         1.262711369107         1.249634951747         1.252845828502         1.259785264157         1.245169012658         1.254594850708         1.254919080722         1.242476994570         1.255810086291         1.248779591602         1.241903392337         1.255453690903         1.242410076774         1.243100059249         1.252882547786         1.236970993764         1.245157543058         1.248045695079         1.233389375171         1.246812078925         1.241532024945         1.232044310238         1.246862497027         1.234355317820         1.232666021440         1.244470511561         1.227731562194         1.234331563809         1.239382219869         1.222714278080         1.235745000904         1.232046057283         1.219842717160         1.235517739379         1.223435918842         1.219026262918         1.232638456788         1.214838508168         1.219439164283         1.226566585812         1.207395644941         1.219734946589         1.217545461584         1.201897653621         1.218373418263         1.206359635499         1.198362190476         1.213925362969         1.194223065341         1.196091030419         1.205493099279         1.182385259987         1.193642714335         1.192825740078         1.171777268233         1.189220634684         1.176410098480         1.162732781898         1.180940700990         1.157199590699         1.154577915951         1.167062373861         1.136298025333         1.145735898205         1.146317678911         1.114471353475         1.133642906845         1.117707230648         1.091600508401         1.114891632435         1.080288952162         1.066223767741         1.084984323072         1.031867706058         1.034610624483         1.036228215540         0.966937804668         0.982346855282         0.954028119882         0.839949066504         0.850750107597         0.670752849903         0.000000000000
        1.017993142365         1.079099961702         1.194480711781         1.258550739062         1.247326668988         1.251736684569         1.260665108948         1.261006631097         1.254570564615         1.262021660161         1.262387646607         1.253429628584         1.263102563695         1.259711455167         1.251930736791         1.263636410368         1.254947493624         1.251718358405         1.262713294876         1.249636956115         1.252848376610         1.259787793915         1.245171814398         1.254598198803         1.254922256296         1.242480358645         1.255813134741         1.248782099704         1.241906317527         1.255455967537         1.242412070268         1.243102243388         1.252884311169         1.236972830733         1.245159658570         1.248047354066         1.233391417165         1.246814230956         1.241533810309         1.232046636285         1.246864638192         1.234357283212         1.232668529122         1.244472636525         1.227733765312         1.234334196357         1.239384350191         1.222716808761         1.235747713541         1.232048120370         1.219845161011         1.235520036404         1.223437907357         1.219028685476         1.232640416352         1.214840362378         1.219441380356         1.226568207475         1.207397446579         1.219736906326         1.217546814574         1.201899475002         1.218375000234         1.206360822691         1.198363859712         1.213926715963         1.194224295033         1.196092625147         1.205494171054         1.182386352585         1.193643960747         1.192826432821         1.171778184373         1.189221476012         1.176410546632         1.162733552731         1.180941233053         1.157199911886         1.154578557822         1.167062640829         1.136298284243         1.145736376648         1.146317729630         1.114471535279         1.133643169073         1.117707213390         1.091600688016         1.114891759090         1.080288881998         1.066224028918         1.084984426144         1.031867796646         1.034610996401         1.036228340758         0.966938073029         0.982347272952         0.954028305638         0.839949519189         0.850750459575         0.670753063334         0.000000000000
        1.017991138491         1.079099671521         1.194478585495         1.258549384080         1.247325699135         1.251735596406         1.260665173265         1.261006658454         1.254571004245         1.262022978685         1.262388678309         1.253431323394         1.263104619244         1.259713406661         1.251933239895         1.263639002097         1.254950280470         1.251721655257         1.262716937829         1.249640828970         1.252852984534         1.259792731931         1.245177094252         1.254604325492         1.254928585227         1.242486674507         1.255818654167         1.248785902903         1.241910073597         1.255459103223         1.242415155180         1.243105272854         1.252886907864         1.236975547040         1.245162440963         1.248049632987         1.233394050001         1.246816826681         1.241535962051         1.232049320251         1.246867029578         1.234359430217         1.232671251375         1.244474855962         1.227736035482         1.234336940765         1.239386462808         1.222719332397         1.235750430551         1.232050105361         1.219847646271         1.235522410995         1.223439853504         1.219031132485         1.232642323113         1.214842105949         1.219443578791         1.226569714789         1.207399128952         1.219738798308         1.217548002144         1.201901157547         1.218376472485         1.206361803224         1.198365398959         1.213927906860         1.194225308400         1.196094094175         1.205495065071         1.182387282177         1.193645125867         1.192826984144         1.171779015746         1.189222279925         1.176410889302         1.162734298611         1.180941738635         1.157200167917         1.154579215885         1.167062892202         1.136298526862         1.145736904188         1.146317783359         1.114471765566         1.133643508272         1.117707207946         1.091600958443         1.114891961955         1.080288857389         1.066224387155         1.084984578578         1.031867929201         1.034611446062         1.036228495170         0.966938392248         0.982347758311         0.954028521127         0.839950041131         0.850750863982         0.670753308108         0.000000000000
        1.022240665782         1.083205277592         1.205920474878         1.275508031859         1.266385586932         1.275375553360         1.287587145775         1.288944938210         1.287086345513         1.296455450437         1.298021222242         1.293643249057         1.303819192443         1.302446504761         1.298610757356         1.309778438947         1.304088115598         1.303566665903         1.313668500749         1.304424937294         1.308673035026         1.315151077663         1.304642123468         1.313399622009         1.314372106250         1.305522489570         1.316944759764         1.311929486364         1.307341715363         1.318561193516         1.308702803813         1.309844355773         1.317810208118         1.305611578155         1.312343401340         1.314706379485         1.303364697819         1.313925938061         1.309727448357         1.302267049153         1.313701541044         1.303691956468         1.302120714965         1.311046509573         1.297542857451         1.302260473380         1.305777447424         1.292093009881         1.301714294460         1.298209846394         1.287796991633         1.299436166405         1.289081868057         1.284598395409         1.294568868458         1.279361051995         1.281900869788         1.286662097865         1.269986439170         1.278682816727         1.275794632586         1.261598432915         1.273704115010         1.262553357019         1.254321307816         1.265786641756         1.247882899941         1.247651667673         1.254076173509         1.232825194630         1.240494021609         1.238235656109         1.218211571163         1.231311581821         1.218494833360         1.204359192359         1.218378178193         1.195548689857         1.190839831709         1.200047629517         1.170299855845         1.176352491205         1.174949676853         1.143475523015         1.158681207123         1.142003490941         1.115143174437         1.134668982497         1.100078088169         1.084109223166         1.099920809551         1.046948549816         1.047069720194         1.046836019723         0.977372857052         0.990090744031         0.960686489764         0.845791353166         0.853929548744         0.673494812049         0.000000000000
        1.017988826512         1.079099362576         1.194476151464         1.258547905137         1.247324688956         1.251734446103         1.260665439091         1.261006846421         1.254571683430         1.262024751404         1.262390086181         1.253433588127         1.263107410263         1.259716019625         1.251936724152         1.263642634662         1.254954102987         1.251726328695         1.262721889159         1.249646151152         1.252859298339         1.259799318404         1.245184268536         1.254612510768         1.254936934999         1.242495188962         1.255826250043         1.248791875079         1.241915624229         1.255464438507         1.242420322429         1.243110499076         1.252891481266         1.236980297918         1.245167129257         1.248053632218         1.233398465461         1.246821021798         1.241539564472         1.232053537309         1.246870735652         1.234362799496         1.232675299859         1.244478128224         1.227739361534         1.234340818108         1.239389411009         1.222722792837         1.235754086958         1.232052794701         1.219851105688         1.235525720164         1.223442493425         1.219034448025         1.232644836968         1.214844355150         1.219446475688         1.226571605959         1.207401257848         1.219741230080         1.217549431042         1.201903251888         1.218378335418         1.206362930732         1.198367329994         1.213929326430         1.194226433215         1.196095914688         1.205496069634         1.182388364535         1.193646611512         1.192827593332         1.171780070331         1.189223354450         1.176411274496         1.162735323369         1.180942435898         1.157200490248         1.154580177074         1.167063264166         1.136298892125         1.145737730050         1.146317917420         1.114472202670         1.133644120335         1.117707265334         1.091601499435         1.114892380959         1.080288929761         1.066225038263         1.084984877485         1.031868191589         1.034612177285         1.036228757718         0.966938907360         0.982348515775         0.954028861263         0.839950850466         0.850751487841         0.670753686991         0.000000000000
        1.017986624256         1.079099042540         1.194473772877         1.258546370192         1.247323600178         1.251733140553         1.260665457102         1.261006765807         1.254571965545         1.262026087563         1.262391004250         1.253435247837         1.263109616022         1.259717905861         1.251939468141         1.263645498920         1.254956963796         1.251730101152         1.262725720136         1.249650268175         1.252864370127         1.259804382689         1.245189947025         1.254619090076         1.254943454471         1.242502293461         1.255833007700         1.248797960866         1.241921842591         1.255470478205         1.242426078534         1.243116479617         1.252896796636         1.236985769668         1.245172594135         1.248058378240         1.233403658570         1.246825963724         1.241543903891         1.232058523887         1.246875139665         1.234366889065         1.232680087610         1.244482050775         1.227743394763         1.234345392112         1.239392985282         1.222726943028         1.235758413886         1.232056149073         1.219855409549         1.235529949415         1.223445947326         1.219038492671         1.232647915614         1.214847099391         1.219449869848         1.226573860782         1.207403765533         1.219744018776         1.217551121706         1.201905646692         1.218380458848         1.206364244544         1.198369505194         1.213930913355         1.194227692117         1.196097926640         1.205497180722         1.182389574138         1.193648263711         1.192828284748         1.171781263479         1.189224573542         1.176411730089         1.162736496904         1.180943244975         1.157200884667         1.154581288225         1.167063719389         1.136299344183         1.145738700466         1.146318120084         1.114472758701         1.133644869497         1.117707379102         1.091602180174         1.114892912269         1.080289070657         1.066225828393         1.084985252715         1.031868524012         1.034613032729         1.036229074548         0.966939511711         0.982349389409         0.954029258725         0.839951782382         0.850752204335         0.670754124134         0.000000000000
        1.022481172137         1.083456303621         1.206578869341         1.276507688192         1.267532874783         1.276816365952         1.289262902661         1.290725825930         1.289184696395         1.298731319028         1.300434097624         1.296387329930         1.306677542665         1.305497483533         1.301964029293         1.313199323487         1.307758374659         1.307472401346         1.317626859291         1.308670594573         1.313065039734         1.319614620798         1.309395771801         1.318212398505         1.319299733693         1.310701208528         1.322115364862         1.317265336843         1.312852267044         1.324032008771         1.314375755640         1.315593772482         1.323528297345         1.311537368299         1.318248015841         1.320618469379         1.309450098575         1.319912110411         1.315773508090         1.308413135289         1.319707875065         1.309802368809         1.308233162920         1.317022336724         1.303639051807         1.308258254054         1.311677659679         1.298090305749         1.307530594894         1.303987282014         1.293607432080         1.305020871349         1.294682299569         1.290139583773         1.299886275451         1.284723965912         1.287106912591         1.291686322094         1.275046194758         1.283504149229         1.280500145450         1.266288448124         1.278112544376         1.266911579268         1.258582314495         1.269770895993         1.251859653304         1.251443284670         1.257638350474         1.236384025145         1.243795803593         1.241380874232         1.221317531675         1.234126997565         1.221227620828         1.206988605360         1.220731108587         1.197870602998         1.192989318123         1.201975167720         1.172212100539         1.178042490613         1.176494957116         1.144986127898         1.159957753448         1.143209837320         1.116274860655         1.135596688564         1.100984620920         1.084901019526         1.100567264176         1.047587370615         1.047574746777         1.047260020955         0.977775698387         0.990372597478         0.960929010279         0.845990761297         0.854033026763         0.673585605479         0.000000000000
        1.022240665784         1.083205277594         1.205920474877         1.275508031858         1.266385586931         1.275375553358         1.287587145774         1.288944938208         1.287086345511         1.296455450436         1.298021222240         1.293643249055         1.303819192441         1.302446504758         1.298610757354         1.309778438945         1.304088115594         1.303566665900         1.313668500746         1.304424937290         1.308673035023         1.315151077660         1.304642123464         1.313399622005         1.314372106246         1.305522489566         1.316944759761         1.311929486360         1.307341715360         1.318561193512         1.308702803808         1.309844355769         1.317810208113         1.305611578150         1.312343401336         1.314706379480         1.303364697815         1.313925938058         1.309727448352         1.302267049149         1.313701541041         1.303691956463         1.302120714961         1.311046509569         1.297542857446         1.302260473376         1.305777447419         1.292093009876         1.301714294456         1.298209846389         1.287796991628         1.299436166401         1.289081868051         1.284598395404         1.294568868453         1.279361051989         1.281900869783         1.286662097860         1.269986439165         1.278682816723         1.275794632582         1.261598432911         1.273704115007         1.262553357015         1.254321307812         1.265786641753         1.247882899938         1.247651667672         1.254076173507         1.232825194628         1.240494021608         1.238235656108         1.218211571162         1.231311581821         1.218494833359         1.204359192359         1.218378178192         1.195548689856         1.190839831708         1.200047629515         1.170299855844         1.176352491204         1.174949676852         1.143475523013         1.158681207122         1.142003490939         1.115143174435         1.134668982496         1.100078088167         1.084109223165         1.099920809550         1.046948549815         1.047069720194         1.046836019722         0.977372857052         0.990090744032         0.960686489764         0.845791353167         0.853929548745         0.673494812050         0.000000000000
        1.021221592574         1.082429719193         1.203597686183         1.272237486818         1.262747179100         1.270852129978         1.282527145042         1.283641204683         1.280890969922         1.289883290499         1.291090352479         1.285787207977         1.295758921632         1.293822107613         1.289153203915         1.300212371856         1.293752278484         1.292595465480         1.302584291415         1.292428360707         1.296293395064         1.302550911300         1.291097533642         1.299723334834         1.300287928475         1.290598114818         1.302073774285         1.296439062765         1.291243789552         1.302590237239         1.291939072834         1.292792327336         1.300823628925         1.287768276456         1.294553912934         1.296795913580         1.284691544288         1.295583494715         1.291013897281         1.283048419479         1.294953215321         1.284341170965         1.282644280498         1.292001015479         1.277776428686         1.282786740820         1.286522777248         1.272186857025         1.282448436061         1.278853422715         1.268058102581         1.280517079992         1.269771919184         1.265328364768         1.276081507601         1.260315241015         1.263365960263         1.268670253751         1.251479438025         1.261072018704         1.258372995349         1.243923655177         1.257123380962         1.245814844234         1.237757088048         1.250275908200         1.232004917633         1.232422756892         1.239647799915         1.218038790927         1.226739858000         1.224908100836         1.204753364062         1.219074443605         1.206320301483         1.192441407736         1.207634959385         1.184641784216         1.180614799769         1.190744884792         1.160814763613         1.167876052113         1.167040526866         1.135561809144         1.151913973309         1.135466273416         1.108892244304         1.129478369941         1.094899743560         1.079501095649         1.096106401870         1.043096205975         1.043949230597         1.044175922412         0.974748552669         0.988172619371         0.959002955868         0.844290820234         0.853091543468         0.672743440673         0.000000000000
        1.022240682794         1.083205294361         1.205920526866         1.275508106199         1.266385679746         1.275375656319         1.287587267326         1.288945065697         1.287086483364         1.296455605793         1.298021382618         1.293643428290         1.303819385021         1.302446704826         1.298610977429         1.309778671280         1.304088362197         1.303566928879         1.313668778405         1.304425237451         1.308673360335         1.315151411862         1.304642465307         1.313399974336         1.314372471783         1.305522868653         1.316945141333         1.311929861142         1.307342093203         1.318561560835         1.308703176388         1.309844733255         1.317810587767         1.305611965896         1.312343796527         1.314706784884         1.303365116768         1.313926369085         1.309727890145         1.302267509900         1.313702017687         1.303692447452         1.302121206270         1.311046997707         1.297543338529         1.302260942199         1.305777891617         1.292093445928         1.301714734132         1.298210278804         1.287797430532         1.299436607284         1.289082304041         1.284598830132         1.294569298958         1.279361477109         1.281901293807         1.286662517533         1.269986854050         1.278683229611         1.275795046674         1.261598846806         1.273704524034         1.262553768373         1.254321717086         1.265787029882         1.247883282625         1.247652031335         1.254076515533         1.232825524973         1.240494323323         1.238235935223         1.218211846031         1.231311837524         1.218495078644         1.204359437729         1.218378405414         1.195548913824         1.190840046730         1.200047824508         1.170300044296         1.176352665697         1.174949836538         1.143475677868         1.158681347504         1.142003620217         1.115143299807         1.134669094798         1.100078192002         1.084109328182         1.099920887695         1.046948606312         1.047069764552         1.046836032923         0.977372886771         0.990090778777         0.960686516604         0.845791389680         0.853929582099         0.673494834454         0.000000000000
        1.022240682790         1.083205294360         1.205920526865         1.275508106198         1.266385679746         1.275375656319         1.287587267325         1.288945065696         1.287086483364         1.296455605793         1.298021382618         1.293643428291         1.303819385023         1.302446704828         1.298610977431         1.309778671282         1.304088362200         1.303566928882         1.313668778408         1.304425237455         1.308673360338         1.315151411866         1.304642465312         1.313399974340         1.314372471786         1.305522868657         1.316945141337         1.311929861145         1.307342093207         1.318561560838         1.308703176391         1.309844733258         1.317810587770         1.305611965899         1.312343796530         1.314706784887         1.303365116771         1.313926369088         1.309727890147         1.302267509902         1.313702017689         1.303692447453         1.302121206273         1.311046997709         1.297543338531         1.302260942201         1.305777891619         1.292093445930         1.301714734135         1.298210278806         1.287797430535         1.299436607286         1.289082304043         1.284598830135         1.294569298960         1.279361477112         1.281901293811         1.286662517536         1.269986854053         1.278683229614         1.275795046676         1.261598846809         1.273704524037         1.262553768376         1.254321717090         1.265787029885         1.247883282628         1.247652031339         1.254076515536         1.232825524977         1.240494323327         1.238235935226         1.218211846035         1.231311837527         1.218495078647         1.204359437732         1.218378405417         1.195548913827         1.190840046733         1.200047824511         1.170300044299         1.176352665700         1.174949836541         1.143475677871         1.158681347507         1.142003620219         1.115143299810         1.134669094800         1.100078192003         1.084109328184         1.099920887696         1.046948606313         1.047069764553         1.046836032923         0.977372886772         0.990090778779         0.960686516605         0.845791389682         0.853929582100         0.673494834455         0.000000000000
        1.022123851373         1.083125863186         1.205665740160         1.275161429640         1.266001093667         1.274901970596         1.287067576070         1.288400747666         1.286456880340         1.295793618199         1.297321677937         1.292857532390         1.303014395981         1.301582895629         1.297669737421         1.308822662588         1.303052928822         1.302471547491         1.312552397766         1.303217596831         1.307425919343         1.313869092380         1.303268509675         1.312005261369         1.312924221537         1.303994438001         1.315406261513         1.310320962339         1.305673843134         1.316884137909         1.306945986122         1.308053577571         1.316004310002         1.303726711465         1.310450539999         1.312785184260         1.301376704157         1.311948694736         1.307707735456         1.300202938291         1.311658327404         1.301594898716         1.300009228302         1.308955586984         1.295395582832         1.300131198677         1.303657720940         1.289926997991         1.299592955152         1.296080732951         1.285644042010         1.297343895616         1.286964736309         1.282491251330         1.292524529692         1.277283443644         1.279871764165         1.284681811714         1.267979008532         1.276756182682         1.273892839719         1.259692122321         1.271896909827         1.260746353354         1.252545093803         1.264109048435         1.246190434014         1.246031134142         1.252534927875         1.231270933105         1.239044756176         1.236834402424         1.216817713046         1.230038255276         1.217238043728         1.203143273889         1.217276875445         1.194443946886         1.189812415196         1.199109248139         1.169355916210         1.175512376610         1.174163232815         1.142699352250         1.158016260994         1.141359632014         1.114536068486         1.134160445045         1.099571643008         1.083664440799         1.099546322072         1.046573985048         1.046768465996         1.046573694589         0.977120183398         0.989906530064         0.960523252008         0.845653757438         0.853854136327         0.673427495618         0.000000000000
        1.022240700733         1.083205307862         1.205920572490         1.275508168567         1.266385755348         1.275375741594         1.287587364428         1.288945167190         1.287086593878         1.296455726685         1.298021508693         1.293643568625         1.303819533637         1.302446861407         1.298611147731         1.309778851154         1.304088556051         1.303567132461         1.313668994078         1.304425471194         1.308673609524         1.315151667879         1.304642730270         1.313400245070         1.314372752960         1.305523151279         1.316945421716         1.311930133735         1.307342355545         1.318561811790         1.308703426311         1.309844979400         1.317810835499         1.305612215392         1.312344049729         1.314707045776         1.303365383304         1.313926643701         1.309728171245         1.302267802746         1.313702326362         1.303692772441         1.302121526701         1.311047314929         1.297543651683         1.302261244359         1.305778183388         1.292093727841         1.301715018399         1.298210557750         1.287797711402         1.299436889018         1.289082581455         1.284599106212         1.294569570563         1.279361744385         1.281901560464         1.286662782917         1.269987115935         1.278683489370         1.275795308343         1.261599109452         1.273704782861         1.262554030806         1.254321977876         1.265787278753         1.247883533319         1.247652271854         1.254076745820         1.232825752275         1.240494533634         1.238236138171         1.218212048046         1.231312026994         1.218495265924         1.204359623749         1.218378579364         1.195549089850         1.190840212779         1.200047976285         1.170300190111         1.176352795772         1.174949956665         1.143475792220         1.158681446622         1.142003714806         1.115143388287         1.134669170969         1.100078267147         1.084109397178         1.099920946874         1.046948665028         1.047069817537         1.046836077679         0.977372933362         0.990090816986         0.960686547221         0.845791418916         0.853929599687         0.673494848177         0.000000000000
        1.022240700727         1.083205307860         1.205920572486         1.275508168563         1.266385755344         1.275375741588         1.287587364423         1.288945167185         1.287086593872         1.296455726679         1.298021508688         1.293643568619         1.303819533631         1.302446861401         1.298611147724         1.309778851148         1.304088556044         1.303567132455         1.313668994072         1.304425471188         1.308673609519         1.315151667874         1.304642730265         1.313400245066         1.314372752956         1.305523151275         1.316945421713         1.311930133732         1.307342355543         1.318561811789         1.308703426310         1.309844979400         1.317810835498         1.305612215392         1.312344049729         1.314707045775         1.303365383304         1.313926643701         1.309728171245         1.302267802747         1.313702326362         1.303692772441         1.302121526702         1.311047314929         1.297543651684         1.302261244360         1.305778183389         1.292093727843         1.301715018401         1.298210557751         1.287797711404         1.299436889020         1.289082581457         1.284599106214         1.294569570564         1.279361744387         1.281901560466         1.286662782918         1.269987115937         1.278683489372         1.275795308343         1.261599109453         1.273704782862         1.262554030807         1.254321977876         1.265787278754         1.247883533319         1.247652271856         1.254076745822         1.232825752277         1.240494533636         1.238236138173         1.218212048047         1.231312026996         1.218495265925         1.204359623751         1.218378579366         1.195549089852         1.190840212781         1.200047976287         1.170300190113         1.176352795774         1.174949956667         1.143475792222         1.158681446623         1.142003714806         1.115143388288         1.134669170970         1.100078267148         1.084109397179         1.099920946875         1.046948665029         1.047069817537         1.046836077679         0.977372933363         0.990090816987         0.960686547221         0.845791418917         0.853929599687         0.673494848177         0.000000000000
        1.022221003886         1.083192281050         1.205878361727         1.275451323351         1.266322476081         1.275298253504         1.287502769892         1.288856254269         1.286984470718         1.296348350981         1.297907759584         1.293516518009         1.303688868076         1.302306741590         1.298458958188         1.309623522853         1.303920646811         1.303389743998         1.313487428857         1.304229832408         1.308471130878         1.314942750038         1.304419833504         1.313173352352         1.314136667184         1.305274887719         1.316694175489         1.311667810801         1.307070859876         1.318287522450         1.308417062608         1.309553182742         1.317515502982         1.305305543351         1.312035478002         1.314393357939         1.303042417520         1.313603946896         1.309399045506         1.301932631933         1.313368986110         1.303352170593         1.301779230094         1.310707163908         1.297196744392         1.301917133349         1.305435517500         1.291746295199         1.301373453306         1.297868649813         1.287453913416         1.299101196118         1.288744908833         1.284263990684         1.294243194327         1.279032826927         1.281580339646         1.286349081706         1.269672077218         1.278380223120         1.275496839603         1.261302299210         1.273422224897         1.262273474509         1.254047563636         1.265527309328         1.247623890329         1.247404280023         1.253840736459         1.232590244603         1.240274717045         1.238024078268         1.218003041130         1.231120521326         1.218307312737         1.204179037904         1.218214483240         1.195385861336         1.190688994119         1.199909537006         1.170162151680         1.176229959506         1.174834783041         1.143362971175         1.158584325239         1.141909575901         1.115054877057         1.134594203988         1.100003616028         1.084043617154         1.099864789934         1.046892921983         1.047024623465         1.046796487891         0.977335142130         0.990062778951         0.960661860967         0.845770696422         0.853918112772         0.673484682118         0.000000000000
        1.022240723021         1.083205320995         1.205920620549         1.275508230409         1.266385827850         1.275375823785         1.287587454017         1.288945259998         1.287086695075         1.296455833785         1.298021620859         1.293643692785         1.303819663900         1.302446998890         1.298611297072         1.309779005180         1.304088722284         1.303567306678         1.313669175467         1.304425667504         1.308673814332         1.315151875930         1.304642946955         1.313400463578         1.314372978852         1.305523372689         1.316945637743         1.311930344417         1.307342554949         1.318562001200         1.308703614877         1.309845160440         1.317811017219         1.305612396225         1.312344229804         1.314707229222         1.303365567157         1.313926827833         1.309728354128         1.302267988804         1.313702517404         1.303692970574         1.302121716519         1.311047499916         1.297543832998         1.302261414510         1.305778348595         1.292093885846         1.301715176845         1.298210714837         1.287797870103         1.299437047301         1.289082740094         1.284599265658         1.294569725649         1.279361898526         1.281901716590         1.286662942637         1.269987277410         1.278683650898         1.275795474521         1.261599279475         1.273704950683         1.262554203930         1.254322150661         1.265787444732         1.247883704961         1.247652438859         1.254076909848         1.232825917294         1.240494687472         1.238236291842         1.218212201189         1.231312170976         1.218495411666         1.204359766658         1.218378713683         1.195549227857         1.190840340376         1.200048094224         1.170300302320         1.176352893131         1.174950047475         1.143475876337         1.158681517625         1.142003784064         1.115143450153         1.134669223154         1.100078319260         1.084109440939         1.099920984116         1.046948701563         1.047069846778         1.046836102823         0.977372957733         0.990090835069         0.960686562545         0.845791432439         0.853929607426         0.673494854609         0.000000000000
        1.022240723021         1.083205320995         1.205920620549         1.275508230409         1.266385827850         1.275375823786         1.287587454018         1.288945259999         1.287086695076         1.296455833785         1.298021620859         1.293643692785         1.303819663901         1.302446998890         1.298611297072         1.309779005180         1.304088722284         1.303567306677         1.313669175465         1.304425667503         1.308673814330         1.315151875928         1.304642946953         1.313400463576         1.314372978849         1.305523372686         1.316945637740         1.311930344413         1.307342554946         1.318562001197         1.308703614874         1.309845160437         1.317811017217         1.305612396223         1.312344229803         1.314707229221         1.303365567156         1.313926827833         1.309728354128         1.302267988804         1.313702517404         1.303692970574         1.302121716519         1.311047499917         1.297543832999         1.302261414512         1.305778348597         1.292093885848         1.301715176847         1.298210714840         1.287797870106         1.299437047304         1.289082740098         1.284599265662         1.294569725653         1.279361898531         1.281901716594         1.286662942641         1.269987277414         1.278683650902         1.275795474524         1.261599279478         1.273704950685         1.262554203932         1.254322150664         1.265787444734         1.247883704963         1.247652438861         1.254076909850         1.232825917295         1.240494687474         1.238236291843         1.218212201190         1.231312170977         1.218495411666         1.204359766658         1.218378713684         1.195549227857         1.190840340377         1.200048094225         1.170300302320         1.176352893132         1.174950047475         1.143475876336         1.158681517625         1.142003784063         1.115143450153         1.134669223154         1.100078319259         1.084109440939         1.099920984116         1.046948701563         1.047069846778         1.046836102823         0.977372957733         0.990090835070         0.960686562545         0.845791432439         0.853929607426         0.673494854609         0.000000000000
        1.022236166657         1.083202383922         1.205910967588         1.275495390536         1.266371429368         1.275358345199         1.287568421385         1.288925167993         1.287063800018         1.296431717373         1.297996051011         1.293615305218         1.303790347976         1.302415639489         1.298577324574         1.309744250606         1.304051242656         1.303527794993         1.313628591336         1.304382101238         1.308628619576         1.315105120008         1.304593343220         1.313349926457         1.314320366878         1.305468260313         1.316889721938         1.311872172934         1.307282502722         1.318501242844         1.308640271469         1.309780676143         1.317745603160         1.305544706057         1.312276046784         1.314637781535         1.303294239892         1.313855267471         1.309655347411         1.302193730937         1.313628427191         1.303617418533         1.302045945060         1.310972066286         1.297467286180         1.302185595374         1.305702982369         1.292017897746         1.301640252094         1.298135811318         1.287722683243         1.299363306557         1.289008764178         1.284525942965         1.294498092982         1.279290005175         1.281831463700         1.286594182964         1.269918479210         1.278617217080         1.275730042556         1.261534503756         1.273643049472         1.262492884128         1.254262301730         1.265730638032         1.247827222648         1.247598673579         1.254025644671         1.232775078731         1.240447264382         1.238190512498         1.218167350038         1.231270996417         1.218455033446         1.204321081134         1.218343392401         1.195514154978         1.190807892904         1.200018218897         1.170270603900         1.176326394685         1.174925032512         1.143451408218         1.158660257908         1.141983087139         1.115123982733         1.134652559749         1.100061765421         1.084094818776         1.099908325636         1.046936155443         1.047059564624         1.046827054094         0.977364366415         0.990084342317         0.960680893393         0.845786646649         0.853926933361         0.673492477508         0.000000000000
        1.022240750675         1.083205335177         1.205920675098         1.275508297628         1.266385905043         1.275375911044         1.287587546054         1.288945354487         1.287086797862         1.296455939856         1.298021731935         1.293643814992         1.303819791428         1.302447132992         1.298611443535         1.309779151709         1.304088879486         1.303567472413         1.313669343517         1.304425848779         1.308673999326         1.315152061423         1.304643141137         1.313400656933         1.314373178014         1.305523566191         1.316945824431         1.311930530952         1.307342734987         1.318562173389         1.308703788960         1.309845326504         1.317811182319         1.305612559814         1.312344388255         1.314707386867         1.303365722202         1.313926976062         1.309728495633         1.302268126943         1.313702651296         1.303693103264         1.302121835747         1.311047609079         1.297543938898         1.302261508382         1.305778440777         1.292093974290         1.301715264763         1.298210805319         1.287797963160         1.299437138518         1.289082836517         1.284599365046         1.294569818929         1.279361992766         1.281901814520         1.286663047892         1.269987390257         1.278683765078         1.275795595660         1.261599407049         1.273705075903         1.262554335895         1.254322282852         1.265787571433         1.247883839566         1.247652571424         1.254077042949         1.232826053202         1.240494813240         1.238236420459         1.218212328102         1.231312288603         1.218495533041         1.204359882657         1.218378821812         1.195549340190         1.190840440695         1.200048188208         1.170300391961         1.176352968274         1.174950119605         1.143475941938         1.158681571481         1.142003839092         1.115143497301         1.134669262661         1.100078360351         1.084109472232         1.099921011326         1.046948728344         1.047069865267         1.046836120078         0.977372973013         0.990090844086         0.960686571585         0.845791438008         0.853929609727         0.673494857247         0.000000000000
        1.022240750679         1.083205335179         1.205920675101         1.275508297632         1.266385905046         1.275375911048         1.287587546058         1.288945354491         1.287086797865         1.296455939859         1.298021731939         1.293643814995         1.303819791431         1.302447132995         1.298611443539         1.309779151713         1.304088879490         1.303567472418         1.313669343522         1.304425848785         1.308673999332         1.315152061429         1.304643141144         1.313400656939         1.314373178021         1.305523566198         1.316945824438         1.311930530959         1.307342734994         1.318562173395         1.308703788967         1.309845326510         1.317811182325         1.305612559821         1.312344388260         1.314707386873         1.303365722208         1.313926976067         1.309728495639         1.302268126948         1.313702651300         1.303693103269         1.302121835750         1.311047609082         1.297543938901         1.302261508384         1.305778440780         1.292093974293         1.301715264765         1.298210805322         1.287797963162         1.299437138520         1.289082836521         1.284599365048         1.294569818931         1.279361992769         1.281901814522         1.286663047894         1.269987390259         1.278683765080         1.275795595662         1.261599407051         1.273705075905         1.262554335898         1.254322282853         1.265787571434         1.247883839568         1.247652571425         1.254077042952         1.232826053205         1.240494813242         1.238236420462         1.218212328103         1.231312288605         1.218495533043         1.204359882657         1.218378821813         1.195549340191         1.190840440695         1.200048188208         1.170300391962         1.176352968274         1.174950119606         1.143475941938         1.158681571480         1.142003839092         1.115143497300         1.134669262660         1.100078360351         1.084109472230         1.099921011325         1.046948728343         1.047069865265         1.046836120078         0.977372973012         0.990090844084         0.960686571584         0.845791438006         0.853929609725         0.673494857246         0.000000000000
        1.022482946953         1.083457627752         1.206583104009         1.276513600627         1.267539750412         1.276824840817         1.289272357613         1.290735926219         1.289196335548         1.298743746632         1.300447368849         1.296402186180         1.306693031588         1.305514164107         1.301982186939         1.313218088251         1.307778657252         1.307493942564         1.317649153437         1.308694623862         1.313090081189         1.319640683457         1.309423601579         1.318241031533         1.319329681819         1.310732767176         1.322147633885         1.317299145356         1.312887387545         1.324067853743         1.314413232294         1.315632195302         1.323567543422         1.311578155172         1.318289398529         1.320660798042         1.309493699276         1.319956042959         1.315818461918         1.308458967366         1.319753872541         1.309849363052         1.308280559778         1.317069832126         1.303687393860         1.308306535232         1.311726049837         1.298139250931         1.307579094703         1.304035900123         1.293656187942         1.305068899106         1.294730423621         1.290187347764         1.299933166460         1.284770868221         1.287152948099         1.291731480239         1.275091158102         1.283547801308         1.280542994555         1.266330759429         1.278153227390         1.266951584401         1.258621341216         1.269808174606         1.251896354290         1.251478515778         1.257671933257         1.236417011716         1.243826887813         1.241410594044         1.221346462587         1.234153757102         1.221253394189         1.207013232940         1.220753575146         1.197892426554         1.193009564303         1.201993560891         1.172230010330         1.178058473559         1.176509617755         1.145000227573         1.159969822605         1.143221168794         1.116285364959         1.135605388358         1.100993025006         1.084908300836         1.100573247028         1.047593217194         1.047579334026         1.047263896267         0.977779347886         0.990375137833         0.960931218489         0.845992557604         0.854033964172         0.673586447925         0.000000000000
        1.022239317045         1.083204424368         1.205917643671         1.275504294481         1.266381391116         1.275370492353         1.287581636090         1.288939110802         1.287079720979         1.296448447009         1.298013784216         1.293635008241         1.303810669402         1.302437422735         1.298600915041         1.309768397498         1.304077302206         1.303555272535         1.313656801985         1.304412411556         1.308659996304         1.315137586192         1.304627875538         1.313385139082         1.314357059156         1.305506754509         1.316928807097         1.311912927295         1.307324628415         1.318543922244         1.308684763837         1.309826003593         1.317791572287         1.305592288769         1.312323971641         1.314686537512         1.303344263816         1.313905356468         1.309706333128         1.302245527649         1.313680090291         1.303670137707         1.302099000077         1.311024973158         1.297521153932         1.302239133239         1.305756411383         1.292071915590         1.301693529084         1.298189151399         1.287776202009         1.299415763000         1.289061423722         1.284578155492         1.294549081824         1.279341207280         1.281881491068         1.286643107860         1.269967424429         1.278664430927         1.275776457227         1.261580479086         1.273686939612         1.262536352943         1.254304704575         1.265770929698         1.247867323088         1.247636949813         1.254062131900         1.232811346286         1.240481178162         1.238223275310         1.218199525497         1.231300553419         1.218484018223         1.204348874925         1.218368733956         1.195539320583         1.190831203960         1.200039649092         1.170291935768         1.176345431647         1.174942956808         1.143468957639         1.158675483383         1.141997908045         1.115137957938         1.134664501339         1.100073650847         1.084105377391         1.099917494869         1.046945259318         1.047067046759         1.046833622256         0.977370621135         0.990089077776         0.960685033869         0.845790147244         0.853928881465         0.673494219160         0.000000000000
        1.022240780154         1.083205349233         1.205920730744         1.275508364457         1.266385980860         1.275375996193         1.287587634248         1.288945444488         1.287086894849         1.296456038854         1.298021834565         1.293643926634         1.303819906308         1.302447252725         1.298611573805         1.309779281030         1.304089018489         1.303567618796         1.313669489743         1.304426006037         1.308674158186         1.315152219444         1.304643308495         1.313400823567         1.314373350162         1.305523734231         1.316945986573         1.311930698097         1.307342901934         1.318562334768         1.308703954545         1.309845485899         1.317811339621         1.305612715400         1.312344537198         1.314707532570         1.303365863782         1.313927108430         1.309728620714         1.302268245601         1.313702763024         1.303693209876         1.302121927666         1.311047685526         1.297544014187         1.302261572329         1.305778505481         1.292094039034         1.301715329891         1.298210874473         1.287798036705         1.299437210241         1.289082915036         1.284599448951         1.294569893944         1.279362068240         1.281901892831         1.286663132383         1.269987483727         1.278683859020         1.275795695727         1.261599513783         1.273705179647         1.262554445484         1.254322393036         1.265787676154         1.247883952187         1.247652684377         1.254077157744         1.232826171243         1.240494921930         1.238236532589         1.218212437384         1.231312388395         1.218495636864         1.204359979696         1.218378911233         1.195549433593         1.190840521649         1.200048264744         1.170300465198         1.176353027991         1.174950178565         1.143475995373         1.158681614498         1.142003885337         1.115143536417         1.134669295797         1.100078396342         1.084109497527         1.099921033661         1.046948750424         1.047069878327         1.046836133392         0.977372983600         0.990090847677         0.960686577014         0.845791438242         0.853929608064         0.673494857200         0.000000000000
        1.022240780147         1.083205349233         1.205920730745         1.275508364458         1.266385980860         1.275375996193         1.287587634248         1.288945444487         1.287086894848         1.296456038852         1.298021834563         1.293643926632         1.303819906304         1.302447252722         1.298611573801         1.309779281026         1.304089018485         1.303567618791         1.313669489738         1.304426006032         1.308674158180         1.315152219439         1.304643308489         1.313400823562         1.314373350156         1.305523734225         1.316945986567         1.311930698090         1.307342901927         1.318562334761         1.308703954538         1.309845485891         1.317811339614         1.305612715393         1.312344537191         1.314707532563         1.303365863775         1.313927108424         1.309728620708         1.302268245595         1.313702763018         1.303693209871         1.302121927660         1.311047685521         1.297544014182         1.302261572324         1.305778505476         1.292094039028         1.301715329885         1.298210874468         1.287798036699         1.299437210235         1.289082915031         1.284599448944         1.294569893938         1.279362068235         1.281901892825         1.286663132378         1.269987483721         1.278683859014         1.275795695721         1.261599513778         1.273705179641         1.262554445479         1.254322393031         1.265787676149         1.247883952182         1.247652684373         1.254077157741         1.232826171240         1.240494921927         1.238236532588         1.218212437381         1.231312388392         1.218495636862         1.204359979694         1.218378911231         1.195549433592         1.190840521648         1.200048264743         1.170300465198         1.176353027991         1.174950178565         1.143475995373         1.158681614498         1.142003885337         1.115143536417         1.134669295797         1.100078396342         1.084109497527         1.099921033661         1.046948750424         1.047069878327         1.046836133392         0.977372983600         0.990090847677         0.960686577014         0.845791438241         0.853929608063         0.673494857200         0.000000000000
        1.022240251506         1.083205005732         1.205919572914         1.275506834900         1.266384218937         1.275373925666         1.287585353032         1.288943036442         1.287084200390         1.296453155552         1.298018788456         1.293640558116         1.303816397417         1.302443561881         1.298607563957         1.309775194668         1.304084641884         1.303563000026         1.313664724329         1.304420909774         1.308668799802         1.315146706316         1.304637555547         1.313394986075         1.314367316685         1.305517505521         1.316939720413         1.311924306885         1.307336388409         1.318555841053         1.308697227410         1.309838700261         1.317804476533         1.305605661034         1.312337455349         1.314700307689         1.303358445349         1.313919629228         1.309720975589         1.302260435574         1.313694980095         1.303685277804         1.302114042426         1.311039854626         1.297536168830         1.302253925940         1.305771052594         1.292086615891         1.301707960029         1.298203524199         1.287790596292         1.299429833048         1.289075509783         1.284592088136         1.294562663659         1.279354833295         1.281894775692         1.286656104536         1.269980442476         1.278677000576         1.275788855742         1.261592730264         1.273698634180         1.262547936055         1.254315987325         1.265781612922         1.247877943790         1.247647002952         1.254071732549         1.232820854411         1.240490029969         1.238231860661         1.218207909010         1.231308242847         1.218491580981         1.204356090107         1.218375339561         1.195545891940         1.190837267583         1.200045266965         1.170297531164         1.176350425999         1.174947715614         1.143473626226         1.158679561125         1.142001892455         1.115141688939         1.134667707350         1.100076834603         1.084108152722         1.099919910541         1.046947670735         1.047069031864         1.046835395907         0.977372273073         0.990090301216         0.960686101415         0.845791020785         0.853929360509         0.673494646015         0.000000000000
        1.022240809631         1.083205362303         1.205920784081         1.275508426770         1.266386050559         1.275376073820         1.287587713189         1.288945524751         1.287086979908         1.296456125132         1.298021922545         1.293644020833         1.303820001406         1.302447350169         1.298611678707         1.309779385935         1.304089131231         1.303567737444         1.313669606803         1.304426130835         1.308674284058         1.315152343463         1.304643442251         1.313400958314         1.314373490090         1.305523872440         1.316946120786         1.311930841167         1.307343050712         1.318562478983         1.308704104062         1.309845631416         1.317811481841         1.305612855280         1.312344670881         1.314707661192         1.303365987018         1.313927222339         1.309728729419         1.302268348071         1.313702859740         1.303693300956         1.302122006543         1.311047743157         1.297544074700         1.302261621055         1.305778557716         1.292094094636         1.301715387594         1.298210936248         1.287798104684         1.299437277815         1.289082988942         1.284599531686         1.294569965474         1.279362141315         1.281901965259         1.286663207405         1.269987564960         1.278683938460         1.275795779128         1.261599601998         1.273705264770         1.262554534798         1.254322482956         1.265787761271         1.247884044260         1.247652778810         1.254077255170         1.232826271911         1.240495014829         1.238236629470         1.218212530837         1.231312473377         1.218495726170         1.204360062151         1.218378987334         1.195549513896         1.190840590433         1.200048330993         1.170300528720         1.176353079852         1.174950231488         1.143476044454         1.158681655179         1.142003931651         1.115143578512         1.134669334198         1.100078439168         1.084109527927         1.099921060080         1.046948776665         1.047069894293         1.046836148814         0.977372995366         0.990090849070         0.960686581303         0.845791434447         0.853929602420         0.673494854733         0.000000000000
        1.022240809631         1.083205362304         1.205920784082         1.275508426771         1.266386050560         1.275376073822         1.287587713190         1.288945524752         1.287086979910         1.296456125133         1.298021922546         1.293644020834         1.303820001406         1.302447350170         1.298611678708         1.309779385935         1.304089131232         1.303567737444         1.313669606803         1.304426130835         1.308674284057         1.315152343462         1.304643442251         1.313400958313         1.314373490089         1.305523872439         1.316946120784         1.311930841165         1.307343050710         1.318562478980         1.308704104060         1.309845631413         1.317811481839         1.305612855278         1.312344670878         1.314707661190         1.303365987017         1.313927222337         1.309728729418         1.302268348070         1.313702859738         1.303693300955         1.302122006541         1.311047743156         1.297544074698         1.302261621053         1.305778557714         1.292094094633         1.301715387591         1.298210936245         1.287798104680         1.299437277811         1.289082988939         1.284599531682         1.294569965470         1.279362141312         1.281901965255         1.286663207401         1.269987564956         1.278683938455         1.275795779124         1.261599601993         1.273705264766         1.262554534794         1.254322482952         1.265787761268         1.247884044257         1.247652778808         1.254077255169         1.232826271910         1.240495014827         1.238236629470         1.218212530835         1.231312473375         1.218495726169         1.204360062149         1.218378987332         1.195549513894         1.190840590430         1.200048330991         1.170300528719         1.176353079850         1.174950231486         1.143476044453         1.158681655177         1.142003931650         1.115143578510         1.134669334197         1.100078439167         1.084109527925         1.099921060079         1.046948776664         1.047069894291         1.046836148813         0.977372995364         0.990090849068         0.960686581302         0.845791434445         0.853929602418         0.673494854732         0.000000000000
        1.022240545033         1.083205186005         1.205920181744         1.275507630853         1.266385113749         1.275375001851         1.287586520662         1.288944275435         1.287085605422         1.296454641044         1.298020370140         1.293642301858         1.303818196752         1.302445467762         1.298609624457         1.309777283699         1.304086888284         1.303565361818         1.313667150073         1.304423495879         1.308671497123         1.315149497672         1.304640490898         1.313397959935         1.314370395665         1.305520709354         1.316942962178         1.311927664030         1.307339839090         1.318559326661         1.308700866413         1.309842388741         1.317808222731         1.305609532511         1.312341343659         1.314704280047         1.303362530751         1.313923742778         1.309725196062         1.302264730653         1.313699228440         1.303689604503         1.302118359599         1.311044156661         1.297540510486         1.302258185337         1.305775255169         1.292090825126         1.301712112688         1.298207672057         1.287794777964         1.299433957143         1.289079649575         1.284596189823         1.294566685553         1.279358867505         1.281898716798         1.286659970554         1.269984312899         1.278680733400         1.275792544644         1.261596366025         1.273702107850         1.262551363529         1.254319343176         1.265784788898         1.247881091664         1.247649977828         1.254074577494         1.232823665791         1.240492639131         1.238234382599         1.218210355466         1.231310480770         1.218493781303         1.204358183479         1.218377261937         1.195547801638         1.190839017527         1.200046894464         1.170299148059         1.176351866316         1.174949101910         1.143474979645         1.158680747286         1.142003067371         1.115142794430         1.134668677133         1.100077807940         1.084108995290         1.099920643755         1.046948395190         1.047069609961         1.046835915156         0.977372743858         0.990090638713         0.960686401039         0.845791253029         0.853929481269         0.673494757301         0.000000000000
        1.022240840504         1.083205374653         1.205920837020         1.275508486300         1.266386115990         1.275376146308         1.287587784724         1.288945597666         1.287087055628         1.296456201031         1.298021999139         1.293644101144         1.303820080937         1.302447430225         1.298611763403         1.309779471259         1.304089222347         1.303567833118         1.313669699327         1.304426227518         1.308674380918         1.315152438041         1.304643546339         1.313401064449         1.314373601494         1.305523983682         1.316946229834         1.311930962500         1.307343181760         1.318562605155         1.308704235812         1.309845759973         1.317811606119         1.305612976175         1.312344785926         1.314707770174         1.303366089062         1.313927316178         1.309728820729         1.302268432840         1.313702939493         1.303693375467         1.302122073277         1.311047781193         1.297544121421         1.302261650460         1.305778594864         1.292094136608         1.301715432669         1.298210986742         1.287798161989         1.299437336818         1.289083054986         1.284599610864         1.294570030565         1.279362211579         1.281902028949         1.286663272393         1.269987633180         1.278684002608         1.275795847142         1.261599672770         1.273705332636         1.262554607183         1.254322555170         1.265787830090         1.247884120161         1.247652857247         1.254077338417         1.232826358833         1.240495094809         1.238236715297         1.218212613140         1.231312548368         1.218495807274         1.204360136524         1.218379057290         1.195549589751         1.190840655475         1.200048396134         1.170300591476         1.176353132631         1.174950287767         1.143476098790         1.158681703457         1.142003989127         1.115143636042         1.134669391420         1.100078504020         1.084109577336         1.099921104179         1.046948821317         1.047069927291         1.046836177078         0.977373018324         0.990090853573         0.960686588598         0.845791428338         0.853929592281         0.673494850044         0.000000000000
        1.022240840505         1.083205374654         1.205920837021         1.275508486300         1.266386115989         1.275376146307         1.287587784723         1.288945597665         1.287087055627         1.296456201029         1.298021999137         1.293644101142         1.303820080934         1.302447430223         1.298611763400         1.309779471256         1.304089222344         1.303567833115         1.313669699323         1.304426227514         1.308674380914         1.315152438037         1.304643546335         1.313401064445         1.314373601490         1.305523983678         1.316946229830         1.311930962496         1.307343181755         1.318562605151         1.308704235807         1.309845759968         1.317811606115         1.305612976171         1.312344785922         1.314707770170         1.303366089057         1.313927316174         1.309728820725         1.302268432835         1.313702939489         1.303693375462         1.302122073272         1.311047781188         1.297544121417         1.302261650455         1.305778594860         1.292094136603         1.301715432665         1.298210986738         1.287798161985         1.299437336815         1.289083054983         1.284599610860         1.294570030563         1.279362211576         1.281902028947         1.286663272391         1.269987633178         1.278684002606         1.275795847141         1.261599672769         1.273705332635         1.262554607182         1.254322555169         1.265787830090         1.247884120161         1.247652857248         1.254077338419         1.232826358835         1.240495094811         1.238236715300         1.218212613142         1.231312548369         1.218495807276         1.204360136525         1.218379057291         1.195549589752         1.190840655475         1.200048396135         1.170300591477         1.176353132632         1.174950287767         1.143476098791         1.158681703457         1.142003989128         1.115143636043         1.134669391421         1.100078504020         1.084109577336         1.099921104179         1.046948821317         1.047069927291         1.046836177078         0.977373018324         0.990090853572         0.960686588598         0.845791428337         0.853929592280         0.673494850044         0.000000000000
        1.022240635004         1.083205250230         1.205920389722         1.275507912514         1.266385441062         1.275375388514         1.287586953908         1.288944735603         1.287086123658         1.296455202441         1.298020964315         1.293642961356         1.303818885392         1.302446186874         1.298610408059         1.309778077533         1.304087733985         1.303566258304         1.313668075192         1.304424480783         1.308672541955         1.315150571662         1.304641608180         1.313399092969         1.314371559013         1.305521917231         1.316944179945         1.311928907133         1.307341117607         1.318560603857         1.308702195457         1.309843736107         1.317809583557         1.305610936501         1.312342752629         1.314705715971         1.303364011955         1.313925239046         1.309726731079         1.302266306963         1.313700791121         1.303691193440         1.302119950319         1.311045744772         1.297542101219         1.302259737662         1.305776752735         1.292092322005         1.301713603053         1.298209159477         1.287796292882         1.299435464278         1.289081166155         1.284597698217         1.294568174377         1.279360362183         1.281900186712         1.286661419961         1.269985766788         1.278682151284         1.275793962321         1.261597770228         1.273703463035         1.262552705542         1.254320667139         1.265786038178         1.247882316715         1.247651127687         1.254075668327         1.232824722793         1.240493604259         1.238235284736         1.218211222294         1.231311268801         1.218494543593         1.204358915247         1.218377930908         1.195548458873         1.190839623312         1.200047450539         1.170299694825         1.176352355934         1.174949565167         1.143475429745         1.158681141023         1.142003447873         1.115143152339         1.134668987525         1.100078117452         1.084109274012         1.099920890191         1.046948641348         1.047069814184         1.046836094539         0.977372911629         0.990090765812         0.960686511405         0.845791347611         0.853929534350         0.673494803150         0.000000000000
        1.022240871226         1.083205385789         1.205920887622         1.275508541201         1.266386175812         1.275376212286         1.287587847847         1.288945662645         1.287087121653         1.296456266566         1.298022065169         1.293644168874         1.303820147227         1.302447496131         1.298611831716         1.309779540697         1.304089296163         1.303567910659         1.313669772074         1.304426300921         1.308674453188         1.315152508847         1.304643625905         1.313401146044         1.314373689318         1.305524071699         1.316946317831         1.311931066374         1.307343297595         1.318562715523         1.308704351417         1.309845872541         1.317811714476         1.305613080115         1.312344884936         1.314707863398         1.303366173868         1.313927396910         1.309728899373         1.302268503237         1.313703004465         1.303693434362         1.302122130705         1.311047803543         1.297544157374         1.302261661442         1.305778616448         1.292094161750         1.301715460595         1.298211021493         1.287798202079         1.299437380901         1.289083106770         1.284599680608         1.294570081268         1.279362270166         1.281902073067         1.286663318292         1.269987678549         1.278684042416         1.275795891400         1.261599717088         1.273705374779         1.262554653993         1.254322600219         1.265787873509         1.247884169496         1.247652908039         1.254077395191         1.232826417857         1.240495147486         1.238236774566         1.218212667505         1.231312596830         1.218495861874         1.204360183330         1.218379101597         1.195549639205         1.190840693700         1.200048436099         1.170300625138         1.176353157173         1.174950315304         1.143476122706         1.158681721015         1.142004013988         1.115143654739         1.134669409183         1.100078527665         1.084109589080         1.099921117884         1.046948835651         1.047069932523         1.046836184821         0.977373021277         0.990090847749         0.960686587290         0.845791417883         0.853929582219         0.673494844351         0.000000000000
        1.022240871225         1.083205385788         1.205920887620         1.275508541199         1.266386175810         1.275376212284         1.287587847845         1.288945662644         1.287087121652         1.296456266565         1.298022065168         1.293644168873         1.303820147226         1.302447496130         1.298611831715         1.309779540696         1.304089296163         1.303567910659         1.313669772073         1.304426300921         1.308674453188         1.315152508847         1.304643625905         1.313401146044         1.314373689319         1.305524071700         1.316946317831         1.311931066374         1.307343297595         1.318562715522         1.308704351417         1.309845872541         1.317811714476         1.305613080115         1.312344884936         1.314707863398         1.303366173869         1.313927396910         1.309728899374         1.302268503238         1.313703004466         1.303693434363         1.302122130706         1.311047803544         1.297544157374         1.302261661442         1.305778616448         1.292094161750         1.301715460595         1.298211021493         1.287798202079         1.299437380900         1.289083106770         1.284599680607         1.294570081267         1.279362270165         1.281902073066         1.286663318292         1.269987678548         1.278684042414         1.275795891398         1.261599717086         1.273705374777         1.262554653991         1.254322600216         1.265787873506         1.247884169493         1.247652908037         1.254077395190         1.232826417856         1.240495147484         1.238236774566         1.218212667503         1.231312596828         1.218495861873         1.204360183328         1.218379101596         1.195549639204         1.190840693698         1.200048436098         1.170300625137         1.176353157171         1.174950315304         1.143476122705         1.158681721013         1.142004013987         1.115143654738         1.134669409182         1.100078527665         1.084109589079         1.099921117883         1.046948835650         1.047069932521         1.046836184820         0.977373021276         0.990090847748         0.960686587289         0.845791417881         0.853929582217         0.673494844351         0.000000000000
        1.022240665786         1.083205277594         1.205920474879         1.275508031860         1.266385586932         1.275375553360         1.287587145774         1.288944938210         1.287086345513         1.296455450436         1.298021222242         1.293643249056         1.303819192441         1.302446504760         1.298610757354         1.309778438945         1.304088115595         1.303566665900         1.313668500747         1.304424937291         1.308673035023         1.315151077660         1.304642123464         1.313399622005         1.314372106246         1.305522489565         1.316944759760         1.311929486360         1.307341715358         1.318561193511         1.308702803808         1.309844355767         1.317810208113         1.305611578150         1.312343401335         1.314706379480         1.303364697814         1.313925938057         1.309727448352         1.302267049148         1.313701541039         1.303691956462         1.302120714960         1.311046509568         1.297542857445         1.302260473374         1.305777447418         1.292093009874         1.301714294453         1.298209846387         1.287796991625         1.299436166398         1.289081868049         1.284598395401         1.294568868451         1.279361051988         1.281900869781         1.286662097859         1.269986439163         1.278682816721         1.275794632581         1.261598432909         1.273704115005         1.262553357014         1.254321307811         1.265786641752         1.247882899937         1.247651667670         1.254076173507         1.232825194627         1.240494021607         1.238235656108         1.218211571161         1.231311581819         1.218494833359         1.204359192357         1.218378178191         1.195548689855         1.190839831706         1.200047629514         1.170299855843         1.176352491203         1.174949676851         1.143475523012         1.158681207121         1.142003490940         1.115143174435         1.134668982496         1.100078088167         1.084109223165         1.099920809550         1.046948549815         1.047069720193         1.046836019722         0.977372857051         0.990090744031         0.960686489764         0.845791353166         0.853929548744         0.673494812049         0.000000000000
        1.022483193095         1.083457810830         1.206583696100         1.276514417231         1.267540702998         1.276826008228         1.289273651204         1.290737316682         1.289197927168         1.298745447447         1.300449195041         1.296404217950         1.306695160916         1.305516461446         1.301984678016         1.313220682957         1.307781458903         1.307496917017         1.317652255401         1.308697958574         1.313093567579         1.319644334882         1.309427489470         1.318245052407         1.319333900470         1.310737205199         1.322152199002         1.317303929202         1.312892356731         1.324072954277         1.314418557047         1.315637663831         1.323573151326         1.311583969766         1.318295316406         1.320666862483         1.309499933830         1.319962345381         1.315824907406         1.308465531964         1.319760485526         1.309856104401         1.308287358135         1.317076663807         1.303694326509         1.308313467139         1.311733004006         1.298146260360         1.307586055241         1.304042869480         1.293663160123         1.305075785377         1.294737302373         1.290194165429         1.299939874094         1.284777547732         1.287159508364         1.291737921313         1.275097539230         1.283554009762         1.280549079008         1.266336742727         1.278158997237         1.266957234460         1.258626838070         1.269813437664         1.251901502756         1.251483457073         1.257676648642         1.236421609498         1.243831230287         1.241414737743         1.221350471252         1.234157479213         1.221256960577         1.207016628425         1.220756685440         1.197895425328         1.193012346436         1.201996094871         1.172232457672         1.178060665158         1.176511626327         1.145002145578         1.159971474022         1.143222712502         1.116286790225         1.135606576124         1.100994164017         1.084909288777         1.100574063160         1.047594009117         1.047579960091         1.047264426872         0.977779845751         0.990375489388         0.960931522366         0.845992806486         0.854034095800         0.673586564739         0.000000000000
        1.022240900035         1.083205395329         1.205920933730         1.275508589792         1.266386228630         1.275376270659         1.287587902139         1.288945719498         1.287087178567         1.296456322676         1.298022122264         1.293644226600         1.303820203347         1.302447552135         1.298611888721         1.309779599281         1.304089359200         1.303567977352         1.313669832629         1.304426360009         1.308674509728         1.315152566090         1.304643691714         1.313401212586         1.314373764144         1.305524146850         1.316946395004         1.311931163762         1.307343408123         1.318562819534         1.308704461052         1.309845979047         1.317811818224         1.305613179503         1.312344981076         1.314707955645         1.303366256191         1.313927481876         1.309728981790         1.302268578302         1.313703074750         1.303693498230         1.302122196649         1.311047836815         1.297544202735         1.302261682201         1.305778645623         1.292094192792         1.301715493157         1.298211060131         1.287798244307         1.299437427739         1.289083160358         1.284599756441         1.294570132353         1.279362330072         1.281902111953         1.286663359493         1.269987716364         1.278684074014         1.275795927640         1.261599751815         1.273705407834         1.262554691656         1.254322635573         1.265787908060         1.247884208830         1.247652947958         1.254077440594         1.232826464651         1.240495188526         1.238236821559         1.218212709770         1.231312634134         1.218495904734         1.204360218903         1.218379135619         1.195549677941         1.190840721830         1.200048466670         1.170300645962         1.176353170484         1.174950330454         1.143476133961         1.158681725657         1.142004024748         1.115143657635         1.134669410836         1.100078533608         1.084109585281         1.099921117691         1.046948835744         1.047069924752         1.046836182678         0.977373015342         0.990090837333         0.960686582497         0.845791406132         0.853929572804         0.673494838614         0.000000000000
        1.022240900047         1.083205395330         1.205920933733         1.275508589794         1.266386228631         1.275376270661         1.287587902140         1.288945719500         1.287087178568         1.296456322677         1.298022122265         1.293644226601         1.303820203348         1.302447552136         1.298611888722         1.309779599281         1.304089359200         1.303567977352         1.313669832629         1.304426360010         1.308674509728         1.315152566090         1.304643691714         1.313401212586         1.314373764145         1.305524146852         1.316946395005         1.311931163764         1.307343408124         1.318562819534         1.308704461054         1.309845979048         1.317811818226         1.305613179505         1.312344981078         1.314707955648         1.303366256195         1.313927481878         1.309728981794         1.302268578306         1.313703074754         1.303693498235         1.302122196653         1.311047836819         1.297544202740         1.302261682206         1.305778645628         1.292094192797         1.301715493161         1.298211060136         1.287798244312         1.299437427743         1.289083160362         1.284599756444         1.294570132357         1.279362330076         1.281902111956         1.286663359496         1.269987716368         1.278684074017         1.275795927643         1.261599751818         1.273705407836         1.262554691658         1.254322635574         1.265787908061         1.247884208831         1.247652947959         1.254077440595         1.232826464652         1.240495188526         1.238236821560         1.218212709769         1.231312634133         1.218495904733         1.204360218902         1.218379135617         1.195549677940         1.190840721828         1.200048466669         1.170300645960         1.176353170482         1.174950330453         1.143476133959         1.158681725656         1.142004024747         1.115143657634         1.134669410835         1.100078533607         1.084109585279         1.099921117690         1.046948835744         1.047069924751         1.046836182678         0.977373015341         0.990090837332         0.960686582497         0.845791406131         0.853929572803         0.673494838613         0.000000000000
        1.022240682797         1.083205294362         1.205920526873         1.275508106206         1.266385679752         1.275375656327         1.287587267332         1.288945065702         1.287086483371         1.296455605798         1.298021382623         1.293643428296         1.303819385026         1.302446704832         1.298610977434         1.309778671284         1.304088362202         1.303566928883         1.313668778409         1.304425237456         1.308673360337         1.315151411866         1.304642465311         1.313399974338         1.314372471786         1.305522868656         1.316945141335         1.311929861145         1.307342093205         1.318561560837         1.308703176391         1.309844733256         1.317810587769         1.305611965898         1.312343796528         1.314706784887         1.303365116770         1.313926369086         1.309727890147         1.302267509901         1.313702017689         1.303692447454         1.302121206271         1.311046997708         1.297543338530         1.302260942199         1.305777891618         1.292093445929         1.301714734133         1.298210278806         1.287797430534         1.299436607285         1.289082304044         1.284598830134         1.294569298960         1.279361477112         1.281901293809         1.286662517536         1.269986854053         1.278683229612         1.275795046677         1.261598846808         1.273704524036         1.262553768376         1.254321717088         1.265787029884         1.247883282628         1.247652031337         1.254076515536         1.232825524976         1.240494323325         1.238235935226         1.218211846035         1.231311837526         1.218495078648         1.204359437732         1.218378405417         1.195548913828         1.190840046733         1.200047824511         1.170300044300         1.176352665699         1.174949836541         1.143475677870         1.158681347506         1.142003620219         1.115143299808         1.134669094799         1.100078192003         1.084109328182         1.099920887695         1.046948606312         1.047069764551         1.046836032922         0.977372886770         0.990090778776         0.960686516604         0.845791389679         0.853929582098         0.673494834454         0.000000000000
        1.022240925795         1.083205403078         1.205920973728         1.275508630760         1.266386273000         1.275376320085         1.287587946696         1.288945767084         1.287087225795         1.296456368705         1.298022169920         1.293644274333         1.303820249232         1.302447598590         1.298611935207         1.309779647420         1.304089412326         1.303568034041         1.313669883216         1.304426408700         1.308674555006         1.315152614610         1.304643748623         1.313401268819         1.314373830581         1.305524213854         1.316946465751         1.311931257902         1.307343515564         1.318562918967         1.308704566906         1.309846081390         1.317811919906         1.305613277714         1.312345078175         1.314708051091         1.303366338933         1.313927574846         1.309729071510         1.302268663671         1.313703155958         1.303693572939         1.302122272314         1.311047890928         1.297544261765         1.302261726186         1.305778692844         1.292094240996         1.301715542249         1.298211113312         1.287798300525         1.299437486796         1.289083222801         1.284599841428         1.294570191695         1.279362396575         1.281902157175         1.286663406720         1.269987759282         1.278684111556         1.275795968710         1.261599791448         1.273705446186         1.262554733743         1.254322676424         1.265787947712         1.247884251801         1.247652991331         1.254077486971         1.232826511978         1.240495230674         1.238236867278         1.218212752149         1.231312671751         1.218495946338         1.204360255093         1.218379169807         1.195549716281         1.190840751140         1.200048497748         1.170300665476         1.176353184334         1.174950344570         1.143476144785         1.158681729807         1.142004033891         1.115143661097         1.134669414595         1.100078541638         1.084109586532         1.099921123105         1.046948840175         1.047069922682         1.046836184166         0.977373014541         0.990090832125         0.960686581303         0.845791399953         0.853929567263         0.673494835602         0.000000000000
        1.022240925796         1.083205403078         1.205920973729         1.275508630761         1.266386273000         1.275376320086         1.287587946697         1.288945767084         1.287087225796         1.296456368706         1.298022169921         1.293644274333         1.303820249232         1.302447598590         1.298611935206         1.309779647419         1.304089412324         1.303568034040         1.313669883213         1.304426408698         1.308674555003         1.315152614607         1.304643748619         1.313401268815         1.314373830576         1.305524213849         1.316946465745         1.311931257895         1.307343515556         1.318562918960         1.308704566898         1.309846081382         1.317811919898         1.305613277706         1.312345078166         1.314708051083         1.303366338924         1.313927574838         1.309729071501         1.302268663663         1.313703155950         1.303693572931         1.302122272305         1.311047890919         1.297544261756         1.302261726177         1.305778692835         1.292094240987         1.301715542240         1.298211113303         1.287798300516         1.299437486787         1.289083222793         1.284599841419         1.294570191688         1.279362396568         1.281902157168         1.286663406713         1.269987759276         1.278684111551         1.275795968705         1.261599791443         1.273705446181         1.262554733738         1.254322676419         1.265787947708         1.247884251798         1.247652991329         1.254077486970         1.232826511977         1.240495230673         1.238236867278         1.218212752148         1.231312671751         1.218495946338         1.204360255092         1.218379169806         1.195549716281         1.190840751139         1.200048497748         1.170300665476         1.176353184333         1.174950344570         1.143476144784         1.158681729807         1.142004033890         1.115143661097         1.134669414595         1.100078541638         1.084109586531         1.099921123105         1.046948840174         1.047069922682         1.046836184166         0.977373014540         0.990090832124         0.960686581303         0.845791399952         0.853929567262         0.673494835601         0.000000000000
        1.022240700729         1.083205307860         1.205920572489         1.275508168565         1.266385755346         1.275375741591         1.287587364424         1.288945167186         1.287086593873         1.296455726680         1.298021508688         1.293643568619         1.303819533630         1.302446861401         1.298611147723         1.309778851146         1.304088556043         1.303567132453         1.313668994070         1.304425471186         1.308673609516         1.315151667872         1.304642730262         1.313400245063         1.314372752953         1.305523151271         1.316945421709         1.311930133729         1.307342355539         1.318561811785         1.308703426306         1.309844979395         1.317810835494         1.305612215388         1.312344049725         1.314707045772         1.303365383300         1.313926643697         1.309728171242         1.302267802743         1.313702326359         1.303692772439         1.302121526698         1.311047314926         1.297543651681         1.302261244356         1.305778183386         1.292093727839         1.301715018397         1.298210557748         1.287797711400         1.299436889017         1.289082581454         1.284599106210         1.294569570561         1.279361744384         1.281901560462         1.286662782916         1.269987115934         1.278683489368         1.275795308341         1.261599109450         1.273704782859         1.262554030805         1.254321977874         1.265787278752         1.247883533318         1.247652271854         1.254076745821         1.232825752276         1.240494533635         1.238236138172         1.218212048047         1.231312026995         1.218495265925         1.204359623750         1.218378579365         1.195549089851         1.190840212780         1.200047976286         1.170300190112         1.176352795773         1.174949956666         1.143475792221         1.158681446622         1.142003714806         1.115143388288         1.134669170969         1.100078267147         1.084109397178         1.099920946875         1.046948665029         1.047069817537         1.046836077679         0.977372933363         0.990090816987         0.960686547221         0.845791418917         0.853929599687         0.673494848177         0.000000000000
        1.022240949668         1.083205409882         1.205921009816         1.275508667112         1.266386311774         1.275376364014         1.287587985331         1.288945808767         1.287087267553         1.296456408579         1.298022212004         1.293644316523         1.303820289003         1.302447639658         1.298611975924         1.309779689266         1.304089459541         1.303568084052         1.313669929069         1.304426454107         1.308674597276         1.315152661987         1.304643804053         1.313401323488         1.314373896410         1.305524281208         1.316946538263         1.311931354208         1.307343624454         1.318563019161         1.308704674609         1.309846185253         1.317812025257         1.305613381630         1.312345182579         1.314708155192         1.303366427676         1.313927678127         1.309729171385         1.302268761258         1.313703248627         1.303693659554         1.302122357380         1.311047963961         1.297544334760         1.302261791890         1.305778758709         1.292094307633         1.301715609161         1.298211184494         1.287798375438         1.299437560267         1.289083295695         1.284599932331         1.294570262009         1.279362471480         1.281902215490         1.286663466047         1.269987815140         1.278684163109         1.275796022191         1.261599844544         1.273705497982         1.262554788666         1.254322731861         1.265788000675         1.247884306522         1.247653045770         1.254077540722         1.232826566152         1.240495279137         1.238236916138         1.218212798886         1.231312712729         1.218495989370         1.204360294299         1.218379205358         1.195549755159         1.190840782197         1.200048528821         1.170300685790         1.176353199466         1.174950358981         1.143476156201         1.158681734426         1.142004042574         1.115143668032         1.134669425154         1.100078556948         1.084109599986         1.099921142468         1.046948855880         1.047069936272         1.046836196247         0.977373027413         0.990090837823         0.960686587816         0.845791403556         0.853929567342         0.673494836827         0.000000000000
        1.022240949669         1.083205409883         1.205921009813         1.275508667108         1.266386311771         1.275376364010         1.287587985327         1.288945808762         1.287087267549         1.296456408575         1.298022211999         1.293644316518         1.303820288998         1.302447639652         1.298611975918         1.309779689261         1.304089459535         1.303568084047         1.313669929063         1.304426454100         1.308674597269         1.315152661981         1.304643804047         1.313401323482         1.314373896405         1.305524281202         1.316946538257         1.311931354201         1.307343624447         1.318563019155         1.308704674603         1.309846185248         1.317812025253         1.305613381626         1.312345182576         1.314708155189         1.303366427675         1.313927678125         1.309729171383         1.302268761257         1.313703248626         1.303693659554         1.302122357380         1.311047963961         1.297544334760         1.302261791891         1.305778758709         1.292094307634         1.301715609162         1.298211184496         1.287798375441         1.299437560269         1.289083295697         1.284599932333         1.294570262010         1.279362471482         1.281902215492         1.286663466048         1.269987815142         1.278684163110         1.275796022192         1.261599844546         1.273705497983         1.262554788666         1.254322731861         1.265788000674         1.247884306521         1.247653045770         1.254077540722         1.232826566151         1.240495279137         1.238236916138         1.218212798886         1.231312712729         1.218495989370         1.204360294299         1.218379205358         1.195549755158         1.190840782197         1.200048528821         1.170300685790         1.176353199466         1.174950358981         1.143476156200         1.158681734426         1.142004042573         1.115143668032         1.134669425154         1.100078556948         1.084109599986         1.099921142468         1.046948855880         1.047069936272         1.046836196246         0.977373027413         0.990090837824         0.960686587816         0.845791403558         0.853929567343         0.673494836828         0.000000000000
        1.022240723023         1.083205320995         1.205920620548         1.275508230409         1.266385827850         1.275375823785         1.287587454018         1.288945259998         1.287086695075         1.296455833785         1.298021620859         1.293643692785         1.303819663900         1.302446998890         1.298611297072         1.309779005180         1.304088722283         1.303567306676         1.313669175465         1.304425667502         1.308673814329         1.315151875928         1.304642946952         1.313400463575         1.314372978848         1.305523372685         1.316945637739         1.311930344413         1.307342554945         1.318562001196         1.308703614874         1.309845160436         1.317811017216         1.305612396222         1.312344229801         1.314707229219         1.303365567154         1.313926827830         1.309728354126         1.302267988801         1.313702517401         1.303692970572         1.302121716516         1.311047499914         1.297543832996         1.302261414509         1.305778348594         1.292093885845         1.301715176844         1.298210714837         1.287797870102         1.299437047300         1.289082740093         1.284599265657         1.294569725648         1.279361898526         1.281901716589         1.286662942636         1.269987277410         1.278683650897         1.275795474520         1.261599279474         1.273704950681         1.262554203929         1.254322150660         1.265787444731         1.247883704961         1.247652438859         1.254076909849         1.232825917294         1.240494687473         1.238236291843         1.218212201190         1.231312170977         1.218495411667         1.204359766658         1.218378713684         1.195549227858         1.190840340377         1.200048094225         1.170300302321         1.176352893132         1.174950047476         1.143475876337         1.158681517625         1.142003784065         1.115143450154         1.134669223155         1.100078319261         1.084109440939         1.099920984116         1.046948701564         1.047069846778         1.046836102823         0.977372957733         0.990090835069         0.960686562545         0.845791432439         0.853929607426         0.673494854609         0.000000000000
        1.022240973515         1.083205417171         1.205921045949         1.275508704323         1.266386350738         1.275376409184         1.287588025685         1.288945851923         1.287087312391         1.296456451181         1.298022257320         1.293644363144         1.303820332712         1.302447685498         1.298612022343         1.309779736074         1.304089512325         1.303568138946         1.313669982171         1.304426509566         1.308674650844         1.315152721225         1.304643871630         1.313401391290         1.314373975346         1.305524363804         1.316946626618         1.311931464413         1.307343746110         1.318563133327         1.308704797580         1.309846304983         1.317812148302         1.305613505742         1.312345306794         1.314708279220         1.303366537798         1.313927798761         1.309729289421         1.302268877582         1.313703358768         1.303693765779         1.302122460413         1.311048059621         1.297544429994         1.302261882581         1.305778848919         1.292094399565         1.301715699942         1.298211282194         1.287798478684         1.299437655792         1.289083387762         1.284600037184         1.294570352504         1.279362565173         1.281902297142         1.286663547764         1.269987895003         1.278684238786         1.275796099006         1.261599922394         1.273705574162         1.262554869218         1.254322814716         1.265788079425         1.247884385589         1.247653121995         1.254077611973         1.232826636620         1.240495341165         1.238236975597         1.218212855966         1.231312761719         1.218496038934         1.204360339765         1.218379245245         1.195549797341         1.190840816482         1.200048561293         1.170300710044         1.176353217536         1.174950375984         1.143476170048         1.158681740822         1.142004051907         1.115143674105         1.134669432176         1.100078566966         1.084109606448         1.099921152382         1.046948862658         1.047069942923         1.046836202378         0.977373034797         0.990090838527         0.960686590107         0.845791402675         0.853929564283         0.673494835567         0.000000000000
        1.022240973528         1.083205417172         1.205921045949         1.275508704321         1.266386350735         1.275376409181         1.287588025681         1.288945851919         1.287087312387         1.296456451176         1.298022257316         1.293644363140         1.303820332707         1.302447685493         1.298612022338         1.309779736068         1.304089512319         1.303568138940         1.313669982165         1.304426509559         1.308674650837         1.315152721218         1.304643871624         1.313401391284         1.314373975340         1.305524363797         1.316946626612         1.311931464406         1.307343746102         1.318563133320         1.308704797572         1.309846304975         1.317812148294         1.305613505735         1.312345306787         1.314708279214         1.303366537792         1.313927798756         1.309729289415         1.302268877577         1.313703358763         1.303693765774         1.302122460409         1.311048059616         1.297544429989         1.302261882577         1.305778848914         1.292094399561         1.301715699937         1.298211282189         1.287798478681         1.299437655788         1.289083387758         1.284600037180         1.294570352500         1.279362565169         1.281902297139         1.286663547761         1.269987895000         1.278684238783         1.275796099002         1.261599922390         1.273705574158         1.262554869214         1.254322814711         1.265788079420         1.247884385585         1.247653121991         1.254077611970         1.232826636616         1.240495341162         1.238236975594         1.218212855963         1.231312761716         1.218496038932         1.204360339762         1.218379245243         1.195549797339         1.190840816480         1.200048561292         1.170300710043         1.176353217534         1.174950375983         1.143476170047         1.158681740821         1.142004051907         1.115143674104         1.134669432175         1.100078566965         1.084109606446         1.099921152382         1.046948862658         1.047069942922         1.046836202378         0.977373034796         0.990090838526         0.960686590107         0.845791402675         0.853929564283         0.673494835567         0.000000000000
        1.022240750678         1.083205335178         1.205920675102         1.275508297632         1.266385905046         1.275375911047         1.287587546057         1.288945354490         1.287086797864         1.296455939857         1.298021731937         1.293643814994         1.303819791429         1.302447132993         1.298611443536         1.309779151710         1.304088879487         1.303567472414         1.313669343518         1.304425848780         1.308673999326         1.315152061424         1.304643141137         1.313400656933         1.314373178015         1.305523566191         1.316945824431         1.311930530953         1.307342734987         1.318562173389         1.308703788961         1.309845326504         1.317811182320         1.305612559815         1.312344388254         1.314707386869         1.303365722203         1.313926976062         1.309728495635         1.302268126943         1.313702651296         1.303693103265         1.302121835746         1.311047609079         1.297543938899         1.302261508381         1.305778440777         1.292093974291         1.301715264762         1.298210805320         1.287797963159         1.299437138517         1.289082836518         1.284599365044         1.294569818928         1.279361992765         1.281901814518         1.286663047891         1.269987390255         1.278683765076         1.275795595659         1.261599407047         1.273705075901         1.262554335894         1.254322282849         1.265787571431         1.247883839565         1.247652571421         1.254077042949         1.232826053202         1.240494813238         1.238236420459         1.218212328099         1.231312288601         1.218495533040         1.204359882653         1.218378821810         1.195549340188         1.190840440691         1.200048188205         1.170300391958         1.176352968270         1.174950119603         1.143475941935         1.158681571478         1.142003839091         1.115143497298         1.134669262659         1.100078360350         1.084109472229         1.099921011325         1.046948728343         1.047069865264         1.046836120077         0.977372973011         0.990090844083         0.960686571584         0.845791438005         0.853929609725         0.673494857246         0.000000000000
        1.022240998331         1.083205425563         1.205921084151         1.275508745048         1.266386392818         1.275376458928         1.287588071427         1.288945900211         1.287087364365         1.296456500772         1.298022310116         1.293644418923         1.303820385164         1.302447741046         1.298612079925         1.309779793377         1.304089576524         1.303568204753         1.313670047642         1.304426580210         1.308674720505         1.315152796203         1.304643955560         1.313401475906         1.314374070489         1.305524464622         1.316946732344         1.311931589075         1.307343880328         1.318563262335         1.308704936074         1.309846440856         1.317812287910         1.305613648221         1.312345447310         1.314708419991         1.303366670168         1.313927933494         1.309729423526         1.302269010398         1.313703485025         1.303693891624         1.302122582933         1.311048177044         1.297544549335         1.302261998113         1.305778964594         1.292094519158         1.301715816997         1.298211409690         1.287798614247         1.299437777589         1.289083505573         1.284600164976         1.294570471061         1.279362687312         1.281902410019         1.286663660735         1.269988008135         1.278684347577         1.275796209489         1.261600036009         1.273705686263         1.262554989092         1.254322939454         1.265788198324         1.247884503282         1.247653232680         1.254077712326         1.232826734346         1.240495425861         1.238237054353         1.218212931179         1.231312825170         1.218496101646         1.204360396966         1.218379294406         1.195549848012         1.190840858168         1.200048599340         1.170300742845         1.176353242130         1.174950399669         1.143476190470         1.158681752898         1.142004066557         1.115143683389         1.134669439290         1.100078576550         1.084109608715         1.099921155982         1.046948864104         1.047069940805         1.046836202518         0.977373034807         0.990090833659         0.960686588391         0.845791397280         0.853929558843         0.673494832449         0.000000000000
        1.022240998330         1.083205425564         1.205921084150         1.275508745047         1.266386392817         1.275376458927         1.287588071426         1.288945900210         1.287087364364         1.296456500771         1.298022310115         1.293644418921         1.303820385162         1.302447741044         1.298612079924         1.309779793375         1.304089576524         1.303568204753         1.313670047641         1.304426580210         1.308674720505         1.315152796203         1.304643955561         1.313401475907         1.314374070490         1.305524464623         1.316946732344         1.311931589074         1.307343880328         1.318563262334         1.308704936073         1.309846440855         1.317812287909         1.305613648220         1.312345447308         1.314708419989         1.303366670167         1.313927933491         1.309729423524         1.302269010395         1.313703485022         1.303693891621         1.302122582930         1.311048177041         1.297544549331         1.302261998109         1.305778964590         1.292094519153         1.301715816993         1.298211409685         1.287798614242         1.299437777584         1.289083505567         1.284600164970         1.294570471055         1.279362687306         1.281902410013         1.286663660729         1.269988008128         1.278684347571         1.275796209482         1.261600036002         1.273705686256         1.262554989084         1.254322939445         1.265788198315         1.247884503274         1.247653232672         1.254077712320         1.232826734339         1.240495425855         1.238237054348         1.218212931174         1.231312825167         1.218496101642         1.204360396963         1.218379294403         1.195549848009         1.190840858166         1.200048599338         1.170300742843         1.176353242129         1.174950399668         1.143476190470         1.158681752898         1.142004066557         1.115143683389         1.134669439291         1.100078576550         1.084109608715         1.099921155982         1.046948864104         1.047069940806         1.046836202519         0.977373034807         0.990090833659         0.960686588391         0.845791397280         0.853929558843         0.673494832449         0.000000000000
        1.022240780156         1.083205349235         1.205920730747         1.275508364460         1.266385980861         1.275375996195         1.287587634249         1.288945444488         1.287086894849         1.296456038853         1.298021834564         1.293643926633         1.303819906305         1.302447252723         1.298611573802         1.309779281027         1.304089018486         1.303567618792         1.313669489739         1.304426006033         1.308674158182         1.315152219441         1.304643308491         1.313400823563         1.314373350158         1.305523734227         1.316945986569         1.311930698093         1.307342901929         1.318562334764         1.308703954541         1.309845485894         1.317811339617         1.305612715396         1.312344537194         1.314707532566         1.303365863778         1.313927108427         1.309728620711         1.302268245598         1.313702763022         1.303693209874         1.302121927663         1.311047685524         1.297544014185         1.302261572328         1.305778505480         1.292094039033         1.301715329889         1.298210874473         1.287798036704         1.299437210240         1.289082915036         1.284599448950         1.294569893943         1.279362068240         1.281901892831         1.286663132383         1.269987483727         1.278683859020         1.275795695727         1.261599513784         1.273705179647         1.262554445485         1.254322393036         1.265787676154         1.247883952187         1.247652684378         1.254077157745         1.232826171244         1.240494921931         1.238236532591         1.218212437384         1.231312388395         1.218495636865         1.204359979696         1.218378911233         1.195549433594         1.190840521648         1.200048264743         1.170300465198         1.176353027990         1.174950178565         1.143475995372         1.158681614496         1.142003885337         1.115143536416         1.134669295796         1.100078396341         1.084109497525         1.099921033661         1.046948750423         1.047069878326         1.046836133391         0.977372983598         0.990090847676         0.960686577013         0.845791438240         0.853929608063         0.673494857200         0.000000000000
        1.022483248414         1.083457849238         1.206583821500         1.276514585760         1.267540900474         1.276826248390         1.289273915018         1.290737601689         1.289198250422         1.298745792533         1.300449566777         1.296404628644         1.306695592983         1.305516927939         1.301985182060         1.313221210742         1.307782027889         1.307497520336         1.317652887677         1.308698636360         1.313094276985         1.319645080849         1.309428281950         1.318245874378         1.319334765439         1.310738113694         1.322153136933         1.317304912138         1.312893377677         1.324074006551         1.314419653838         1.315638790337         1.323574309310         1.311585169075         1.318296539413         1.320668118456         1.309501223788         1.319963653510         1.315826245894         1.308466895544         1.319761863215         1.309857507707         1.308288773300         1.317078089316         1.303695770482         1.308314912870         1.311734456267         1.298147720756         1.307587508738         1.304044324494         1.293664614347         1.305077225806         1.294738739464         1.290195588728         1.299941277773         1.284778942072         1.287160879394         1.291739269543         1.275098870714         1.283555308120         1.280550351185         1.266337991297         1.278160204603         1.266958414590         1.258627984648         1.269814538025         1.251902575659         1.251484487293         1.257677633803         1.236422565584         1.243832134589         1.241415599939         1.221351301689         1.234158252529         1.221257699095         1.207017329278         1.220757328875         1.197896043474         1.193012919049         1.201996618019         1.172232960710         1.178061115934         1.176512040330         1.145002538846         1.159971813355         1.143223030142         1.116287081691         1.135606820314         1.100994397818         1.084909490450         1.100574230982         1.047594171128         1.047580087746         1.047264535888         0.977779947299         0.990375561317         0.960931585032         0.845992857313         0.854034122783         0.673586588714         0.000000000000
        1.022240809634         1.083205362304         1.205920784083         1.275508426772         1.266386050560         1.275376073822         1.287587713191         1.288945524753         1.287086979910         1.296456125133         1.298021922547         1.293644020835         1.303820001407         1.302447350171         1.298611678709         1.309779385936         1.304089131233         1.303567737446         1.313669606804         1.304426130837         1.308674284059         1.315152343464         1.304643442253         1.313400958315         1.314373490091         1.305523872442         1.316946120787         1.311930841168         1.307343050713         1.318562478983         1.308704104062         1.309845631416         1.317811481841         1.305612855280         1.312344670881         1.314707661192         1.303365987018         1.313927222339         1.309728729420         1.302268348072         1.313702859740         1.303693300957         1.302122006544         1.311047743159         1.297544074701         1.302261621056         1.305778557717         1.292094094637         1.301715387594         1.298210936249         1.287798104684         1.299437277815         1.289082988943         1.284599531687         1.294569965474         1.279362141316         1.281901965260         1.286663207406         1.269987564961         1.278683938461         1.275795779130         1.261599602000         1.273705264772         1.262554534800         1.254322482959         1.265787761273         1.247884044262         1.247652778813         1.254077255174         1.232826271915         1.240495014832         1.238236629475         1.218212530840         1.231312473380         1.218495726174         1.204360062154         1.218378987336         1.195549513898         1.190840590434         1.200048330994         1.170300528721         1.176353079852         1.174950231489         1.143476044455         1.158681655179         1.142003931652         1.115143578512         1.134669334198         1.100078439169         1.084109527926         1.099921060080         1.046948776665         1.047069894292         1.046836148814         0.977372995365         0.990090849068         0.960686581302         0.845791434445         0.853929602418         0.673494854732         0.000000000000
        1.022240840503         1.083205374653         1.205920837018         1.275508486297         1.266386115987         1.275376146305         1.287587784720         1.288945597663         1.287087055624         1.296456201027         1.298021999135         1.293644101140         1.303820080932         1.302447430221         1.298611763398         1.309779471254         1.304089222342         1.303567833113         1.313669699322         1.304426227513         1.308674380913         1.315152438036         1.304643546335         1.313401064445         1.314373601490         1.305523983677         1.316946229830         1.311930962496         1.307343181756         1.318562605152         1.308704235808         1.309845759970         1.317811606116         1.305612976173         1.312344785924         1.314707770172         1.303366089060         1.313927316177         1.309728820728         1.302268432839         1.313702939492         1.303693375466         1.302122073276         1.311047781192         1.297544121420         1.302261650459         1.305778594863         1.292094136607         1.301715432668         1.298210986740         1.287798161987         1.299437336817         1.289083054985         1.284599610862         1.294570030564         1.279362211578         1.281902028949         1.286663272392         1.269987633179         1.278684002607         1.275795847142         1.261599672770         1.273705332636         1.262554607183         1.254322555171         1.265787830091         1.247884120163         1.247652857250         1.254077338420         1.232826358837         1.240495094813         1.238236715301         1.218212613144         1.231312548371         1.218495807278         1.204360136528         1.218379057293         1.195549589755         1.190840655477         1.200048396137         1.170300591479         1.176353132634         1.174950287769         1.143476098793         1.158681703459         1.142003989130         1.115143636045         1.134669391422         1.100078504022         1.084109577337         1.099921104181         1.046948821319         1.047069927292         1.046836177079         0.977373018325         0.990090853573         0.960686588598         0.845791428337         0.853929592280         0.673494850044         0.000000000000
        1.022240871222         1.083205385787         1.205920887620         1.275508541199         1.266386175810         1.275376212284         1.287587847844         1.288945662642         1.287087121650         1.296456266562         1.298022065166         1.293644168870         1.303820147223         1.302447496128         1.298611831712         1.309779540693         1.304089296160         1.303567910655         1.313669772070         1.304426300918         1.308674453185         1.315152508845         1.304643625902         1.313401146041         1.314373689316         1.305524071697         1.316946317828         1.311931066372         1.307343297593         1.318562715520         1.308704351415         1.309845872538         1.317811714473         1.305613080112         1.312344884934         1.314707863396         1.303366173866         1.313927396908         1.309728899372         1.302268503236         1.313703004464         1.303693434362         1.302122130705         1.311047803543         1.297544157373         1.302261661442         1.305778616448         1.292094161751         1.301715460595         1.298211021493         1.287798202080         1.299437380901         1.289083106771         1.284599680609         1.294570081268         1.279362270166         1.281902073067         1.286663318292         1.269987678549         1.278684042415         1.275795891399         1.261599717087         1.273705374778         1.262554653992         1.254322600218         1.265787873507         1.247884169494         1.247652908039         1.254077395191         1.232826417857         1.240495147486         1.238236774567         1.218212667505         1.231312596830         1.218495861874         1.204360183330         1.218379101597         1.195549639205         1.190840693700         1.200048436099         1.170300625139         1.176353157173         1.174950315305         1.143476122707         1.158681721015         1.142004013989         1.115143654739         1.134669409183         1.100078527666         1.084109589081         1.099921117885         1.046948835652         1.047069932523         1.046836184822         0.977373021278         0.990090847749         0.960686587290         0.845791417882         0.853929582218         0.673494844351         0.000000000000
        1.022457067470         1.083437687235         1.206522105474         1.276427105130         1.267440576720         1.276701279276         1.289133577719         1.290587863301         1.289024164902         1.298559446762         1.300250509293         1.296180301377         1.306461946573         1.305265019791         1.301709636208         1.312937290462         1.307474299464         1.307169964049         1.317315059721         1.308333353072         1.312713796936         1.319250180743         1.309005414311         1.317811740487         1.318881359917         1.310259478709         1.321665542992         1.316794036198         1.312362417121         1.323534254032         1.313854632673         1.315059917422         1.322984908643         1.310971364152         1.317674857863         1.320033291967         1.308845795014         1.319305115735         1.315152282136         1.307778558664         1.319073251841         1.309152393300         1.307577000921         1.316366575740         1.302968849853         1.307589245136         1.311007856375         1.297409509705         1.306857502706         1.303311460233         1.292926562626         1.304352213201         1.294009083700         1.289469271176         1.299229853249         1.284062642964         1.286457262363         1.291049375054         1.274406562090         1.282884231948         1.279889681628         1.265680629565         1.277530062630         1.266334441103         1.258016000035         1.269231561506         1.251322771806         1.250926750768         1.257146118313         1.235894376477         1.243335143412         1.240938569181         1.220881894199         1.233725641832         1.220837332626         1.206612562345         1.220389403021         1.197534222771         1.192676124348         1.201691016650         1.171931313938         1.177792197713         1.176264668978         1.144761757541         1.159766589446         1.143029006647         1.116105726187         1.135457482341         1.100848816248         1.084782928048         1.100470876893         1.047492122036         1.047500075853         1.047197140088         0.977715669224         0.990330943201         0.960892597904         0.845960621905         0.854017269381         0.673571306466         0.000000000000
        1.022457067468         1.083437687234         1.206522105472         1.276427105128         1.267440576717         1.276701279273         1.289133577717         1.290587863298         1.289024164899         1.298559446759         1.300250509290         1.296180301374         1.306461946571         1.305265019788         1.301709636205         1.312937290460         1.307474299461         1.307169964047         1.317315059719         1.308333353070         1.312713796934         1.319250180741         1.309005414309         1.317811740485         1.318881359915         1.310259478708         1.321665542990         1.316794036196         1.312362417118         1.323534254030         1.313854632669         1.315059917419         1.322984908639         1.310971364149         1.317674857860         1.320033291963         1.308845795009         1.319305115731         1.315152282131         1.307778558660         1.319073251837         1.309152393295         1.307577000918         1.316366575736         1.302968849848         1.307589245132         1.311007856372         1.297409509701         1.306857502703         1.303311460229         1.292926562623         1.304352213199         1.294009083696         1.289469271173         1.299229853246         1.284062642960         1.286457262361         1.291049375050         1.274406562086         1.282884231946         1.279889681624         1.265680629562         1.277530062627         1.266334441099         1.258016000033         1.269231561504         1.251322771804         1.250926750768         1.257146118312         1.235894376476         1.243335143413         1.240938569180         1.220881894200         1.233725641833         1.220837332626         1.206612562347         1.220389403022         1.197534222772         1.192676124349         1.201691016650         1.171931313937         1.177792197714         1.176264668978         1.144761757541         1.159766589447         1.143029006647         1.116105726187         1.135457482342         1.100848816247         1.084782928049         1.100470876893         1.047492122036         1.047500075855         1.047197140088         0.977715669225         0.990330943203         0.960892597905         0.845960621907         0.854017269383         0.673571306467         0.000000000000
        1.022240900043         1.083205395330         1.205920933733         1.275508589794         1.266386228632         1.275376270661         1.287587902142         1.288945719501         1.287087178570         1.296456322679         1.298022122267         1.293644226604         1.303820203351         1.302447552138         1.298611888725         1.309779599285         1.304089359203         1.303567977356         1.313669832632         1.304426360013         1.308674509732         1.315152566094         1.304643691718         1.313401212590         1.314373764148         1.305524146856         1.316946395009         1.311931163767         1.307343408128         1.318562819538         1.308704461058         1.309845979053         1.317811818230         1.305613179510         1.312344981083         1.314707955651         1.303366256199         1.313927481883         1.309728981798         1.302268578310         1.313703074758         1.303693498239         1.302122196657         1.311047836823         1.297544202744         1.302261682209         1.305778645630         1.292094192800         1.301715493164         1.298211060139         1.287798244315         1.299437427746         1.289083160365         1.284599756447         1.294570132358         1.279362330078         1.281902111958         1.286663359498         1.269987716369         1.278684074018         1.275795927643         1.261599751819         1.273705407836         1.262554691658         1.254322635575         1.265787908061         1.247884208832         1.247652947960         1.254077440597         1.232826464653         1.240495188528         1.238236821561         1.218212709771         1.231312634135         1.218495904734         1.204360218904         1.218379135619         1.195549677942         1.190840721830         1.200048466670         1.170300645963         1.176353170485         1.174950330455         1.143476133962         1.158681725658         1.142004024749         1.115143657636         1.134669410837         1.100078533610         1.084109585282         1.099921117692         1.046948835745         1.047069924753         1.046836182679         0.977373015343         0.990090837333         0.960686582498         0.845791406132         0.853929572804         0.673494838614         0.000000000000
        1.022240925794         1.083205403078         1.205920973730         1.275508630762         1.266386273000         1.275376320087         1.287587946696         1.288945767084         1.287087225795         1.296456368704         1.298022169919         1.293644274332         1.303820249230         1.302447598588         1.298611935204         1.309779647416         1.304089412322         1.303568034036         1.313669883211         1.304426408696         1.308674555001         1.315152614605         1.304643748617         1.313401268813         1.314373830575         1.305524213847         1.316946465744         1.311931257895         1.307343515555         1.318562918959         1.308704566897         1.309846081381         1.317811919898         1.305613277706         1.312345078166         1.314708051083         1.303366338925         1.313927574838         1.309729071503         1.302268663664         1.313703155952         1.303693572933         1.302122272308         1.311047890922         1.297544261760         1.302261726181         1.305778692839         1.292094240991         1.301715542244         1.298211113308         1.287798300521         1.299437486791         1.289083222797         1.284599841424         1.294570191692         1.279362396572         1.281902157172         1.286663406718         1.269987759281         1.278684111554         1.275795968709         1.261599791447         1.273705446185         1.262554733742         1.254322676422         1.265787947711         1.247884251800         1.247652991330         1.254077486972         1.232826511978         1.240495230674         1.238236867279         1.218212752149         1.231312671752         1.218495946339         1.204360255093         1.218379169807         1.195549716282         1.190840751139         1.200048497748         1.170300665477         1.176353184333         1.174950344570         1.143476144784         1.158681729807         1.142004033891         1.115143661097         1.134669414594         1.100078541638         1.084109586531         1.099921123104         1.046948840174         1.047069922681         1.046836184166         0.977373014540         0.990090832123         0.960686581303         0.845791399951         0.853929567262         0.673494835601         0.000000000000
        1.022483264319         1.083457859405         1.206583856019         1.276514630658         1.267540953179         1.276826311778         1.289273983636         1.290737676161         1.289198333907         1.298745881344         1.300449662789         1.296404733687         1.306695703698         1.305517047520         1.301985310519         1.313221345850         1.307782173292         1.307497674028         1.317653049514         1.308698809308         1.313094457959         1.319645272040         1.309428484658         1.318246084949         1.319334988122         1.310738346952         1.322153378149         1.317305164800         1.312893639691         1.324074277650         1.314419935926         1.315639079665         1.323574607782         1.311585478156         1.318296854768         1.320668443118         1.309501556941         1.319963991778         1.315826592259         1.308467248602         1.319762220859         1.309857872450         1.308289140857         1.317078460581         1.303696146287         1.308315289497         1.311734835861         1.298148101774         1.307587888955         1.304044705645         1.293664995169         1.305077604012         1.294739116957         1.290195962139         1.299941647009         1.284779308354         1.287161239839         1.291739624909         1.275099220713         1.283555650174         1.280550686948         1.266338320513         1.278160523685         1.266958726448         1.258628287129         1.269814829062         1.251902858938         1.251484760038         1.257677895230         1.236422818623         1.243832374103         1.241415828632         1.221351521542         1.234158458079         1.221257895673         1.207017515787         1.220757501245         1.197896208829         1.193013072029         1.201996758427         1.172233095319         1.178061236635         1.176512151633         1.145002644151         1.159971904454         1.143223115780         1.116287159854         1.135606886149         1.100994461057         1.084909544654         1.100574276539         1.047594215019         1.047580121890         1.047264565466         0.977779974484         0.990375580296         0.960931601858         0.845992870427         0.854034129560         0.673586594896         0.000000000000
        1.022240949667         1.083205409882         1.205921009813         1.275508667110         1.266386311773         1.275376364012         1.287587985329         1.288945808764         1.287087267551         1.296456408577         1.298022212001         1.293644316520         1.303820289000         1.302447639655         1.298611975921         1.309779689264         1.304089459538         1.303568084050         1.313669929066         1.304426454103         1.308674597272         1.315152661983         1.304643804049         1.313401323484         1.314373896406         1.305524281203         1.316946538258         1.311931354202         1.307343624447         1.318563019155         1.308704674602         1.309846185246         1.317812025250         1.305613381622         1.312345182572         1.314708155184         1.303366427669         1.313927678119         1.309729171377         1.302268761250         1.313703248620         1.303693659547         1.302122357373         1.311047963954         1.297544334752         1.302261791883         1.305778758702         1.292094307626         1.301715609155         1.298211184488         1.287798375432         1.299437560261         1.289083295689         1.284599932325         1.294570262003         1.279362471474         1.281902215485         1.286663466041         1.269987815134         1.278684163103         1.275796022186         1.261599844539         1.273705497977         1.262554788661         1.254322731856         1.265788000670         1.247884306517         1.247653045766         1.254077540718         1.232826566148         1.240495279134         1.238236916135         1.218212798883         1.231312712727         1.218495989368         1.204360294296         1.218379205356         1.195549755156         1.190840782195         1.200048528819         1.170300685788         1.176353199464         1.174950358979         1.143476156198         1.158681734424         1.142004042571         1.115143668030         1.134669425152         1.100078556946         1.084109599984         1.099921142467         1.046948855879         1.047069936271         1.046836196246         0.977373027412         0.990090837824         0.960686587816         0.845791403557         0.853929567343         0.673494836828         0.000000000000
        1.022240973518         1.083205417170         1.205921045949         1.275508704322         1.266386350737         1.275376409183         1.287588025683         1.288945851922         1.287087312389         1.296456451178         1.298022257318         1.293644363142         1.303820332709         1.302447685496         1.298612022340         1.309779736071         1.304089512322         1.303568138942         1.313669982168         1.304426509563         1.308674650840         1.315152721222         1.304643871628         1.313401391288         1.314373975345         1.305524363802         1.316946626617         1.311931464412         1.307343746108         1.318563133326         1.308704797579         1.309846304981         1.317812148301         1.305613505742         1.312345306794         1.314708279220         1.303366537799         1.313927798762         1.309729289422         1.302268877583         1.313703358769         1.303693765780         1.302122460413         1.311048059621         1.297544429994         1.302261882580         1.305778848918         1.292094399564         1.301715699940         1.298211282193         1.287798478683         1.299437655790         1.289083387761         1.284600037182         1.294570352502         1.279362565171         1.281902297140         1.286663547762         1.269987895001         1.278684238784         1.275796099004         1.261599922392         1.273705574160         1.262554869216         1.254322814713         1.265788079422         1.247884385587         1.247653121993         1.254077611972         1.232826636619         1.240495341165         1.238236975597         1.218212855965         1.231312761718         1.218496038935         1.204360339765         1.218379245246         1.195549797342         1.190840816483         1.200048561294         1.170300710045         1.176353217536         1.174950375985         1.143476170049         1.158681740821         1.142004051908         1.115143674105         1.134669432176         1.100078566966         1.084109606447         1.099921152382         1.046948862658         1.047069942922         1.046836202377         0.977373034796         0.990090838526         0.960686590107         0.845791402674         0.853929564282         0.673494835566         0.000000000000
        1.022481172140         1.083456303622         1.206578869344         1.276507688195         1.267532874786         1.276816365955         1.289262902662         1.290725825931         1.289184696397         1.298731319029         1.300434097625         1.296387329930         1.306677542664         1.305497483534         1.301964029292         1.313199323486         1.307758374659         1.307472401344         1.317626859290         1.308670594572         1.313065039732         1.319614620798         1.309395771800         1.318212398504         1.319299733693         1.310701208527         1.322115364861         1.317265336843         1.312852267043         1.324032008769         1.314375755639         1.315593772480         1.323528297344         1.311537368297         1.318248015839         1.320618469378         1.309450098574         1.319912110409         1.315773508089         1.308413135287         1.319707875063         1.309802368808         1.308233162918         1.317022336722         1.303639051806         1.308258254051         1.311677659677         1.298090305747         1.307530594891         1.303987282012         1.293607432078         1.305020871346         1.294682299568         1.290139583770         1.299886275449         1.284723965910         1.287106912588         1.291686322092         1.275046194756         1.283504149226         1.280500145448         1.266288448121         1.278112544373         1.266911579266         1.258582314492         1.269770895990         1.251859653302         1.251443284667         1.257638350472         1.236384025144         1.243795803590         1.241380874231         1.221317531673         1.234126997564         1.221227620828         1.206988605358         1.220731108586         1.197870602998         1.192989318121         1.201975167719         1.172212100538         1.178042490611         1.176494957116         1.144986127898         1.159957753447         1.143209837320         1.116274860654         1.135596688563         1.100984620920         1.084901019524         1.100567264175         1.047587370614         1.047574746775         1.047260020955         0.977775698386         0.990372597475         0.960929010278         0.845990761294         0.854033026761         0.673585605478         0.000000000000
        1.022481172139         1.083456303622         1.206578869343         1.276507688195         1.267532874785         1.276816365955         1.289262902663         1.290725825931         1.289184696398         1.298731319030         1.300434097625         1.296387329931         1.306677542666         1.305497483535         1.301964029294         1.313199323488         1.307758374661         1.307472401347         1.317626859292         1.308670594575         1.313065039736         1.319614620800         1.309395771803         1.318212398508         1.319299733696         1.310701208531         1.322115364865         1.317265336847         1.312852267048         1.324032008774         1.314375755643         1.315593772485         1.323528297348         1.311537368302         1.318248015844         1.320618469383         1.309450098579         1.319912110415         1.315773508094         1.308413135294         1.319707875069         1.309802368814         1.308233162925         1.317022336729         1.303639051812         1.308258254058         1.311677659684         1.298090305754         1.307530594899         1.303987282019         1.293607432085         1.305020871353         1.294682299574         1.290139583777         1.299886275455         1.284723965917         1.287106912595         1.291686322099         1.275046194763         1.283504149233         1.280500145455         1.266288448129         1.278112544381         1.266911579273         1.258582314501         1.269770895997         1.251859653310         1.251443284675         1.257638350479         1.236384025151         1.243795803598         1.241380874237         1.221317531680         1.234126997570         1.221227620833         1.206988605364         1.220731108591         1.197870603003         1.192989318127         1.201975167723         1.172212100542         1.178042490616         1.176494957119         1.144986127902         1.159957753451         1.143209837323         1.116274860657         1.135596688566         1.100984620921         1.084901019527         1.100567264176         1.047587370616         1.047574746777         1.047260020956         0.977775698388         0.990372597477         0.960929010279         0.845990761297         0.854033026763         0.673585605479         0.000000000000
        1.022240998333         1.083205425563         1.205921084151         1.275508745047         1.266386392818         1.275376458927         1.287588071426         1.288945900210         1.287087364363         1.296456500770         1.298022310114         1.293644418920         1.303820385161         1.302447741044         1.298612079923         1.309779793374         1.304089576522         1.303568204751         1.313670047640         1.304426580208         1.308674720503         1.315152796201         1.304643955559         1.313401475905         1.314374070488         1.305524464621         1.316946732343         1.311931589073         1.307343880326         1.318563262333         1.308704936072         1.309846440854         1.317812287908         1.305613648219         1.312345447307         1.314708419988         1.303366670166         1.313927933491         1.309729423524         1.302269010395         1.313703485022         1.303693891621         1.302122582929         1.311048177041         1.297544549331         1.302261998109         1.305778964591         1.292094519154         1.301715816994         1.298211409687         1.287798614244         1.299437777586         1.289083505569         1.284600164972         1.294570471057         1.279362687308         1.281902410015         1.286663660731         1.269988008130         1.278684347573         1.275796209484         1.261600036004         1.273705686258         1.262554989086         1.254322939447         1.265788198317         1.247884503276         1.247653232675         1.254077712323         1.232826734342         1.240495425858         1.238237054351         1.218212931177         1.231312825169         1.218496101645         1.204360396966         1.218379294406         1.195549848012         1.190840858168         1.200048599340         1.170300742846         1.176353242131         1.174950399670         1.143476190471         1.158681752899         1.142004066558         1.115143683391         1.134669439292         1.100078576551         1.084109608716         1.099921155983         1.046948864105         1.047069940806         1.046836202519         0.977373034807         0.990090833659         0.960686588391         0.845791397280         0.853929558843         0.673494832449         0.000000000000
        1.022483270334         1.083457862705         1.206583868050         1.276514645514         1.267540970461         1.276826332374         1.289274005297         1.290737699804         1.289198360032         1.298745908809         1.300449692685         1.296404765925         1.306695737627         1.305517084272         1.301985349589         1.313221387113         1.307782217643         1.307497720568         1.317653098784         1.308698861770         1.313094512713         1.319645330342         1.309428546317         1.318246149002         1.319335056572         1.310738418340         1.322153451825         1.317305241888         1.312893719404         1.324074360477         1.314420021388         1.315639166514         1.323574697778         1.311585571348         1.318296949877         1.320668542038         1.309501658486         1.319964095234         1.315826698707         1.308467357413         1.319762331658         1.309857986046         1.308289255190         1.317078576647         1.303696264334         1.308315407741         1.311734955916         1.298148222568         1.307588009817         1.304044827844         1.293665117760         1.305077725934         1.294739239213         1.290196082775         1.299941766424         1.284779427060         1.287161356450         1.291739740270         1.275099334209         1.283555761070         1.280550796271         1.266338427594         1.278160627293         1.266958827826         1.258628384989         1.269814923218         1.251902950501         1.251484848304         1.257677979977         1.236422900434         1.243832451213         1.241415902469         1.221351592135         1.234158523997         1.221257958715         1.207017575050         1.220757556030         1.197896261359         1.193013120177         1.201996802778         1.172233137720         1.178061274302         1.176512186650         1.145002677083         1.159971932727         1.143223142722         1.116287184070         1.135606906546         1.100994480837         1.084909561156         1.100574290577         1.047594228580         1.047580131991         1.047264574509         0.977779982566         0.990375585638         0.960931606858         0.845992873932         0.854034131215         0.673586596546         0.000000000000
        1.022457067469         1.083437687235         1.206522105474         1.276427105130         1.267440576720         1.276701279276         1.289133577719         1.290587863301         1.289024164903         1.298559446762         1.300250509293         1.296180301378         1.306461946574         1.305265019792         1.301709636209         1.312937290464         1.307474299465         1.307169964050         1.317315059722         1.308333353073         1.312713796937         1.319250180745         1.309005414312         1.317811740488         1.318881359918         1.310259478710         1.321665542992         1.316794036199         1.312362417121         1.323534254032         1.313854632672         1.315059917422         1.322984908642         1.310971364152         1.317674857863         1.320033291966         1.308845795013         1.319305115735         1.315152282135         1.307778558664         1.319073251840         1.309152393299         1.307577000921         1.316366575740         1.302968849852         1.307589245136         1.311007856375         1.297409509705         1.306857502706         1.303311460232         1.292926562625         1.304352213201         1.294009083699         1.289469271175         1.299229853248         1.284062642963         1.286457262362         1.291049375053         1.274406562088         1.282884231947         1.279889681626         1.265680629564         1.277530062629         1.266334441101         1.258016000035         1.269231561506         1.251322771805         1.250926750769         1.257146118313         1.235894376477         1.243335143413         1.240938569181         1.220881894201         1.233725641834         1.220837332628         1.206612562348         1.220389403023         1.197534222773         1.192676124350         1.201691016651         1.171931313939         1.177792197714         1.176264668979         1.144761757541         1.159766589447         1.143029006648         1.116105726188         1.135457482342         1.100848816248         1.084782928049         1.100470876893         1.047492122036         1.047500075855         1.047197140088         0.977715669225         0.990330943203         0.960892597905         0.845960621906         0.854017269382         0.673571306467         0.000000000000
        1.022482946954         1.083457627752         1.206583104010         1.276513600627         1.267539750411         1.276824840817         1.289272357611         1.290735926218         1.289196335546         1.298743746629         1.300447368846         1.296402186177         1.306693031584         1.305514164104         1.301982186935         1.313218088247         1.307778657247         1.307493942558         1.317649153432         1.308694623856         1.313090081182         1.319640683451         1.309423601572         1.318241031526         1.319329681811         1.310732767167         1.322147633877         1.317299145348         1.312887387536         1.324067853734         1.314413232284         1.315632195292         1.323567543412         1.311578155161         1.318289398518         1.320660798032         1.309493699264         1.319956042947         1.315818461906         1.308458967353         1.319753872528         1.309849363040         1.308280559765         1.317069832114         1.303687393847         1.308306535219         1.311726049825         1.298139250918         1.307579094690         1.304035900111         1.293656187929         1.305068899094         1.294730423609         1.290187347752         1.299933166448         1.284770868209         1.287152948087         1.291731480229         1.275091158091         1.283547801298         1.280542994546         1.266330759419         1.278153227381         1.266951584393         1.258621341207         1.269808174598         1.251896354281         1.251478515769         1.257671933250         1.236417011709         1.243826887807         1.241410594038         1.221346462581         1.234153757097         1.221253394185         1.207013232936         1.220753575144         1.197892426552         1.193009564301         1.201993560889         1.172230010329         1.178058473558         1.176509617754         1.145000227573         1.159969822605         1.143221168794         1.116285364960         1.135605388358         1.100993025007         1.084908300837         1.100573247029         1.047593217195         1.047579334027         1.047263896267         0.977779347886         0.990375137833         0.960931218489         0.845992557604         0.854033964172         0.673586447925         0.000000000000
        1.022482946953         1.083457627753         1.206583104010         1.276513600629         1.267539750413         1.276824840819         1.289272357614         1.290735926221         1.289196335550         1.298743746633         1.300447368850         1.296402186182         1.306693031589         1.305514164108         1.301982186941         1.313218088252         1.307778657253         1.307493942564         1.317649153437         1.308694623862         1.313090081188         1.319640683456         1.309423601578         1.318241031532         1.319329681818         1.310732767174         1.322147633884         1.317299145354         1.312887387543         1.324067853741         1.314413232291         1.315632195299         1.323567543419         1.311578155168         1.318289398524         1.320660798038         1.309493699271         1.319956042954         1.315818461912         1.308458967360         1.319753872535         1.309849363046         1.308280559772         1.317069832120         1.303687393854         1.308306535226         1.311726049831         1.298139250925         1.307579094697         1.304035900117         1.293656187936         1.305068899100         1.294730423615         1.290187347758         1.299933166454         1.284770868215         1.287152948093         1.291731480234         1.275091158096         1.283547801304         1.280542994551         1.266330759425         1.278153227387         1.266951584398         1.258621341213         1.269808174603         1.251896354287         1.251478515775         1.257671933255         1.236417011714         1.243826887812         1.241410594042         1.221346462585         1.234153757101         1.221253394188         1.207013232939         1.220753575146         1.197892426554         1.193009564304         1.201993560891         1.172230010330         1.178058473559         1.176509617755         1.145000227574         1.159969822606         1.143221168795         1.116285364960         1.135605388359         1.100993025007         1.084908300837         1.100573247029         1.047593217194         1.047579334027         1.047263896267         0.977779347886         0.990375137833         0.960931218489         0.845992557604         0.854033964172         0.673586447925         0.000000000000
        1.022483273066         1.083457863938         1.206583873005         1.276514651234         1.267540977012         1.276826340142         1.289274013106         1.290737708430         1.289198369404         1.298745918457         1.300449703355         1.296404777197         1.306695749457         1.305517097211         1.301985363116         1.313221401507         1.307782233122         1.307497736624         1.317653115943         1.308698879979         1.313094531659         1.319645350839         1.309428567915         1.318246171435         1.319335081041         1.310738443779         1.322153477911         1.317305269112         1.312893747515         1.324074389731         1.314420051141         1.315639196147         1.323574728807         1.311585603313         1.318296982618         1.320668576986         1.309501694478         1.319964132155         1.315826737167         1.308467396880         1.319762372310         1.309858028316         1.308289297848         1.317078620332         1.303696309270         1.308315452610         1.311735002180         1.298148269355         1.307588056756         1.304044876056         1.293665166488         1.305077774541         1.294739288328         1.290196131081         1.299941814315         1.284779474911         1.287161403312         1.291739786857         1.275099380084         1.283555805839         1.280550840753         1.266338471096         1.278160669158         1.266958868739         1.258628424225         1.269814960895         1.251902987026         1.251484883410         1.257678013771         1.236422932924         1.243832481707         1.241415931994         1.221351620014         1.234158550031         1.221257983692         1.207017598180         1.220757577445         1.197896281898         1.193013138710         1.201996819962         1.172233154106         1.178061288615         1.176512200140         1.145002689655         1.159971943379         1.143223153090         1.116287193178         1.135606914198         1.100994488394         1.084909567193         1.100574295809         1.047594233667         1.047580135509         1.047264577829         0.977779985386         0.990375587291         0.960931608592         0.845992874883         0.854034131552         0.673586596994         0.000000000000
        1.022481172138         1.083456303621         1.206578869342         1.276507688192         1.267532874783         1.276816365952         1.289262902660         1.290725825928         1.289184696394         1.298731319026         1.300434097622         1.296387329928         1.306677542662         1.305497483532         1.301964029290         1.313199323484         1.307758374657         1.307472401343         1.317626859288         1.308670594570         1.313065039731         1.319614620796         1.309395771798         1.318212398502         1.319299733691         1.310701208525         1.322115364859         1.317265336841         1.312852267041         1.324032008768         1.314375755636         1.315593772478         1.323528297342         1.311537368295         1.318248015837         1.320618469376         1.309450098571         1.319912110407         1.315773508086         1.308413135285         1.319707875061         1.309802368805         1.308233162916         1.317022336720         1.303639051803         1.308258254050         1.311677659675         1.298090305745         1.307530594890         1.303987282011         1.293607432077         1.305020871346         1.294682299567         1.290139583771         1.299886275449         1.284723965911         1.287106912589         1.291686322094         1.275046194758         1.283504149228         1.280500145450         1.266288448124         1.278112544376         1.266911579269         1.258582314496         1.269770895993         1.251859653306         1.251443284671         1.257638350475         1.236384025147         1.243795803594         1.241380874234         1.221317531676         1.234126997567         1.221227620830         1.206988605361         1.220731108588         1.197870602999         1.192989318124         1.201975167721         1.172212100540         1.178042490613         1.176494957117         1.144986127899         1.159957753448         1.143209837321         1.116274860655         1.135596688564         1.100984620920         1.084901019525         1.100567264175         1.047587370615         1.047574746776         1.047260020955         0.977775698387         0.990372597476         0.960929010278         0.845990761295         0.854033026762         0.673585605478         0.000000000000
        1.022483193095         1.083457810830         1.206583696100         1.276514417231         1.267540702998         1.276826008228         1.289273651204         1.290737316683         1.289197927168         1.298745447448         1.300449195042         1.296404217952         1.306695160919         1.305516461448         1.301984678019         1.313220682960         1.307781458906         1.307496917020         1.317652255404         1.308697958577         1.313093567582         1.319644334885         1.309427489473         1.318245052411         1.319333900473         1.310737205203         1.322152199006         1.317303929206         1.312892356736         1.324072954281         1.314418557052         1.315637663836         1.323573151330         1.311583969771         1.318295316411         1.320666862487         1.309499933834         1.319962345384         1.315824907409         1.308465531967         1.319760485529         1.309856104403         1.308287358137         1.317076663809         1.303694326510         1.308313467140         1.311733004007         1.298146260361         1.307586055242         1.304042869482         1.293663160125         1.305075785378         1.294737302376         1.290194165431         1.299939874097         1.284777547735         1.287159508366         1.291737921316         1.275097539233         1.283554009764         1.280549079011         1.266336742730         1.278158997239         1.266957234463         1.258626838073         1.269813437667         1.251901502759         1.251483457076         1.257676648645         1.236421609501         1.243831230289         1.241414737746         1.221350471255         1.234157479214         1.221256960579         1.207016628426         1.220756685441         1.197895425330         1.193012346436         1.201996094871         1.172232457673         1.178060665158         1.176511626327         1.145002145578         1.159971474021         1.143222712502         1.116286790225         1.135606576124         1.100994164017         1.084909288776         1.100574063159         1.047594009116         1.047579960089         1.047264426871         0.977779845750         0.990375489387         0.960931522365         0.845992806486         0.854034095800         0.673586564738         0.000000000000
        1.022483193095         1.083457810830         1.206583696099         1.276514417231         1.267540702997         1.276826008228         1.289273651203         1.290737316682         1.289197927167         1.298745447446         1.300449195040         1.296404217949         1.306695160916         1.305516461445         1.301984678015         1.313220682956         1.307781458902         1.307496917015         1.317652255399         1.308697958572         1.313093567576         1.319644334880         1.309427489467         1.318245052404         1.319333900467         1.310737205195         1.322152198998         1.317303929198         1.312892356728         1.324072954274         1.314418557044         1.315637663827         1.323573151322         1.311583969762         1.318295316402         1.320666862479         1.309499933826         1.319962345376         1.315824907401         1.308465531959         1.319760485522         1.309856104396         1.308287358130         1.317076663802         1.303694326504         1.308313467134         1.311733004001         1.298146260355         1.307586055236         1.304042869476         1.293663160119         1.305075785372         1.294737302369         1.290194165425         1.299939874091         1.284777547729         1.287159508360         1.291737921310         1.275097539227         1.283554009759         1.280549079005         1.266336742724         1.278158997234         1.266957234458         1.258626838068         1.269813437663         1.251901502754         1.251483457071         1.257676648641         1.236421609497         1.243831230286         1.241414737742         1.221350471252         1.234157479212         1.221256960577         1.207016628424         1.220756685439         1.197895425328         1.193012346435         1.201996094870         1.172232457671         1.178060665157         1.176511626326         1.145002145577         1.159971474021         1.143222712502         1.116286790225         1.135606576124         1.100994164017         1.084909288776         1.100574063159         1.047594009116         1.047579960089         1.047264426871         0.977779845750         0.990375489387         0.960931522365         0.845992806486         0.854034095800         0.673586564738         0.000000000000
        1.022483274277         1.083457864354         1.206583874941         1.276514653246         1.267540979256         1.276826342836         1.289274015586         1.290737711267         1.289198372438         1.298745921434         1.300449706814         1.296404780749         1.306695753145         1.305517101409         1.301985367378         1.313221406102         1.307782238159         1.307497741741         1.317653121541         1.308698885967         1.313094537875         1.319645357831         1.309428575274         1.318246179037         1.319335089619         1.310738452678         1.322153486681         1.317305277945         1.312893756603         1.324074399086         1.314420060743         1.315639205515         1.323574739132         1.311585613999         1.318296993684         1.320668589655         1.309501707636         1.319964145795         1.315826751799         1.308467411992         1.319762388331         1.309858045678         1.308289315758         1.317078639044         1.303696328823         1.308315472109         1.311735022856         1.298148290192         1.307588077790         1.304044897938         1.293665188642         1.305077796850         1.294739311001         1.290196153301         1.299941836571         1.284779497246         1.287161425239         1.291739808858         1.275099401782         1.283555827146         1.280550862223         1.266338492139         1.278160689414         1.266958888478         1.258628443071         1.269814979044         1.251903004452         1.251484900162         1.257678029840         1.236422948306         1.243832496285         1.241415946388         1.221351633319         1.234158562616         1.221257995754         1.207017609231         1.220757587727         1.197896291695         1.193013147466         1.201996828134         1.172233161920         1.178061295342         1.176512206562         1.145002695594         1.159971948424         1.143223158052         1.116287197526         1.135606917922         1.100994492054         1.084909570071         1.100574298325         1.047594236152         1.047580137192         1.047264579439         0.977779986689         0.990375587980         0.960931609405         0.845992875267         0.854034131690         0.673586597201         0.000000000000
        1.022482946952         1.083457627752         1.206583104008         1.276513600626         1.267539750410         1.276824840815         1.289272357610         1.290735926217         1.289196335546         1.298743746629         1.300447368846         1.296402186177         1.306693031584         1.305514164103         1.301982186935         1.313218088247         1.307778657247         1.307493942558         1.317649153431         1.308694623856         1.313090081182         1.319640683450         1.309423601571         1.318241031526         1.319329681811         1.310732767167         1.322147633877         1.317299145347         1.312887387535         1.324067853733         1.314413232283         1.315632195291         1.323567543412         1.311578155160         1.318289398518         1.320660798031         1.309493699264         1.319956042948         1.315818461906         1.308458967354         1.319753872529         1.309849363040         1.308280559766         1.317069832115         1.303687393848         1.308306535221         1.311726049826         1.298139250919         1.307579094692         1.304035900112         1.293656187931         1.305068899097         1.294730423611         1.290187347754         1.299933166451         1.284770868211         1.287152948090         1.291731480231         1.275091158093         1.283547801301         1.280542994548         1.266330759422         1.278153227384         1.266951584395         1.258621341210         1.269808174600         1.251896354284         1.251478515772         1.257671933252         1.236417011711         1.243826887809         1.241410594040         1.221346462583         1.234153757099         1.221253394186         1.207013232937         1.220753575144         1.197892426551         1.193009564302         1.201993560889         1.172230010328         1.178058473558         1.176509617753         1.145000227572         1.159969822604         1.143221168793         1.116285364959         1.135605388358         1.100993025006         1.084908300836         1.100573247028         1.047593217194         1.047579334027         1.047263896267         0.977779347886         0.990375137833         0.960931218489         0.845992557605         0.854033964173         0.673586447925         0.000000000000
        1.022483248414         1.083457849238         1.206583821500         1.276514585761         1.267540900475         1.276826248391         1.289273915020         1.290737601691         1.289198250425         1.298745792536         1.300449566779         1.296404628647         1.306695592986         1.305516927942         1.301985182064         1.313221210746         1.307782027893         1.307497520341         1.317652887681         1.308698636365         1.313094276989         1.319645080854         1.309428281955         1.318245874382         1.319334765443         1.310738113699         1.322153136937         1.317304912142         1.312893377681         1.324074006555         1.314419653841         1.315638790340         1.323574309313         1.311585169078         1.318296539415         1.320668118457         1.309501223790         1.319963653511         1.315826245895         1.308466895544         1.319761863215         1.309857507706         1.308288773299         1.317078089315         1.303695770480         1.308314912868         1.311734456264         1.298147720753         1.307587508734         1.304044324491         1.293664614343         1.305077225802         1.294738739459         1.290195588723         1.299941277768         1.284778942067         1.287160879389         1.291739269538         1.275098870709         1.283555308115         1.280550351180         1.266337991291         1.278160204598         1.266958414585         1.258627984643         1.269814538020         1.251902575654         1.251484487288         1.257677633798         1.236422565579         1.243832134585         1.241415599934         1.221351301685         1.234158252525         1.221257699090         1.207017329274         1.220757328872         1.197896043471         1.193012919046         1.201996618016         1.172232960707         1.178061115931         1.176512040328         1.145002538844         1.159971813353         1.143223030140         1.116287081689         1.135606820312         1.100994397816         1.084909490449         1.100574230981         1.047594171127         1.047580087745         1.047264535888         0.977779947299         0.990375561317         0.960931585032         0.845992857314         0.854034122783         0.673586588715         0.000000000000
        1.022483248413         1.083457849238         1.206583821499         1.276514585760         1.267540900474         1.276826248390         1.289273915020         1.290737601690         1.289198250424         1.298745792535         1.300449566779         1.296404628647         1.306695592986         1.305516927942         1.301985182063         1.313221210746         1.307782027892         1.307497520340         1.317652887680         1.308698636363         1.313094276988         1.319645080852         1.309428281953         1.318245874381         1.319334765442         1.310738113697         1.322153136936         1.317304912140         1.312893377680         1.324074006554         1.314419653840         1.315638790339         1.323574309312         1.311585169077         1.318296539414         1.320668118457         1.309501223789         1.319963653511         1.315826245895         1.308466895545         1.319761863216         1.309857507707         1.308288773300         1.317078089317         1.303695770482         1.308314912870         1.311734456266         1.298147720755         1.307587508737         1.304044324493         1.293664614346         1.305077225805         1.294738739462         1.290195588727         1.299941277771         1.284778942070         1.287160879393         1.291739269541         1.275098870712         1.283555308119         1.280550351183         1.266337991295         1.278160204601         1.266958414588         1.258627984646         1.269814538022         1.251902575656         1.251484487291         1.257677633800         1.236422565582         1.243832134588         1.241415599937         1.221351301688         1.234158252528         1.221257699094         1.207017329277         1.220757328875         1.197896043473         1.193012919048         1.201996618019         1.172232960710         1.178061115933         1.176512040330         1.145002538846         1.159971813355         1.143223030142         1.116287081691         1.135606820314         1.100994397818         1.084909490450         1.100574230982         1.047594171129         1.047580087746         1.047264535888         0.977779947299         0.990375561318         0.960931585033         0.845992857314         0.854034122783         0.673586588715         0.000000000000
        1.022483274650         1.083457864382         1.206583875347         1.276514653460         1.267540979465         1.276826343129         1.289274015629         1.290737711450         1.289198372592         1.298745921435         1.300449707036         1.296404780881         1.306695753252         1.305517101751         1.301985367589         1.313221406411         1.307782238642         1.307497742134         1.317653122148         1.308698886693         1.313094538639         1.319645359009         1.309428576518         1.318246180277         1.319335091261         1.310738454332         1.322153487855         1.317305278613         1.312893757190         1.324074399427         1.314420061457         1.315639206068         1.323574740508         1.311585615519         1.318296995354         1.320668592537         1.309501710660         1.319964149021         1.315826755642         1.308467416022         1.319762393100         1.309858051491         1.308289322066         1.317078646001         1.303696336398         1.308315479803         1.311735031615         1.298148299010         1.307588086946         1.304044907778         1.293665198716         1.305077807295         1.294739321758         1.290196163840         1.299941847434         1.284779508224         1.287161436129         1.291739819996         1.275099412785         1.283555838139         1.280550873605         1.266338503407         1.278160700420         1.266958899217         1.258628453312         1.269814989073         1.251903013941         1.251484909337         1.257678038516         1.236422956600         1.243832504322         1.241415954597         1.221351640653         1.234158569830         1.221258002622         1.207017615534         1.220757593668         1.197896297278         1.193013152509         1.201996832872         1.172233166473         1.178061299250         1.176512210304         1.145002699053         1.159971951431         1.143223160960         1.116287200121         1.135606920205         1.100994494232         1.084909571841         1.100574299884         1.047594237690         1.047580138326         1.047264580482         0.977779987565         0.990375588544         0.960931609986         0.845992875656         0.854034131900         0.673586597411         0.000000000000
        1.022483193094         1.083457810830         1.206583696099         1.276514417230         1.267540702996         1.276826008227         1.289273651203         1.290737316681         1.289197927166         1.298745447446         1.300449195040         1.296404217949         1.306695160916         1.305516461445         1.301984678016         1.313220682958         1.307781458903         1.307496917017         1.317652255401         1.308697958575         1.313093567580         1.319644334883         1.309427489471         1.318245052409         1.319333900472         1.310737205201         1.322152199004         1.317303929204         1.312892356734         1.324072954279         1.314418557049         1.315637663834         1.323573151328         1.311583969768         1.318295316408         1.320666862484         1.309499933831         1.319962345382         1.315824907406         1.308465531964         1.319760485526         1.309856104400         1.308287358134         1.317076663806         1.303694326507         1.308313467137         1.311733004003         1.298146260357         1.307586055239         1.304042869478         1.293663160121         1.305075785374         1.294737302370         1.290194165426         1.299939874092         1.284777547730         1.287159508362         1.291737921311         1.275097539227         1.283554009759         1.280549079005         1.266336742724         1.278158997234         1.266957234458         1.258626838068         1.269813437662         1.251901502754         1.251483457071         1.257676648640         1.236421609496         1.243831230286         1.241414737742         1.221350471252         1.234157479212         1.221256960576         1.207016628424         1.220756685439         1.197895425327         1.193012346435         1.201996094870         1.172232457671         1.178060665157         1.176511626326         1.145002145577         1.159971474021         1.143222712502         1.116286790225         1.135606576123         1.100994164017         1.084909288776         1.100574063158         1.047594009115         1.047579960089         1.047264426871         0.977779845749         0.990375489386         0.960931522365         0.845992806485         0.854034095800         0.673586564738         0.000000000000
        1.022483264318         1.083457859405         1.206583856019         1.276514630659         1.267540953180         1.276826311780         1.289273983638         1.290737676163         1.289198333910         1.298745881347         1.300449662793         1.296404733691         1.306695703702         1.305517047525         1.301985310524         1.313221345854         1.307782173297         1.307497674033         1.317653049519         1.308698809313         1.313094457965         1.319645272045         1.309428484664         1.318246084955         1.319334988128         1.310738346959         1.322153378156         1.317305164807         1.312893639699         1.324074277657         1.314419935933         1.315639079673         1.323574607788         1.311585478163         1.318296854775         1.320668443125         1.309501556949         1.319963991785         1.315826592266         1.308467248610         1.319762220866         1.309857872458         1.308289140864         1.317078460588         1.303696146295         1.308315289505         1.311734835869         1.298148101782         1.307587888963         1.304044705652         1.293664995177         1.305077604020         1.294739116964         1.290195962146         1.299941647015         1.284779308361         1.287161239846         1.291739624915         1.275099220719         1.283555650181         1.280550686954         1.266338320520         1.278160523691         1.266958726454         1.258628287136         1.269814829068         1.251902858944         1.251484760043         1.257677895235         1.236422818628         1.243832374107         1.241415828635         1.221351521546         1.234158458082         1.221257895676         1.207017515790         1.220757501247         1.197896208831         1.193013072032         1.201996758428         1.172233095320         1.178061236636         1.176512151634         1.145002644152         1.159971904455         1.143223115781         1.116287159856         1.135606886150         1.100994461058         1.084909544656         1.100574276540         1.047594215020         1.047580121891         1.047264565466         0.977779974485         0.990375580297         0.960931601859         0.845992870428         0.854034129561         0.673586594896         0.000000000000
        1.022483264320         1.083457859406         1.206583856021         1.276514630661         1.267540953182         1.276826311782         1.289273983640         1.290737676165         1.289198333912         1.298745881349         1.300449662795         1.296404733693         1.306695703703         1.305517047527         1.301985310526         1.313221345856         1.307782173299         1.307497674034         1.317653049521         1.308698809315         1.313094457966         1.319645272047         1.309428484666         1.318246084956         1.319334988130         1.310738346960         1.322153378157         1.317305164809         1.312893639700         1.324074277658         1.314419935935         1.315639079675         1.323574607791         1.311585478167         1.318296854778         1.320668443129         1.309501556952         1.319963991788         1.315826592269         1.308467248612         1.319762220868         1.309857872460         1.308289140866         1.317078460590         1.303696146296         1.308315289506         1.311734835870         1.298148101783         1.307587888963         1.304044705653         1.293664995177         1.305077604020         1.294739116966         1.290195962146         1.299941647016         1.284779308362         1.287161239846         1.291739624916         1.275099220720         1.283555650181         1.280550686955         1.266338320520         1.278160523691         1.266958726455         1.258628287136         1.269814829068         1.251902858945         1.251484760043         1.257677895235         1.236422818628         1.243832374106         1.241415828636         1.221351521546         1.234158458082         1.221257895676         1.207017515789         1.220757501246         1.197896208831         1.193013072031         1.201996758428         1.172233095320         1.178061236635         1.176512151633         1.145002644151         1.159971904454         1.143223115781         1.116287159855         1.135606886149         1.100994461058         1.084909544655         1.100574276539         1.047594215020         1.047580121889         1.047264565466         0.977779974484         0.990375580296         0.960931601858         0.845992870426         0.854034129559         0.673586594896         0.000000000000
        1.022483274585         1.083457864268         1.206583875121         1.276514653029         1.267540979040         1.276826342603         1.289274014952         1.290737710829         1.289198371831         1.298745920604         1.300449706285         1.296404779985         1.306695752372         1.305517100946         1.301985366602         1.313221405500         1.307782237755         1.307497741165         1.317653121334         1.308698885842         1.313094537837         1.319645358453         1.309428575926         1.318246179669         1.319335090762         1.310738453731         1.322153487015         1.317305277609         1.312893756123         1.324074397828         1.314420060240         1.315639204691         1.323574739738         1.311585614831         1.318296994849         1.320668593009         1.309501711172         1.319964149656         1.315826756629         1.308467417098         1.319762394751         1.309858053863         1.308289324837         1.317078649102         1.303696339946         1.308315483559         1.311735036137         1.298148303550         1.307588091780         1.304044913136         1.293665204451         1.305077813431         1.294739328065         1.290196170088         1.299941853967         1.284779514793         1.287161442749         1.291739826748         1.275099419460         1.283555844906         1.280550880703         1.266338510592         1.278160707560         1.266958906163         1.258628459991         1.269814995712         1.251903020139         1.251484915413         1.257678044136         1.236422961991         1.243832509694         1.241415960113         1.221351645453         1.234158574725         1.221258007156         1.207017619714         1.220757597542         1.197896300821         1.193013155839         1.201996835918         1.172233169347         1.178061301712         1.176512212619         1.145002701231         1.159971953384         1.143223162757         1.116287201802         1.135606921724         1.100994495592         1.084909573134         1.100574300978         1.047594238747         1.047580139291         1.047264581278         0.977779988344         0.990375589243         0.960931610541         0.845992876254         0.854034132299         0.673586597716         0.000000000000
        1.022483248412         1.083457849238         1.206583821497         1.276514585758         1.267540900473         1.276826248388         1.289273915018         1.290737601688         1.289198250422         1.298745792533         1.300449566776         1.296404628644         1.306695592984         1.305516927938         1.301985182060         1.313221210743         1.307782027889         1.307497520337         1.317652887677         1.308698636359         1.313094276984         1.319645080848         1.309428281948         1.318245874376         1.319334765436         1.310738113690         1.322153136929         1.317304912133         1.312893377672         1.324074006547         1.314419653832         1.315638790331         1.323574309304         1.311585169068         1.318296539406         1.320668118448         1.309501223780         1.319963653503         1.315826245886         1.308466895536         1.319761863208         1.309857507698         1.308288773292         1.317078089308         1.303695770473         1.308314912862         1.311734456259         1.298147720747         1.307587508730         1.304044324485         1.293664614339         1.305077225799         1.294738739455         1.290195588720         1.299941277765         1.284778942064         1.287160879387         1.291739269536         1.275098870706         1.283555308114         1.280550351178         1.266337991290         1.278160204597         1.266958414583         1.258627984642         1.269814538019         1.251902575653         1.251484487288         1.257677633798         1.236422565579         1.243832134585         1.241415599934         1.221351301686         1.234158252526         1.221257699091         1.207017329276         1.220757328874         1.197896043473         1.193012919049         1.201996618019         1.172232960710         1.178061115934         1.176512040330         1.145002538847         1.159971813356         1.143223030143         1.116287081693         1.135606820315         1.100994397819         1.084909490452         1.100574230983         1.047594171130         1.047580087747         1.047264535889         0.977779947300         0.990375561318         0.960931585033         0.845992857315         0.854034122784         0.673586588715         0.000000000000
        1.022483270331         1.083457862704         1.206583868046         1.276514645510         1.267540970458         1.276826332370         1.289274005294         1.290737699801         1.289198360028         1.298745908806         1.300449692682         1.296404765922         1.306695737624         1.305517084269         1.301985349586         1.313221387111         1.307782217640         1.307497720566         1.317653098781         1.308698861767         1.313094512710         1.319645330340         1.309428546314         1.318246149000         1.319335056569         1.310738418338         1.322153451823         1.317305241886         1.312893719403         1.324074360475         1.314420021386         1.315639166513         1.323574697777         1.311585571347         1.318296949876         1.320668542036         1.309501658485         1.319964095233         1.315826698705         1.308467357412         1.319762331657         1.309857986043         1.308289255189         1.317078576645         1.303696264331         1.308315407739         1.311734955914         1.298148222566         1.307588009816         1.304044827841         1.293665117758         1.305077725932         1.294739239210         1.290196082773         1.299941766421         1.284779427057         1.287161356448         1.291739740267         1.275099334206         1.283555761069         1.280550796268         1.266338427592         1.278160627292         1.266958827824         1.258628384987         1.269814923216         1.251902950498         1.251484848303         1.257677979975         1.236422900431         1.243832451211         1.241415902466         1.221351592132         1.234158523995         1.221257958713         1.207017575048         1.220757556028         1.197896261356         1.193013120176         1.201996802776         1.172233137718         1.178061274301         1.176512186648         1.145002677081         1.159971932726         1.143223142720         1.116287184069         1.135606906546         1.100994480836         1.084909561157         1.100574290578         1.047594228580         1.047580131992         1.047264574510         0.977779982567         0.990375585639         0.960931606859         0.845992873933         0.854034131216         0.673586596546         0.000000000000
        1.022483270333         1.083457862705         1.206583868048         1.276514645512         1.267540970459         1.276826332371         1.289274005295         1.290737699802         1.289198360030         1.298745908807         1.300449692683         1.296404765923         1.306695737625         1.305517084271         1.301985349588         1.313221387113         1.307782217642         1.307497720568         1.317653098783         1.308698861769         1.313094512712         1.319645330342         1.309428546316         1.318246149001         1.319335056571         1.310738418339         1.322153451825         1.317305241888         1.312893719404         1.324074360477         1.314420021388         1.315639166515         1.323574697778         1.311585571348         1.318296949877         1.320668542037         1.309501658486         1.319964095234         1.315826698706         1.308467357413         1.319762331657         1.309857986044         1.308289255188         1.317078576645         1.303696264331         1.308315407738         1.311734955913         1.298148222565         1.307588009814         1.304044827841         1.293665117757         1.305077725931         1.294739239210         1.290196082772         1.299941766421         1.284779427057         1.287161356448         1.291739740268         1.275099334207         1.283555761068         1.280550796269         1.266338427592         1.278160627291         1.266958827824         1.258628384987         1.269814923216         1.251902950498         1.251484848302         1.257677979975         1.236422900431         1.243832451210         1.241415902466         1.221351592131         1.234158523994         1.221257958712         1.207017575048         1.220757556028         1.197896261356         1.193013120175         1.201996802776         1.172233137718         1.178061274301         1.176512186648         1.145002677081         1.159971932725         1.143223142720         1.116287184069         1.135606906545         1.100994480836         1.084909561156         1.100574290577         1.047594228579         1.047580131991         1.047264574509         0.977779982566         0.990375585638         0.960931606858         0.845992873932         0.854034131215         0.673586596546         0.000000000000
        1.022483264319         1.083457859405         1.206583856020         1.276514630660         1.267540953181         1.276826311781         1.289273983638         1.290737676163         1.289198333910         1.298745881347         1.300449662792         1.296404733691         1.306695703701         1.305517047525         1.301985310524         1.313221345854         1.307782173297         1.307497674032         1.317653049518         1.308698809312         1.313094457963         1.319645272044         1.309428484663         1.318246084953         1.319334988126         1.310738346956         1.322153378153         1.317305164804         1.312893639695         1.324074277653         1.314419935929         1.315639079669         1.323574607785         1.311585478160         1.318296854771         1.320668443122         1.309501556945         1.319963991781         1.315826592262         1.308467248605         1.319762220861         1.309857872453         1.308289140860         1.317078460584         1.303696146290         1.308315289500         1.311734835864         1.298148101776         1.307587888958         1.304044705647         1.293664995171         1.305077604014         1.294739116960         1.290195962141         1.299941647010         1.284779308356         1.287161239841         1.291739624910         1.275099220714         1.283555650175         1.280550686949         1.266338320514         1.278160523686         1.266958726449         1.258628287130         1.269814829063         1.251902858939         1.251484760038         1.257677895230         1.236422818623         1.243832374102         1.241415828631         1.221351521542         1.234158458078         1.221257895672         1.207017515786         1.220757501243         1.197896208827         1.193013072028         1.201996758425         1.172233095317         1.178061236633         1.176512151631         1.145002644148         1.159971904453         1.143223115779         1.116287159853         1.135606886148         1.100994461056         1.084909544653         1.100574276538         1.047594215018         1.047580121889         1.047264565465         0.977779974484         0.990375580296         0.960931601858         0.845992870427         0.854034129560         0.673586594896         0.000000000000
        1.022483274148         1.083457864026         1.206583874351         1.276514652027         1.267540978055         1.276826341369         1.289274013633         1.290737709509         1.289198370285         1.298745919044         1.300449704716         1.296404778222         1.306695750660         1.305517099215         1.301985364614         1.313221403585         1.307782235775         1.307497739082         1.317653119376         1.308698883733         1.313094535760         1.319645356518         1.309428573867         1.318246177556         1.319335088515         1.310738451197         1.322153484228         1.317305274779         1.312893753183         1.324074394127         1.314420056818         1.315639201218         1.323574736879         1.311585612147         1.318296992473         1.320668591523         1.309501709706         1.319964148313         1.315826755525         1.308467416006         1.319762394174         1.309858053813         1.308289325092         1.317078649537         1.303696340711         1.308315484570         1.311735037769         1.298148305145         1.307588093674         1.304044915496         1.293665207265         1.305077816734         1.294739331432         1.290196173513         1.299941857692         1.284779518436         1.287161446585         1.291739830651         1.275099423282         1.283555848913         1.280550884936         1.266338515031         1.278160712134         1.266958910568         1.258628464307         1.269815000108         1.251903024155         1.251484919479         1.257678047882         1.236422965574         1.243832513510         1.241415963926         1.221351648677         1.234158578103         1.221258010098         1.207017622391         1.220757599898         1.197896302827         1.193013157843         1.201996837651         1.172233170891         1.178061303009         1.176512213798         1.145002702364         1.159971954496         1.143223163666         1.116287202768         1.135606922671         1.100994496320         1.084909574067         1.100574301733         1.047594239449         1.047580140175         1.047264581900         0.977779989071         0.990375590073         0.960931611089         0.845992877052         0.854034132879         0.673586598116         0.000000000000
        1.022483273065         1.083457863937         1.206583873003         1.276514651232         1.267540977010         1.276826340138         1.289274013103         1.290737708427         1.289198369399         1.298745918453         1.300449703350         1.296404777192         1.306695749453         1.305517097206         1.301985363111         1.313221401502         1.307782233117         1.307497736618         1.317653115938         1.308698879974         1.313094531654         1.319645350834         1.309428567909         1.318246171430         1.319335081036         1.310738443774         1.322153477907         1.317305269107         1.312893747510         1.324074389728         1.314420051137         1.315639196144         1.323574728804         1.311585603310         1.318296982617         1.320668576984         1.309501694476         1.319964132155         1.315826737166         1.308467396881         1.319762372311         1.309858028318         1.308289297851         1.317078620335         1.303696309273         1.308315452614         1.311735002184         1.298148269360         1.307588056761         1.304044876060         1.293665166493         1.305077774546         1.294739288333         1.290196131088         1.299941814320         1.284779474916         1.287161403318         1.291739786862         1.275099380089         1.283555805844         1.280550840757         1.266338471101         1.278160669163         1.266958868744         1.258628424230         1.269814960899         1.251902987030         1.251484883414         1.257678013774         1.236422932927         1.243832481710         1.241415931996         1.221351620016         1.234158550033         1.221257983693         1.207017598181         1.220757577446         1.197896281898         1.193013138711         1.201996819962         1.172233154106         1.178061288616         1.176512200140         1.145002689655         1.159971943379         1.143223153089         1.116287193179         1.135606914198         1.100994488394         1.084909567194         1.100574295810         1.047594233668         1.047580135510         1.047264577829         0.977779985387         0.990375587292         0.960931608592         0.845992874884         0.854034131553         0.673586596994         0.000000000000
        1.022483273065         1.083457863938         1.206583873004         1.276514651233         1.267540977011         1.276826340140         1.289274013105         1.290737708429         1.289198369401         1.298745918455         1.300449703353         1.296404777195         1.306695749455         1.305517097208         1.301985363113         1.313221401504         1.307782233119         1.307497736620         1.317653115940         1.308698879976         1.313094531656         1.319645350835         1.309428567910         1.318246171432         1.319335081037         1.310738443775         1.322153477908         1.317305269108         1.312893747512         1.324074389729         1.314420051138         1.315639196145         1.323574728805         1.311585603312         1.318296982618         1.320668576985         1.309501694477         1.319964132155         1.315826737167         1.308467396882         1.319762372312         1.309858028318         1.308289297851         1.317078620335         1.303696309272         1.308315452613         1.311735002183         1.298148269359         1.307588056760         1.304044876059         1.293665166492         1.305077774545         1.294739288332         1.290196131086         1.299941814319         1.284779474915         1.287161403317         1.291739786861         1.275099380089         1.283555805843         1.280550840756         1.266338471100         1.278160669161         1.266958868742         1.258628424229         1.269814960898         1.251902987029         1.251484883413         1.257678013773         1.236422932926         1.243832481709         1.241415931996         1.221351620015         1.234158550033         1.221257983692         1.207017598181         1.220757577445         1.197896281898         1.193013138710         1.201996819961         1.172233154105         1.178061288614         1.176512200137         1.145002689652         1.159971943375         1.143223153085         1.116287193173         1.135606914191         1.100994488388         1.084909567189         1.100574295807         1.047594233664         1.047580135505         1.047264577824         0.977779985381         0.990375587288         0.960931608588         0.845992874880         0.854034131551         0.673586596992         0.000000000000
        1.022483270333         1.083457862705         1.206583868048         1.276514645511         1.267540970459         1.276826332370         1.289274005294         1.290737699802         1.289198360029         1.298745908806         1.300449692682         1.296404765922         1.306695737625         1.305517084270         1.301985349588         1.313221387112         1.307782217642         1.307497720568         1.317653098784         1.308698861770         1.313094512713         1.319645330343         1.309428546317         1.318246149003         1.319335056572         1.310738418341         1.322153451826         1.317305241889         1.312893719406         1.324074360479         1.314420021389         1.315639166516         1.323574697780         1.311585571350         1.318296949879         1.320668542039         1.309501658488         1.319964095236         1.315826698708         1.308467357415         1.319762331660         1.309857986046         1.308289255191         1.317078576648         1.303696264334         1.308315407742         1.311734955916         1.298148222568         1.307588009818         1.304044827844         1.293665117761         1.305077725935         1.294739239214         1.290196082777         1.299941766425         1.284779427061         1.287161356452         1.291739740272         1.275099334211         1.283555761073         1.280550796273         1.266338427597         1.278160627296         1.266958827828         1.258628384991         1.269814923220         1.251902950502         1.251484848306         1.257677979978         1.236422900435         1.243832451214         1.241415902470         1.221351592135         1.234158523998         1.221257958715         1.207017575051         1.220757556031         1.197896261359         1.193013120178         1.201996802778         1.172233137720         1.178061274303         1.176512186650         1.145002677083         1.159971932727         1.143223142722         1.116287184070         1.135606906546         1.100994480837         1.084909561157         1.100574290578         1.047594228580         1.047580131991         1.047264574509         0.977779982566         0.990375585638         0.960931606858         0.845992873932         0.854034131215         0.673586596546         0.000000000000
        1.022483273731         1.083457863819         1.206583873666         1.276514651174         1.267540977241         1.276826340333         1.289274012556         1.290737708425         1.289198369018         1.298745917799         1.300449703475         1.296404776839         1.306695749366         1.305517097936         1.301985363070         1.313221402135         1.307782234312         1.307497737551         1.317653117982         1.308698882219         1.313094534304         1.319645355217         1.309428572444         1.318246176118         1.319335086931         1.310738449371         1.322153482141         1.317305272544         1.312893750848         1.324074391210         1.314420054067         1.315639198425         1.323574734481         1.311585609853         1.318296990453         1.320668590183         1.309501708349         1.319964147021         1.315826754333         1.308467414769         1.319762393331         1.309858053327         1.308289324814         1.317078649323         1.303696340751         1.308315484849         1.311735038563         1.298148305902         1.307588094715         1.304044916845         1.293665208950         1.305077818817         1.294739333563         1.290196175744         1.299941860231         1.284779520839         1.287161449262         1.291739833392         1.275099425957         1.283555851755         1.280550887941         1.266338518288         1.278160715577         1.266958913907         1.258628467616         1.269815003521         1.251903027249         1.251484922663         1.257678050899         1.236422968487         1.243832516791         1.241415967143         1.221351651301         1.234158580803         1.221258012358         1.207017624380         1.220757601624         1.197896304260         1.193013159244         1.201996838883         1.172233171953         1.178061303945         1.176512214651         1.145002703202         1.159971955375         1.143223164362         1.116287203569         1.135606923480         1.100994496929         1.084909574923         1.100574302414         1.047594240081         1.047580141026         1.047264582475         0.977779989774         0.990375590895         0.960931611612         0.845992877853         0.854034133465         0.673586598513         0.000000000000
        1.022483274278         1.083457864354         1.206583874942         1.276514653246         1.267540979256         1.276826342836         1.289274015587         1.290737711268         1.289198372439         1.298745921435         1.300449706815         1.296404780750         1.306695753146         1.305517101410         1.301985367379         1.313221406103         1.307782238160         1.307497741742         1.317653121542         1.308698885968         1.313094537875         1.319645357831         1.309428575273         1.318246179037         1.319335089619         1.310738452677         1.322153486680         1.317305277944         1.312893756602         1.324074399085         1.314420060742         1.315639205513         1.323574739131         1.311585613997         1.318296993682         1.320668589653         1.309501707633         1.319964145793         1.315826751796         1.308467411990         1.319762388328         1.309858045675         1.308289315755         1.317078639041         1.303696328820         1.308315472106         1.311735022853         1.298148290189         1.307588077788         1.304044897936         1.293665188639         1.305077796848         1.294739310999         1.290196153299         1.299941836569         1.284779497244         1.287161425237         1.291739808856         1.275099401779         1.283555827144         1.280550862221         1.266338492137         1.278160689413         1.266958888476         1.258628443070         1.269814979043         1.251903004451         1.251484900161         1.257678029839         1.236422948305         1.243832496285         1.241415946387         1.221351633318         1.234158562615         1.221257995753         1.207017609230         1.220757587727         1.197896291694         1.193013147466         1.201996828133         1.172233161919         1.178061295342         1.176512206562         1.145002695594         1.159971948424         1.143223158053         1.116287197526         1.135606917922         1.100994492055         1.084909570071         1.100574298325         1.047594236152         1.047580137191         1.047264579439         0.977779986689         0.990375587980         0.960931609405         0.845992875266         0.854034131689         0.673586597200         0.000000000000
        1.022483274279         1.083457864354         1.206583874943         1.276514653248         1.267540979258         1.276826342839         1.289274015590         1.290737711271         1.289198372442         1.298745921438         1.300449706818         1.296404780754         1.306695753150         1.305517101414         1.301985367384         1.313221406107         1.307782238164         1.307497741746         1.317653121546         1.308698885973         1.313094537880         1.319645357836         1.309428575279         1.318246179042         1.319335089624         1.310738452683         1.322153486685         1.317305277950         1.312893756608         1.324074399090         1.314420060748         1.315639205518         1.323574739136         1.311585614003         1.318296993687         1.320668589659         1.309501707639         1.319964145798         1.315826751801         1.308467411994         1.319762388332         1.309858045680         1.308289315759         1.317078639045         1.303696328825         1.308315472110         1.311735022857         1.298148290193         1.307588077791         1.304044897939         1.293665188642         1.305077796851         1.294739311001         1.290196153301         1.299941836571         1.284779497246         1.287161425239         1.291739808858         1.275099401781         1.283555827145         1.280550862222         1.266338492138         1.278160689413         1.266958888476         1.258628443069         1.269814979042         1.251903004450         1.251484900160         1.257678029838         1.236422948304         1.243832496283         1.241415946386         1.221351633316         1.234158562613         1.221257995751         1.207017609228         1.220757587725         1.197896291692         1.193013147463         1.201996828131         1.172233161917         1.178061295339         1.176512206557         1.145002695589         1.159971948417         1.143223158044         1.116287197515         1.135606917909         1.100994492044         1.084909570065         1.100574298321         1.047594236146         1.047580137186         1.047264579432         0.977779986681         0.990375587974         0.960931609398         0.845992875261         0.854034131686         0.673586597197         0.000000000000
        1.022483273064         1.083457863937         1.206583873002         1.276514651231         1.267540977010         1.276826340138         1.289274013103         1.290737708427         1.289198369399         1.298745918453         1.300449703350         1.296404777192         1.306695749453         1.305517097205         1.301985363111         1.313221401502         1.307782233116         1.307497736618         1.317653115937         1.308698879973         1.313094531654         1.319645350833         1.309428567908         1.318246171429         1.319335081035         1.310738443772         1.322153477905         1.317305269105         1.312893747508         1.324074389726         1.314420051135         1.315639196142         1.323574728802         1.311585603308         1.318296982614         1.320668576981         1.309501694474         1.319964132152         1.315826737163         1.308467396878         1.319762372308         1.309858028314         1.308289297847         1.317078620331         1.303696309268         1.308315452610         1.311735002179         1.298148269355         1.307588056757         1.304044876056         1.293665166489         1.305077774542         1.294739288329         1.290196131083         1.299941814316         1.284779474912         1.287161403314         1.291739786859         1.275099380086         1.283555805841         1.280550840755         1.266338471098         1.278160669160         1.266958868741         1.258628424227         1.269814960897         1.251902987028         1.251484883411         1.257678013772         1.236422932925         1.243832481708         1.241415931995         1.221351620014         1.234158550032         1.221257983692         1.207017598180         1.220757577445         1.197896281897         1.193013138710         1.201996819961         1.172233154105         1.178061288615         1.176512200139         1.145002689654         1.159971943378         1.143223153089         1.116287193177         1.135606914197         1.100994488393         1.084909567193         1.100574295809         1.047594233667         1.047580135509         1.047264577828         0.977779985385         0.990375587291         0.960931608591         0.845992874883         0.854034131553         0.673586596994         0.000000000000
        1.022483273609         1.083457863735         1.206583873468         1.276514650903         1.267540977034         1.276826340025         1.289274012205         1.290737708085         1.289198368593         1.298745917391         1.300449703132         1.296404776440         1.306695749058         1.305517097746         1.301985362622         1.313221401789         1.307782234072         1.307497737274         1.317653117843         1.308698882066         1.313094534212         1.319645355349         1.309428572487         1.318246176172         1.319335086887         1.310738449243         1.322153481849         1.317305272106         1.312893750345         1.324074390371         1.314420053333         1.315639197589         1.323574733717         1.311585609043         1.318296989744         1.320668589911         1.309501707987         1.319964146618         1.315826753906         1.308467414243         1.319762393037         1.309858053241         1.308289324825         1.317078649289         1.303696340899         1.308315485150         1.311735039234         1.298148306537         1.307588095530         1.304044917812         1.293665210107         1.305077820217         1.294739335060         1.290196177337         1.299941862109         1.284779522568         1.287161451295         1.291739835512         1.275099428045         1.283555853910         1.280550890259         1.266338520844         1.278160718297         1.266958916629         1.258628470339         1.269815006368         1.251903029924         1.251484925383         1.257678053564         1.236422971080         1.243832519604         1.241415969860         1.221351653417         1.234158582841         1.221258014038         1.207017625739         1.220757602782         1.197896305217         1.193013160074         1.201996839676         1.172233172607         1.178061304542         1.176512215234         1.145002703754         1.159971955970         1.143223164858         1.116287204130         1.135606924077         1.100994497396         1.084909575566         1.100574302945         1.047594240574         1.047580141680         1.047264582927         0.977779990322         0.990375591530         0.960931612019         0.845992878471         0.854034133915         0.673586598819         0.000000000000
        1.022483274651         1.083457864382         1.206583875348         1.276514653461         1.267540979465         1.276826343130         1.289274015629         1.290737711450         1.289198372592         1.298745921435         1.300449707036         1.296404780880         1.306695753251         1.305517101750         1.301985367588         1.313221406410         1.307782238641         1.307497742132         1.317653122147         1.308698886691         1.313094538637         1.319645359008         1.309428576516         1.318246180275         1.319335091260         1.310738454330         1.322153487854         1.317305278612         1.312893757188         1.324074399426         1.314420061456         1.315639206066         1.323574740506         1.311585615517         1.318296995352         1.320668592535         1.309501710658         1.319964149019         1.315826755641         1.308467416021         1.319762393099         1.309858051490         1.308289322065         1.317078646000         1.303696336398         1.308315479802         1.311735031614         1.298148299009         1.307588086945         1.304044907777         1.293665198715         1.305077807293         1.294739321757         1.290196163838         1.299941847432         1.284779508222         1.287161436127         1.291739819994         1.275099412783         1.283555838137         1.280550873603         1.266338503405         1.278160700418         1.266958899217         1.258628453311         1.269814989072         1.251903013941         1.251484909337         1.257678038516         1.236422956600         1.243832504322         1.241415954596         1.221351640652         1.234158569830         1.221258002621         1.207017615533         1.220757593668         1.197896297277         1.193013152509         1.201996832871         1.172233166473         1.178061299249         1.176512210303         1.145002699053         1.159971951431         1.143223160960         1.116287200121         1.135606920205         1.100994494232         1.084909571841         1.100574299884         1.047594237691         1.047580138326         1.047264580483         0.977779987566         0.990375588545         0.960931609987         0.845992875657         0.854034131900         0.673586597411         0.000000000000
        1.022483274652         1.083457864383         1.206583875350         1.276514653464         1.267540979469         1.276826343134         1.289274015634         1.290737711455         1.289198372598         1.298745921441         1.300449707042         1.296404780888         1.306695753259         1.305517101759         1.301985367597         1.313221406419         1.307782238651         1.307497742144         1.317653122157         1.308698886703         1.313094538649         1.319645359019         1.309428576529         1.318246180287         1.319335091271         1.310738454343         1.322153487865         1.317305278623         1.312893757200         1.324074399436         1.314420061466         1.315639206076         1.323574740515         1.311585615527         1.318296995361         1.320668592543         1.309501710666         1.319964149026         1.315826755648         1.308467416027         1.319762393104         1.309858051495         1.308289322070         1.317078646004         1.303696336401         1.308315479805         1.311735031617         1.298148299011         1.307588086946         1.304044907778         1.293665198716         1.305077807294         1.294739321757         1.290196163838         1.299941847431         1.284779508221         1.287161436126         1.291739819993         1.275099412781         1.283555838135         1.280550873602         1.266338503403         1.278160700416         1.266958899214         1.258628453308         1.269814989069         1.251903013938         1.251484909333         1.257678038512         1.236422956596         1.243832504318         1.241415954593         1.221351640649         1.234158569826         1.221258002618         1.207017615529         1.220757593664         1.197896297274         1.193013152505         1.201996832868         1.172233166469         1.178061299245         1.176512210299         1.145002699047         1.159971951425         1.143223160953         1.116287200113         1.135606920196         1.100994494225         1.084909571836         1.100574299881         1.047594237687         1.047580138322         1.047264580478         0.977779987561         0.990375588540         0.960931609982         0.845992875653         0.854034131898         0.673586597409         0.000000000000
        1.022483274277         1.083457864354         1.206583874942         1.276514653246         1.267540979256         1.276826342836         1.289274015587         1.290737711268         1.289198372439         1.298745921435         1.300449706815         1.296404780751         1.306695753147         1.305517101410         1.301985367380         1.313221406104         1.307782238161         1.307497741743         1.317653121543         1.308698885970         1.313094537877         1.319645357834         1.309428575277         1.318246179040         1.319335089622         1.310738452681         1.322153486684         1.317305277948         1.312893756606         1.324074399089         1.314420060746         1.315639205517         1.323574739134         1.311585614001         1.318296993686         1.320668589657         1.309501707638         1.319964145797         1.315826751800         1.308467411994         1.319762388332         1.309858045679         1.308289315759         1.317078639045         1.303696328824         1.308315472110         1.311735022857         1.298148290193         1.307588077791         1.304044897939         1.293665188643         1.305077796851         1.294739311001         1.290196153302         1.299941836572         1.284779497246         1.287161425241         1.291739808859         1.275099401782         1.283555827147         1.280550862224         1.266338492140         1.278160689415         1.266958888478         1.258628443072         1.269814979045         1.251903004453         1.251484900163         1.257678029841         1.236422948307         1.243832496287         1.241415946389         1.221351633320         1.234158562617         1.221257995754         1.207017609232         1.220757587728         1.197896291695         1.193013147467         1.201996828134         1.172233161921         1.178061295343         1.176512206562         1.145002695595         1.159971948424         1.143223158052         1.116287197525         1.135606917920         1.100994492054         1.084909570071         1.100574298326         1.047594236152         1.047580137192         1.047264579438         0.977779986689         0.990375587980         0.960931609404         0.845992875266         0.854034131689         0.673586597200         0.000000000000
        1.022483273773         1.083457863749         1.206583873708         1.276514651117         1.267540977323         1.276826340315         1.289274012411         1.290737708321         1.289198368812         1.298745917588         1.300449703455         1.296404776753         1.306695749438         1.305517098332         1.301985362934         1.313221402194         1.307782234681         1.307497737829         1.317653118520         1.308698882813         1.313094534979         1.319645356400         1.309428573456         1.318246177133         1.319335087769         1.310738450134         1.322153482640         1.317305272772         1.312893750925         1.324074390748         1.314420053739         1.315639197859         1.323574733907         1.311585609111         1.318296989778         1.320668590225         1.309501708132         1.319964146645         1.315826753840         1.308467414020         1.319762392926         1.309858053224         1.308289324792         1.317078649166         1.303696340865         1.308315485163         1.311735039477         1.298148306721         1.307588095770         1.304044918113         1.293665210493         1.305077820738         1.294739335723         1.290196178080         1.299941863103         1.284779523394         1.287161452433         1.291739836762         1.275099429289         1.283555855123         1.280550891647         1.266338522421         1.278160720008         1.266958918428         1.258628472184         1.269815008374         1.251903031914         1.251484927360         1.257678055511         1.236422972966         1.243832521473         1.241415971616         1.221351654627         1.234158583881         1.221258014842         1.207017626202         1.220757603107         1.197896305416         1.193013160105         1.201996839801         1.172233172605         1.178061304531         1.176512215288         1.145002703747         1.159971956037         1.143223164928         1.116287204216         1.135606924275         1.100994497544         1.084909575820         1.100574303192         1.047594240792         1.047580142013         1.047264583168         0.977779990617         0.990375591896         0.960931612255         0.845992878834         0.854034134184         0.673586599001         0.000000000000
        1.022483274586         1.083457864268         1.206583875122         1.276514653029         1.267540979040         1.276826342603         1.289274014951         1.290737710828         1.289198371830         1.298745920603         1.300449706284         1.296404779984         1.306695752371         1.305517100945         1.301985366600         1.313221405499         1.307782237754         1.307497741163         1.317653121333         1.308698885840         1.313094537835         1.319645358452         1.309428575925         1.318246179668         1.319335090762         1.310738453730         1.322153487014         1.317305277609         1.312893756123         1.324074397828         1.314420060240         1.315639204691         1.323574739738         1.311585614831         1.318296994849         1.320668593010         1.309501711172         1.319964149657         1.315826756629         1.308467417098         1.319762394750         1.309858053862         1.308289324836         1.317078649101         1.303696339944         1.308315483557         1.311735036135         1.298148303548         1.307588091778         1.304044913134         1.293665204449         1.305077813429         1.294739328063         1.290196170086         1.299941853964         1.284779514791         1.287161442747         1.291739826746         1.275099419457         1.283555844903         1.280550880700         1.266338510589         1.278160707557         1.266958906160         1.258628459988         1.269814995710         1.251903020137         1.251484915410         1.257678044134         1.236422961989         1.243832509691         1.241415960111         1.221351645451         1.234158574723         1.221258007154         1.207017619712         1.220757597540         1.197896300820         1.193013155838         1.201996835917         1.172233169346         1.178061301712         1.176512212619         1.145002701231         1.159971953384         1.143223162757         1.116287201801         1.135606921724         1.100994495592         1.084909573134         1.100574300978         1.047594238747         1.047580139292         1.047264581278         0.977779988344         0.990375589243         0.960931610541         0.845992876255         0.854034132299         0.673586597716         0.000000000000
        1.022483274587         1.083457864268         1.206583875123         1.276514653031         1.267540979042         1.276826342605         1.289274014953         1.290737710830         1.289198371832         1.298745920605         1.300449706285         1.296404779985         1.306695752372         1.305517100946         1.301985366602         1.313221405500         1.307782237756         1.307497741165         1.317653121335         1.308698885842         1.313094537837         1.319645358453         1.309428575927         1.318246179669         1.319335090763         1.310738453731         1.322153487015         1.317305277610         1.312893756125         1.324074397830         1.314420060241         1.315639204693         1.323574739740         1.311585614833         1.318296994851         1.320668593011         1.309501711174         1.319964149658         1.315826756631         1.308467417099         1.319762394752         1.309858053864         1.308289324839         1.317078649103         1.303696339947         1.308315483560         1.311735036138         1.298148303551         1.307588091781         1.304044913138         1.293665204452         1.305077813432         1.294739328066         1.290196170089         1.299941853967         1.284779514794         1.287161442749         1.291739826748         1.275099419460         1.283555844905         1.280550880702         1.266338510591         1.278160707558         1.266958906162         1.258628459990         1.269814995711         1.251903020138         1.251484915411         1.257678044135         1.236422961990         1.243832509692         1.241415960112         1.221351645451         1.234158574724         1.221258007155         1.207017619712         1.220757597540         1.197896300820         1.193013155838         1.201996835917         1.172233169346         1.178061301711         1.176512212618         1.145002701229         1.159971953382         1.143223162755         1.116287201799         1.135606921721         1.100994495590         1.084909573133         1.100574300977         1.047594238746         1.047580139290         1.047264581277         0.977779988342         0.990375589242         0.960931610540         0.845992876253         0.854034132298         0.673586597715         0.000000000000
        1.022483274651         1.083457864383         1.206583875349         1.276514653462         1.267540979467         1.276826343131         1.289274015631         1.290737711453         1.289198372594         1.298745921438         1.300449707039         1.296404780884         1.306695753255         1.305517101754         1.301985367593         1.313221406415         1.307782238646         1.307497742139         1.317653122153         1.308698886698         1.313094538644         1.319645359015         1.309428576524         1.318246180282         1.319335091266         1.310738454338         1.322153487860         1.317305278618         1.312893757195         1.324074399432         1.314420061462         1.315639206072         1.323574740512         1.311585615523         1.318296995358         1.320668592541         1.309501710664         1.319964149024         1.315826755646         1.308467416026         1.319762393103         1.309858051495         1.308289322070         1.317078646005         1.303696336402         1.308315479807         1.311735031618         1.298148299014         1.307588086949         1.304044907781         1.293665198719         1.305077807297         1.294739321761         1.290196163842         1.299941847436         1.284779508226         1.287161436130         1.291739819997         1.275099412786         1.283555838139         1.280550873606         1.266338503407         1.278160700420         1.266958899218         1.258628453312         1.269814989073         1.251903013942         1.251484909337         1.257678038516         1.236422956599         1.243832504321         1.241415954596         1.221351640651         1.234158569829         1.221258002620         1.207017615531         1.220757593666         1.197896297275         1.193013152506         1.201996832869         1.172233166469         1.178061299246         1.176512210300         1.145002699049         1.159971951427         1.143223160956         1.116287200116         1.135606920201         1.100994494228         1.084909571837         1.100574299882         1.047594237688         1.047580138323         1.047264580480         0.977779987563         0.990375588542         0.960931609985         0.845992875655         0.854034131899         0.673586597410         0.000000000000
        1.022483274147         1.083457864026         1.206583874351         1.276514652027         1.267540978056         1.276826341370         1.289274013634         1.290737709510         1.289198370286         1.298745919046         1.300449704718         1.296404778224         1.306695750663         1.305517099217         1.301985364616         1.313221403586         1.307782235777         1.307497739083         1.317653119377         1.308698883734         1.313094535761         1.319645356518         1.309428573867         1.318246177556         1.319335088514         1.310738451196         1.322153484226         1.317305274777         1.312893753181         1.324074394125         1.314420056815         1.315639201215         1.323574736876         1.311585612143         1.318296992470         1.320668591520         1.309501709702         1.319964148310         1.315826755522         1.308467416002         1.319762394170         1.309858053809         1.308289325087         1.317078649533         1.303696340706         1.308315484566         1.311735037766         1.298148305141         1.307588093670         1.304044915492         1.293665207262         1.305077816732         1.294739331430         1.290196173512         1.299941857691         1.284779518435         1.287161446585         1.291739830651         1.275099423282         1.283555848914         1.280550884937         1.266338515033         1.278160712136         1.266958910569         1.258628464308         1.269815000110         1.251903024156         1.251484919481         1.257678047884         1.236422965576         1.243832513512         1.241415963928         1.221351648679         1.234158578105         1.221258010100         1.207017622394         1.220757599901         1.197896302830         1.193013157846         1.201996837653         1.172233170894         1.178061303012         1.176512213800         1.145002702367         1.159971954498         1.143223163669         1.116287202770         1.135606922673         1.100994496323         1.084909574069         1.100574301735         1.047594239451         1.047580140176         1.047264581902         0.977779989072         0.990375590073         0.960931611090         0.845992877053         0.854034132879         0.673586598116         0.000000000000
        1.022483274072         1.083457863811         1.206583874155         1.276514651560         1.267540977839         1.276826340882         1.289274012876         1.290737708826         1.289198369331         1.298745918067         1.300449704086         1.296404777395         1.306695750133         1.305517099263         1.301985363607         1.313221402950         1.307782235671         1.307497738754         1.317653119551         1.308698883936         1.313094536084         1.319645357782         1.309428574760         1.318246178408         1.319335088981         1.310738451364         1.322153483814         1.317305273823         1.312893751872         1.324074391553         1.314420054514         1.315639198501         1.323574734428         1.311585609495         1.318296990075         1.320668590702         1.309501708398         1.319964146766         1.315826753827         1.308467413828         1.319762392774         1.309858053083         1.308289324565         1.317078648844         1.303696340533         1.308315484801         1.311735039217         1.298148306370         1.307588095395         1.304044917742         1.293665210150         1.305077820481         1.294739335602         1.290196178031         1.299941863249         1.284779523356         1.287161452688         1.291739837128         1.275099429662         1.283555855416         1.280550892097         1.266338522999         1.278160720705         1.266958919238         1.258628473062         1.269815009406         1.251903032977         1.251484928392         1.257678056518         1.236422973924         1.243832522318         1.241415972381         1.221351654921         1.234158584014         1.221258014838         1.207017625880         1.220757602727         1.197896304966         1.193013159504         1.201996839400         1.172233172082         1.178061304052         1.176512214908         1.145002703310         1.159971955714         1.143223164671         1.116287203961         1.135606924196         1.100994497464         1.084909575814         1.100574303246         1.047594240825         1.047580142139         1.047264583270         0.977779990747         0.990375592093         0.960931612380         0.845992879037         0.854034134342         0.673586599107         0.000000000000
        1.022483274146         1.083457864025         1.206583874349         1.276514652025         1.267540978053         1.276826341367         1.289274013631         1.290737709507         1.289198370283         1.298745919043         1.300449704715         1.296404778221         1.306695750660         1.305517099214         1.301985364613         1.313221403585         1.307782235775         1.307497739082         1.317653119376         1.308698883733         1.313094535761         1.319645356518         1.309428573867         1.318246177557         1.319335088515         1.310738451198         1.322153484228         1.317305274778         1.312893753183         1.324074394127         1.314420056817         1.315639201217         1.323574736878         1.311585612145         1.318296992472         1.320668591522         1.309501709705         1.319964148313         1.315826755524         1.308467416006         1.319762394173         1.309858053813         1.308289325091         1.317078649536         1.303696340710         1.308315484570         1.311735037769         1.298148305144         1.307588093673         1.304044915495         1.293665207265         1.305077816734         1.294739331432         1.290196173514         1.299941857693         1.284779518436         1.287161446586         1.291739830652         1.275099423283         1.283555848915         1.280550884937         1.266338515033         1.278160712136         1.266958910569         1.258628464309         1.269815000110         1.251903024156         1.251484919482         1.257678047884         1.236422965576         1.243832513513         1.241415963928         1.221351648679         1.234158578105         1.221258010099         1.207017622394         1.220757599900         1.197896302829         1.193013157846         1.201996837653         1.172233170893         1.178061303011         1.176512213799         1.145002702365         1.159971954497         1.143223163667         1.116287202769         1.135606922672         1.100994496322         1.084909574069         1.100574301734         1.047594239451         1.047580140177         1.047264581901         0.977779989072         0.990375590073         0.960931611089         0.845992877052         0.854034132879         0.673586598116         0.000000000000
        1.022483274586         1.083457864267         1.206583875121         1.276514653028         1.267540979039         1.276826342602         1.289274014950         1.290737710827         1.289198371829         1.298745920602         1.300449706282         1.296404779982         1.306695752369         1.305517100943         1.301985366598         1.313221405497         1.307782237752         1.307497741161         1.317653121331         1.308698885838         1.313094537832         1.319645358449         1.309428575922         1.318246179664         1.319335090758         1.310738453726         1.322153487010         1.317305277605         1.312893756118         1.324074397824         1.314420060235         1.315639204686         1.323574739733         1.311585614826         1.318296994844         1.320668593004         1.309501711166         1.319964149651         1.315826756623         1.308467417092         1.319762394745         1.309858053857         1.308289324831         1.317078649096         1.303696339939         1.308315483553         1.311735036130         1.298148303543         1.307588091774         1.304044913130         1.293665204444         1.305077813425         1.294739328059         1.290196170082         1.299941853961         1.284779514787         1.287161442743         1.291739826743         1.275099419454         1.283555844901         1.280550880698         1.266338510587         1.278160707555         1.266958906159         1.258628459987         1.269814995708         1.251903020136         1.251484915409         1.257678044133         1.236422961988         1.243832509690         1.241415960110         1.221351645450         1.234158574722         1.221258007153         1.207017619710         1.220757597539         1.197896300819         1.193013155836         1.201996835916         1.172233169345         1.178061301710         1.176512212618         1.145002701229         1.159971953382         1.143223162756         1.116287201800         1.135606921722         1.100994495591         1.084909573133         1.100574300977         1.047594238746         1.047580139290         1.047264581277         0.977779988342         0.990375589242         0.960931610541         0.845992876254         0.854034132298         0.673586597715         0.000000000000
        1.022483273729         1.083457863818         1.206583873663         1.276514651172         1.267540977240         1.276826340331         1.289274012555         1.290737708424         1.289198369016         1.298745917798         1.300449703473         1.296404776838         1.306695749365         1.305517097934         1.301985363069         1.313221402135         1.307782234310         1.307497737551         1.317653117982         1.308698882218         1.313094534304         1.319645355217         1.309428572443         1.318246176118         1.319335086931         1.310738449371         1.322153482141         1.317305272544         1.312893750848         1.324074391210         1.314420054066         1.315639198425         1.323574734481         1.311585609853         1.318296990454         1.320668590182         1.309501708349         1.319964147021         1.315826754332         1.308467414770         1.319762393331         1.309858053326         1.308289324814         1.317078649322         1.303696340750         1.308315484848         1.311735038562         1.298148305900         1.307588094714         1.304044916842         1.293665208947         1.305077818815         1.294739333560         1.290196175742         1.299941860228         1.284779520835         1.287161449260         1.291739833389         1.275099425953         1.283555851752         1.280550887938         1.266338518285         1.278160715575         1.266958913904         1.258628467614         1.269815003518         1.251903027246         1.251484922662         1.257678050897         1.236422968484         1.243832516790         1.241415967141         1.221351651299         1.234158580802         1.221258012357         1.207017624379         1.220757601623         1.197896304259         1.193013159243         1.201996838882         1.172233171953         1.178061303945         1.176512214651         1.145002703202         1.159971955375         1.143223164362         1.116287203569         1.135606923481         1.100994496929         1.084909574924         1.100574302415         1.047594240082         1.047580141027         1.047264582475         0.977779989774         0.990375590896         0.960931611612         0.845992877855         0.854034133466         0.673586598514         0.000000000000
        1.022483273730         1.083457863818         1.206583873663         1.276514651171         1.267540977239         1.276826340329         1.289274012553         1.290737708422         1.289198369013         1.298745917796         1.300449703471         1.296404776835         1.306695749362         1.305517097932         1.301985363066         1.313221402132         1.307782234307         1.307497737547         1.317653117979         1.308698882215         1.313094534300         1.319645355214         1.309428572440         1.318246176115         1.319335086928         1.310738449368         1.322153482137         1.317305272540         1.312893750844         1.324074391207         1.314420054063         1.315639198422         1.323574734477         1.311585609849         1.318296990450         1.320668590179         1.309501708346         1.319964147018         1.315826754330         1.308467414766         1.319762393328         1.309858053323         1.308289324811         1.317078649319         1.303696340747         1.308315484846         1.311735038560         1.298148305898         1.307588094712         1.304044916841         1.293665208947         1.305077818815         1.294739333560         1.290196175742         1.299941860229         1.284779520837         1.287161449261         1.291739833390         1.275099425956         1.283555851755         1.280550887941         1.266338518288         1.278160715578         1.266958913907         1.258628467618         1.269815003521         1.251903027250         1.251484922665         1.257678050900         1.236422968488         1.243832516793         1.241415967143         1.221351651302         1.234158580804         1.221258012359         1.207017624381         1.220757601625         1.197896304261         1.193013159245         1.201996838884         1.172233171954         1.178061303946         1.176512214652         1.145002703203         1.159971955376         1.143223164363         1.116287203570         1.135606923481         1.100994496930         1.084909574924         1.100574302416         1.047594240082         1.047580141027         1.047264582475         0.977779989775         0.990375590896         0.960931611613         0.845992877855         0.854034133466         0.673586598514         0.000000000000
        1.022483274148         1.083457864026         1.206583874352         1.276514652029         1.267540978057         1.276826341372         1.289274013636         1.290737709512         1.289198370288         1.298745919048         1.300449704720         1.296404778226         1.306695750665         1.305517099219         1.301985364619         1.313221403590         1.307782235780         1.307497739088         1.317653119382         1.308698883739         1.313094535767         1.319645356524         1.309428573875         1.318246177564         1.319335088523         1.310738451206         1.322153484235         1.317305274786         1.312893753191         1.324074394135         1.314420056826         1.315639201226         1.323574736887         1.311585612155         1.318296992481         1.320668591531         1.309501709714         1.319964148321         1.315826755533         1.308467416014         1.319762394181         1.309858053820         1.308289325098         1.317078649543         1.303696340717         1.308315484576         1.311735037775         1.298148305151         1.307588093680         1.304044915502         1.293665207272         1.305077816740         1.294739331439         1.290196173520         1.299941857698         1.284779518442         1.287161446592         1.291739830658         1.275099423289         1.283555848919         1.280550884942         1.266338515038         1.278160712141         1.266958910574         1.258628464313         1.269815000114         1.251903024161         1.251484919486         1.257678047888         1.236422965580         1.243832513516         1.241415963931         1.221351648682         1.234158578108         1.221258010103         1.207017622397         1.220757599903         1.197896302833         1.193013157848         1.201996837656         1.172233170896         1.178061303014         1.176512213802         1.145002702368         1.159971954499         1.143223163670         1.116287202772         1.135606922674         1.100994496324         1.084909574070         1.100574301735         1.047594239452         1.047580140177         1.047264581902         0.977779989072         0.990375590073         0.960931611090         0.845992877052         0.854034132879         0.673586598116         0.000000000000
        1.022483273609         1.083457863735         1.206583873467         1.276514650902         1.267540977033         1.276826340023         1.289274012203         1.290737708083         1.289198368591         1.298745917388         1.300449703130         1.296404776438         1.306695749055         1.305517097743         1.301985362619         1.313221401786         1.307782234069         1.307497737271         1.317653117840         1.308698882063         1.313094534209         1.319645355346         1.309428572484         1.318246176169         1.319335086884         1.310738449240         1.322153481847         1.317305272103         1.312893750343         1.324074390368         1.314420053330         1.315639197587         1.323574733715         1.311585609041         1.318296989742         1.320668589908         1.309501707984         1.319964146616         1.315826753904         1.308467414241         1.319762393035         1.309858053239         1.308289324823         1.317078649287         1.303696340897         1.308315485149         1.311735039232         1.298148306536         1.307588095529         1.304044917811         1.293665210107         1.305077820217         1.294739335060         1.290196177337         1.299941862109         1.284779522567         1.287161451294         1.291739835511         1.275099428043         1.283555853910         1.280550890257         1.266338520842         1.278160718295         1.266958916627         1.258628470338         1.269815006366         1.251903029922         1.251484925382         1.257678053563         1.236422971078         1.243832519603         1.241415969858         1.221351653415         1.234158582840         1.221258014036         1.207017625738         1.220757602780         1.197896305215         1.193013160073         1.201996839675         1.172233172606         1.178061304541         1.176512215233         1.145002703753         1.159971955969         1.143223164857         1.116287204129         1.135606924076         1.100994497395         1.084909575565         1.100574302945         1.047594240573         1.047580141679         1.047264582926         0.977779990322         0.990375591529         0.960931612019         0.845992878471         0.854034133915         0.673586598819         0.000000000000
        1.022483273606         1.083457863734         1.206583873464         1.276514650899         1.267540977031         1.276826340020         1.289274012201         1.290737708081         1.289198368589         1.298745917388         1.300449703128         1.296404776436         1.306695749055         1.305517097741         1.301985362618         1.313221401785         1.307782234068         1.307497737271         1.317653117839         1.308698882062         1.313094534209         1.319645355346         1.309428572484         1.318246176170         1.319335086883         1.310738449240         1.322153481847         1.317305272103         1.312893750344         1.324074390370         1.314420053331         1.315639197589         1.323574733717         1.311585609043         1.318296989744         1.320668589910         1.309501707987         1.319964146619         1.315826753905         1.308467414244         1.319762393037         1.309858053241         1.308289324825         1.317078649289         1.303696340899         1.308315485150         1.311735039233         1.298148306537         1.307588095530         1.304044917812         1.293665210108         1.305077820218         1.294739335060         1.290196177338         1.299941862110         1.284779522568         1.287161451296         1.291739835512         1.275099428045         1.283555853911         1.280550890258         1.266338520844         1.278160718297         1.266958916629         1.258628470340         1.269815006368         1.251903029924         1.251484925384         1.257678053564         1.236422971079         1.243832519605         1.241415969859         1.221351653417         1.234158582841         1.221258014036         1.207017625739         1.220757602781         1.197896305216         1.193013160075         1.201996839676         1.172233172607         1.178061304543         1.176512215234         1.145002703754         1.159971955970         1.143223164858         1.116287204130         1.135606924077         1.100994497396         1.084909575566         1.100574302946         1.047594240574         1.047580141681         1.047264582927         0.977779990323         0.990375591531         0.960931612019         0.845992878473         0.854034133916         0.673586598819         0.000000000000
        1.022483273771         1.083457863749         1.206583873706         1.276514651116         1.267540977322         1.276826340313         1.289274012410         1.290737708320         1.289198368812         1.298745917588         1.300449703455         1.296404776753         1.306695749439         1.305517098333         1.301985362935         1.313221402195         1.307782234681         1.307497737830         1.317653118521         1.308698882813         1.313094534979         1.319645356400         1.309428573456         1.318246177133         1.319335087768         1.310738450132         1.322153482639         1.317305272770         1.312893750923         1.324074390746         1.314420053736         1.315639197857         1.323574733904         1.311585609108         1.318296989776         1.320668590223         1.309501708131         1.319964146645         1.315826753839         1.308467414020         1.319762392926         1.309858053224         1.308289324793         1.317078649167         1.303696340867         1.308315485165         1.311735039478         1.298148306723         1.307588095773         1.304044918115         1.293665210497         1.305077820742         1.294739335726         1.290196178084         1.299941863106         1.284779523398         1.287161452438         1.291739836766         1.275099429294         1.283555855128         1.280550891651         1.266338522426         1.278160720013         1.266958918432         1.258628472189         1.269815008377         1.251903031918         1.251484927365         1.257678055514         1.236422972970         1.243832521476         1.241415971619         1.221351654631         1.234158583884         1.221258014844         1.207017626206         1.220757603110         1.197896305419         1.193013160108         1.201996839804         1.172233172607         1.178061304534         1.176512215290         1.145002703749         1.159971956039         1.143223164930         1.116287204217         1.135606924276         1.100994497545         1.084909575821         1.100574303193         1.047594240793         1.047580142014         1.047264583169         0.977779990618         0.990375591897         0.960931612256         0.845992878836         0.854034134185         0.673586599002         0.000000000000
        1.022483273728         1.083457863818         1.206583873661         1.276514651170         1.267540977237         1.276826340327         1.289274012552         1.290737708420         1.289198369012         1.298745917795         1.300449703470         1.296404776833         1.306695749361         1.305517097930         1.301985363065         1.313221402130         1.307782234305         1.307497737545         1.317653117977         1.308698882213         1.313094534298         1.319645355211         1.309428572437         1.318246176113         1.319335086925         1.310738449365         1.322153482136         1.317305272538         1.312893750842         1.324074391205         1.314420054060         1.315639198420         1.323574734475         1.311585609846         1.318296990448         1.320668590176         1.309501708343         1.319964147016         1.315826754327         1.308467414764         1.319762393327         1.309858053322         1.308289324810         1.317078649318         1.303696340746         1.308315484845         1.311735038559         1.298148305897         1.307588094712         1.304044916840         1.293665208946         1.305077818814         1.294739333559         1.290196175741         1.299941860227         1.284779520835         1.287161449260         1.291739833388         1.275099425953         1.283555851753         1.280550887938         1.266338518285         1.278160715575         1.266958913905         1.258628467615         1.269815003519         1.251903027247         1.251484922662         1.257678050898         1.236422968485         1.243832516791         1.241415967141         1.221351651300         1.234158580802         1.221258012357         1.207017624380         1.220757601623         1.197896304259         1.193013159244         1.201996838883         1.172233171954         1.178061303945         1.176512214651         1.145002703203         1.159971955376         1.143223164363         1.116287203570         1.135606923481         1.100994496930         1.084909574924         1.100574302415         1.047594240082         1.047580141026         1.047264582475         0.977779989774         0.990375590896         0.960931611612         0.845992877854         0.854034133465         0.673586598513         0.000000000000
        1.022490306114         1.083465827159         1.206604211232         1.276546162349         1.267577596850         1.276872575752         1.289328429329         1.290796340103         1.289267846522         1.298822230683         1.300531798455         1.296498500388         1.306794916094         1.305624105974         1.302103473260         1.313344018920         1.307914615738         1.307639502996         1.317799174517         1.308855815015         1.313258385959         1.319814017439         1.309608075508         1.318430055061         1.319524799223         1.310937697244         1.322355020415         1.317513758868         1.313109362476         1.324291075068         1.314644312413         1.315867467520         1.323803806634         1.311821971548         1.318534169744         1.320907111031         1.309746107511         1.320206693675         1.316071616341         1.308715644040         1.320007092330         1.310105811868         1.308537234871         1.317322531214         1.303943294220         1.308559262485         1.311975343580         1.298390632857         1.307824439660         1.304279039823         1.293899176634         1.305304085991         1.294964610354         1.290418363440         1.300155968235         1.284993250839         1.287368974727         1.291940150523         1.275298942976         1.283746555236         1.280736145966         1.266521408366         1.278333325196         1.267127951603         1.258792728184         1.269968966449         1.252054746133         1.251629217692         1.257813401790         1.236556350471         1.243956322613         1.241533132152         1.221465966003         1.234262344356         1.221357581874         1.207112584092         1.220842514526         1.197978886276         1.193089160230         1.202064652062         1.172299436062         1.178119579339         1.176564947541         1.145053528850         1.160014553879         1.143262828476         1.116323867504         1.135636493542         1.101022956339         1.084933947594         1.100593753336         1.047613252890         1.047594666080         1.047276544220         0.977791214902         0.990382990933         0.960938023873         0.845997930730         0.854036600467         0.673588848766         0.000000000000
        1.022483273774         1.083457863750         1.206583873709         1.276514651119         1.267540977325         1.276826340318         1.289274012414         1.290737708324         1.289198368816         1.298745917591         1.300449703458         1.296404776757         1.306695749442         1.305517098336         1.301985362938         1.313221402197         1.307782234685         1.307497737832         1.317653118524         1.308698882817         1.313094534982         1.319645356403         1.309428573459         1.318246177135         1.319335087771         1.310738450135         1.322153482641         1.317305272773         1.312893750925         1.324074390749         1.314420053740         1.315639197860         1.323574733908         1.311585609112         1.318296989779         1.320668590226         1.309501708134         1.319964146647         1.315826753842         1.308467414022         1.319762392928         1.309858053226         1.308289324794         1.317078649169         1.303696340868         1.308315485166         1.311735039480         1.298148306724         1.307588095774         1.304044918116         1.293665210497         1.305077820742         1.294739335727         1.290196178084         1.299941863106         1.284779523398         1.287161452438         1.291739836766         1.275099429294         1.283555855127         1.280550891651         1.266338522426         1.278160720013         1.266958918432         1.258628472188         1.269815008377         1.251903031918         1.251484927363         1.257678055514         1.236422972969         1.243832521476         1.241415971619         1.221351654631         1.234158583884         1.221258014845         1.207017626206         1.220757603111         1.197896305420         1.193013160108         1.201996839804         1.172233172608         1.178061304534         1.176512215290         1.145002703750         1.159971956039         1.143223164930         1.116287204218         1.135606924277         1.100994497545         1.084909575821         1.100574303194         1.047594240794         1.047580142015         1.047264583170         0.977779990619         0.990375591897         0.960931612256         0.845992878836         0.854034134185         0.673586599002         0.000000000000
        1.022483274072         1.083457863811         1.206583874154         1.276514651558         1.267540977837         1.276826340880         1.289274012874         1.290737708824         1.289198369329         1.298745918064         1.300449704083         1.296404777392         1.306695750130         1.305517099260         1.301985363603         1.313221402946         1.307782235668         1.307497738750         1.317653119547         1.308698883932         1.313094536080         1.319645357779         1.309428574756         1.318246178404         1.319335088978         1.310738451360         1.322153483810         1.317305273819         1.312893751868         1.324074391549         1.314420054510         1.315639198496         1.323574734423         1.311585609489         1.318296990068         1.320668590696         1.309501708391         1.319964146759         1.315826753820         1.308467413821         1.319762392767         1.309858053075         1.308289324557         1.317078648836         1.303696340525         1.308315484793         1.311735039209         1.298148306361         1.307588095386         1.304044917733         1.293665210141         1.305077820473         1.294739335593         1.290196178022         1.299941863241         1.284779523348         1.287161452680         1.291739837120         1.275099429654         1.283555855408         1.280550892089         1.266338522991         1.278160720697         1.266958919230         1.258628473054         1.269815009399         1.251903032969         1.251484928384         1.257678056511         1.236422973917         1.243832522311         1.241415972374         1.221351654914         1.234158584008         1.221258014832         1.207017625874         1.220757602723         1.197896304961         1.193013159500         1.201996839396         1.172233172078         1.178061304049         1.176512214905         1.145002703307         1.159971955711         1.143223164668         1.116287203959         1.135606924194         1.100994497462         1.084909575812         1.100574303245         1.047594240824         1.047580142138         1.047264583269         0.977779990746         0.990375592093         0.960931612381         0.845992879037         0.854034134342         0.673586599107         0.000000000000
        1.022483273607         1.083457863734         1.206583873465         1.276514650899         1.267540977031         1.276826340021         1.289274012202         1.290737708082         1.289198368590         1.298745917388         1.300449703129         1.296404776437         1.306695749055         1.305517097743         1.301985362619         1.313221401787         1.307782234069         1.307497737272         1.317653117841         1.308698882064         1.313094534211         1.319645355348         1.309428572487         1.318246176173         1.319335086887         1.310738449244         1.322153481851         1.317305272107         1.312893750348         1.324074390373         1.314420053335         1.315639197593         1.323574733720         1.311585609047         1.318296989748         1.320668589914         1.309501707991         1.319964146623         1.315826753910         1.308467414248         1.319762393041         1.309858053245         1.308289324829         1.317078649292         1.303696340903         1.308315485154         1.311735039237         1.298148306541         1.307588095534         1.304044917815         1.293665210112         1.305077820221         1.294739335064         1.290196177341         1.299941862113         1.284779522571         1.287161451299         1.291739835515         1.275099428048         1.283555853914         1.280550890262         1.266338520848         1.278160718301         1.266958916632         1.258628470343         1.269815006371         1.251903029927         1.251484925387         1.257678053567         1.236422971083         1.243832519608         1.241415969862         1.221351653420         1.234158582844         1.221258014039         1.207017625742         1.220757602784         1.197896305219         1.193013160077         1.201996839678         1.172233172609         1.178061304545         1.176512215236         1.145002703756         1.159971955972         1.143223164860         1.116287204131         1.135606924078         1.100994497398         1.084909575568         1.100574302947         1.047594240575         1.047580141681         1.047264582927         0.977779990323         0.990375591531         0.960931612020         0.845992878473         0.854034133916         0.673586598820         0.000000000000
        1.022483274071         1.083457863811         1.206583874153         1.276514651558         1.267540977837         1.276826340880         1.289274012874         1.290737708824         1.289198369329         1.298745918065         1.300449704083         1.296404777392         1.306695750130         1.305517099259         1.301985363603         1.313221402946         1.307782235667         1.307497738750         1.317653119547         1.308698883931         1.313094536080         1.319645357777         1.309428574755         1.318246178403         1.319335088976         1.310738451358         1.322153483809         1.317305273817         1.312893751866         1.324074391548         1.314420054509         1.315639198496         1.323574734423         1.311585609489         1.318296990070         1.320668590696         1.309501708392         1.319964146761         1.315826753822         1.308467413823         1.319762392769         1.309858053077         1.308289324560         1.317078648839         1.303696340528         1.308315484797         1.311735039212         1.298148306366         1.307588095391         1.304044917737         1.293665210146         1.305077820477         1.294739335598         1.290196178027         1.299941863245         1.284779523352         1.287161452685         1.291739837124         1.275099429659         1.283555855413         1.280550892093         1.266338522996         1.278160720702         1.266958919235         1.258628473059         1.269815009404         1.251903032974         1.251484928390         1.257678056516         1.236422973922         1.243832522316         1.241415972379         1.221351654919         1.234158584013         1.221258014836         1.207017625879         1.220757602727         1.197896304965         1.193013159504         1.201996839400         1.172233172081         1.178061304052         1.176512214907         1.145002703310         1.159971955714         1.143223164671         1.116287203961         1.135606924196         1.100994497464         1.084909575815         1.100574303247         1.047594240825         1.047580142140         1.047264583270         0.977779990747         0.990375592094         0.960931612381         0.845992879037         0.854034134342         0.673586599107         0.000000000000
        1.022483273773         1.083457863749         1.206583873708         1.276514651118         1.267540977323         1.276826340316         1.289274012412         1.290737708322         1.289198368813         1.298745917589         1.300449703456         1.296404776754         1.306695749439         1.305517098333         1.301985362935         1.313221402195         1.307782234682         1.307497737830         1.317653118521         1.308698882813         1.313094534979         1.319645356400         1.309428573456         1.318246177133         1.319335087769         1.310738450133         1.322153482639         1.317305272771         1.312893750923         1.324074390747         1.314420053737         1.315639197857         1.323574733905         1.311585609109         1.318296989777         1.320668590224         1.309501708131         1.319964146646         1.315826753840         1.308467414021         1.319762392927         1.309858053225         1.308289324794         1.317078649168         1.303696340867         1.308315485165         1.311735039478         1.298148306723         1.307588095773         1.304044918114         1.293665210496         1.305077820741         1.294739335725         1.290196178082         1.299941863105         1.284779523396         1.287161452436         1.291739836764         1.275099429291         1.283555855125         1.280550891649         1.266338522423         1.278160720010         1.266958918430         1.258628472186         1.269815008375         1.251903031915         1.251484927361         1.257678055511         1.236422972967         1.243832521474         1.241415971617         1.221351654628         1.234158583882         1.221258014842         1.207017626203         1.220757603108         1.197896305418         1.193013160106         1.201996839803         1.172233172606         1.178061304533         1.176512215289         1.145002703749         1.159971956039         1.143223164929         1.116287204217         1.135606924276         1.100994497545         1.084909575821         1.100574303193         1.047594240793         1.047580142015         1.047264583169         0.977779990619         0.990375591898         0.960931612256         0.845992878836         0.854034134186         0.673586599002         0.000000000000
        1.022483274071         1.083457863811         1.206583874152         1.276514651557         1.267540977836         1.276826340879         1.289274012873         1.290737708823         1.289198369328         1.298745918063         1.300449704082         1.296404777390         1.306695750128         1.305517099258         1.301985363602         1.313221402944         1.307782235666         1.307497738748         1.317653119545         1.308698883930         1.313094536078         1.319645357776         1.309428574753         1.318246178402         1.319335088975         1.310738451357         1.322153483808         1.317305273816         1.312893751866         1.324074391548         1.314420054509         1.315639198496         1.323574734423         1.311585609489         1.318296990070         1.320668590697         1.309501708393         1.319964146762         1.315826753822         1.308467413824         1.319762392770         1.309858053078         1.308289324561         1.317078648840         1.303696340530         1.308315484798         1.311735039214         1.298148306367         1.307588095392         1.304044917739         1.293665210148         1.305077820479         1.294739335599         1.290196178029         1.299941863247         1.284779523354         1.287161452686         1.291739837125         1.275099429660         1.283555855415         1.280550892095         1.266338522998         1.278160720703         1.266958919236         1.258628473060         1.269815009404         1.251903032975         1.251484928390         1.257678056515         1.236422973922         1.243832522316         1.241415972379         1.221351654919         1.234158584013         1.221258014836         1.207017625879         1.220757602727         1.197896304965         1.193013159505         1.201996839400         1.172233172082         1.178061304053         1.176512214909         1.145002703312         1.159971955715         1.143223164671         1.116287203963         1.135606924197         1.100994497465         1.084909575816         1.100574303247         1.047594240826         1.047580142140         1.047264583271         0.977779990748         0.990375592095         0.960931612381         0.845992879038         0.854034134343         0.673586599107         0.000000000000
        1.022490306112         1.083465827159         1.206604211230         1.276546162346         1.267577596849         1.276872575750         1.289328429327         1.290796340102         1.289267846520         1.298822230681         1.300531798453         1.296498500387         1.306794916093         1.305624105973         1.302103473260         1.313344018920         1.307914615737         1.307639502996         1.317799174517         1.308855815014         1.313258385959         1.319814017439         1.309608075508         1.318430055062         1.319524799223         1.310937697245         1.322355020416         1.317513758869         1.313109362477         1.324291075070         1.314644312414         1.315867467522         1.323803806635         1.311821971549         1.318534169746         1.320907111033         1.309746107513         1.320206693677         1.316071616343         1.308715644043         1.320007092333         1.310105811870         1.308537234874         1.317322531216         1.303943294222         1.308559262487         1.311975343582         1.298390632859         1.307824439663         1.304279039825         1.293899176636         1.305304085994         1.294964610356         1.290418363442         1.300155968236         1.284993250840         1.287368974729         1.291940150523         1.275298942977         1.283746555238         1.280736145967         1.266521408367         1.278333325197         1.267127951603         1.258792728185         1.269968966450         1.252054746133         1.251629217693         1.257813401790         1.236556350471         1.243956322615         1.241533132152         1.221465966003         1.234262344357         1.221357581874         1.207112584092         1.220842514527         1.197978886276         1.193089160231         1.202064652062         1.172299436062         1.178119579339         1.176564947540         1.145053528849         1.160014553879         1.143262828474         1.116323867503         1.135636493541         1.101022956338         1.084933947593         1.100593753335         1.047613252890         1.047594666080         1.047276544219         0.977791214903         0.990382990934         0.960938023873         0.845997930731         0.854036600468         0.673588848766         0.000000000000
        1.022492367403         1.083467608711         1.206609524679         1.276553918491         1.267586647652         1.276883901878         1.289341375722         1.290810155114         1.289283914432         1.298839531222         1.300550139533         1.296519170135         1.306816400336         1.305647031935         1.302128537048         1.313369649964         1.307942123644         1.307668748243         1.317828989708         1.308887837543         1.313291625365         1.319848072676         1.309644422569         1.318467112790         1.319563076113         1.310978036423         1.322395719165         1.317556073362         1.313153245429         1.324335198645         1.314690299739         1.315914381407         1.323851076316         1.311871088161         1.318583577655         1.320957135434         1.309797662637         1.320258049191         1.316123866678         1.308768866213         1.320059852075         1.310159634893         1.308591326329         1.317376146116         1.303997922918         1.308613455975         1.312029222081         1.298445218491         1.307878022603         1.304332539314         1.293952855760         1.305356425292         1.295017052886         1.290470311269         1.300206508814         1.285043920116         1.287418461556         1.291988381796         1.275347109995         1.283792974901         1.280781594653         1.266566381778         1.278376217788         1.267170173450         1.258833906611         1.270008018250         1.252093321543         1.251666144005         1.257848426976         1.236590892413         1.243988716906         1.241564042986         1.221496151042         1.234290113302         1.221384344233         1.207138199170         1.220865760339         1.198001514416         1.193110160101         1.202083640361         1.172317979677         1.178136117730         1.176580044457         1.145068098199         1.160026992904         1.143274441511         1.116334679942         1.135645385214         1.101031495596         1.084941383625         1.100599774943         1.047619130729         1.047599302872         1.047280383767         0.977794875170         0.990385551312         0.960940216428         0.845999789968         0.854037584629         0.673589717487         0.000000000000
        1.022490306111         1.083465827158         1.206604211228         1.276546162344         1.267577596846         1.276872575746         1.289328429323         1.290796340097         1.289267846514         1.298822230676         1.300531798448         1.296498500380         1.306794916086         1.305624105966         1.302103473251         1.313344018912         1.307914615729         1.307639502987         1.317799174508         1.308855815005         1.313258385949         1.319814017430         1.309608075498         1.318430055051         1.319524799213         1.310937697234         1.322355020406         1.317513758858         1.313109362466         1.324291075059         1.314644312403         1.315867467511         1.323803806625         1.311821971539         1.318534169737         1.320907111023         1.309746107503         1.320206693668         1.316071616333         1.308715644032         1.320007092324         1.310105811860         1.308537234864         1.317322531207         1.303943294213         1.308559262479         1.311975343574         1.298390632851         1.307824439656         1.304279039818         1.293899176629         1.305304085988         1.294964610350         1.290418363436         1.300155968231         1.284993250836         1.287368974724         1.291940150519         1.275298942973         1.283746555234         1.280736145964         1.266521408364         1.278333325194         1.267127951601         1.258792728183         1.269968966448         1.252054746132         1.251629217692         1.257813401790         1.236556350471         1.243956322614         1.241533132152         1.221465966003         1.234262344357         1.221357581875         1.207112584093         1.220842514527         1.197978886277         1.193089160232         1.202064652063         1.172299436063         1.178119579340         1.176564947541         1.145053528851         1.160014553880         1.143262828476         1.116323867505         1.135636493543         1.101022956339         1.084933947594         1.100593753336         1.047613252890         1.047594666081         1.047276544220         0.977791214903         0.990382990934         0.960938023873         0.845997930731         0.854036600468         0.673588848766         0.000000000000
        1.022490306112         1.083465827158         1.206604211230         1.276546162345         1.267577596847         1.276872575748         1.289328429325         1.290796340100         1.289267846518         1.298822230679         1.300531798451         1.296498500384         1.306794916090         1.305624105971         1.302103473257         1.313344018917         1.307914615734         1.307639502992         1.317799174513         1.308855815011         1.313258385955         1.319814017435         1.309608075504         1.318430055057         1.319524799219         1.310937697240         1.322355020411         1.317513758864         1.313109362472         1.324291075065         1.314644312410         1.315867467518         1.323803806631         1.311821971546         1.318534169744         1.320907111030         1.309746107511         1.320206693675         1.316071616341         1.308715644040         1.320007092331         1.310105811868         1.308537234872         1.317322531215         1.303943294221         1.308559262486         1.311975343581         1.298390632858         1.307824439662         1.304279039825         1.293899176636         1.305304085994         1.294964610356         1.290418363442         1.300155968236         1.284993250840         1.287368974729         1.291940150524         1.275298942978         1.283746555238         1.280736145967         1.266521408367         1.278333325197         1.267127951604         1.258792728186         1.269968966451         1.252054746134         1.251629217695         1.257813401792         1.236556350473         1.243956322617         1.241533132153         1.221465966005         1.234262344358         1.221357581875         1.207112584093         1.220842514528         1.197978886276         1.193089160232         1.202064652063         1.172299436063         1.178119579340         1.176564947541         1.145053528851         1.160014553881         1.143262828476         1.116323867505         1.135636493543         1.101022956339         1.084933947595         1.100593753336         1.047613252891         1.047594666081         1.047276544220         0.977791214904         0.990382990935         0.960938023874         0.845997930732         0.854036600469         0.673588848767         0.000000000000
        1.022492367402         1.083467608710         1.206609524679         1.276553918489         1.267586647650         1.276883901876         1.289341375720         1.290810155112         1.289283914429         1.298839531218         1.300550139530         1.296519170131         1.306816400332         1.305647031932         1.302128537044         1.313369649960         1.307942123640         1.307668748238         1.317828989704         1.308887837538         1.313291625361         1.319848072672         1.309644422564         1.318467112786         1.319563076108         1.310978036418         1.322395719160         1.317556073356         1.313153245423         1.324335198639         1.314690299733         1.315914381401         1.323851076310         1.311871088155         1.318583577650         1.320957135429         1.309797662631         1.320258049186         1.316123866672         1.308768866208         1.320059852069         1.310159634888         1.308591326324         1.317376146111         1.303997922912         1.308613455969         1.312029222075         1.298445218485         1.307878022597         1.304332539308         1.293952855754         1.305356425286         1.295017052880         1.290470311263         1.300206508808         1.285043920110         1.287418461550         1.291988381790         1.275347109989         1.283792974895         1.280781594648         1.266566381772         1.278376217782         1.267170173445         1.258833906604         1.270008018245         1.252093321538         1.251666144000         1.257848426972         1.236590892408         1.243988716901         1.241564042982         1.221496151037         1.234290113298         1.221384344228         1.207138199165         1.220865760334         1.198001514411         1.193110160096         1.202083640357         1.172317979672         1.178136117726         1.176580044453         1.145068098195         1.160026992900         1.143274441508         1.116334679939         1.135645385212         1.101031495593         1.084941383623         1.100599774941         1.047619130726         1.047599302870         1.047280383766         0.977794875169         0.990385551311         0.960940216427         0.845999789967         0.854037584628         0.673589717486         0.000000000000
        1.022492673583         1.083467840601         1.206610265700         1.276554956983         1.267587866242         1.276885415964         1.289343063603         1.290811959561         1.289285990713         1.298841736788         1.300552482787         1.296521781945         1.306819098113         1.305649913704         1.302131654487         1.313372833144         1.307945535508         1.307672344596         1.317832659505         1.308891764994         1.313295679505         1.319852233528         1.309648843476         1.318471608220         1.319567726637         1.310982914888         1.322400639577         1.317561192429         1.313158533037         1.324340522497         1.314695844937         1.315920021646         1.323856771449         1.311876994518         1.318589510469         1.320963155525         1.309803848406         1.320264212438         1.316130144933         1.308775241025         1.320066180443         1.310166089002         1.308597795498         1.317382570849         1.304004457335         1.308619928397         1.312035669151         1.298451729514         1.307884413384         1.304338925538         1.293959240324         1.305362656448         1.295023291829         1.290476471263         1.300212511159         1.285049923135         1.287424310970         1.291994091510         1.275352789123         1.283798443769         1.280786952018         1.266571658263         1.278381253005         1.267175124955         1.258838714861         1.270012585626         1.252097819805         1.251670435855         1.257852506142         1.236594895576         1.243992465645         1.241567625539         1.221499629440         1.234293316126         1.221387431181         1.207141136999         1.220868434974         1.198004112572         1.193112560826         1.202085822192         1.172320100829         1.178138006438         1.176581778798         1.145069761249         1.160028417320         1.143275778262         1.116335916662         1.135646412427         1.101032484655         1.084942242698         1.100600482456         1.047619820438         1.047599850712         1.047280846133         0.977795314581         0.990385865175         0.960940486588         0.846000018448         0.854037706512         0.673589823448         0.000000000000
        1.022492367404         1.083467608711         1.206609524682         1.276553918493         1.267586647654         1.276883901881         1.289341375724         1.290810155116         1.289283914434         1.298839531224         1.300550139536         1.296519170137         1.306816400338         1.305647031938         1.302128537050         1.313369649966         1.307942123647         1.307668748245         1.317828989710         1.308887837545         1.313291625368         1.319848072679         1.309644422572         1.318467112793         1.319563076115         1.310978036426         1.322395719167         1.317556073364         1.313153245431         1.324335198647         1.314690299741         1.315914381409         1.323851076318         1.311871088163         1.318583577658         1.320957135437         1.309797662639         1.320258049194         1.316123866681         1.308768866217         1.320059852078         1.310159634897         1.308591326332         1.317376146119         1.303997922921         1.308613455978         1.312029222084         1.298445218494         1.307878022606         1.304332539317         1.293952855763         1.305356425295         1.295017052889         1.290470311272         1.300206508817         1.285043920119         1.287418461559         1.291988381800         1.275347109999         1.283792974904         1.280781594658         1.266566381783         1.278376217792         1.267170173455         1.258833906616         1.270008018256         1.252093321550         1.251666144011         1.257848426983         1.236590892420         1.243988716913         1.241564042993         1.221496151048         1.234290113309         1.221384344239         1.207138199176         1.220865760344         1.198001514420         1.193110160105         1.202083640364         1.172317979679         1.178136117733         1.176580044459         1.145068098202         1.160026992909         1.143274441517         1.116334679949         1.135645385222         1.101031495603         1.084941383634         1.100599774951         1.047619130736         1.047599302878         1.047280383772         0.977794875174         0.990385551315         0.960940216429         0.845999789969         0.854037584629         0.673589717487         0.000000000000
        1.022492367401         1.083467608710         1.206609524678         1.276553918488         1.267586647649         1.276883901875         1.289341375719         1.290810155111         1.289283914428         1.298839531218         1.300550139529         1.296519170130         1.306816400331         1.305647031931         1.302128537043         1.313369649959         1.307942123639         1.307668748238         1.317828989703         1.308887837537         1.313291625360         1.319848072671         1.309644422563         1.318467112784         1.319563076106         1.310978036416         1.322395719159         1.317556073355         1.313153245422         1.324335198638         1.314690299732         1.315914381400         1.323851076309         1.311871088154         1.318583577649         1.320957135428         1.309797662630         1.320258049185         1.316123866671         1.308768866207         1.320059852068         1.310159634887         1.308591326323         1.317376146110         1.303997922911         1.308613455968         1.312029222075         1.298445218485         1.307878022597         1.304332539308         1.293952855754         1.305356425286         1.295017052880         1.290470311263         1.300206508808         1.285043920111         1.287418461551         1.291988381791         1.275347109990         1.283792974895         1.280781594649         1.266566381773         1.278376217783         1.267170173446         1.258833906606         1.270008018246         1.252093321539         1.251666144001         1.257848426973         1.236590892409         1.243988716902         1.241564042983         1.221496151038         1.234290113299         1.221384344229         1.207138199167         1.220865760335         1.198001514413         1.193110160097         1.202083640358         1.172317979673         1.178136117727         1.176580044455         1.145068098196         1.160026992902         1.143274441509         1.116334679940         1.135645385213         1.101031495594         1.084941383623         1.100599774943         1.047619130727         1.047599302870         1.047280383767         0.977794875170         0.990385551313         0.960940216430         0.845999789970         0.854037584631         0.673589717487         0.000000000000
        1.022492673584         1.083467840601         1.206610265702         1.276554956985         1.267587866244         1.276885415967         1.289343063605         1.290811959563         1.289285990715         1.298841736790         1.300552482788         1.296521781947         1.306819098115         1.305649913706         1.302131654490         1.313372833146         1.307945535510         1.307672344598         1.317832659508         1.308891764997         1.313295679507         1.319852233531         1.309648843479         1.318471608222         1.319567726640         1.310982914892         1.322400639579         1.317561192432         1.313158533040         1.324340522500         1.314695844941         1.315920021649         1.323856771452         1.311876994521         1.318589510472         1.320963155528         1.309803848410         1.320264212441         1.316130144937         1.308775241028         1.320066180446         1.310166089005         1.308597795501         1.317382570852         1.304004457338         1.308619928400         1.312035669154         1.298451729517         1.307884413387         1.304338925541         1.293959240326         1.305362656449         1.295023291830         1.290476471263         1.300212511159         1.285049923135         1.287424310969         1.291994091509         1.275352789122         1.283798443767         1.280786952016         1.266571658260         1.278381253001         1.267175124951         1.258838714856         1.270012585621         1.252097819800         1.251670435848         1.257852506135         1.236594895569         1.243992465637         1.241567625532         1.221499629431         1.234293316117         1.221387431173         1.207141136989         1.220868434964         1.198004112563         1.193112560816         1.202085822182         1.172320100819         1.178138006427         1.176581778787         1.145069761238         1.160028417308         1.143275778250         1.116335916650         1.135646412414         1.101032484642         1.084942242685         1.100600482445         1.047619820429         1.047599850704         1.047280846125         0.977795314574         0.990385865169         0.960940486583         0.846000018443         0.854037706508         0.673589823446         0.000000000000
        1.022492730693         1.083467878539         1.206610396336         1.276555133844         1.267588072479         1.276885672595         1.289343343721         1.290812260498         1.289286335726         1.298842099866         1.300552871471         1.296522212751         1.306819542609         1.305650391640         1.302132168578         1.313373360570         1.307946102820         1.307672940322         1.317833271894         1.308892420663         1.313296355944         1.319852933030         1.309649585551         1.318472365004         1.319568514273         1.310983739498         1.322401475773         1.317562065440         1.313159433832         1.324341435339         1.314696796687         1.315920990254         1.323857755538         1.311878014340         1.318590537542         1.320964202678         1.309804922769         1.320265287308         1.316131242752         1.308776354279         1.320067291252         1.310167222263         1.308598931139         1.317383704128         1.304005608227         1.308621069799         1.312036810173         1.298452879043         1.307885544617         1.304340057823         1.293960369277         1.305363762459         1.295024398475         1.290477562075         1.300213578029         1.285050987241         1.287425347805         1.291995106231         1.275353794484         1.283799413315         1.280787902675         1.266572590565         1.278382145390         1.267176001138         1.258839562850         1.270013394041         1.252098612850         1.251671191362         1.257853226354         1.236595598378         1.243993124294         1.241568255733         1.221500237521         1.234293877807         1.221387971850         1.207141648799         1.220868903245         1.198004565435         1.193112978111         1.202086203434         1.172320468869         1.178138334417         1.176582081180         1.145070048881         1.160028664867         1.143276010909         1.116336130282         1.135646591439         1.101032656639         1.084942391416         1.100600606362         1.047619940541         1.047599946134         1.047280927558         0.977795391273         0.990385920120         0.960940534190         0.846000057982         0.854037727593         0.673589841879         0.000000000000
        1.022492673584         1.083467840601         1.206610265701         1.276554956985         1.267587866244         1.276885415966         1.289343063605         1.290811959563         1.289285990716         1.298841736791         1.300552482789         1.296521781948         1.306819098116         1.305649913707         1.302131654491         1.313372833147         1.307945535512         1.307672344600         1.317832659509         1.308891764998         1.313295679509         1.319852233532         1.309648843481         1.318471608224         1.319567726642         1.310982914893         1.322400639581         1.317561192433         1.313158533042         1.324340522501         1.314695844941         1.315920021650         1.323856771452         1.311876994522         1.318589510473         1.320963155529         1.309803848410         1.320264212442         1.316130144937         1.308775241029         1.320066180448         1.310166089007         1.308597795503         1.317382570854         1.304004457340         1.308619928402         1.312035669156         1.298451729520         1.307884413389         1.304338925543         1.293959240329         1.305362656453         1.295023291834         1.290476471268         1.300212511164         1.285049923140         1.287424310975         1.291994091514         1.275352789128         1.283798443774         1.280786952023         1.266571658268         1.278381253010         1.267175124960         1.258838714867         1.270012585632         1.252097819811         1.251670435861         1.257852506149         1.236594895583         1.243992465652         1.241567625547         1.221499629448         1.234293316135         1.221387431190         1.207141137008         1.220868434983         1.198004112582         1.193112560837         1.202085822202         1.172320100841         1.178138006450         1.176581778810         1.145069761262         1.160028417334         1.143275778277         1.116335916678         1.135646412444         1.101032484673         1.084942242717         1.100600482474         1.047619820456         1.047599850729         1.047280846146         0.977795314594         0.990385865183         0.960940486594         0.846000018454         0.854037706516         0.673589823451         0.000000000000
        1.022492673582         1.083467840601         1.206610265699         1.276554956981         1.267587866241         1.276885415963         1.289343063601         1.290811959560         1.289285990712         1.298841736787         1.300552482785         1.296521781944         1.306819098112         1.305649913703         1.302131654487         1.313372833144         1.307945535507         1.307672344596         1.317832659505         1.308891764994         1.313295679505         1.319852233528         1.309648843476         1.318471608220         1.319567726637         1.310982914888         1.322400639576         1.317561192428         1.313158533037         1.324340522497         1.314695844937         1.315920021646         1.323856771448         1.311876994517         1.318589510469         1.320963155524         1.309803848406         1.320264212438         1.316130144932         1.308775241024         1.320066180442         1.310166089001         1.308597795497         1.317382570848         1.304004457333         1.308619928396         1.312035669149         1.298451729512         1.307884413382         1.304338925535         1.293959240321         1.305362656445         1.295023291825         1.290476471259         1.300212511155         1.285049923131         1.287424310965         1.291994091505         1.275352789118         1.283798443764         1.280786952012         1.266571658257         1.278381252999         1.267175124948         1.258838714854         1.270012585619         1.252097819797         1.251670435847         1.257852506134         1.236594895567         1.243992465636         1.241567625530         1.221499629430         1.234293316117         1.221387431171         1.207141136988         1.220868434963         1.198004112561         1.193112560815         1.202085822181         1.172320100817         1.178138006426         1.176581778786         1.145069761237         1.160028417307         1.143275778249         1.116335916649         1.135646412414         1.101032484641         1.084942242685         1.100600482444         1.047619820428         1.047599850705         1.047280846125         0.977795314575         0.990385865170         0.960940486585         0.846000018446         0.854037706511         0.673589823448         0.000000000000
        1.022492730694         1.083467878538         1.206610396340         1.276555133848         1.267588072487         1.276885672602         1.289343343735         1.290812260516         1.289286335741         1.298842099879         1.300552871483         1.296522212761         1.306819542616         1.305650391647         1.302132168584         1.313373360575         1.307946102825         1.307672940326         1.317833271897         1.308892420666         1.313296355946         1.319852933032         1.309649585552         1.318472365004         1.319568514274         1.310983739498         1.322401475773         1.317562065440         1.313159433831         1.324341435338         1.314696796686         1.315920990252         1.323857755537         1.311878014338         1.318590537539         1.320964202675         1.309804922767         1.320265287305         1.316131242750         1.308776354276         1.320067291249         1.310167222260         1.308598931135         1.317383704125         1.304005608223         1.308621069795         1.312036810170         1.298452879038         1.307885544613         1.304340057819         1.293960369272         1.305363762454         1.295024398470         1.290477562071         1.300213578025         1.285050987238         1.287425347801         1.291995106228         1.275353794481         1.283799413312         1.280787902672         1.266572590562         1.278382145387         1.267176001135         1.258839562847         1.270013394038         1.252098612847         1.251671191358         1.257853226351         1.236595598374         1.243993124290         1.241568255729         1.221500237517         1.234293877802         1.221387971846         1.207141648794         1.220868903241         1.198004565431         1.193112978107         1.202086203430         1.172320468865         1.178138334413         1.176582081176         1.145070048877         1.160028664864         1.143276010905         1.116336130278         1.135646591436         1.101032656636         1.084942391412         1.100600606358         1.047619940538         1.047599946131         1.047280927556         0.977795391270         0.990385920118         0.960940534188         0.846000057980         0.854037727593         0.673589841879         0.000000000000
        1.022492743277         1.083467887143         1.206610424827         1.276555172304         1.267588117598         1.276885728502         1.289343404522         1.290812326231         1.289286410793         1.298842178924         1.300552956594         1.296522306751         1.306819640083         1.305650496822         1.302132281446         1.313373477277         1.307946228450         1.307673072304         1.317833408626         1.308892566927         1.313296507347         1.319853090605         1.309649752470         1.318472536249         1.319568693189         1.310983926711         1.322401666915         1.317562265329         1.313159640315         1.324341646021         1.314697016288         1.315921214435         1.323857984472         1.311878251353         1.318590777315         1.320964447932         1.309805174234         1.320265540196         1.316131501338         1.308776616510         1.320067554221         1.310167490424         1.308599200215         1.317383973681         1.304005881519         1.308621341629         1.312037082477         1.298453152839         1.307885815082         1.304340328545         1.293960638814         1.305364027507         1.295024663228         1.290477823003         1.300213834000         1.285051241759         1.287425596164         1.291995349706         1.275354034828         1.283799645676         1.280788130425         1.266572813158         1.278382359229         1.267176210454         1.258839765147         1.270013587439         1.252098801712         1.251671371382         1.257853398231         1.236595765245         1.243993281061         1.241568405629         1.221500381444         1.234294011366         1.221388099930         1.207141769730         1.220869014427         1.198004672296         1.193113076642         1.202086293723         1.172320555440         1.178138411874         1.176582152615         1.145070116431         1.160028723396         1.143276065715         1.116336180481         1.135646633871         1.101032697112         1.084942426487         1.100600635754         1.047619968824         1.047599968751         1.047280946888         0.977795409376         0.990385933221         0.960940545477         0.846000067349         0.854037732649         0.673589846281         0.000000000000
        1.022492730692         1.083467878537         1.206610396337         1.276555133845         1.267588072484         1.276885672599         1.289343343733         1.290812260514         1.289286335739         1.298842099877         1.300552871480         1.296522212758         1.306819542615         1.305650391645         1.302132168582         1.313373360573         1.307946102823         1.307672940324         1.317833271896         1.308892420664         1.313296355945         1.319852933030         1.309649585550         1.318472365003         1.319568514272         1.310983739497         1.322401475772         1.317562065439         1.313159433830         1.324341435338         1.314696796685         1.315920990251         1.323857755536         1.311878014337         1.318590537539         1.320964202675         1.309804922766         1.320265287305         1.316131242749         1.308776354276         1.320067291249         1.310167222260         1.308598931136         1.317383704125         1.304005608224         1.308621069796         1.312036810170         1.298452879039         1.307885544614         1.304340057820         1.293960369274         1.305363762456         1.295024398472         1.290477562073         1.300213578027         1.285050987240         1.287425347804         1.291995106230         1.275353794484         1.283799413315         1.280787902676         1.266572590566         1.278382145392         1.267176001140         1.258839562852         1.270013394043         1.252098612852         1.251671191364         1.257853226356         1.236595598380         1.243993124296         1.241568255735         1.221500237524         1.234293877808         1.221387971852         1.207141648801         1.220868903247         1.198004565437         1.193112978113         1.202086203436         1.172320468871         1.178138334419         1.176582081182         1.145070048884         1.160028664870         1.143276010912         1.116336130285         1.135646591442         1.101032656643         1.084942391419         1.100600606366         1.047619940545         1.047599946138         1.047280927562         0.977795391276         0.990385920123         0.960940534192         0.846000057985         0.854037727595         0.673589841881         0.000000000000
        1.022492730692         1.083467878537         1.206610396337         1.276555133846         1.267588072485         1.276885672600         1.289343343734         1.290812260515         1.289286335741         1.298842099880         1.300552871483         1.296522212762         1.306819542618         1.305650391648         1.302132168586         1.313373360577         1.307946102827         1.307672940329         1.317833271900         1.308892420668         1.313296355949         1.319852933034         1.309649585555         1.318472365008         1.319568514277         1.310983739502         1.322401475776         1.317562065443         1.313159433835         1.324341435342         1.314696796689         1.315920990256         1.323857755540         1.311878014342         1.318590537543         1.320964202678         1.309804922770         1.320265287309         1.316131242752         1.308776354280         1.320067291252         1.310167222263         1.308598931139         1.317383704127         1.304005608226         1.308621069798         1.312036810172         1.298452879041         1.307885544616         1.304340057820         1.293960369275         1.305363762457         1.295024398471         1.290477562073         1.300213578027         1.285050987239         1.287425347802         1.291995106229         1.275353794482         1.283799413313         1.280787902673         1.266572590563         1.278382145389         1.267176001137         1.258839562850         1.270013394040         1.252098612849         1.251671191361         1.257853226353         1.236595598377         1.243993124294         1.241568255732         1.221500237521         1.234293877806         1.221387971848         1.207141648798         1.220868903244         1.198004565434         1.193112978110         1.202086203433         1.172320468868         1.178138334416         1.176582081178         1.145070048880         1.160028664866         1.143276010907         1.116336130280         1.135646591437         1.101032656636         1.084942391413         1.100600606358         1.047619940538         1.047599946131         1.047280927556         0.977795391271         0.990385920119         0.960940534189         0.846000057982         0.854037727594         0.673589841879         0.000000000000
        1.022492743276         1.083467887141         1.206610424823         1.276555172298         1.267588117592         1.276885728496         1.289343404523         1.290812326238         1.289286410796         1.298842178924         1.300552956594         1.296522306749         1.306819640080         1.305650496819         1.302132281443         1.313373477273         1.307946228446         1.307673072301         1.317833408622         1.308892566923         1.313296507343         1.319853090600         1.309649752465         1.318472536245         1.319568693184         1.310983926706         1.322401666910         1.317562265324         1.313159640310         1.324341646017         1.314697016282         1.315921214430         1.323857984467         1.311878251347         1.318590777309         1.320964447926         1.309805174227         1.320265540189         1.316131501331         1.308776616502         1.320067554213         1.310167490415         1.308599200207         1.317383973673         1.304005881511         1.308621341622         1.312037082470         1.298453152832         1.307885815075         1.304340328539         1.293960638807         1.305364027501         1.295024663221         1.290477822997         1.300213833994         1.285051241754         1.287425596159         1.291995349700         1.275354034823         1.283799645671         1.280788130420         1.266572813154         1.278382359225         1.267176210449         1.258839765143         1.270013587435         1.252098801708         1.251671371377         1.257853398227         1.236595765241         1.243993281056         1.241568405624         1.221500381439         1.234294011361         1.221388099925         1.207141769724         1.220869014421         1.198004672290         1.193113076635         1.202086293716         1.172320555432         1.178138411866         1.176582152607         1.145070116422         1.160028723386         1.143276065704         1.116336180469         1.135646633857         1.101032697097         1.084942426471         1.100600635739         1.047619968809         1.047599968739         1.047280946880         0.977795409369         0.990385933215         0.960940545473         0.846000067347         0.854037732647         0.673589846280         0.000000000000
        1.022492746756         1.083467889476         1.206610432718         1.276555182908         1.267588130217         1.276885744103         1.289343421499         1.290812344732         1.289286431828         1.298842201161         1.300552980644         1.296522333231         1.306819667707         1.305650526678         1.302132313453         1.313373510602         1.307946264304         1.307673110024         1.317833447924         1.308892608903         1.313296550947         1.319853136144         1.309649800650         1.318472585935         1.319568745183         1.310983981115         1.322401722782         1.317562323750         1.313159700767         1.324341707985         1.314697080845         1.315921280537         1.323858052214         1.311878321428         1.318590848445         1.320964520814         1.309805248982         1.320265615654         1.316131578463         1.308776694804         1.320067633003         1.310167570684         1.308599280933         1.317384054732         1.304005963593         1.308621423452         1.312037164527         1.298453235253         1.307885896713         1.304340410211         1.293960720099         1.305364107644         1.295024743148         1.290477901824         1.300213911484         1.285051318629         1.287425671292         1.291995423367         1.275354107374         1.283799715997         1.280788199223         1.266572880311         1.278382423876         1.267176273586         1.258839826151         1.270013645873         1.252098858580         1.251671425651         1.257853450083         1.236595815400         1.243993328317         1.241568450758         1.221500424661         1.234294051606         1.221388138428         1.207141806043         1.220869047951         1.198004704363         1.193113106290         1.202086320922         1.172320581401         1.178138435204         1.176582174153         1.145070136705         1.160028741073         1.143276082212         1.116336195587         1.135646646714         1.101032709304         1.084942437093         1.100600644679         1.047619977360         1.047599975630         1.047280952765         0.977795414857         0.990385937229         0.960940548910         0.846000070209         0.854037734213         0.673589847637         0.000000000000
        1.022492743276         1.083467887141         1.206610424824         1.276555172299         1.267588117594         1.276885728498         1.289343404525         1.290812326239         1.289286410798         1.298842178926         1.300552956595         1.296522306751         1.306819640082         1.305650496821         1.302132281445         1.313373477275         1.307946228448         1.307673072303         1.317833408624         1.308892566925         1.313296507345         1.319853090603         1.309649752468         1.318472536247         1.319568693187         1.310983926708         1.322401666912         1.317562265326         1.313159640313         1.324341646019         1.314697016285         1.315921214432         1.323857984469         1.311878251350         1.318590777312         1.320964447929         1.309805174230         1.320265540192         1.316131501335         1.308776616506         1.320067554217         1.310167490420         1.308599200211         1.317383973677         1.304005881514         1.308621341625         1.312037082473         1.298453152835         1.307885815078         1.304340328542         1.293960638810         1.305364027504         1.295024663224         1.290477823000         1.300213833997         1.285051241757         1.287425596161         1.291995349703         1.275354034826         1.283799645674         1.280788130423         1.266572813157         1.278382359228         1.267176210453         1.258839765146         1.270013587439         1.252098801712         1.251671371382         1.257853398231         1.236595765246         1.243993281061         1.241568405629         1.221500381444         1.234294011365         1.221388099930         1.207141769729         1.220869014426         1.198004672295         1.193113076640         1.202086293722         1.172320555438         1.178138411872         1.176582152614         1.145070116430         1.160028723394         1.143276065713         1.116336180479         1.135646633867         1.101032697108         1.084942426483         1.100600635750         1.047619968819         1.047599968748         1.047280946886         0.977795409376         0.990385933221         0.960940545477         0.846000067350         0.854037732650         0.673589846283         0.000000000000
        1.022492743276         1.083467887141         1.206610424824         1.276555172299         1.267588117593         1.276885728497         1.289343404524         1.290812326239         1.289286410797         1.298842178925         1.300552956594         1.296522306750         1.306819640080         1.305650496819         1.302132281442         1.313373477273         1.307946228445         1.307673072299         1.317833408620         1.308892566921         1.313296507341         1.319853090598         1.309649752463         1.318472536242         1.319568693182         1.310983926703         1.322401666908         1.317562265322         1.313159640308         1.324341646015         1.314697016280         1.315921214428         1.323857984465         1.311878251345         1.318590777308         1.320964447924         1.309805174226         1.320265540188         1.316131501330         1.308776616502         1.320067554213         1.310167490415         1.308599200207         1.317383973673         1.304005881511         1.308621341622         1.312037082470         1.298453152832         1.307885815076         1.304340328539         1.293960638807         1.305364027501         1.295024663222         1.290477822998         1.300213833995         1.285051241754         1.287425596160         1.291995349701         1.275354034824         1.283799645672         1.280788130421         1.266572813155         1.278382359226         1.267176210450         1.258839765143         1.270013587435         1.252098801709         1.251671371378         1.257853398227         1.236595765241         1.243993281057         1.241568405624         1.221500381440         1.234294011361         1.221388099925         1.207141769724         1.220869014421         1.198004672290         1.193113076635         1.202086293716         1.172320555433         1.178138411867         1.176582152607         1.145070116423         1.160028723387         1.143276065705         1.116336180470         1.135646633859         1.101032697100         1.084942426474         1.100600635742         1.047619968812         1.047599968741         1.047280946881         0.977795409370         0.990385933216         0.960940545473         0.846000067348         0.854037732648         0.673589846281         0.000000000000
        1.022492746754         1.083467889475         1.206610432716         1.276555182904         1.267588130212         1.276885744099         1.289343421495         1.290812344728         1.289286431823         1.298842201155         1.300552980637         1.296522333223         1.306819667699         1.305650526670         1.302132313444         1.313373510594         1.307946264295         1.307673110015         1.317833447916         1.308892608893         1.313296550938         1.319853136135         1.309649800641         1.318472585926         1.319568745174         1.310983981105         1.322401722773         1.317562323740         1.313159700757         1.324341707976         1.314697080835         1.315921280528         1.323858052205         1.311878321417         1.318590848434         1.320964520804         1.309805248971         1.320265615644         1.316131578452         1.308776694793         1.320067632993         1.310167570673         1.308599280922         1.317384054722         1.304005963583         1.308621423442         1.312037164517         1.298453235243         1.307885896703         1.304340410201         1.293960720089         1.305364107634         1.295024743139         1.290477901815         1.300213911475         1.285051318619         1.287425671282         1.291995423357         1.275354107363         1.283799715986         1.280788199212         1.266572880300         1.278382423864         1.267176273574         1.258839826139         1.270013645860         1.252098858567         1.251671425637         1.257853450069         1.236595815385         1.243993328302         1.241568450742         1.221500424644         1.234294051589         1.221388138411         1.207141806025         1.220869047933         1.198004704344         1.193113106270         1.202086320903         1.172320581380         1.178138435183         1.176582174131         1.145070136682         1.160028741050         1.143276082188         1.116336195562         1.135646646688         1.101032709276         1.084942437063         1.100600644649         1.047619977332         1.047599975605         1.047280952744         0.977795414840         0.990385937217         0.960940548902         0.846000070202         0.854037734209         0.673589847634         0.000000000000
        1.022492747894         1.083467890238         1.206610435341         1.276555186425         1.267588134466         1.276885749324         1.289343427190         1.290812350968         1.289286438879         1.298842208642         1.300552988754         1.296522342127         1.306819677035         1.305650536761         1.302132324246         1.313373521900         1.307946276447         1.307673122805         1.317833461324         1.308892623160         1.313296565787         1.319853151677         1.309649817066         1.318472602921         1.319568762968         1.310983999722         1.322401741998         1.317562343814         1.313159721538         1.324341729346         1.314697103085         1.315921303354         1.323858075630         1.311878345640         1.318590873124         1.320964546105         1.309805274909         1.320265641887         1.316131605292         1.308776722048         1.320067660468         1.310167598653         1.308599309099         1.317384083058         1.304005992243         1.308621452067         1.312037193268         1.298453264078         1.307885925315         1.304340438822         1.293960748576         1.305364135771         1.295024771183         1.290477929486         1.300213938726         1.285051345618         1.287425697685         1.291995449253         1.275354132820         1.283799740678         1.280788223365         1.266572903835         1.278382446549         1.267176295694         1.258839847504         1.270013666340         1.252098878454         1.251671444615         1.257853468222         1.236595832897         1.243993344826         1.241568466516         1.221500439715         1.234294065654         1.221388151887         1.207141818719         1.220869059652         1.198004715536         1.193113116614         1.202086330427         1.172320590446         1.178138443348         1.176582181671         1.145070143768         1.160028747256         1.143276087978         1.116336200854         1.135646651215         1.101032713564         1.084942440799         1.100600647817         1.047619980351         1.047599978047         1.047280954837         0.977795416781         0.990385938641         0.960940550123         0.846000071210         0.854037734761         0.673589848112         0.000000000000
        1.022492746754         1.083467889474         1.206610432715         1.276555182904         1.267588130212         1.276885744099         1.289343421503         1.290812344740         1.289286431834         1.298842201164         1.300552980646         1.296522333231         1.306819667707         1.305650526678         1.302132313452         1.313373510601         1.307946264303         1.307673110023         1.317833447924         1.308892608902         1.313296550947         1.319853136144         1.309649800650         1.318472585935         1.319568745183         1.310983981115         1.322401722782         1.317562323750         1.313159700767         1.324341707986         1.314697080846         1.315921280538         1.323858052216         1.311878321429         1.318590848446         1.320964520816         1.309805248984         1.320265615657         1.316131578465         1.308776694807         1.320067633006         1.310167570687         1.308599280936         1.317384054735         1.304005963597         1.308621423456         1.312037164531         1.298453235257         1.307885896717         1.304340410214         1.293960720103         1.305364107647         1.295024743152         1.290477901828         1.300213911488         1.285051318632         1.287425671295         1.291995423371         1.275354107377         1.283799716000         1.280788199226         1.266572880314         1.278382423879         1.267176273589         1.258839826154         1.270013645875         1.252098858583         1.251671425653         1.257853450085         1.236595815403         1.243993328320         1.241568450760         1.221500424664         1.234294051608         1.221388138431         1.207141806046         1.220869047954         1.198004704366         1.193113106293         1.202086320926         1.172320581405         1.178138435208         1.176582174157         1.145070136709         1.160028741078         1.143276082217         1.116336195593         1.135646646720         1.101032709311         1.084942437100         1.100600644685         1.047619977364         1.047599975633         1.047280952767         0.977795414859         0.990385937230         0.960940548911         0.846000070210         0.854037734213         0.673589847637         0.000000000000
        1.022492746755         1.083467889476         1.206610432717         1.276555182906         1.267588130214         1.276885744101         1.289343421498         1.290812344731         1.289286431826         1.298842201158         1.300552980641         1.296522333227         1.306819667704         1.305650526674         1.302132313449         1.313373510598         1.307946264300         1.307673110020         1.317833447921         1.308892608899         1.313296550944         1.319853136141         1.309649800646         1.318472585931         1.319568745179         1.310983981111         1.322401722778         1.317562323745         1.313159700762         1.324341707981         1.314697080840         1.315921280533         1.323858052210         1.311878321423         1.318590848440         1.320964520809         1.309805248977         1.320265615649         1.316131578458         1.308776694798         1.320067632998         1.310167570678         1.308599280927         1.317384054726         1.304005963587         1.308621423446         1.312037164521         1.298453235247         1.307885896707         1.304340410205         1.293960720093         1.305364107638         1.295024743142         1.290477901818         1.300213911478         1.285051318622         1.287425671285         1.291995423361         1.275354107367         1.283799715989         1.280788199215         1.266572880303         1.278382423867         1.267176273577         1.258839826142         1.270013645863         1.252098858570         1.251671425641         1.257853450072         1.236595815390         1.243993328307         1.241568450746         1.221500424649         1.234294051594         1.221388138416         1.207141806031         1.220869047938         1.198004704349         1.193113106276         1.202086320908         1.172320581385         1.178138435188         1.176582174135         1.145070136686         1.160028741053         1.143276082190         1.116336195565         1.135646646691         1.101032709278         1.084942437066         1.100600644652         1.047619977334         1.047599975607         1.047280952746         0.977795414842         0.990385937219         0.960940548904         0.846000070206         0.854037734211         0.673589847635         0.000000000000
        1.022492747894         1.083467890239         1.206610435343         1.276555186427         1.267588134467         1.276885749326         1.289343427193         1.290812350970         1.289286438882         1.298842208645         1.300552988757         1.296522342130         1.306819677038         1.305650536765         1.302132324250         1.313373521904         1.307946276452         1.307673122810         1.317833461328         1.308892623164         1.313296565791         1.319853151681         1.309649817070         1.318472602925         1.319568762972         1.310983999726         1.322401742002         1.317562343818         1.313159721542         1.324341729350         1.314697103089         1.315921303359         1.323858075634         1.311878345644         1.318590873128         1.320964546109         1.309805274914         1.320265641892         1.316131605296         1.308776722053         1.320067660473         1.310167598659         1.308599309105         1.317384083064         1.304005992249         1.308621452073         1.312037193274         1.298453264085         1.307885925320         1.304340438827         1.293960748582         1.305364135776         1.295024771188         1.290477929491         1.300213938730         1.285051345622         1.287425697688         1.291995449256         1.275354132823         1.283799740680         1.280788223367         1.266572903837         1.278382446550         1.267176295695         1.258839847504         1.270013666340         1.252098878454         1.251671444615         1.257853468222         1.236595832898         1.243993344825         1.241568466515         1.221500439715         1.234294065653         1.221388151886         1.207141818717         1.220869059650         1.198004715535         1.193113116612         1.202086330425         1.172320590443         1.178138443344         1.176582181667         1.145070143764         1.160028747250         1.143276087972         1.116336200847         1.135646651208         1.101032713556         1.084942440790         1.100600647808         1.047619980343         1.047599978041         1.047280954835         0.977795416779         0.990385938640         0.960940550120         0.846000071207         0.854037734759         0.673589848109         0.000000000000
        1.022492748348         1.083467890530         1.206610436372         1.276555187787         1.267588136121         1.276885751341         1.289343429378         1.290812353372         1.289286441579         1.298842211505         1.300552991862         1.296522345519         1.306819680601         1.305650540615         1.302132328358         1.313373526219         1.307946281087         1.307673127682         1.317833466444         1.308892628607         1.313296571458         1.319853157619         1.309649823343         1.318472609456         1.319568769781         1.310984006847         1.322401749372         1.317562351530         1.313159729518         1.324341737575         1.314697111643         1.315921312139         1.323858084650         1.311878354972         1.318590882617         1.320964555881         1.309805284929         1.320265652036         1.316131615674         1.308776732584         1.320067671095         1.310167609474         1.308599320008         1.317384094037         1.304006003333         1.308621463149         1.312037204425         1.298453275234         1.307885936393         1.304340449898         1.293960759595         1.305364146666         1.295024782039         1.290477940195         1.300213949293         1.285051356082         1.287425707909         1.291995459288         1.275354142673         1.283799750239         1.280788232717         1.266572912927         1.278382455315         1.267176304237         1.258839855747         1.270013674236         1.252098886117         1.251671451908         1.257853475211         1.236595839634         1.243993351172         1.241568472577         1.221500445496         1.234294071050         1.221388157053         1.207141823568         1.220869064120         1.198004719829         1.193113120569         1.202086334081         1.172320593920         1.178138446468         1.176582184563         1.145070146473         1.160028749620         1.143276090195         1.116336202859         1.135646652937         1.101032715196         1.084942442207         1.100600649022         1.047619981499         1.047599978966         1.047280955642         0.977795417517         0.990385939175         0.960940550587         0.846000071574         0.854037734955         0.673589848284         0.000000000000
        1.022492747894         1.083467890238         1.206610435341         1.276555186424         1.267588134464         1.276885749322         1.289343427189         1.290812350967         1.289286438878         1.298842208640         1.300552988752         1.296522342125         1.306819677033         1.305650536759         1.302132324244         1.313373521898         1.307946276445         1.307673122803         1.317833461322         1.308892623157         1.313296565784         1.319853151673         1.309649817062         1.318472602917         1.319568762964         1.310983999717         1.322401741994         1.317562343809         1.313159721534         1.324341729342         1.314697103080         1.315921303349         1.323858075625         1.311878345635         1.318590873119         1.320964546101         1.309805274904         1.320265641883         1.316131605288         1.308776722044         1.320067660465         1.310167598650         1.308599309096         1.317384083056         1.304005992241         1.308621452065         1.312037193267         1.298453264078         1.307885925314         1.304340438822         1.293960748576         1.305364135771         1.295024771184         1.290477929486         1.300213938726         1.285051345618         1.287425697685         1.291995449253         1.275354132820         1.283799740678         1.280788223365         1.266572903835         1.278382446548         1.267176295694         1.258839847503         1.270013666339         1.252098878454         1.251671444614         1.257853468221         1.236595832897         1.243993344825         1.241568466515         1.221500439715         1.234294065653         1.221388151886         1.207141818718         1.220869059651         1.198004715535         1.193113116613         1.202086330425         1.172320590444         1.178138443345         1.176582181668         1.145070143765         1.160028747252         1.143276087974         1.116336200849         1.135646651210         1.101032713557         1.084942440792         1.100600647810         1.047619980345         1.047599978043         1.047280954837         0.977795416782         0.990385938642         0.960940550123         0.846000071211         0.854037734762         0.673589848111         0.000000000000
        1.022492747894         1.083467890238         1.206610435342         1.276555186426         1.267588134465         1.276885749325         1.289343427192         1.290812350970         1.289286438881         1.298842208643         1.300552988754         1.296522342128         1.306819677036         1.305650536762         1.302132324248         1.313373521902         1.307946276450         1.307673122808         1.317833461327         1.308892623163         1.313296565790         1.319853151680         1.309649817070         1.318472602925         1.319568762971         1.310983999725         1.322401742001         1.317562343817         1.313159721542         1.324341729350         1.314697103088         1.315921303358         1.323858075633         1.311878345644         1.318590873128         1.320964546110         1.309805274914         1.320265641892         1.316131605297         1.308776722054         1.320067660474         1.310167598659         1.308599309106         1.317384083065         1.304005992250         1.308621452074         1.312037193276         1.298453264087         1.307885925323         1.304340438830         1.293960748585         1.305364135780         1.295024771192         1.290477929495         1.300213938734         1.285051345626         1.287425697693         1.291995449261         1.275354132828         1.283799740686         1.280788223372         1.266572903843         1.278382446555         1.267176295701         1.258839847510         1.270013666346         1.252098878461         1.251671444621         1.257853468228         1.236595832904         1.243993344832         1.241568466522         1.221500439722         1.234294065661         1.221388151894         1.207141818726         1.220869059659         1.198004715544         1.193113116622         1.202086330435         1.172320590455         1.178138443356         1.176582181680         1.145070143778         1.160028747265         1.143276087988         1.116336200863         1.135646651225         1.101032713574         1.084942440810         1.100600647828         1.047619980363         1.047599978059         1.047280954850         0.977795416793         0.990385938650         0.960940550128         0.846000071212         0.854037734762         0.673589848112         0.000000000000
        1.022492748348         1.083467890530         1.206610436372         1.276555187788         1.267588136121         1.276885751341         1.289343429378         1.290812353372         1.289286441579         1.298842211505         1.300552991861         1.296522345518         1.306819680600         1.305650540615         1.302132328357         1.313373526218         1.307946281085         1.307673127680         1.317833466443         1.308892628605         1.313296571456         1.319853157617         1.309649823340         1.318472609453         1.319568769778         1.310984006844         1.322401749369         1.317562351526         1.313159729515         1.324341737571         1.314697111639         1.315921312136         1.323858084646         1.311878354968         1.318590882613         1.320964555877         1.309805284925         1.320265652032         1.316131615670         1.308776732580         1.320067671091         1.310167609470         1.308599320003         1.317384094033         1.304006003329         1.308621463145         1.312037204421         1.298453275229         1.307885936389         1.304340449894         1.293960759591         1.305364146663         1.295024782036         1.290477940191         1.300213949289         1.285051356078         1.287425707905         1.291995459284         1.275354142670         1.283799750235         1.280788232713         1.266572912923         1.278382455310         1.267176304232         1.258839855742         1.270013674231         1.252098886111         1.251671451902         1.257853475204         1.236595839627         1.243993351165         1.241568472570         1.221500445488         1.234294071043         1.221388157046         1.207141823561         1.220869064112         1.198004719820         1.193113120561         1.202086334071         1.172320593910         1.178138446457         1.176582184552         1.145070146461         1.160028749609         1.143276090181         1.116336202846         1.135646652923         1.101032715182         1.084942442192         1.100600649007         1.047619981484         1.047599978954         1.047280955632         0.977795417511         0.990385939173         0.960940550585         0.846000071572         0.854037734956         0.673589848286         0.000000000000
        1.022492748348         1.083467890531         1.206610436373         1.276555187790         1.267588136123         1.276885751344         1.289343429381         1.290812353376         1.289286441583         1.298842211509         1.300552991866         1.296522345523         1.306819680605         1.305650540620         1.302132328363         1.313373526224         1.307946281092         1.307673127687         1.317833466449         1.308892628613         1.313296571463         1.319853157624         1.309649823348         1.318472609460         1.319568769785         1.310984006851         1.322401749376         1.317562351533         1.313159729522         1.324341737578         1.314697111645         1.315921312142         1.323858084652         1.311878354973         1.318590882619         1.320964555882         1.309805284930         1.320265652038         1.316131615675         1.308776732585         1.320067671096         1.310167609475         1.308599320008         1.317384094037         1.304006003334         1.308621463150         1.312037204425         1.298453275234         1.307885936394         1.304340449898         1.293960759596         1.305364146667         1.295024782040         1.290477940196         1.300213949293         1.285051356082         1.287425707909         1.291995459287         1.275354142673         1.283799750239         1.280788232717         1.266572912926         1.278382455313         1.267176304235         1.258839855746         1.270013674234         1.252098886114         1.251671451906         1.257853475208         1.236595839630         1.243993351169         1.241568472573         1.221500445492         1.234294071045         1.221388157048         1.207141823563         1.220869064114         1.198004719822         1.193113120563         1.202086334073         1.172320593912         1.178138446459         1.176582184554         1.145070146463         1.160028749611         1.143276090184         1.116336202848         1.135646652925         1.101032715184         1.084942442195         1.100600649009         1.047619981486         1.047599978956         1.047280955635         0.977795417513         0.990385939175         0.960940550588         0.846000071576         0.854037734958         0.673589848288         0.000000000000
        1.022492748348         1.083467890531         1.206610436372         1.276555187789         1.267588136121         1.276885751343         1.289343429380         1.290812353374         1.289286441581         1.298842211508         1.300552991864         1.296522345521         1.306819680603         1.305650540618         1.302132328361         1.313373526222         1.307946281089         1.307673127684         1.317833466447         1.308892628609         1.313296571460         1.319853157621         1.309649823345         1.318472609457         1.319568769782         1.310984006849         1.322401749373         1.317562351530         1.313159729519         1.324341737575         1.314697111643         1.315921312140         1.323858084650         1.311878354971         1.318590882617         1.320964555880         1.309805284928         1.320265652036         1.316131615673         1.308776732583         1.320067671095         1.310167609473         1.308599320007         1.317384094036         1.304006003332         1.308621463149         1.312037204424         1.298453275233         1.307885936393         1.304340449898         1.293960759595         1.305364146667         1.295024782039         1.290477940196         1.300213949293         1.285051356082         1.287425707910         1.291995459288         1.275354142674         1.283799750240         1.280788232718         1.266572912928         1.278382455315         1.267176304238         1.258839855748         1.270013674237         1.252098886117         1.251671451908         1.257853475211         1.236595839633         1.243993351172         1.241568472577         1.221500445496         1.234294071050         1.221388157053         1.207141823569         1.220869064120         1.198004719829         1.193113120570         1.202086334081         1.172320593920         1.178138446469         1.176582184564         1.145070146474         1.160028749622         1.143276090196         1.116336202861         1.135646652939         1.101032715199         1.084942442211         1.100600649025         1.047619981502         1.047599978970         1.047280955646         0.977795417523         0.990385939183         0.960940550592         0.846000071577         0.854037734959         0.673589848288         0.000000000000
        1.022492891673         1.083468056798         1.206610859768         1.276555849139         1.267588911976         1.276886735799         1.289344593086         1.290813618083         1.289287945141         1.298843875606         1.300554799750         1.296524417592         1.306821897023         1.305652954278         1.302135005682         1.313376341290         1.307949341133         1.307676426301         1.317836908557         1.308896344971         1.313300485197         1.319857231456         1.309654174168         1.318477111639         1.319573453773         1.310988941289         1.322406794152         1.317567596343         1.313165173442         1.324347263313         1.314702842436         1.315927174688         1.323864015966         1.311884475312         1.318597063000         1.320970803972         1.309811681672         1.320272044803         1.316138080370         1.308783284013         1.320074172209         1.310174182550         1.308605903413         1.317390603099         1.304012569790         1.308627961700         1.312043625161         1.298459718945         1.307892244248         1.304346689992         1.293966968375         1.305370173759         1.295030754082         1.290483813303         1.300219623223         1.285056977982         1.287431162042         1.292000723661         1.275359340381         1.283804723088         1.280793044085         1.266577623616         1.278386907896         1.267180630586         1.258844032541         1.270017591071         1.252102703777         1.251675068757         1.257856860555         1.236599135118         1.243996405306         1.241571344486         1.221503215259         1.234296582908         1.221390542178         1.207144077134         1.220871074991         1.198006649749         1.193114884606         1.202087899600         1.172322102781         1.178139765834         1.176583366958         1.145071272338         1.160029686138         1.143276951674         1.116336990820         1.135647280365         1.101033313033         1.084942947250         1.100601044336         1.047620366002         1.047600264939         1.047281187281         0.977795634396         0.990386075448         0.960940670066         0.846000164190         0.854037777974         0.673589889587         0.000000000000
        1.022492891747         1.083468056819         1.206610859845         1.276555849235         1.267588912045         1.276886735907         1.289344593159         1.290813618154         1.289287945228         1.298843875660         1.300554799816         1.296524417657         1.306821897066         1.305652954336         1.302135005729         1.313376341327         1.307949341183         1.307676426336         1.317836908591         1.308896345012         1.313300485223         1.319857231487         1.309654174200         1.318477111659         1.319573453801         1.310988941311         1.322406794166         1.317567596363         1.313165173452         1.324347263323         1.314702842447         1.315927174692         1.323864015971         1.311884475318         1.318597062998         1.320970803975         1.309811681672         1.320272044798         1.316138080370         1.308783284008         1.320074172202         1.310174182546         1.308605903401         1.317390603088         1.304012569778         1.308627961681         1.312043625145         1.298459718925         1.307892244223         1.304346689969         1.293966968347         1.305370173730         1.295030754056         1.290483813275         1.300219623196         1.285056977958         1.287431162013         1.292000723636         1.275359340355         1.283804723059         1.280793044059         1.266577623587         1.278386907867         1.267180630558         1.258844032510         1.270017591041         1.252102703749         1.251675068729         1.257856860534         1.236599135099         1.243996405293         1.241571344473         1.221503215249         1.234296582900         1.221390542172         1.207144077125         1.220871074984         1.198006649743         1.193114884598         1.202087899594         1.172322102776         1.178139765828         1.176583366954         1.145071272334         1.160029686133         1.143276951671         1.116336990816         1.135647280361         1.101033313030         1.084942947242         1.100601044330         1.047620365995         1.047600264928         1.047281187275         0.977795634388         0.990386075440         0.960940670062         0.846000164186         0.854037777973         0.673589889590         0.000000000000
        1.022492891583         1.083468056626         1.206610859685         1.276555849113         1.267588911954         1.276886735828         1.289344593091         1.290813618104         1.289287945177         1.298843875624         1.300554799785         1.296524417629         1.306821897050         1.305652954322         1.302135005720         1.313376341327         1.307949341182         1.307676426343         1.317836908603         1.308896345025         1.313300485244         1.319857231511         1.309654174227         1.318477111693         1.319573453837         1.310988941353         1.322406794214         1.317567596413         1.313165173508         1.324347263382         1.314702842508         1.315927174756         1.323864016038         1.311884475388         1.318597063075         1.320970804053         1.309811681757         1.320272044888         1.316138080464         1.308783284107         1.320074172303         1.310174182647         1.308605903499         1.317390603183         1.304012569875         1.308627961780         1.312043625240         1.298459719019         1.307892244316         1.304346690059         1.293966968436         1.305370173817         1.295030754140         1.290483813355         1.300219623273         1.285056978032         1.287431162085         1.292000723704         1.275359340422         1.283804723123         1.280793044120         1.266577623648         1.278386907924         1.267180630614         1.258844032564         1.270017591091         1.252102703796         1.251675068771         1.257856860567         1.236599135128         1.243996405310         1.241571344489         1.221503215258         1.234296582903         1.221390542172         1.207144077124         1.220871074979         1.198006649738         1.193114884592         1.202087899587         1.172322102770         1.178139765821         1.176583366948         1.145071272330         1.160029686129         1.143276951667         1.116336990812         1.135647280357         1.101033313026         1.084942947240         1.100601044327         1.047620365993         1.047600264927         1.047281187272         0.977795634386         0.990386075438         0.960940670059         0.846000164182         0.854037777969         0.673589889582         0.000000000000
        1.022492891434         1.083468056656         1.206610859794         1.276555849190         1.267588911984         1.276886735833         1.289344593097         1.290813618097         1.289287945159         1.298843875616         1.300554799765         1.296524417607         1.306821897036         1.305652954295         1.302135005698         1.313376341307         1.307949341153         1.307676426321         1.317836908578         1.308896344995         1.313300485221         1.319857231482         1.309654174197         1.318477111668         1.319573453805         1.310988941322         1.322406794186         1.317567596378         1.313165173477         1.324347263350         1.314702842471         1.315927174723         1.323864016001         1.311884475349         1.318597063038         1.320970804011         1.309811681714         1.320272044846         1.316138080418         1.308783284064         1.320074172262         1.310174182604         1.308605903460         1.317390603143         1.304012569835         1.308627961743         1.312043625202         1.298459718981         1.307892244279         1.304346690020         1.293966968396         1.305370173780         1.295030754106         1.290483813327         1.300219623245         1.285056978005         1.287431162061         1.292000723681         1.275359340373         1.283804723105         1.280793044102         1.266577623633         1.278386907912         1.267180630603         1.258844032558         1.270017591088         1.252102703794         1.251675068772         1.257856860570         1.236599135133         1.243996405318         1.241571344497         1.221503215269         1.234296582915         1.221390542186         1.207144077140         1.220871074995         1.198006649756         1.193114884611         1.202087899604         1.172322102787         1.178139765837         1.176583366962         1.145071272343         1.160029686140         1.143276951677         1.116336990823         1.135647280366         1.101033313036         1.084942947250         1.100601044337         1.047620366003         1.047600264938         1.047281187281         0.977795634395         0.990386075446         0.960940670066         0.846000164189         0.854037777975         0.673589889590         0.000000000000
        1.022492961073         1.083468122645         1.206611047464         1.276556124810         1.267589237387         1.276887141444         1.289345058836         1.290814119469         1.289288527382         1.298844505641         1.300555473081         1.296525174392         1.306822689775         1.305653803644         1.302135932206         1.313377296341         1.307950365683         1.307677515029         1.317838025221         1.308897539917         1.313301727417         1.319858507694         1.309655530185         1.318478498028         1.319574884659         1.310990444047         1.322408314525         1.317569172440         1.313166805341         1.324348906924         1.314704549055         1.315928915549         1.323865770057         1.311886291574         1.318598891699         1.320972652872         1.309813582556         1.320273940560         1.316140004875         1.308785241839         1.320076114973         1.310176159224         1.308607889808         1.317392572139         1.304014571342         1.308629948945         1.312045599250         1.298461715860         1.307894206917         1.304348647072         1.293968930508         1.305372089440         1.295032670199         1.290485711889         1.300221471733         1.285058827870         1.287432971039         1.292002486957         1.275361098904         1.283806421388         1.280794706018         1.266579267164         1.278388479550         1.267182175668         1.258845540503         1.270019024898         1.252104117331         1.251676425166         1.257858149769         1.236600404018         1.243997600404         1.241572485777         1.221504328562         1.234297613254         1.221391534322         1.207145027733         1.220871943576         1.198007492808         1.193115670411         1.202088614746         1.172322798374         1.178140391671         1.176583940782         1.145071824045         1.160030163753         1.143277397698         1.116337406054         1.135647628208         1.101033645050         1.084943238526         1.100601284735         1.047620597560         1.047600450872         1.047281342495         0.977795779704         0.990386179119         0.960940757393         0.846000236161         0.854037815745         0.673589921995         0.000000000000
        1.022492961078         1.083468122647         1.206611047471         1.276556124817         1.267589237394         1.276887141452         1.289345058843         1.290814119477         1.289288527391         1.298844505649         1.300555473090         1.296525174401         1.306822689783         1.305653803653         1.302135932216         1.313377296350         1.307950365693         1.307677515038         1.317838025229         1.308897539927         1.313301727424         1.319858507703         1.309655530193         1.318478498034         1.319574884667         1.310990444054         1.322408314532         1.317569172447         1.313166805348         1.324348906929         1.314704549063         1.315928915554         1.323865770063         1.311886291581         1.318598891705         1.320972652880         1.309813582563         1.320273940565         1.316140004883         1.308785241845         1.320076114978         1.310176159231         1.308607889812         1.317392572144         1.304014571347         1.308629948948         1.312045599255         1.298461715863         1.307894206919         1.304348647075         1.293968930509         1.305372089441         1.295032670202         1.290485711888         1.300221471733         1.285058827872         1.287432971039         1.292002486958         1.275361098904         1.283806421387         1.280794706018         1.266579267164         1.278388479549         1.267182175669         1.258845540502         1.270019024897         1.252104117332         1.251676425165         1.257858149768         1.236600404016         1.243997600401         1.241572485776         1.221504328560         1.234297613252         1.221391534321         1.207145027731         1.220871943574         1.198007492808         1.193115670409         1.202088614745         1.172322798374         1.178140391670         1.176583940782         1.145071824045         1.160030163751         1.143277397698         1.116337406052         1.135647628206         1.101033645050         1.084943238523         1.100601284734         1.047620597559         1.047600450869         1.047281342494         0.977795779701         0.990386179116         0.960940757392         0.846000236157         0.854037815742         0.673589921993         0.000000000000
        1.022492961078         1.083468122647         1.206611047471         1.276556124817         1.267589237394         1.276887141453         1.289345058844         1.290814119478         1.289288527393         1.298844505651         1.300555473092         1.296525174404         1.306822689786         1.305653803657         1.302135932220         1.313377296354         1.307950365698         1.307677515044         1.317838025235         1.308897539933         1.313301727432         1.319858507709         1.309655530201         1.318478498043         1.319574884676         1.310990444064         1.322408314541         1.317569172457         1.313166805360         1.324348906940         1.314704549074         1.315928915567         1.323865770075         1.311886291594         1.318598891718         1.320972652891         1.309813582576         1.320273940578         1.316140004895         1.308785241859         1.320076114992         1.310176159244         1.308607889826         1.317392572157         1.304014571361         1.308629948962         1.312045599267         1.298461715876         1.307894206932         1.304348647087         1.293968930522         1.305372089453         1.295032670213         1.290485711901         1.300221471745         1.285058827882         1.287432971050         1.292002486967         1.275361098914         1.283806421396         1.280794706026         1.266579267172         1.278388479557         1.267182175675         1.258845540508         1.270019024903         1.252104117336         1.251676425170         1.257858149772         1.236600404021         1.243997600406         1.241572485779         1.221504328563         1.234297613256         1.221391534323         1.207145027733         1.220871943577         1.198007492809         1.193115670412         1.202088614746         1.172322798375         1.178140391672         1.176583940783         1.145071824047         1.160030163754         1.143277397699         1.116337406055         1.135647628208         1.101033645050         1.084943238525         1.100601284734         1.047620597559         1.047600450870         1.047281342493         0.977795779701         0.990386179117         0.960940757392         0.846000236159         0.854037815744         0.673589921994         0.000000000000
        1.022492961075         1.083468122646         1.206611047467         1.276556124814         1.267589237391         1.276887141449         1.289345058841         1.290814119475         1.289288527389         1.298844505648         1.300555473088         1.296525174400         1.306822689783         1.305653803652         1.302135932215         1.313377296349         1.307950365692         1.307677515038         1.317838025229         1.308897539926         1.313301727425         1.319858507702         1.309655530193         1.318478498035         1.319574884667         1.310990444054         1.322408314532         1.317569172446         1.313166805349         1.324348906929         1.314704549061         1.315928915555         1.323865770062         1.311886291580         1.318598891705         1.320972652876         1.309813582562         1.320273940562         1.316140004878         1.308785241844         1.320076114975         1.310176159227         1.308607889810         1.317392572140         1.304014571345         1.308629948946         1.312045599252         1.298461715861         1.307894206918         1.304348647072         1.293968930507         1.305372089438         1.295032670197         1.290485711886         1.300221471729         1.285058827867         1.287432971036         1.292002486953         1.275361098900         1.283806421384         1.280794706013         1.266579267160         1.278388479545         1.267182175664         1.258845540499         1.270019024895         1.252104117328         1.251676425163         1.257858149766         1.236600404016         1.243997600401         1.241572485774         1.221504328559         1.234297613252         1.221391534319         1.207145027730         1.220871943574         1.198007492807         1.193115670410         1.202088614745         1.172322798374         1.178140391672         1.176583940783         1.145071824047         1.160030163753         1.143277397698         1.116337406055         1.135647628208         1.101033645050         1.084943238526         1.100601284735         1.047620597560         1.047600450871         1.047281342495         0.977795779703         0.990386179119         0.960940757393         0.846000236161         0.854037815745         0.673589921995         0.000000000000
        1.022492972295         1.083468131690         1.206611076072         1.276556165142         1.267589285610         1.276887201272         1.289345125881         1.290814191697         1.289288610281         1.298844593900         1.300555567015         1.296525278732         1.306822797899         1.305653919079         1.302136056844         1.313377424024         1.307950502209         1.307677658839         1.317838172167         1.308897696690         1.313301889307         1.319858673667         1.309655705831         1.318478676873         1.319575069288         1.310990637326         1.322408509770         1.317569374991         1.313167014523         1.324349117751         1.314704768114         1.315929138691         1.323865995411         1.311886524913         1.318599126577         1.320972891180         1.309813827403         1.320274185075         1.316140253915         1.308785495093         1.320076366892         1.310176416125         1.308608147982         1.317392829017         1.304014832673         1.308630208612         1.312045858340         1.298461977795         1.307894464993         1.304348905363         1.293969189452         1.305372343249         1.295032924714         1.290485964047         1.300221718475         1.285059074962         1.287433213046         1.292002724022         1.275361335304         1.283806650398         1.280794931090         1.266579489649         1.278388693402         1.267182386481         1.258845746361         1.270019221883         1.252104311733         1.251676612166         1.257858328668         1.236600580023         1.243997767057         1.241572645862         1.221504484694         1.234297758951         1.221391675168         1.207145162982         1.220872068445         1.198007614289         1.193115784281         1.202088719637         1.172322900549         1.178140484585         1.176584026905         1.145071907116         1.160030236835         1.143277466583         1.116337470599         1.135647683431         1.101033698137         1.084943285629         1.100601324614         1.047620636181         1.047600482551         1.047281369700         0.977795805242         0.990386198059         0.960940773640         0.846000249633         0.854037823118         0.673589928353         0.000000000000
        1.022492972291         1.083468131690         1.206611076070         1.276556165140         1.267589285608         1.276887201269         1.289345125879         1.290814191695         1.289288610279         1.298844593898         1.300555567013         1.296525278730         1.306822797898         1.305653919076         1.302136056842         1.313377424022         1.307950502206         1.307677658836         1.317838172165         1.308897696687         1.313301889305         1.319858673664         1.309655705827         1.318478676869         1.319575069284         1.310990637322         1.322408509766         1.317569374987         1.313167014519         1.324349117747         1.314704768109         1.315929138685         1.323865995406         1.311886524908         1.318599126570         1.320972891174         1.309813827397         1.320274185067         1.316140253909         1.308785495086         1.320076366883         1.310176416116         1.308608147971         1.317392829007         1.304014832663         1.308630208601         1.312045858330         1.298461977784         1.307894464982         1.304348905353         1.293969189441         1.305372343239         1.295032924703         1.290485964036         1.300221718465         1.285059074951         1.287433213035         1.292002724012         1.275361335294         1.283806650387         1.280794931080         1.266579489639         1.278388693392         1.267182386472         1.258845746351         1.270019221875         1.252104311724         1.251676612158         1.257858328662         1.236600580016         1.243997767050         1.241572645857         1.221504484689         1.234297758946         1.221391675164         1.207145162978         1.220872068442         1.198007614287         1.193115784277         1.202088719635         1.172322900547         1.178140484581         1.176584026903         1.145071907113         1.160030236832         1.143277466581         1.116337470596         1.135647683428         1.101033698135         1.084943285625         1.100601324613         1.047620636179         1.047600482548         1.047281369699         0.977795805240         0.990386198057         0.960940773639         0.846000249631         0.854037823117         0.673589928352         0.000000000000
        1.022492972291         1.083468131689         1.206611076068         1.276556165138         1.267589285606         1.276887201267         1.289345125878         1.290814191694         1.289288610277         1.298844593897         1.300555567011         1.296525278729         1.306822797897         1.305653919075         1.302136056841         1.313377424021         1.307950502204         1.307677658836         1.317838172163         1.308897696685         1.313301889304         1.319858673662         1.309655705825         1.318478676867         1.319575069281         1.310990637319         1.322408509763         1.317569374983         1.313167014515         1.324349117743         1.314704768105         1.315929138682         1.323865995402         1.311886524903         1.318599126567         1.320972891171         1.309813827393         1.320274185065         1.316140253905         1.308785495083         1.320076366882         1.310176416113         1.308608147970         1.317392829005         1.304014832660         1.308630208599         1.312045858326         1.298461977780         1.307894464979         1.304348905349         1.293969189437         1.305372343236         1.295032924698         1.290485964032         1.300221718461         1.285059074946         1.287433213031         1.292002724008         1.275361335289         1.283806650384         1.280794931075         1.266579489635         1.278388693389         1.267182386467         1.258845746348         1.270019221872         1.252104311720         1.251676612156         1.257858328658         1.236600580013         1.243997767050         1.241572645854         1.221504484688         1.234297758946         1.221391675163         1.207145162979         1.220872068442         1.198007614286         1.193115784279         1.202088719635         1.172322900547         1.178140484583         1.176584026903         1.145071907114         1.160030236834         1.143277466581         1.116337470598         1.135647683430         1.101033698136         1.084943285628         1.100601324614         1.047620636180         1.047600482551         1.047281369699         0.977795805242         0.990386198059         0.960940773640         0.846000249633         0.854037823119         0.673589928353         0.000000000000
        1.022492972293         1.083468131689         1.206611076071         1.276556165141         1.267589285610         1.276887201271         1.289345125881         1.290814191698         1.289288610282         1.298844593901         1.300555567016         1.296525278733         1.306822797901         1.305653919080         1.302136056845         1.313377424025         1.307950502210         1.307677658840         1.317838172168         1.308897696691         1.313301889308         1.319858673668         1.309655705831         1.318478676873         1.319575069287         1.310990637325         1.322408509769         1.317569374990         1.313167014522         1.324349117750         1.314704768112         1.315929138690         1.323865995410         1.311886524912         1.318599126576         1.320972891179         1.309813827403         1.320274185074         1.316140253914         1.308785495093         1.320076366891         1.310176416124         1.308608147980         1.317392829014         1.304014832671         1.308630208609         1.312045858336         1.298461977792         1.307894464989         1.304348905358         1.293969189448         1.305372343245         1.295032924708         1.290485964043         1.300221718471         1.285059074957         1.287433213043         1.292002724018         1.275361335301         1.283806650395         1.280794931086         1.266579489647         1.278388693400         1.267182386479         1.258845746361         1.270019221883         1.252104311732         1.251676612169         1.257858328669         1.236600580026         1.243997767061         1.241572645864         1.221504484699         1.234297758956         1.221391675172         1.207145162990         1.220872068450         1.198007614295         1.193115784288         1.202088719642         1.172322900555         1.178140484591         1.176584026909         1.145071907121         1.160030236840         1.143277466585         1.116337470603         1.135647683434         1.101033698139         1.084943285632         1.100601324616         1.047620636183         1.047600482554         1.047281369701         0.977795805244         0.990386198062         0.960940773642         0.846000249636         0.854037823121         0.673589928355         0.000000000000
        1.022492974176         1.083468133019         1.206611080650         1.276556171413         1.267589293117         1.276887210590         1.289345136132         1.290814202769         1.289288622950         1.298844607243         1.300555581339         1.296525294517         1.306822814184         1.305653936572         1.302136075600         1.313377443265         1.307950522847         1.307677680496         1.317838194423         1.308897720441         1.313301913767         1.319858698860         1.309655732482         1.318478703972         1.319575097391         1.310990666727         1.322408539460         1.317569405875         1.313167046326         1.324349149960         1.314704801568         1.315929172739         1.323866029952         1.311886560630         1.318599162533         1.320972927786         1.309813864945         1.320274222595         1.316140292189         1.308785533892         1.320076405624         1.310176455683         1.308608187597         1.317392868563         1.304014872882         1.308630248475         1.312045898190         1.298462018020         1.307894504555         1.304348945064         1.293969229051         1.305372382131         1.295032963712         1.290486002535         1.300221756213         1.285059112715         1.287433249872         1.292002760209         1.275361371228         1.283806685123         1.280794965273         1.266579523312         1.278388725683         1.267182418331         1.258845777313         1.270019251530         1.252104340870         1.251676640100         1.257858355440         1.236600606226         1.243997791831         1.241572669708         1.221504507833         1.234297780487         1.221391696049         1.207145182870         1.220872086818         1.198007632127         1.193115800929         1.202088734989         1.172322915474         1.178140498056         1.176584039454         1.145071919176         1.160030247370         1.143277476589         1.116337479914         1.135647691359         1.101033705840         1.084943292352         1.100601330338         1.047620641766         1.047600486994         1.047281373596         0.977795808857         0.990386200620         0.960940775927         0.846000251389         0.854037824023         0.673589929177         0.000000000000
        1.022492974175         1.083468133018         1.206611080653         1.276556171415         1.267589293119         1.276887210592         1.289345136133         1.290814202771         1.289288622952         1.298844607243         1.300555581340         1.296525294517         1.306822814183         1.305653936572         1.302136075599         1.313377443263         1.307950522846         1.307677680493         1.317838194421         1.308897720438         1.313301913763         1.319858698857         1.309655732477         1.318478703967         1.319575097387         1.310990666721         1.322408539455         1.317569405870         1.313167046319         1.324349149953         1.314704801562         1.315929172731         1.323866029946         1.311886560623         1.318599162526         1.320972927780         1.309813864938         1.320274222587         1.316140292183         1.308785533884         1.320076405617         1.310176455676         1.308608187589         1.317392868557         1.304014872876         1.308630248468         1.312045898185         1.298462018013         1.307894504549         1.304348945058         1.293969229045         1.305372382125         1.295032963707         1.290486002529         1.300221756207         1.285059112709         1.287433249866         1.292002760204         1.275361371223         1.283806685118         1.280794965269         1.266579523308         1.278388725679         1.267182418327         1.258845777309         1.270019251527         1.252104340868         1.251676640096         1.257858355438         1.236600606224         1.243997791829         1.241572669707         1.221504507831         1.234297780484         1.221391696048         1.207145182868         1.220872086817         1.198007632126         1.193115800927         1.202088734988         1.172322915473         1.178140498054         1.176584039453         1.145071919174         1.160030247369         1.143277476589         1.116337479912         1.135647691359         1.101033705840         1.084943292351         1.100601330337         1.047620641766         1.047600486992         1.047281373596         0.977795808856         0.990386200618         0.960940775926         0.846000251387         0.854037824022         0.673589929176         0.000000000000
        1.022492974171         1.083468133016         1.206611080645         1.276556171406         1.267589293110         1.276887210581         1.289345136123         1.290814202761         1.289288622940         1.298844607233         1.300555581328         1.296525294504         1.306822814172         1.305653936559         1.302136075586         1.313377443252         1.307950522832         1.307677680481         1.317838194409         1.308897720423         1.313301913750         1.319858698843         1.309655732461         1.318478703953         1.319575097371         1.310990666704         1.322408539440         1.317569405852         1.313167046302         1.324349149938         1.314704801543         1.315929172714         1.323866029929         1.311886560603         1.318599162509         1.320972927762         1.309813864918         1.320274222571         1.316140292163         1.308785533865         1.320076405600         1.310176455655         1.308608187571         1.317392868539         1.304014872855         1.308630248450         1.312045898166         1.298462017993         1.307894504532         1.304348945039         1.293969229027         1.305372382110         1.295032963689         1.290486002514         1.300221756193         1.285059112693         1.287433249853         1.292002760189         1.275361371207         1.283806685106         1.280794965255         1.266579523294         1.278388725668         1.267182418314         1.258845777298         1.270019251517         1.252104340856         1.251676640088         1.257858355430         1.236600606216         1.243997791823         1.241572669700         1.221504507826         1.234297780481         1.221391696043         1.207145182866         1.220872086815         1.198007632124         1.193115800927         1.202088734987         1.172322915472         1.178140498055         1.176584039452         1.145071919175         1.160030247370         1.143277476588         1.116337479913         1.135647691359         1.101033705839         1.084943292352         1.100601330338         1.047620641766         1.047600486994         1.047281373596         0.977795808857         0.990386200621         0.960940775927         0.846000251390         0.854037824024         0.673589929177         0.000000000000
        1.022492974179         1.083468133019         1.206611080655         1.276556171417         1.267589293120         1.276887210594         1.289345136134         1.290814202772         1.289288622952         1.298844607243         1.300555581340         1.296525294517         1.306822814182         1.305653936572         1.302136075598         1.313377443262         1.307950522845         1.307677680492         1.317838194420         1.308897720437         1.313301913762         1.319858698856         1.309655732477         1.318478703966         1.319575097387         1.310990666720         1.322408539454         1.317569405870         1.313167046318         1.324349149953         1.314704801562         1.315929172731         1.323866029946         1.311886560623         1.318599162525         1.320972927781         1.309813864938         1.320274222587         1.316140292183         1.308785533884         1.320076405617         1.310176455678         1.308608187589         1.317392868557         1.304014872877         1.308630248468         1.312045898186         1.298462018014         1.307894504548         1.304348945059         1.293969229044         1.305372382125         1.295032963707         1.290486002528         1.300221756207         1.285059112709         1.287433249865         1.292002760204         1.275361371222         1.283806685117         1.280794965269         1.266579523306         1.278388725678         1.267182418355         1.258845777308         1.270019251526         1.252104340868         1.251676640095         1.257858355438         1.236600606223         1.243997791828         1.241572669707         1.221504507831         1.234297780485         1.221391696049         1.207145182869         1.220872086818         1.198007632128         1.193115800928         1.202088734988         1.172322915474         1.178140498054         1.176584039454         1.145071919175         1.160030247369         1.143277476589         1.116337479912         1.135647691358         1.101033705840         1.084943292351         1.100601330338         1.047620641766         1.047600486993         1.047281373596         0.977795808856         0.990386200618         0.960940775926         0.846000251387         0.854037824022         0.673589929176         0.000000000000
        1.022492974567         1.083468133290         1.206611081551         1.276556172635         1.267589294573         1.276887212401         1.289345138103         1.290814204912         1.289288625398         1.298844609811         1.300555584105         1.296525297567         1.306822817335         1.305653939966         1.302136079233         1.313377447011         1.307950526874         1.307677684719         1.317838198790         1.308897725103         1.313301918578         1.319858703852         1.309655737754         1.318478709360         1.319575103006         1.310990672578         1.322408545447         1.317569412118         1.313167052725         1.324349156475         1.314704808374         1.315929179643         1.323866036997         1.311886567912         1.318599169888         1.320972935304         1.309813872643         1.320274230326         1.316140300099         1.308785541906         1.320076413654         1.310176463885         1.308608195819         1.317392876802         1.304014881248         1.308630256787         1.312045906527         1.298462026410         1.307894512920         1.304348953407         1.293969237335         1.305372390308         1.295032971884         1.290486010615         1.300221764129         1.285059120615         1.287433257582         1.292002767794         1.275361378736         1.283806692393         1.280794972435         1.266579530328         1.278388732469         1.267182425016         1.258845783757         1.270019257752         1.252104346950         1.251676645914         1.257858361061         1.236600611705         1.243997797009         1.241572674673         1.221504512621         1.234297784963         1.221391700378         1.207145186981         1.220872090637         1.198007635827         1.193115804366         1.202088738177         1.172322918556         1.178140500839         1.176584042059         1.145071921660         1.160030249543         1.143277478665         1.116337481822         1.135647692990         1.101033707431         1.084943293717         1.100601331506         1.047620642903         1.047600487871         1.047281374376         0.977795809565         0.990386201097         0.960940776366         0.846000251695         0.854037824170         0.673589929322         0.000000000000
        1.022492974571         1.083468133292         1.206611081557         1.276556172641         1.267589294579         1.276887212409         1.289345138110         1.290814204919         1.289288625407         1.298844609818         1.300555584112         1.296525297575         1.306822817342         1.305653939974         1.302136079241         1.313377447018         1.307950526882         1.307677684727         1.317838198798         1.308897725112         1.313301918586         1.319858703861         1.309655737764         1.318478709368         1.319575103016         1.310990672588         1.322408545456         1.317569412129         1.313167052735         1.324349156485         1.314704808386         1.315929179654         1.323866037007         1.311886567924         1.318599169899         1.320972935316         1.309813872655         1.320274230337         1.316140300111         1.308785541918         1.320076413665         1.310176463896         1.308608195831         1.317392876813         1.304014881260         1.308630256797         1.312045906537         1.298462026421         1.307894512929         1.304348953416         1.293969237344         1.305372390315         1.295032971892         1.290486010622         1.300221764135         1.285059120622         1.287433257588         1.292002767799         1.275361378742         1.283806692398         1.280794972441         1.266579530334         1.278388732474         1.267182425022         1.258845783762         1.270019257756         1.252104346955         1.251676645918         1.257858361065         1.236600611709         1.243997797012         1.241572674676         1.221504512624         1.234297784966         1.221391700380         1.207145186983         1.220872090638         1.198007635828         1.193115804367         1.202088738178         1.172322918556         1.178140500839         1.176584042058         1.145071921659         1.160030249543         1.143277478664         1.116337481822         1.135647692990         1.101033707430         1.084943293717         1.100601331506         1.047620642902         1.047600487872         1.047281374376         0.977795809565         0.990386201098         0.960940776366         0.846000251697         0.854037824171         0.673589929323         0.000000000000
        1.022492974563         1.083468133289         1.206611081547         1.276556172631         1.267589294569         1.276887212396         1.289345138099         1.290814204908         1.289288625394         1.298844609808         1.300555584100         1.296525297562         1.306822817331         1.305653939961         1.302136079228         1.313377447007         1.307950526868         1.307677684714         1.317838198785         1.308897725097         1.313301918574         1.319858703847         1.309655737748         1.318478709355         1.319575103000         1.310990672572         1.322408545442         1.317569412112         1.313167052719         1.324349156469         1.314704808368         1.315929179637         1.323866036990         1.311886567905         1.318599169883         1.320972935297         1.309813872636         1.320274230320         1.316140300091         1.308785541899         1.320076413647         1.310176463876         1.308608195812         1.317392876795         1.304014881240         1.308630256779         1.312045906518         1.298462026402         1.307894512913         1.304348953398         1.293969237326         1.305372390300         1.295032971873         1.290486010606         1.300221764119         1.285059120603         1.287433257573         1.292002767783         1.275361378725         1.283806692384         1.280794972424         1.266579530318         1.278388732460         1.267182425006         1.258845783749         1.270019257744         1.252104346940         1.251676645907         1.257858361053         1.236600611696         1.243997797003         1.241572674665         1.221504512615         1.234297784959         1.221391700372         1.207145186977         1.220872090633         1.198007635821         1.193115804364         1.202088738174         1.172322918553         1.178140500838         1.176584042056         1.145071921658         1.160030249544         1.143277478663         1.116337481823         1.135647692991         1.101033707430         1.084943293719         1.100601331507         1.047620642903         1.047600487874         1.047281374377         0.977795809567         0.990386201100         0.960940776367         0.846000251699         0.854037824172         0.673589929324         0.000000000000
        1.022492974570         1.083468133291         1.206611081557         1.276556172641         1.267589294579         1.276887212408         1.289345138109         1.290814204918         1.289288625405         1.298844609817         1.300555584111         1.296525297573         1.306822817340         1.305653939972         1.302136079239         1.313377447016         1.307950526880         1.307677684725         1.317838198795         1.308897725110         1.313301918584         1.319858703859         1.309655737761         1.318478709366         1.319575103014         1.310990672585         1.322408545454         1.317569412126         1.313167052732         1.324349156482         1.314704808383         1.315929179651         1.323866037005         1.311886567921         1.318599169896         1.320972935313         1.309813872653         1.320274230334         1.316140300109         1.308785541915         1.320076413663         1.310176463895         1.308608195828         1.317392876811         1.304014881259         1.308630256794         1.312045906536         1.298462026420         1.307894512927         1.304348953416         1.293969237343         1.305372390315         1.295032971893         1.290486010622         1.300221764136         1.285059120622         1.287433257588         1.292002767800         1.275361378742         1.283806692397         1.280794972441         1.266579530333         1.278388732473         1.267182425022         1.258845783761         1.270019257756         1.252104346955         1.251676645917         1.257858361065         1.236600611709         1.243997797012         1.241572674677         1.221504512625         1.234297784967         1.221391700383         1.207145186985         1.220872090640         1.198007635831         1.193115804369         1.202088738180         1.172322918559         1.178140500840         1.176584042061         1.145071921661         1.160030249544         1.143277478666         1.116337481823         1.135647692990         1.101033707432         1.084943293717         1.100601331506         1.047620642903         1.047600487871         1.047281374377         0.977795809565         0.990386201096         0.960940776366         0.846000251695         0.854037824169         0.673589929322         0.000000000000
