        0.696304306356         0.661301091776         0.675980165569         0.645710249039         0.619893535702         0.614473367184         0.618301509976         0.640795970982         0.644080152580         0.624350331381         0.625216412175         0.640267100707         0.633080289612         0.619768217666         0.620404312006         0.623593114003         0.620549749638         0.616673084636         0.616818277708         0.616269612951         0.615022071675         0.614877786020         0.615212519964         0.615426066948         0.615169406642         0.615156094175         0.615308755208         0.615437917535         0.616134173176         0.616973684537         0.617598681250         0.617406562683         0.616880709606         0.615830175665         0.615154605803         0.614100718003         0.613187296271         0.612767797763         0.611651196022         0.611216566368         0.611766765531         0.611471173878         0.611726824785         0.611808076583         0.612242242077         0.612449492161         0.612520306164         0.612022344599         0.611508153893         0.611578078082         0.612731500821         0.612441079200         0.612301426661         0.613493107849         0.613768232613         0.613788907944         0.613867361528         0.614140355976         0.614172622265         0.614450686171         0.614322802749         0.614239532607         0.614376364852         0.614655679436         0.615294089464         0.616055395394         0.617386764455         0.618708662828         0.618986988877         0.619123122890         0.619084234837         0.618318777458         0.618267172458         0.618243924852         0.618900126870         0.619442694989         0.619644908781         0.620057150903         0.620376437658         0.620593578205         0.620039636122         0.619812423118         0.620429998228         0.621362291378         0.620376105523         0.618334367445         0.618759929815         0.623182703760         0.626316918256         0.624148687433         0.622774329318         0.633410254170         0.650901099441         0.654977213429         0.643625539170         0.648734344594         0.681848606357         0.706814065648         0.677499321343         0.536911608737         0.000000000000
        0.788143535530         0.792775805204         0.840215833373         0.814677226780         0.791648429119         0.772666805934         0.774730348591         0.776292661270         0.760959308924         0.741472097933         0.735953729571         0.740367156019         0.737956995817         0.726690120705         0.719113486615         0.720357671959         0.722333700738         0.718776664416         0.713651846160         0.712494398645         0.714087800990         0.714052911415         0.711808288471         0.710238835013         0.710599533965         0.711257500502         0.710735812481         0.709709669762         0.709415943066         0.709756415786         0.709832382781         0.709421462558         0.709083789788         0.709141952432         0.709316209034         0.709267018275         0.709081832986         0.708996694575         0.709042143531         0.709092040934         0.709069175826         0.709029489596         0.709006406215         0.709015519828         0.709041340658         0.709057177420         0.709047164877         0.709015980546         0.708981133694         0.709014739844         0.709093169424         0.709113073710         0.709048612224         0.709011525245         0.709130371235         0.709294702867         0.709307153835         0.709173411317         0.709164459531         0.709453388723         0.709740425843         0.709631024051         0.709349702065         0.709557577552         0.710267812098         0.710591367848         0.710091051575         0.709794971289         0.710787286158         0.712212695255         0.712253087872         0.711203307449         0.711697262981         0.714520695595         0.716586098561         0.715442522886         0.714158860496         0.717450821658         0.723421580542         0.725044219758         0.721716794256         0.722513202861         0.732299545754         0.741518204654         0.739573865944         0.734272128722         0.742680259796         0.762342557130         0.770370820129         0.759592623970         0.755466623280         0.777965062650         0.804287626573         0.797882629483         0.768835837377         0.765758058899         0.796503105846         0.805407279409         0.734894155144         0.561702546331         0.000000000000
        0.797577252241         0.805470669007         0.856401216325         0.833029235705         0.810797016664         0.793167121594         0.796913835419         0.799951632027         0.784081343774         0.763100446824         0.757592175949         0.763588166768         0.761550624242         0.748029313226         0.738030540411         0.739492732493         0.742837143993         0.738333039825         0.730226565694         0.727635523911         0.730241227662         0.730725494883         0.726785893459         0.723296267900         0.723654050818         0.725205723280         0.724395476181         0.722026783735         0.721082182733         0.721934186879         0.722409251103         0.721471636720         0.720417050322         0.720454262035         0.720999463279         0.720931229406         0.720315211347         0.720007377830         0.720229661674         0.720419463755         0.720230093562         0.719971056099         0.719969623049         0.720095377623         0.720088098134         0.719990188861         0.719979976142         0.720024347157         0.719992606558         0.719957292069         0.720056915882         0.720176419151         0.720103291842         0.719956413829         0.720087411705         0.720451749443         0.720547961965         0.720237950702         0.720144818494         0.720728227257         0.721364256141         0.721175613362         0.720608266078         0.721024065336         0.722455919564         0.723150305126         0.722297132807         0.721842779903         0.723729650331         0.726318315523         0.726396890890         0.724676596718         0.725671821794         0.730496316152         0.733890895874         0.732142511681         0.730397808117         0.735710791009         0.744694104066         0.746995383636         0.742360166876         0.743796611945         0.757290333999         0.769285914298         0.766495773265         0.759699911861         0.769867970673         0.793083784627         0.801874646305         0.788678428474         0.782977813613         0.806491071880         0.833231201475         0.823984397519         0.790844587262         0.785091579903         0.814231807453         0.819753280636         0.742902850211         0.564922279485         0.000000000000
        0.799868979409         0.808458796831         0.860144539635         0.837087077733         0.814727349084         0.797225377985         0.801479056810         0.805011752748         0.789075043072         0.767834201738         0.762385298884         0.768831780631         0.766883036594         0.752660011371         0.741967252308         0.743542381982         0.747296112491         0.742460751708         0.733429700335         0.730444740514         0.733433084839         0.734098008945         0.729562492955         0.725394782027         0.725768222751         0.727679247622         0.726764766236         0.723846248435         0.722616360341         0.723676762379         0.724327034434         0.723153488721         0.721761873234         0.721783925367         0.722518599505         0.722457436657         0.721629501767         0.721194633464         0.721501934182         0.721780588233         0.721521471363         0.721145459238         0.721141808742         0.721334149332         0.721329077406         0.721174797973         0.721147411082         0.721222059915         0.721196897339         0.721137576244         0.721247779905         0.721409087515         0.721331168462         0.721142425683         0.721296951909         0.721760134672         0.721893775205         0.721506223199         0.721385792413         0.722119980008         0.722921968875         0.722691462945         0.721993162468         0.722518480629         0.724287256519         0.725137328480         0.724108240957         0.723587338822         0.725883730784         0.728980959335         0.729070337504         0.727072079579         0.728302044471         0.733953546252         0.737866776180         0.735869323523         0.733962105840         0.740060766179         0.750161006334         0.752710251616         0.747632386125         0.749270490274         0.763967010622         0.776814840000         0.773735229317         0.766505009599         0.777130406646         0.801202521012         0.809979792779         0.795870622552         0.789534858690         0.813192057606         0.839960748092         0.829886421682         0.795628184506         0.789273409241         0.818125509298         0.822890107723         0.744625089047         0.565608680498         0.000000000000
        0.800714934972         0.809593989305         0.861522078577         0.838545433095         0.816066385828         0.798598730516         0.803079090172         0.806787066261         0.790816460677         0.769441435772         0.764070195417         0.770686977513         0.768722834828         0.754199569092         0.743268771505         0.744905260183         0.748781402185         0.743783390989         0.734399679897         0.731286923333         0.734424475763         0.735137666622         0.730362353869         0.725944439385         0.726336836944         0.728385716675         0.727421865833         0.724285347455         0.722948251403         0.724095643908         0.724814284529         0.723541912326         0.722012534614         0.722030828828         0.722845649225         0.722787001030         0.721868746682         0.721379600208         0.721723941688         0.722042233206         0.721753752711         0.721326415035         0.721321112607         0.721543201865         0.721540864106         0.721362368547         0.721326557884         0.721414053478         0.721392191721         0.721323824845         0.721439862639         0.721619255611         0.721538343566         0.721331261400         0.721498527534         0.722007287505         0.722157066856         0.721733964445         0.721602051619         0.722405476066         0.723282425746         0.723032527019         0.722274967300         0.722849046091         0.724767495771         0.725686442366         0.724578853801         0.724026392474         0.726498669802         0.729815998422         0.729912860757         0.727794373689         0.729116754055         0.735113427163         0.739246692049         0.737149444922         0.735166750318         0.741579069654         0.752135126393         0.754794876581         0.749544536319         0.751197649132         0.766290085055         0.779424223710         0.776193983482         0.768779011060         0.779525618936         0.803889606379         0.812717750442         0.798306875713         0.791736593305         0.815448868887         0.842240508466         0.831866015721         0.797200970667         0.790648240864         0.819412722926         0.823924097357         0.745190861260         0.565831890645         0.000000000000
        0.801099828690         0.810126661971         0.862154832121         0.839205002241         0.816661785531         0.799223005504         0.803813815983         0.807580347880         0.791593503361         0.770161971686         0.764861866640         0.771561238725         0.769570371700         0.754896915785         0.743865253345         0.745534102621         0.749449070374         0.744360691443         0.734814060534         0.731645667939         0.734846659377         0.735571497601         0.730683901023         0.726156886509         0.726560163488         0.728666930482         0.727676589468         0.724443400834         0.723061440481         0.724247482269         0.724993787957         0.723676213287         0.722086756147         0.722104410416         0.722954098008         0.722895307787         0.721936694327         0.721423936284         0.721784839245         0.722120327395         0.721818451381         0.721368312907         0.721362431519         0.721597738143         0.721596509554         0.721407204489         0.721367818118         0.721461186766         0.721440644054         0.721368195424         0.721487252969         0.721675197200         0.721592958841         0.721377261419         0.721550356657         0.722080518013         0.722238367443         0.721799046189         0.721661264131         0.722496292222         0.723408786418         0.723151385686         0.722366268484         0.722961111578         0.724948366029         0.725901754908         0.724760067249         0.724190853086         0.726740812462         0.730161037648         0.730267407157         0.728094640970         0.729452590949         0.735605297223         0.739846507119         0.737711744604         0.735689105180         0.742237843135         0.753002255632         0.755723393914         0.750397716794         0.752036235877         0.767281182076         0.780535593301         0.777239628676         0.769738302506         0.780509379333         0.804989468472         0.813849282783         0.799314759656         0.792632989731         0.816360706161         0.843173098828         0.832694884436         0.797856083097         0.791212304835         0.819939963660         0.824351156618         0.745429795010         0.565923080785         0.000000000000
        0.801269155613         0.810358225411         0.862426608510         0.839484739932         0.816905908782         0.799480595754         0.804109142460         0.807897799906         0.791913917677         0.770463691283         0.765192625979         0.771939595685         0.769951205867         0.755213578783         0.744144797678         0.745831729263         0.749761178288         0.744628123802         0.735005481984         0.731809942910         0.735038411928         0.735766709032         0.730826751331         0.726249641456         0.726657807272         0.728790246168         0.727787042840         0.724509870356         0.723107915202         0.724311396656         0.725069636795         0.723731291769         0.722114871713         0.722132436162         0.722997650090         0.722938427600         0.721961527655         0.721438286929         0.721806677319         0.722149714106         0.721841645264         0.721381301691         0.721375296438         0.721616515872         0.721615620938         0.721421423050         0.721380639768         0.721476807092         0.721456704771         0.721382242219         0.721502882457         0.721695106907         0.721612342272         0.721392396599         0.721568051303         0.722108530813         0.722270682385         0.721823828541         0.721682806348         0.722532503102         0.723462447127         0.723202380024         0.722404011357         0.723007685254         0.725027603007         0.725998895355         0.724842017319         0.724263597114         0.726849140428         0.730319495767         0.730433187609         0.728234652789         0.729606585037         0.735833510219         0.740129431121         0.737979761622         0.735935014300         0.742546319192         0.753408849533         0.756162516115         0.750796320031         0.752425253099         0.767737507164         0.781045098877         0.777717650965         0.770165473035         0.780937473742         0.805470405116         0.814346569812         0.799755469639         0.793017102576         0.816751430391         0.843579407467         0.833077626632         0.798159399892         0.791472058648         0.820183335687         0.824549411897         0.745542846203         0.565965151663         0.000000000000
        0.835210448102         0.857775294392         0.924496905662         0.911267134670         0.896677984488         0.884956200433         0.893085819250         0.900235821037         0.886634345225         0.865877364966         0.860524399385         0.867981961122         0.866566440934         0.850304838263         0.836575014894         0.837181526451         0.841511544166         0.835000151783         0.821683857385         0.815645999589         0.818641218344         0.819247317186         0.811744695660         0.803762180312         0.802803716036         0.805200584954         0.803346528528         0.797535338013         0.794099488971         0.795012705171         0.795836367603         0.793373450770         0.790050079909         0.789247871495         0.790187961119         0.789944597424         0.788096529462         0.786728327667         0.786829278083         0.787178645006         0.786678402702         0.785848996151         0.785535948838         0.785608940854         0.785591217058         0.785545239048         0.785624367659         0.785565170617         0.785330262281         0.785516950911         0.786326738351         0.786856968351         0.786455590995         0.786137209906         0.787225156015         0.788952363820         0.789284209240         0.788316099351         0.788656401927         0.791336454740         0.793613255062         0.793037147896         0.791881777647         0.794110260446         0.798739765392         0.800622771060         0.798652218118         0.798512230411         0.803987486564         0.810039966295         0.810005949432         0.806927772616         0.809942714449         0.819475460086         0.825108753219         0.821768372715         0.819371804451         0.828056482811         0.840816204047         0.842807425775         0.835642394510         0.836981593259         0.852651807006         0.864986004298         0.859233204293         0.849300508003         0.857886986791         0.879208502233         0.884074392225         0.865783873706         0.855032399938         0.872976065396         0.893344749227         0.877106338657         0.836559634566         0.823017007669         0.843727430384         0.840482060640         0.754249687662         0.569700081372         0.000000000000
        0.851208310257         0.879175878419         0.952150511489         0.942880997933         0.931508258792         0.923010873882         0.934768529614         0.945766245633         0.935238890701         0.916749157167         0.913915349155         0.924528828556         0.925885922425         0.911113541156         0.898223600157         0.900649649170         0.907349387540         0.901902748082         0.887824140570         0.881457308320         0.885925611353         0.887899167941         0.879303613509         0.869037501258         0.867747729676         0.871594907081         0.869753452976         0.861353037580         0.855703950473         0.857020910484         0.858885917599         0.855171741037         0.849081887460         0.847056769152         0.848808331814         0.848834702040         0.845298076462         0.842014640173         0.841872303121         0.842932191662         0.842239871697         0.840152415477         0.838920711643         0.839125278406         0.839568365805         0.839475462101         0.839050724296         0.838594220830         0.838460865220         0.839217716689         0.840590492817         0.841121787016         0.840323431780         0.840179760874         0.842447109688         0.845310344936         0.845573189986         0.844032599879         0.845061336199         0.849696164266         0.853132894418         0.851949080541         0.850310788706         0.854075284148         0.861007154517         0.863342732763         0.860220285235         0.860171357236         0.867880116359         0.875732003079         0.875074927150         0.870721601828         0.874492608844         0.886112885832         0.892223547274         0.887233729879         0.883697359877         0.893198928644         0.906804320623         0.907601886510         0.898129299010         0.898326081993         0.914007038322         0.925385153405         0.917022093406         0.904304746546         0.911187860260         0.930908556518         0.932897175351         0.910888340021         0.896748608539         0.911858787270         0.928748038184         0.907973048202         0.862806893243         0.845237883491         0.861788505598         0.853575046169         0.761391613172         0.572821586567         0.000000000000
        0.855152337255         0.884281189072         0.958749537298         0.950360589094         0.939571484125         0.931665082781         0.944198959576         0.956110436754         0.946243106186         0.928172144423         0.925895350944         0.937361349441         0.939540070923         0.925197321319         0.912582678008         0.915605653677         0.923158199032         0.918257474588         0.904301640366         0.898090925154         0.903179745080         0.905827093386         0.897360243880         0.886835404743         0.885676219448         0.890163275430         0.888679357034         0.879915249311         0.873835894350         0.875407187621         0.877825988683         0.874068648142         0.867288339604         0.864929362781         0.867063667236         0.867450128999         0.863512335834         0.859538285019         0.859298886249         0.860808967501         0.860255367186         0.857672277322         0.855958805190         0.856281851261         0.857140892963         0.857090481931         0.856276318662         0.855558794631         0.855645832359         0.856808229693         0.858278553983         0.858566787434         0.857632322555         0.857786596400         0.860549252800         0.863600499797         0.863666293486         0.862051540713         0.863511328205         0.868744170079         0.872332022052         0.870887160868         0.869260327295         0.873609633554         0.881098352815         0.883372889227         0.879881501078         0.879956677335         0.888268003946         0.896415989038         0.895380027160         0.890607129836         0.894572083516         0.906616658551         0.912580474141         0.906938641318         0.902995704539         0.912637566029         0.926305416707         0.926508265459         0.916192856581         0.915958564064         0.931533194698         0.942454355290         0.933112578483         0.919449960022         0.925823937379         0.945069761396         0.946110040951         0.922868554718         0.907749543385         0.922155694684         0.938123997220         0.916021006461         0.869550639296         0.851018251357         0.866643732370         0.857159943127         0.763328316349         0.573672448674         0.000000000000
        0.856288975889         0.885688086322         0.960598417346         0.952463716617         0.941811130591         0.934010372710         0.946725111252         0.958897946996         0.949207169474         0.931195784252         0.929011316082         0.940702363697         0.943124968881         0.928879342182         0.916275801671         0.919416864032         0.927216134477         0.922494481886         0.908543473016         0.902321118101         0.907569234884         0.910447669596         0.902043724656         0.891415794826         0.890247125563         0.894923154270         0.893593339055         0.884761176572         0.878526040783         0.880139082620         0.882762525602         0.879060897706         0.872099705396         0.869603828191         0.871848057109         0.872398309348         0.868394207381         0.864187709602         0.863870882447         0.865527995576         0.865085431217         0.862362230731         0.860439598421         0.860765950404         0.861804730851         0.861818651795         0.860850278793         0.859988322266         0.860156269853         0.861512902328         0.863023619215         0.863169611575         0.862157726605         0.862456410828         0.865424414350         0.868491545069         0.868422372883         0.866786496764         0.868440921702         0.873863770592         0.877425076251         0.875835944296         0.874241831256         0.878800862642         0.886420601944         0.888589671316         0.884965637029         0.885115771002         0.893616544419         0.901794681939         0.900583648099         0.895690221698         0.899755539377         0.911912977654         0.917774670767         0.911905779051         0.907871067996         0.917587950620         0.931249330222         0.931227009856         0.920664351993         0.920359444483         0.935940560002         0.946711176494         0.937064545428         0.923167794592         0.929466246875         0.948607959177         0.949367506910         0.925787900157         0.910457164984         0.924733149200         0.940465935545         0.918000426258         0.871219014503         0.852504127557         0.867935615831         0.858110687458         0.763833099673         0.573902666578         0.000000000000
        0.856667750449         0.886115789118         0.961188716694         0.953147419795         0.942540384283         0.934746897154         0.947500943780         0.959767176097         0.950144520305         0.932137785197         0.929955015573         0.941712332680         0.944229513443         0.930018347462         0.917393127490         0.920548623975         0.928434148597         0.923789408317         0.909833966327         0.903580018170         0.908868001695         0.911843016936         0.903473511292         0.892794438406         0.891592795396         0.896331930203         0.895083971555         0.886240206637         0.879928152669         0.881537654331         0.884252788723         0.880603576263         0.873582983714         0.871012777793         0.873292022037         0.873935772768         0.869933092452         0.865633573703         0.865260549769         0.866975029969         0.866607374062         0.863842331460         0.861814596261         0.862123858816         0.863252801452         0.863320275979         0.862284218390         0.861337742902         0.861537006222         0.862998972034         0.864535776857         0.864599282762         0.863536574080         0.863908064850         0.866978900222         0.870036516180         0.869879505834         0.868228145069         0.869982288414         0.875483577631         0.878998172333         0.877329535464         0.875756656466         0.880418001608         0.888075179607         0.890167086501         0.886480645024         0.886681545944         0.895265553373         0.903429171601         0.902123494067         0.897192098171         0.901324294114         0.913529383763         0.919326074761         0.913356352849         0.909311417410         0.919080069331         0.932733550551         0.932609296486         0.921962779130         0.921666530157         0.937269472970         0.947978089157         0.938218458857         0.924265666737         0.930574443870         0.949692310688         0.950343508108         0.926650253906         0.911276355658         0.925533225594         0.941182453093         0.918584227879         0.871711033847         0.852963053984         0.868342032152         0.858397273291         0.763975798446         0.573975352886         0.000000000000
        0.856808620849         0.886257156267         0.961398669490         0.953397419387         0.942810132366         0.935009048666         0.947769649295         0.960074668261         0.950483816598         0.932474568836         0.930280795038         0.942059544285         0.944619493473         0.930424044428         0.917780623516         0.920930565704         0.928850465576         0.924243200348         0.910284178730         0.904005005122         0.909301288655         0.912322622656         0.903974516039         0.893269768130         0.892043058850         0.896806697213         0.895603062043         0.886759610561         0.880406655858         0.882005937362         0.884765049493         0.881150091781         0.874105695273         0.871493742599         0.873783761922         0.874476439968         0.870489038790         0.866145544950         0.865740254290         0.867483630531         0.867163004980         0.864385343684         0.862303895024         0.862599653950         0.863775927705         0.863877969027         0.862809830833         0.861816341739         0.862029857984         0.863549586645         0.865102029200         0.865119669837         0.864026643589         0.864436601449         0.867563320413         0.870615856605         0.870405889112         0.868748816015         0.870555105885         0.876093431400         0.879576893723         0.877863969252         0.876304241996         0.881018769443         0.888689306440         0.890736242928         0.887019196320         0.887250536270         0.895876608910         0.904027238356         0.902671872463         0.897728252706         0.901902196864         0.914130026233         0.919889844387         0.913874372096         0.909835000587         0.919637030738         0.933284158749         0.933109055116         0.922430797183         0.922151699654         0.937769532731         0.948446152418         0.938633270854         0.924666172650         0.930991858926         0.950101322586         0.950701012900         0.926962740427         0.911585029282         0.925843428753         0.941455492532         0.918799227171         0.871894736901         0.853145459087         0.868506138751         0.858506686372         0.764026090958         0.574005169175         0.000000000000
        0.856867761900         0.886309435136         0.961483114919         0.953500892287         0.942923299203         0.935115115748         0.947875306845         0.960198286565         0.950623649276         0.932612075879         0.930409289101         0.942195775571         0.944776831669         0.930589481998         0.917934693430         0.921077986543         0.929013153786         0.924425273852         0.910464277698         0.904169314823         0.909466514406         0.912511114958         0.904175573891         0.893457328578         0.892214933010         0.896989259912         0.895809655189         0.886968277932         0.880593430005         0.882184902730         0.884966250281         0.881371381724         0.874316197956         0.871681270621         0.873975243077         0.874694481760         0.870718072828         0.866352182567         0.865929219371         0.867688254082         0.867395377467         0.864611725243         0.862502001230         0.862789125555         0.863989959891         0.864111145138         0.863025987884         0.862006535602         0.862226893920         0.863777382713         0.865337769123         0.865329892856         0.864219762395         0.864650014775         0.867805123185         0.870852575616         0.870614355657         0.868953835684         0.870787460392         0.876343546468         0.879808910125         0.878072555824         0.876521470033         0.881264069364         0.888939433738         0.890961406865         0.887229572810         0.887478787302         0.896126588044         0.904268219632         0.902886529676         0.897939313755         0.902136650296         0.914375407401         0.920114651884         0.914077274534         0.910044663366         0.919865739581         0.933508679626         0.933307575197         0.922616490436         0.922350199058         0.937976890554         0.948635736351         0.938796203273         0.924825399808         0.931162628064         0.950267859453         0.950841401646         0.927083313828         0.911708173604         0.925970670081         0.941565912717         0.918882764263         0.871967056868         0.853222161591         0.868576753273         0.858551636098         0.764044599599         0.574016698070         0.000000000000
        0.862240744363         0.893432950647         0.970855880747         0.964583262634         0.955928677878         0.949575268073         0.963516101355         0.977121645116         0.969007903518         0.952197903600         0.950846549016         0.963417330054         0.966975680923         0.953762667693         0.941740305759         0.945196340486         0.953621938814         0.949745254871         0.936293842838         0.930110000005         0.935530286515         0.938964797653         0.931047930274         0.920398417926         0.919001311998         0.923872717684         0.923029466183         0.914306935310         0.907657916667         0.909033594041         0.911963351036         0.908556241604         0.901323756080         0.898257064158         0.900434286372         0.901381586197         0.897480146530         0.892761981146         0.891966567585         0.893777341517         0.893725804933         0.890872409586         0.888352986606         0.888408819406         0.889795615707         0.890125357308         0.888846837724         0.887445252699         0.887605392377         0.889434286680         0.891114239311         0.890828463259         0.889421684014         0.889942777285         0.893365434475         0.896387351355         0.895832321629         0.894006801186         0.896016637196         0.901716716773         0.904975197254         0.902913776122         0.901290458250         0.906142225580         0.913709920270         0.915357233749         0.911342812484         0.911513348313         0.920051206703         0.927792013424         0.925935201996         0.920716030631         0.924673048916         0.936453552464         0.941546800488         0.934971556892         0.930516221472         0.939764574730         0.952575892977         0.951577336668         0.940264314223         0.939337913970         0.954044000575         0.963626183629         0.952866227390         0.938095608347         0.943475385134         0.961401057646         0.960835804508         0.936100724677         0.919789346716         0.932977833260         0.947407176293         0.923688763530         0.875917773648         0.856410251442         0.871000100572         0.860204150555         0.764905907975         0.574367890057         0.000000000000
        0.865409279856         0.897330748206         0.976232506956         0.970934707374         0.963246543867         0.957493218784         0.972006354451         0.986505887742         0.979386090785         0.963296789723         0.962412014092         0.975612602589         0.980101376666         0.967753201394         0.956201222163         0.960021109128         0.969125460112         0.966119065900         0.953258864378         0.947288410880         0.953009990502         0.957143121259         0.949944533849         0.939577201052         0.938205928215         0.943438157871         0.943274741957         0.934996614064         0.928311275601         0.929661286114         0.933046839942         0.930206472507         0.923100167418         0.919822261165         0.922102720139         0.923566033478         0.919993780793         0.915071626525         0.914038995542         0.916118085116         0.916539510885         0.913703696674         0.910802068189         0.910749103862         0.912525152799         0.913140151828         0.911583340833         0.909780006577         0.910022164410         0.912241520180         0.913935527095         0.913184533402         0.911496736538         0.912255411807         0.915930255547         0.918684892580         0.917611866922         0.915668087750         0.917934797453         0.923643847741         0.926417878603         0.923908555904         0.922302678499         0.927303700352         0.934602444100         0.935662745991         0.931312005384         0.931533640907         0.939988494890         0.947204330533         0.944744933565         0.939281538304         0.943168856831         0.954572064840         0.958949451927         0.951774491103         0.947058403393         0.955998265715         0.968126113823         0.966294915875         0.954405677709         0.953117078241         0.967252649489         0.975938100450         0.964319157615         0.948976590550         0.953811312466         0.970913674298         0.969357512942         0.943816298386         0.926943478734         0.939483231008         0.952986848892         0.928308396117         0.879843800343         0.859828827830         0.873771304503         0.862101452616         0.765870603357         0.574805021194         0.000000000000
        0.867179926518         0.899311509492         0.979113111514         0.974387017970         0.967206474932         0.961633855509         0.976364008841         0.991368684207         0.984816451581         0.969038598366         0.968260281543         0.981774668366         0.986862333695         0.975008599566         0.963610532426         0.967535731434         0.977061518469         0.974663009882         0.962145057562         0.956217010854         0.962108604986         0.966766863815         0.960084736571         0.949853270451         0.948446615755         0.953939632908         0.954324318013         0.946389147240         0.939646632064         0.940981962248         0.944736417100         0.942373904050         0.935346361091         0.931881751387         0.934223392199         0.936126018732         0.932854507107         0.927781052885         0.926549387434         0.928835245093         0.929662528415         0.926884066431         0.923676292249         0.923529572965         0.925629682852         0.926511038680         0.924766502937         0.922624887441         0.922928249850         0.925484293472         0.927214539958         0.926100186171         0.924160357891         0.925109492752         0.929017637407         0.931567882751         0.930066614222         0.928016974505         0.930517466137         0.936260732989         0.938644428802         0.935755375825         0.934176455519         0.939334027635         0.946421511442         0.946974162660         0.942339553913         0.942638356675         0.951076745657         0.957873609238         0.954899927008         0.949261578375         0.953180208402         0.964348885119         0.968175507604         0.960570519849         0.955763244221         0.964629077087         0.976329079597         0.973895725487         0.961652588216         0.960250551732         0.974113627129         0.982223138964         0.970047371516         0.954446292698         0.959121566811         0.975818000581         0.973661051854         0.947672350225         0.930602228772         0.942900369479         0.955902575956         0.930652836583         0.881844827951         0.861671395418         0.875321203808         0.863130738933         0.766359256099         0.575048598830         0.000000000000
        0.868348596322         0.900498387440         0.980930496823         0.976603433318         0.969758691699         0.964232196154         0.979045542738         0.994407656535         0.988259033281         0.972638268009         0.971856569238         0.985545840574         0.991045178665         0.979521052670         0.968170804005         0.972117576730         0.981935270858         0.979973713323         0.967658747048         0.961677591454         0.967648319361         0.972688639626         0.966372096779         0.956182792343         0.954691053722         0.960371511233         0.961174909065         0.953474690921         0.946632043733         0.947924955772         0.951992316435         0.950012653486         0.943041399489         0.939390651887         0.941797451491         0.944076175681         0.941054752629         0.935856738692         0.934454971481         0.936934985958         0.938130340548         0.935411684999         0.931954745766         0.931723445515         0.934110668853         0.935243666944         0.933351554849         0.930929034525         0.931275916186         0.934128280266         0.935915887185         0.934497849961         0.932341615592         0.933446700257         0.937558970111         0.939948237052         0.938087632399         0.935944432282         0.938650212488         0.944433688970         0.946485939099         0.943278044806         0.941727181409         0.947041943661         0.953978784811         0.954117477942         0.949261270279         0.949649441252         0.958111684343         0.964576967837         0.961194477655         0.955438746976         0.959441654954         0.970468685135         0.973859988668         0.965909579317         0.961063567285         0.969924828403         0.981323443444         0.978433011024         0.965963337437         0.964576081420         0.978335667595         0.986056023065         0.973488836729         0.957759835745         0.962409070115         0.978859278585         0.976261713152         0.949969633562         0.932835981970         0.945039532542         0.957704596232         0.932050427820         0.883046067420         0.862841506053         0.876336628308         0.863783956377         0.766647518597         0.575205569833         0.000000000000
        0.869197155499         0.901324409444         0.982226791969         0.978197855524         0.971593747989         0.966069067898         0.980921306982         0.996537720692         0.990683028224         0.975161047406         0.974353322442         0.988173225925         0.993986801474         0.982700271666         0.971357188156         0.975284292844         0.985315602332         0.983677539857         0.971499097569         0.965453342535         0.971471022707         0.976801690521         0.970755417096         0.960563960290         0.958976583572         0.964785706841         0.965903878863         0.958356187174         0.951418214428         0.952664408336         0.956964658517         0.955273336400         0.948321741736         0.944518741228         0.946967625115         0.949540287411         0.946700780174         0.941379205590         0.939825668578         0.942447083328         0.943916532668         0.941220521226         0.937546952709         0.937247096528         0.939856426552         0.941172096898         0.939146549665         0.936491969988         0.936877545848         0.939968586944         0.941791640250         0.940126168379         0.937794457097         0.939031293615         0.943319842883         0.945582624343         0.943435281600         0.941224390089         0.944106077789         0.949942407517         0.951738656092         0.948272112715         0.946751498320         0.952215521185         0.959057486468         0.958882234479         0.953858245037         0.954346086402         0.962858246105         0.969081862785         0.965381346500         0.959555710351         0.963651982669         0.974590045570         0.977653791243         0.969454591821         0.964626504824         0.973529612887         0.984718736359         0.981490749633         0.968864559265         0.967517243289         0.981210535272         0.988633555976         0.975781584720         0.959995948177         0.964675656923         0.980967692775         0.978041875651         0.951531105255         0.934382851377         0.946549625998         0.958966866419         0.933006157768         0.883873276992         0.863674238102         0.877063407062         0.864232880190         0.766832358183         0.575315348498         0.000000000000
        0.869800863605         0.901893015025         0.983134810975         0.979317478448         0.972882169882         0.967347629755         0.982219500178         0.998024488529         0.992377499892         0.976909299486         0.976059967801         0.989953809162         0.995990067077         0.984858939421         0.973494468885         0.977393995526         0.987568261529         0.986157109432         0.974060257390         0.967951375603         0.973992928696         0.979538536905         0.973684837422         0.963482552309         0.961822459116         0.967727660481         0.969077165511         0.961639812903         0.954619826413         0.955831832797         0.960304881093         0.958826536400         0.951886012236         0.947978719072         0.950466291584         0.953249367006         0.950538192957         0.945124734245         0.943475735709         0.946216577424         0.947892211918         0.945223915137         0.941401035171         0.941061370418         0.943842906360         0.945300308992         0.943185110308         0.940368850818         0.940797932888         0.944074037212         0.945932027740         0.944092649648         0.941645393525         0.942997740072         0.947419948937         0.949589732612         0.947220253846         0.944953746008         0.947963595596         0.953824950182         0.955424348426         0.951761475888         0.950270085129         0.955835555864         0.962577184317         0.962143464428         0.956981501172         0.957537266719         0.966085204752         0.972126553559         0.968191615699         0.962324825577         0.966508218402         0.977394842409         0.980218079154         0.971829541524         0.967018384152         0.975966006078         0.987007143015         0.983528407056         0.970793500452         0.969498850321         0.983170465724         0.990386115315         0.977324099577         0.961501090391         0.966216325221         0.982401610194         0.979236884991         0.952574573750         0.935437824396         0.947596553179         0.959840110932         0.933655437495         0.884438481595         0.864262832061         0.877587361451         0.864553384663         0.766959435237         0.575394556478         0.000000000000
        0.870211002141         0.902265460574         0.983742008639         0.980069543108         0.973745904117         0.968195116229         0.983075353064         0.999007662034         0.993495704762         0.978045733480         0.977155276459         0.991098391561         0.997287113329         0.986260067934         0.974871770404         0.978747112329         0.989024950209         0.987768754034         0.975717061227         0.969552350883         0.975608859495         0.981299449103         0.975577418819         0.965361847995         0.963643805236         0.969618218677         0.971128570059         0.963756286048         0.956665703607         0.957843512476         0.962429012957         0.961091315315         0.954136464815         0.950119514994         0.952615167184         0.955537486461         0.952909703613         0.947417336117         0.945685968990         0.948499111006         0.950315756336         0.947647444470         0.943699888455         0.943321599038         0.946222679983         0.947778083936         0.945588804740         0.942649379128         0.943102766519         0.946507149061         0.948385637989         0.946412223374         0.943876557007         0.945311101459         0.949840183630         0.951957635236         0.949443139724         0.947145267092         0.950266725441         0.956168577828         0.957643063456         0.953849105461         0.952387795241         0.958051941873         0.964754695546         0.964156324293         0.958910977867         0.959536794387         0.968132010138         0.974057466620         0.969957794029         0.964064419605         0.968320903061         0.979182512034         0.981840720523         0.973327790488         0.968539066864         0.977532132880         0.988480911320         0.984834370120         0.972032590455         0.970784966416         0.984448160571         0.991520443721         0.978309428031         0.962470724895         0.967225024667         0.983342681627         0.980014713455         0.953255594497         0.936142037578         0.948303091516         0.960424849671         0.934083307370         0.884813610388         0.864661990084         0.877943776454         0.864766456712         0.767040242760         0.575447859170         0.000000000000
        0.870550896508         0.902586578072         0.984252314597         0.980696566427         0.974462820797         0.968905073446         0.983790160696         0.999823934578         0.994426276047         0.979004210924         0.978091544906         0.992075834251         0.998384968928         0.987439688470         0.976035907917         0.979895744461         0.990253525753         0.989114803104         0.977097765937         0.970891322074         0.976961133002         0.982766132215         0.977147907461         0.966927960806         0.965164915807         0.971193600188         0.972832592452         0.965512691776         0.958361628039         0.959511277091         0.964186082388         0.962947754378         0.955973574789         0.951878332171         0.954382718014         0.957413704478         0.954838516635         0.949273041744         0.947457255151         0.950310666062         0.952215642133         0.949530819100         0.945476487058         0.945060175290         0.948045431874         0.949661923034         0.947397025507         0.944349219426         0.944813753936         0.948312797561         0.950200738869         0.948117838345         0.945509132399         0.947000849112         0.951606298415         0.953676334224         0.951047675549         0.948729839282         0.951934185668         0.957862942424         0.959235243929         0.955338023479         0.953894097868         0.959630693048         0.966303690956         0.965578823991         0.960269017113         0.960948603993         0.969580722508         0.975421700827         0.971204026635         0.965296904940         0.969615630702         0.980466278740         0.983009979965         0.974413761148         0.969647252255         0.978674061764         0.989553945221         0.985781941520         0.972934402472         0.971723353879         0.985375925278         0.992335432354         0.979011980491         0.963159958189         0.967943423984         0.984010887611         0.980561114342         0.953727815443         0.936629747991         0.948796721054         0.960833934263         0.934379809384         0.885073933466         0.864944297650         0.878199128571         0.864918955638         0.767097113489         0.575485994589         0.000000000000
        0.870794502882         0.902809751162         0.984611561781         0.981138969571         0.974966511373         0.969397034984         0.984285847356         1.000393366291         0.995077158684         0.979668422252         0.978730516899         0.992744563441         0.999139698343         0.988250875164         0.976831318143         0.980675822501         0.991092174290         0.990046528859         0.978049764731         0.971811960005         0.977894389647         0.983787446599         0.978239667747         0.968004978405         0.966203481115         0.972270431390         0.974004584572         0.966724979210         0.959534535508         0.960663806508         0.965406134632         0.964251256830         0.957269983107         0.953116534234         0.955632420919         0.958755136597         0.956233641910         0.950624766870         0.948764912517         0.951668695743         0.953667514410         0.950994266496         0.946870339560         0.946426101105         0.949478833125         0.951150037430         0.948847013674         0.945731367896         0.946214779826         0.949799702118         0.951713470874         0.949555763759         0.946888010699         0.948425143552         0.953095079834         0.955130702878         0.952402823642         0.950059813991         0.953321834611         0.959272633668         0.960569039185         0.956587759934         0.955156686106         0.960948008958         0.967602350059         0.966782894769         0.961418448483         0.962130974166         0.970784963975         0.976557326213         0.972241725515         0.966314759685         0.970671453358         0.981505864687         0.983956105992         0.975289437775         0.970537634662         0.979592834810         0.990423067729         0.986556927327         0.973674598264         0.972492901713         0.986143544125         0.993021765515         0.979612560553         0.963748867498         0.968552214931         0.984580252926         0.981036876861         0.954144984508         0.937050166850         0.949210803577         0.961175117540         0.934629794702         0.885293050911         0.865176387300         0.878405912578         0.865043016209         0.767144517640         0.575516900744         0.000000000000
        0.870972744232         0.902969767034         0.984872317994         0.981461424707         0.975333848219         0.969753717000         0.984644438400         1.000805765375         0.995547473759         0.980144225228         0.979185745966         0.993218755003         0.999678597500         0.988831848128         0.977399246534         0.981231236934         0.991691991348         0.990714535286         0.978737627852         0.972474188585         0.978559592334         0.984508409259         0.979017737124         0.968774229044         0.966943244023         0.973038525981         0.974844028017         0.967594794791         0.960373810853         0.961489211993         0.966285712429         0.965195755709         0.958214326720         0.954022209334         0.956549791630         0.959744141026         0.957265264734         0.951628675777         0.949736862865         0.952678140215         0.954746588329         0.952083275429         0.947912447535         0.947455864518         0.950568918251         0.952293251910         0.949963034356         0.946791605473         0.947278318131         0.950916945583         0.952834815143         0.950614299306         0.947902096599         0.949470775672         0.954183655445         0.956194937430         0.953401490201         0.951044910252         0.954355247976         0.960329518397         0.961573791772         0.957537103679         0.956120948189         0.961956236661         0.968596788117         0.967710704209         0.962315042530         0.963060034873         0.971736353585         0.977452404951         0.973052010304         0.967103731196         0.971487131555         0.982307798983         0.984684123931         0.975960900559         0.971218902712         0.980294926574         0.991086389568         0.987146560685         0.974231244067         0.973066944821         0.986714324217         0.993529650582         0.980054905369         0.964183590963         0.969005748115         0.985007181611         0.981392773329         0.954455144734         0.937365772848         0.949527081863         0.961438908446         0.934824139092         0.885463201626         0.865357066322         0.878567721516         0.865140624395         0.767181933952         0.575541262820         0.000000000000
        0.871111471739         0.903091802134         0.985073634834         0.981710886080         0.975617911227         0.970027800585         0.984917832402         1.001120803977         0.995909349503         0.980512934785         0.979538939474         0.993587975848         1.000099822552         0.989287500256         0.977845329819         0.981667165225         0.992162918197         0.991240734989         0.979280910977         0.972998093007         0.979087983771         0.985087437562         0.979641836294         0.969394145617         0.967544111157         0.973663482295         0.975524189821         0.968295321488         0.961049567682         0.962151340092         0.966988486403         0.965949348536         0.958968514477         0.954745350011         0.957280040114         0.960529149897         0.958086043234         0.952430160999         0.950517761096         0.953493723660         0.955620322873         0.952961599336         0.948752407016         0.948281699627         0.951436409105         0.953198068561         0.950845902537         0.947633109840         0.948127926981         0.951814046392         0.953745497144         0.951485122423         0.948743431636         0.950334636246         0.955074714090         0.957063423631         0.954214092675         0.951841716496         0.955186048169         0.961175152335         0.962376246569         0.958293255092         0.956886364058         0.962756722309         0.969388842936         0.968449622143         0.963027878777         0.963798061122         0.972494826655         0.978177971222         0.973723855248         0.967764989668         0.972172156960         0.982987001228         0.985310368483         0.976542622668         0.971803882026         0.980890623322         0.991649251343         0.987648667306         0.974705145414         0.973554898323         0.987197855450         0.993961253400         0.980432288519         0.964552019563         0.969385589866         0.985362841948         0.981689880704         0.954714731724         0.937628670764         0.949789973940         0.961661257758         0.934991144021         0.885608542041         0.865506823686         0.878701513790         0.865222665021         0.767214260751         0.575561526764         0.000000000000
        0.871213239299         0.903180841641         0.985221953678         0.981895824905         0.975830565716         0.970234061316         0.985124715854         1.001361151139         0.996185696038         0.980793198447         0.979804387319         0.993862464758         1.000411161965         0.989622135087         0.978170069566         0.981981955623         0.992500185657         0.991616048820         0.979664831703         0.973363648019         0.979453333168         0.985487654643         0.980072483864         0.969817621751         0.967948457503         0.974082762363         0.975983831427         0.968771281451         0.961505286723         0.962596053821         0.967462914428         0.966460930521         0.959478813500         0.955231516782         0.957771659926         0.961061691769         0.958643107087         0.952968294727         0.951034349843         0.954030117722         0.956195538330         0.953540791461         0.949301867389         0.948821465940         0.952006633864         0.953795829536         0.951426269222         0.948181535156         0.948681575138         0.952402297602         0.954342633801         0.952050755226         0.949286208742         0.950897499075         0.955665995456         0.957642831455         0.954756363396         0.952376216936         0.955749183461         0.961752337576         0.962924535864         0.958809861867         0.957412799161         0.963311533317         0.969938223480         0.968958056620         0.963514053524         0.964303861436         0.973016667922         0.978675704097         0.974183305629         0.968215435584         0.972640201453         0.983449780762         0.985731539463         0.976930276977         0.972196511722         0.981295600327         0.992032062881         0.987987997830         0.975026280385         0.973888432273         0.987531905734         0.994261880439         0.980694344682         0.964808487502         0.969651868830         0.985612709569         0.981897455667         0.954895259013         0.937812334974         0.949974160376         0.961815328335         0.935104673872         0.885707728243         0.865612032149         0.878796170064         0.865280491221         0.767236783702         0.575575915805         0.000000000000
        0.871295790555         0.903255004805         0.985342535531         0.982044538110         0.975999626496         0.970398105022         0.985289150643         1.001549894257         0.996401674917         0.981013699616         0.980016680477         0.994084612579         1.000663370321         0.989894206079         0.978437152257         0.982243647681         0.992782055537         0.991929695968         0.979987870323         0.973676611142         0.979770968322         0.985838336057         0.980450678806         0.970190980137         0.968303114778         0.974449172002         0.976380372682         0.969180031260         0.961899565554         0.962983634838         0.967874271656         0.966901326781         0.959919969791         0.955657151173         0.958204857147         0.961527732161         0.959129698045         0.953444177209         0.951499140039         0.954513968247         0.956711417215         0.954062607796         0.949805673494         0.949323333707         0.952535290702         0.954345410606         0.951962152034         0.948693411609         0.949193304519         0.952931552945         0.954869764653         0.952546928166         0.949759807862         0.951381494313         0.956165422059         0.958127217600         0.955208892721         0.952820556258         0.956211664732         0.962220368917         0.963366296810         0.959225130761         0.957833751578         0.963750531229         0.970366241917         0.969350219147         0.963887179096         0.964688627752         0.973409304739         0.979044821259         0.974519657371         0.968545827712         0.972984707921         0.983790020324         0.986040152234         0.977213855462         0.972484646385         0.981593510755         0.992313024705         0.988235638643         0.975260154439         0.974131927135         0.987775429451         0.994478437332         0.980881989738         0.964992848554         0.969844899931         0.985794472208         0.982047733517         0.955025410985         0.937945904995         0.950109472975         0.961928608096         0.935187539169         0.885780129354         0.865689881377         0.878866810912         0.865323499395         0.767253278326         0.575586623396         0.000000000000
        0.871352800779         0.903303814460         0.985424448260         0.982146502014         0.976115860082         0.970509344881         0.985399469078         1.001677379975         0.996548599313         0.981162844443         0.980158465600         0.994232653314         1.000832954499         0.990077644845         0.978615623623         0.982416686476         0.992968894231         0.992139131790         0.980203054556         0.973882460222         0.979977868873         0.986066281662         0.980697008836         0.970434388084         0.968536652502         0.974692030754         0.976646919025         0.969457017360         0.962166394009         0.963245677568         0.968154731950         0.967204039635         0.960222977579         0.955947040747         0.958498350834         0.961844840065         0.959461550511         0.953766911367         0.951809839309         0.954833779780         0.957049252617         0.954400344330         0.950124920439         0.949637367147         0.952866081504         0.954690766387         0.952296375126         0.949008278663         0.949510286231         0.953266806048         0.955208448881         0.952865890845         0.950064314948         0.951696539638         0.956495537870         0.958449111511         0.955508266028         0.953114604430         0.956521277999         0.962536860193         0.963664807285         0.959504082431         0.958116769405         0.964048768711         0.970660355469         0.969621093352         0.964145650903         0.964958123440         0.973687975590         0.979308832620         0.974760814826         0.968783939182         0.973235732258         0.984040863380         0.986269687660         0.977426650902         0.972703549091         0.981822349155         0.992532148404         0.988430391470         0.975445173226         0.974324532956         0.987968115279         0.994650517336         0.981031800798         0.965139666147         0.969997548218         0.985937754596         0.982166555420         0.955128664078         0.938051510940         0.950215807133         0.962017419543         0.935252715069         0.885837182394         0.865750960094         0.878921990606         0.865357046263         0.767266168300         0.575594998033         0.000000000000
        0.871390147560         0.903324481119         0.985494251131         0.982233144591         0.976218343311         0.970606815429         0.985494463402         1.001786459713         0.996675453211         0.981292722221         0.980282202412         0.994361394386         1.000980553466         0.990238471155         0.978773496960         0.982570918026         0.993135929073         0.992326209564         0.980393502302         0.974064221594         0.980160566309         0.986265517012         0.980912247274         0.970648567654         0.968744897754         0.974906739167         0.976878837693         0.969693626028         0.962391395607         0.963461696366         0.968382818380         0.967448364048         0.960465353115         0.956176680325         0.958729388458         0.962094189552         0.959722312406         0.954019207160         0.952052293511         0.955085512074         0.957319996536         0.954674033410         0.950385411766         0.949893735833         0.953138062720         0.954977408688         0.952577224983         0.949275905795         0.949781807069         0.953556365521         0.955505019713         0.953150701771         0.950340747910         0.951984691255         0.956800022560         0.958751977145         0.955797952188         0.953405165985         0.956829128914         0.962853549909         0.963969146147         0.959793401016         0.958412891758         0.964360039903         0.970972316519         0.969920359985         0.964442182292         0.965269690165         0.974009877169         0.979620760466         0.975059955433         0.969085143819         0.973541997016         0.984336993536         0.986539372260         0.977676172577         0.972949129071         0.982067359899         0.992763175805         0.988640228946         0.975645674049         0.974528520985         0.988170422814         0.994834793714         0.981195628669         0.965294896765         0.970150358124         0.986078032454         0.982284976505         0.955234026501         0.938157322409         0.950321297362         0.962107256570         0.935320002047         0.885893692736         0.865807935682         0.878971396760         0.865387100590         0.767278119459         0.575602355580         0.000000000000
        0.871431655011         0.903360741504         0.985554350392         0.982307717060         0.976303403977         0.970688771649         0.985576150831         1.001880566287         0.996783618027         0.981402926392         0.980387878989         0.994471798572         1.001106652436         0.990375008868         0.978907157114         0.982701251325         0.993276394117         0.992483135682         0.980555401011         0.974220369792         0.980317729537         0.986437940649         0.981098410320         0.970833739706         0.968924135629         0.975093455228         0.977083942975         0.969907704175         0.962599521328         0.963666229374         0.968599757657         0.967681423372         0.960699886259         0.956402872035         0.958958029789         0.962339502209         0.959979476748         0.954271929506         0.952298842908         0.955341569804         0.957594081287         0.954953644217         0.950657340068         0.950165280482         0.953426032945         0.955281890962         0.952882019866         0.949576209605         0.950093579742         0.953886469313         0.955839844199         0.953475898539         0.950656872577         0.952307173286         0.957132762475         0.959080103318         0.956111742201         0.953715746608         0.957150445492         0.963180089274         0.964282682282         0.960093823019         0.958715787316         0.964671818222         0.971280942376         0.970212988169         0.964726301969         0.965558240942         0.974298198178         0.979893733795         0.975313241324         0.969332294729         0.973793774049         0.984583722780         0.986766983860         0.977888186751         0.973160821790         0.982281253596         0.992965415034         0.988822482889         0.975818311365         0.974703902394         0.988342985471         0.994990109365         0.981333061349         0.965428109881         0.970285442510         0.986204346705         0.982391895949         0.955327711056         0.938250468600         0.950413100561         0.962184866655         0.935378767625         0.885944458182         0.865859678533         0.879017333852         0.865415949389         0.767290024728         0.575609469155         0.000000000000
        0.871461217940         0.903386138945         0.985596903458         0.982360648292         0.976363786699         0.970746655202         0.985633694525         1.001946983314         0.996859973174         0.981480438085         0.980462031850         0.994549087495         1.001195205915         0.990470819491         0.979000518448         0.982791951992         0.993374239405         0.992592550010         0.980667961436         0.974328302174         0.980426215734         0.986557256649         0.981227236089         0.970961308863         0.969046951222         0.975221184527         0.977224153649         0.970053655973         0.962740487000         0.963804755176         0.968747643825         0.967840896971         0.960859841273         0.956557169785         0.959114301346         0.962505435327         0.960148127077         0.954434116662         0.952453958782         0.955501178808         0.957763772008         0.955123832918         0.950818515066         0.950323232809         0.953593043459         0.955457044230         0.953052646150         0.949737836127         0.950257265569         0.954060812238         0.956017294057         0.953644450255         0.950818804839         0.952475454979         0.957309991433         0.959254270589         0.956275181776         0.953877223831         0.957321039319         0.963355646711         0.964450247771         0.960252933750         0.958877627896         0.964841894559         0.971449276853         0.970369307674         0.964875995548         0.965713239375         0.974457584185         0.980044820574         0.975451690109         0.969468478677         0.973935945011         0.984724697491         0.986895811661         0.978007405523         0.973282148231         0.982406673837         0.993084178839         0.988928129345         0.975918771678         0.974808607477         0.988447637837         0.995083701255         0.981415308951         0.965509565652         0.970370487222         0.986284580273         0.982459698150         0.955388194415         0.938313380659         0.950478703693         0.962242246090         0.935421618786         0.885980420131         0.865895753068         0.879048584299         0.865434609525         0.767297176726         0.575614112187         0.000000000000
        0.871489734532         0.903414027305         0.985640389580         0.982413772863         0.976424968128         0.970808200019         0.985696668680         1.002018230037         0.996941024041         0.981565377086         0.980547058640         0.994638048717         1.001294955494         0.990579662324         0.979111489251         0.982903833934         0.993493805476         0.992724348299         0.980807318560         0.974470787723         0.980572614143         0.986710730373         0.981385860495         0.971119282745         0.969205397406         0.975386304584         0.977402939478         0.970239414317         0.962923150742         0.963981865388         0.968928262941         0.968026706228         0.961042737513         0.956731549337         0.959286942411         0.962684679855         0.960331016581         0.954611241067         0.952624394437         0.955673906885         0.957943677022         0.955303742128         0.950991422619         0.950492613262         0.953764705855         0.955628916485         0.953218068439         0.949893238098         0.950410783068         0.954219322882         0.956175672583         0.953794035259         0.950961487548         0.952620919731         0.957460178363         0.959400393060         0.956411854966         0.954011146536         0.957460386133         0.963497104458         0.964584265758         0.960379047738         0.959005046965         0.964974882629         0.971580347984         0.970491258578         0.964993328926         0.965834881891         0.974583029740         0.980164663490         0.975563540464         0.969579680061         0.974051966132         0.984840165696         0.987002348110         0.978107015125         0.973384153494         0.982513016440         0.993186231887         0.989020125773         0.976005905955         0.974897519401         0.988535248558         0.995161985610         0.981484152527         0.965576730356         0.970438934810         0.986347950707         0.982512536846         0.955434511491         0.938360192763         0.950525096622         0.962281014018         0.935450372042         0.886005403925         0.865921944866         0.879071862173         0.865448663219         0.767302545418         0.575617652422         0.000000000000
        0.871519589283         0.903443174185         0.985686209984         0.982470037977         0.976490367348         0.970874371828         0.985764515573         1.002095105851         0.997028868201         0.981658133208         0.980640537329         0.994736944902         1.001406636008         0.990703202756         0.979239160144         0.983032803884         0.993624724688         0.992858109739         0.980943607190         0.974603563952         0.980706867197         0.986853538223         0.981536450308         0.971269923002         0.969354051844         0.975539112229         0.977564392674         0.970401857276         0.963077187955         0.964132738186         0.969083219372         0.968187571405         0.961201461188         0.956882896203         0.959437278080         0.962841958188         0.960492138511         0.954766934974         0.952774114404         0.955826862804         0.958104370856         0.955464704429         0.951145214416         0.950643535610         0.953922295314         0.955792570735         0.953378349447         0.950046806319         0.950566207861         0.954383708659         0.956343880761         0.953955017234         0.951117353140         0.952781710119         0.957629660027         0.959566503845         0.956568573224         0.954164343302         0.957617787065         0.963655652079         0.964734658468         0.960520591326         0.959146550805         0.965120396023         0.971722686127         0.970623658054         0.965120114424         0.965964380209         0.974714456758         0.980289292287         0.975678930921         0.969693294899         0.974169181018         0.984955954938         0.987109415459         0.978207270218         0.973485517070         0.982616735638         0.993285331770         0.989110562891         0.976092772837         0.974987445140         0.988625528876         0.995240535517         0.981550900376         0.965640274284         0.970503282652         0.986407664266         0.982562271596         0.955477737573         0.938403608355         0.950568257459         0.962317358924         0.935477478130         0.886028877199         0.865946230678         0.879093570361         0.865462127471         0.767307939736         0.575620965317         0.000000000000
        0.871542810147         0.903465240443         0.985723048787         0.982517168211         0.976548458914         0.970934588298         0.985816715834         1.002154624325         0.997094642769         0.981724876263         0.980704155811         0.994801531685         1.001479325987         0.990782588393         0.979319115292         0.983112946542         0.993707005553         0.992946814166         0.981030902640         0.974685039522         0.980786920434         0.986940094064         0.981629125460         0.971361368153         0.969441777200         0.975629405192         0.977662674647         0.970503412326         0.963174269042         0.964227858281         0.969183398177         0.968294450727         0.961308035343         0.956984423284         0.959538902447         0.962950429455         0.960605095157         0.954876583047         0.952879662520         0.955935768436         0.958220510306         0.955582124989         0.951257674431         0.950754287470         0.954038988752         0.955914996687         0.953499000345         0.950162810479         0.950684000628         0.954508809291         0.956472598321         0.954080151026         0.951241088928         0.952910819367         0.957761486132         0.959693322434         0.956687309066         0.954279428865         0.957735753868         0.963774764291         0.964848025886         0.960627679331         0.959253992092         0.965231419784         0.971832066409         0.970726310077         0.965219254048         0.966066432954         0.974818964930         0.980389644130         0.975773149647         0.969787965290         0.974268034865         0.985051231161         0.987196022349         0.978284688673         0.973561367827         0.982692984788         0.993356662718         0.989173767339         0.976152236623         0.975048214277         0.988685548018         0.995294221809         0.981597949919         0.965686030563         0.970550341694         0.986451816321         0.982599328960         0.955510046969         0.938436165561         0.950600809870         0.962344897842         0.935498063095         0.886046749199         0.865964791379         0.879110209420         0.865472444580         0.767312065559         0.575623522724         0.000000000000
        0.871564780429         0.903486176724         0.985755983484         0.982557447704         0.976594408537         0.970980136877         0.985863006256         1.002207251897         0.997154284397         0.981786361194         0.980764502969         0.994864697807         1.001550480912         0.990859631716         0.979396271598         0.983190151990         0.993789855644         0.993038158650         0.981125891731         0.974778939210         0.980883520968         0.987044694840         0.981739891930         0.971472325864         0.969550807296         0.975741839207         0.977783182470         0.970628312903         0.963297125247         0.964350756435         0.969312398684         0.968431116549         0.961447101032         0.957123145576         0.959680799544         0.963098419500         0.960756050204         0.955019820739         0.953019473324         0.956078139405         0.958369492511         0.955732914644         0.951404678356         0.950899981004         0.954189993380         0.956071479873         0.953654791858         0.950315623406         0.950839502268         0.954671790915         0.956639680597         0.954245690607         0.951407212004         0.953085029860         0.957943577775         0.959875797881         0.956866483503         0.954461736262         0.957925218282         0.963962262022         0.965025958908         0.960793551157         0.959417106890         0.965393882385         0.971988171465         0.970872426871         0.965359951911         0.966207398186         0.974958344948         0.980521522790         0.975897379899         0.969910547214         0.974391724090         0.985171641663         0.987309044417         0.978392973256         0.973670357515         0.982803779038         0.993462963069         0.989270273998         0.976243101148         0.975137497970         0.988770222792         0.995369279904         0.981664772793         0.965750234988         0.970613397935         0.986509231452         0.982647972151         0.955553017713         0.938477992725         0.950640756294         0.962378440346         0.935523967905         0.886069037871         0.865986459258         0.879128941254         0.865484436805         0.767317320799         0.575626397407         0.000000000000
        0.871578880445         0.903498572752         0.985776408683         0.982582736835         0.976623143073         0.971007800150         0.985890603694         1.002239022266         0.997190649621         0.981823296237         0.980799794924         0.994901530885         1.001592621325         0.990905169501         0.979440781789         0.983233720712         0.993836920471         0.993090605169         0.981179778571         0.974830714997         0.980935808015         0.987102044650         0.981801240020         0.971532939284         0.969609347839         0.975802625137         0.977849445672         0.970696747918         0.963362816249         0.964415586635         0.969381158699         0.968504512342         0.961520265029         0.957193177921         0.959751489845         0.963174140871         0.960834651583         0.955095821288         0.953092674602         0.956153792449         0.958449915636         0.955813582560         0.951481366062         0.950975340143         0.954269358624         0.956154262807         0.953735383574         0.950392241527         0.950917043138         0.954753945097         0.956723032205         0.954325023365         0.951483828501         0.953164630355         0.958027010021         0.959957664896         0.956943713553         0.954538313296         0.958005738200         0.964044372597         0.965103711731         0.960866816172         0.959491186251         0.965470998567         0.972063814677         0.970942502317         0.965427087928         0.966276591254         0.975028907515         0.980588202030         0.975958722759         0.969971055517         0.974454559666         0.985233649276         0.987365817834         0.978445744230         0.973723892231         0.982858780426         0.993514998740         0.989316709654         0.976287347534         0.975183087821         0.988815365356         0.995409574977         0.981700150405         0.965784912933         0.970649139452         0.986542613879         0.982675827121         0.955577371598         0.938502733668         0.950665489922         0.962399182954         0.935539382986         0.886082513916         0.866000588549         0.879141581533         0.865492172988         0.767320364471         0.575628323187         0.000000000000
        0.888338768166         0.922950714462         1.014152586179         1.016681430972         1.016552365857         1.013394890474         1.030441432251         1.051157162898         1.051363360730         1.039351734720         1.039749181301         1.056260799026         1.067537613688         1.061173126954         1.051587903609         1.056377499631         1.069909472923         1.073600757929         1.064644785150         1.059004209456         1.066227591092         1.075751253623         1.074130386058         1.065282381160         1.063433406766         1.071242169822         1.076675634082         1.071905852679         1.064659737006         1.065742210009         1.072814765074         1.074722944606         1.068565689417         1.063488045467         1.066459217367         1.072114478651         1.071376413397         1.065042564580         1.062089799304         1.066072139081         1.070159389849         1.067631646014         1.061762932849         1.060621055513         1.065076243558         1.067734759799         1.064011250582         1.058834303062         1.059234262373         1.063951200955         1.065327108722         1.060649994960         1.056238332549         1.058135711102         1.063049278150         1.063049265606         1.057401484513         1.053948952661         1.057527875274         1.062424604277         1.060592629287         1.053938938092         1.051958023270         1.057440568779         1.061668616518         1.057256794153         1.049855589276         1.050189785530         1.057474857408         1.059751996226         1.051986180365         1.044647685544         1.048247429712         1.056492608607         1.054899347685         1.043342285634         1.037524417872         1.045021252117         1.052242878213         1.044360037719         1.029255206394         1.026905715502         1.037996480714         1.040656166198         1.023669034613         1.006063627778         1.009206210495         1.021769539676         1.013902090195         0.984065190359         0.965396756265         0.975256773072         0.983257534133         0.952767385079         0.901093558308         0.879422499545         0.889929949823         0.872630679357         0.771024637814         0.577667351842         0.000000000000
        0.912398791413         0.949046410547         1.051546556030         1.060877647012         1.066601239303         1.064920900683         1.083905368402         1.110182236209         1.116585530301         1.107466948216         1.108541651877         1.128074901662         1.145468726740         1.144025830950         1.135639962640         1.141184707274         1.158930488963         1.168585183956         1.162709931032         1.157105335893         1.165872339154         1.180499657897         1.183784688178         1.176062848356         1.173873369211         1.184378976760         1.195091883309         1.193451350762         1.185746445186         1.186915647526         1.197740623731         1.204185565432         1.199057087093         1.192658072133         1.196697644031         1.206589545205         1.208801877304         1.201562522032         1.197290828117         1.203454656204         1.211387537533         1.209690515616         1.201603427530         1.199872364791         1.207256230908         1.212451070744         1.207394921825         1.199550249998         1.200446834928         1.208075263863         1.209976341970         1.202256839367         1.195588832409         1.198930237222         1.205795083434         1.204044072177         1.194466617817         1.189746582336         1.195118087957         1.200173630611         1.194580124387         1.184049002868         1.181897737477         1.188623907043         1.190752919010         1.181290931090         1.170831097631         1.171688014963         1.178758690769         1.176741632444         1.163601492348         1.154379591249         1.158413307588         1.164359175985         1.156857338635         1.140513402961         1.133819044236         1.140749063219         1.143449090160         1.128969687438         1.110239581767         1.107408606434         1.116202692615         1.112531106102         1.089249673078         1.069267634939         1.071506700078         1.079757546634         1.064585084805         1.029507797984         1.009347834449         1.017198752677         1.019158593303         0.981379276073         0.925826573647         0.903030004549         0.910217288390         0.885965527377         0.777228675398         0.581033430830         0.000000000000
        0.920574657865         0.958309573670         1.064313207708         1.075722853666         1.083225808586         1.082186049836         1.101912398904         1.129861148893         1.138084372503         1.129904148215         1.131332913584         1.151831449453         1.170998639908         1.171012035416         1.163090828217         1.168974949872         1.187961106206         1.199325233900         1.194406805969         1.188923611564         1.198198678528         1.214292740256         1.219021652880         1.211724850731         1.209514161185         1.220817853113         1.233072381692         1.232421874084         1.224682231376         1.225911457730         1.237837307296         1.245680254917         1.240977538652         1.234263733429         1.238630801237         1.249816047933         1.253035653545         1.245666313713         1.241033723260         1.247865095262         1.257067119028         1.255809436531         1.247163190959         1.245257424194         1.253591320474         1.259753693239         1.254496386369         1.245903933941         1.246960498509         1.255624456772         1.257943957008         1.249461119718         1.242115680820         1.245956960830         1.253653766040         1.251624947812         1.240929404487         1.235810431125         1.241862690404         1.247244832504         1.240686805266         1.228966035704         1.226768964452         1.234073983285         1.235811456918         1.224875711886         1.213416740924         1.214486512529         1.221711204392         1.218533059210         1.203696146377         1.193814024451         1.198074350948         1.203486908510         1.194184738332         1.176224957031         1.169190628590         1.176041284524         1.177409374873         1.160762170826         1.140713827643         1.137677906342         1.145796734786         1.140067530393         1.114572363760         1.093628465704         1.095513167371         1.102335471909         1.084618891938         1.047551710850         1.026687768732         1.033772409867         1.033587430021         0.993093734048         0.935909708876         0.912503537545         0.918399098308         0.891523213760         0.779921388567         0.582419345490         0.000000000000
        0.921387931785         0.959241139893         1.065586568723         1.077199732731         1.084880144796         1.083911537383         1.103716603348         1.131830087115         1.140232915392         1.132151188284         1.133622130446         1.154217950757         1.173558973944         1.173717493148         1.165848336044         1.171771790649         1.190880875476         1.202413475712         1.197592527231         1.192127167754         1.201456502438         1.217692942639         1.222563604537         1.215311934344         1.213103472112         1.224488009019         1.236892046650         1.236339364070         1.228599556567         1.229838250363         1.241872641808         1.249851279739         1.245193541018         1.238452332822         1.242853321403         1.254165543158         1.257485704725         1.250105869805         1.245440196617         1.252337765426         1.261663791125         1.260451608788         1.251752858534         1.249830910079         1.258257884281         1.264516482608         1.259241704200         1.250575947668         1.251647093984         1.260413549298         1.262776233754         1.254218389006         1.246804200491         1.250693566344         1.258472860942         1.256418413264         1.245611297392         1.240450187372         1.246569212269         1.251985045458         1.245332142099         1.233490931787         1.231286658470         1.238649481159         1.240349674937         1.229267078681         1.217705655148         1.218795007367         1.226035930898         1.222743946602         1.207736999436         1.197786477975         1.202068766049         1.207429775330         1.197949259563         1.179826960278         1.172756553783         1.179599374075         1.180836641698         1.163974159375         1.143792861795         1.140735016801         1.148787273429         1.142854796749         1.117138979624         1.096096783694         1.097944144315         1.104624322359         1.086654756334         1.049387327707         1.028449457904         1.035455328753         1.035056237456         0.994290802492         0.936940064022         0.913468445588         0.919232512600         0.892092949707         0.780200433255         0.582562420315         0.000000000000
        0.921489504221         0.959356226627         1.065745685277         1.077384206047         1.085087477281         1.084127956424         1.103943122969         1.132077772430         1.140504023609         1.132435638968         1.133912459226         1.154520955785         1.173884412990         1.174062203231         1.166200686325         1.172129662700         1.191254686242         1.202809108272         1.198001381750         1.192539080811         1.201875486864         1.218130177775         1.223019104765         1.215774071891         1.213566527472         1.224961368422         1.237384335650         1.236844323327         1.229105216664         1.230345449586         1.242393441878         1.250388835779         1.245736777423         1.238992715209         1.243398151384         1.254725935457         1.258058161390         1.250677204025         1.246007859481         1.252913622942         1.262254379444         1.261046952124         1.252341679018         1.250417858341         1.258855683602         1.265124799462         1.259846809702         1.251171889612         1.252244617476         1.261022369465         1.263388721672         1.254820891208         1.247398300325         1.251292875752         1.259080398284         1.257021017311         1.246199757656         1.241033108693         1.247158801936         1.252576515455         1.245910559468         1.234054276627         1.231848226280         1.239216022107         1.240909627018         1.229808248426         1.218233980951         1.219324314327         1.226564879025         1.223257449851         1.208229497766         1.198270057541         1.202553163488         1.207905967379         1.198403042727         1.180260964449         1.173185199787         1.180025185279         1.181245345184         1.164356755735         1.144159233188         1.141097427298         1.149140090334         1.143182788486         1.117440916156         1.096386689107         1.098228533117         1.104891121902         1.086891795791         1.049601034473         1.028654035249         1.035650025244         1.035225802850         0.994429025860         0.937058955275         0.913579391421         0.919328093896         0.892158326852         0.780232512729         0.582578733848         0.000000000000
        0.921511145088         0.959380422876         1.065779860874         1.077424073940         1.085132194780         1.084174427125         1.103991566308         1.132130814918         1.140562200309         1.132496718165         1.133974711529         1.154585901880         1.173954275633         1.174136344231         1.166276531501         1.172206634484         1.191335104821         1.202894294983         1.198089467331         1.192627815122         1.201965679905         1.218224256730         1.223117094389         1.215873424903         1.213666006621         1.225062968132         1.237489903955         1.236952498547         1.229213473858         1.230453962842         1.242504774573         1.250503628784         1.245852654107         1.239107875442         1.243514156362         1.254845116237         1.258179745599         1.250798449367         1.246128233947         1.253035661920         1.262379329722         1.261172680389         1.252465907897         1.250541613755         1.258981606053         1.265252692520         1.259973806845         1.251296872044         1.252369831989         1.261149769322         1.263516667626         1.254946630429         1.247522271021         1.251417869931         1.259206873535         1.257146232542         1.246321934382         1.241154119564         1.247281063102         1.252698887412         1.246030042415         1.234170602340         1.231964131374         1.239332782392         1.241024825541         1.229919466221         1.218342556384         1.219433014599         1.226673326728         1.223362554278         1.208330251267         1.198368966870         1.202652132764         1.208003067634         1.198495424154         1.180349252778         1.173272341461         1.180111613508         1.181328121139         1.164434105786         1.144233208483         1.141170494977         1.149211070571         1.143248579513         1.117501311147         1.096444557808         1.098285226031         1.104944257654         1.086938899690         1.049643417440         1.028694607455         1.035688659296         1.035259419733         0.994456386099         0.937082498228         0.913601386581         0.919347116314         0.892171382885         0.780238903848         0.582581950605         0.000000000000
        0.921517107825         0.959386912934         1.065789037241         1.077435247999         1.085144610405         1.084187223070         1.104004663185         1.132144983029         1.140577684190         1.132512923474         1.133991123124         1.154602903477         1.173972542020         1.174155734761         1.166296334449         1.172226674121         1.191356024344         1.202916473274         1.198112402855         1.192650896782         1.201989120640         1.218248721290         1.223142592131         1.215899254756         1.213691837333         1.225089339522         1.237517321026         1.236980582476         1.229241546624         1.230482077356         1.242533618319         1.250533382188         1.245882665978         1.239137662115         1.243544142524         1.254875928768         1.258211168709         1.250829756853         1.246159266627         1.253067138114         1.262411558563         1.261205081655         1.252497868785         1.250573420756         1.259013985918         1.265285571940         1.260006403145         1.251328894970         1.252401889800         1.261182405362         1.263549433016         1.254978800258         1.247553981977         1.251449855497         1.259239248539         1.257178252038         1.246353137845         1.241185004454         1.247312299118         1.252730140138         1.246060509379         1.234200222132         1.231993643348         1.239362531840         1.241054158170         1.229947725012         1.218370116300         1.219460614909         1.226700873684         1.223389218602         1.208355768273         1.198394009444         1.202677217446         1.208027672216         1.198518786408         1.180371544178         1.173294345610         1.180133451231         1.181349005002         1.164453553381         1.144251761022         1.141188815203         1.149228848933         1.143264990222         1.117516283429         1.096458874784         1.098299265439         1.104957399981         1.086950514207         1.049653883007         1.028704698680         1.035698354964         1.035267890247         0.994463268975         0.937088416481         0.913606955622         0.919351968804         0.892174711731         0.780240511284         0.582582731791         0.000000000000
        0.921519019679         0.959389002339         1.065791770316         1.077438782443         1.085148455126         1.084191190842         1.104008628140         1.132149154568         1.140582199923         1.132517657145         1.133995922761         1.154607840092         1.173977825441         1.174161352834         1.166302092128         1.172232486843         1.191362065450         1.202922861763         1.198119008145         1.192657550889         1.201995869595         1.218255749296         1.223149908327         1.215906667571         1.213699251976         1.225096898890         1.237525170091         1.236988617241         1.229249585794         1.230490128093         1.242541866034         1.250541889246         1.245891251125         1.239146190202         1.243552727545         1.254884747758         1.258220156876         1.250838719397         1.246168143647         1.253076147416         1.262420778549         1.261214349423         1.252507002973         1.250582499829         1.259023222450         1.265294941510         1.260015683658         1.251338006048         1.252411005800         1.261191675915         1.263558730523         1.254987925758         1.247562981953         1.251458928177         1.259248424205         1.257187319632         1.246361973080         1.241193752951         1.247321144960         1.252738982203         1.246069126808         1.234208604579         1.232001998898         1.239370954591         1.241062458400         1.229955714257         1.218377912034         1.219468418836         1.226708659480         1.223396749606         1.208362977983         1.198401090048         1.202684314349         1.208034627097         1.198525391681         1.180377859684         1.173300580530         1.180139636747         1.181354913357         1.164459052605         1.144257010918         1.141194002083         1.149233883400         1.143269639308         1.117520530412         1.096462935779         1.098303242334         1.104961108779         1.086953768814         1.049656789010         1.028707487179         1.035701020647         1.035270209386         0.994465143534         0.937090030305         0.913608487355         0.919353317438         0.892175640549         0.780240957890         0.582582946150         0.000000000000
        0.921519627610         0.959389824709         1.065792735550         1.077439999380         1.085149777594         1.084192572380         1.104009975908         1.132150524331         1.140583674632         1.132519197534         1.133997459442         1.154609379287         1.173979450322         1.174163075040         1.166303847329         1.172234232614         1.191363851749         1.202924743722         1.198120952977         1.192659505629         1.201997840496         1.218257795706         1.223152042955         1.215908837655         1.213701422948         1.225099105577         1.237527464122         1.236990971664         1.229251955341         1.230492499981         1.242544292710         1.250544402535         1.245893799109         1.239148730462         1.243555287781         1.254887384020         1.258222850706         1.250841415415         1.246170816134         1.253078861608         1.262423558184         1.261217150654         1.252509762755         1.250585230555         1.259025992825         1.265297750040         1.260018467240         1.251340739652         1.252413738641         1.261194449474         1.263561510246         1.254990657197         1.247565679565         1.251461643134         1.259251166478         1.257190034122         1.246364621221         1.241196377658         1.247323789208         1.252741621434         1.246071704542         1.234211118147         1.232004503137         1.239373475912         1.241064942336         1.229958105900         1.218380248502         1.219470750540         1.226710981907         1.223398995567         1.208365132338         1.198403205360         1.202686431420         1.208036696433         1.198527358464         1.180379747687         1.173302442040         1.180141477410         1.181356666108         1.164460685552         1.144258570961         1.141195540985         1.149235372628         1.143271013384         1.117521787352         1.096464142340         1.098304427497         1.104962215557         1.086954746739         1.049657668387         1.028708331941         1.035701829716         1.035270913390         0.994465712136         0.937090518050         0.913608946333         0.919353716665         0.892175913667         0.780241089329         0.582583008813         0.000000000000
        0.921519897023         0.959390255157         1.065793209738         1.077440498792         1.085150310873         1.084193140285         1.104010524632         1.132151069106         1.140584260094         1.132519811136         1.133998064213         1.154609965053         1.173980051259         1.174163706582         1.166304492647         1.172234868138         1.191364488391         1.202925405079         1.198121637719         1.192660196551         1.201998530986         1.218258503093         1.223152775953         1.215909586633         1.213702173333         1.225099857800         1.237528239590         1.236991765380         1.229252769746         1.230493310800         1.242545113420         1.250545253672         1.245894669047         1.239149606040         1.243556170166         1.254888290218         1.258223778770         1.250842352031         1.246171749017         1.253079804267         1.262424517262         1.261218120324         1.252510721194         1.250586169666         1.259026934369         1.265298700063         1.260019412502         1.251341672555         1.252414668996         1.261195385226         1.263562445203         1.254991581447         1.247566596383         1.251462560444         1.259252087765         1.257190952624         1.246365522762         1.241197271620         1.247324676303         1.252742501994         1.246072570713         1.234211968304         1.232005345931         1.239374317531         1.241065769127         1.229958904358         1.218381029792         1.219471520798         1.226711742239         1.223399729927         1.208365840323         1.198403898247         1.202687118140         1.208037361412         1.198527991741         1.180380359752         1.173303041340         1.180142060927         1.181357215681         1.164461201845         1.144259064664         1.141196023923         1.149235833347         1.143271434480         1.117522171160         1.096464511187         1.098304789228         1.104962551159         1.086955043384         1.049657937096         1.028708590005         1.035702076647         1.035271126856         0.994465882790         0.937090663293         0.913609081776         0.919353833773         0.892175993972         0.780241128288         0.582583026842         0.000000000000
        0.921520044533         0.959390486238         1.065793453612         1.077440709721         1.085150527693         1.084193370522         1.104010747084         1.132151285523         1.140584492087         1.132520055925         1.133998304413         1.154610191874         1.173980278417         1.174163942881         1.166304734933         1.172235104536         1.191364719699         1.202925641666         1.198121883055         1.192660446026         1.201998778661         1.218258754637         1.223153034921         1.215909854392         1.213702443617         1.225100122069         1.237528510415         1.236992040149         1.229253069439         1.230493603425         1.242545406250         1.250545562038         1.245894990554         1.239149936236         1.243556505050         1.254888635165         1.258224135863         1.250842718599         1.246172118067         1.253080175217         1.262424891404         1.261218501383         1.252511101607         1.250586538507         1.259027298697         1.265299066368         1.260019780828         1.251342040468         1.252415035975         1.261195750205         1.263562809333         1.254991946198         1.247566961750         1.251462924263         1.259252451763         1.257191322552         1.246365890482         1.241197635928         1.247325027964         1.252742848977         1.246072917232         1.234212312490         1.232005684352         1.239374650727         1.241066094817         1.229959220947         1.218381340223         1.219471820084         1.226712032165         1.223400008942         1.208366111661         1.198404162034         1.202687374075         1.208037604500         1.198528224054         1.180380586275         1.173303260038         1.180142266409         1.181357404269         1.164461383750         1.144259239233         1.141196191894         1.149235988220         1.143271571772         1.117522294432         1.096464630164         1.098304905818         1.104962657379         1.086955136439         1.049658022413         1.028708672280         1.035702155443         1.035271193687         0.994465934422         0.937090706519         0.913609121656         0.919353868094         0.892176017649         0.780241139940         0.582583032016         0.000000000000
        0.921520105190         0.959390580580         1.065793549002         1.077440783210         1.085150609260         1.084193444812         1.104010815454         1.132151353999         1.140584568081         1.132520137009         1.133998384349         1.154610268131         1.173980356513         1.174164024742         1.166304819778         1.172235187151         1.191364800158         1.202925724669         1.198121970669         1.192660536871         1.201998868918         1.218258848046         1.223153131412         1.215909956706         1.213702548992         1.225100218860         1.237528609921         1.236992139092         1.229253191554         1.230493716708         1.242545517958         1.250545684855         1.245895124327         1.239150078867         1.243556651702         1.254888787426         1.258224297102         1.250842888926         1.246172292323         1.253080349300         1.262425065466         1.261218680996         1.252511284273         1.250586714437         1.259027469957         1.265299238616         1.260019957326         1.251342219950         1.252415215410         1.261195926942         1.263562986664         1.254992127446         1.247567145724         1.251463107215         1.259252635176         1.257191514491         1.246366084145         1.241197825993         1.247325205135         1.252743023497         1.246073095203         1.234212491697         1.232005858879         1.239374819637         1.241066259119         1.229959382358         1.218381498732         1.219471968801         1.226712172531         1.223400143496         1.208366244060         1.198404289482         1.202687493774         1.208037715325         1.198528330757         1.180380691152         1.173303359367         1.180142354920         1.181357482784         1.164461462784         1.144259315387         1.141196263076         1.149236050326         1.143271624102         1.117522340323         1.096464674738         1.098304949113         1.104962695273         1.086955168833         1.049658052704         1.028708701775         1.035702183514         1.035271216463         0.994465950788         0.937090719905         0.913609133861         0.919353878458         0.892176024742         0.780241143454         0.582583033520         0.000000000000
        0.921520124954         0.959390611554         1.065793579356         1.077440804193         1.085150641622         1.084193461495         1.104010825490         1.132151365830         1.140584583240         1.132520153888         1.133998402482         1.154610288382         1.173980380365         1.174164051097         1.166304848700         1.172235216497         1.191364830264         1.202925757836         1.198122007938         1.192660577848         1.201998911155         1.218258895242         1.223153181004         1.215910011162         1.213702606873         1.225100267547         1.237528660923         1.236992189838         1.229253255085         1.230493774381         1.242545573424         1.250545747686         1.245895196223         1.239150158627         1.243556734153         1.254888872521         1.258224388888         1.250842988600         1.246172395655         1.253080451665         1.262425166999         1.261218787005         1.252511394192         1.250586820315         1.259027572050         1.265299341561         1.260020064795         1.251342330893         1.252415326532         1.261196035955         1.263563097389         1.254992242654         1.247567263909         1.251463224939         1.259252753675         1.257191641178         1.246366212934         1.241197949968         1.247325317691         1.252743134714         1.246073210408         1.234212608714         1.232005972046         1.239374927643         1.241066363819         1.229959486269         1.218381600795         1.219472062694         1.226712259229         1.223400226452         1.208366326534         1.198404368129         1.202687565394         1.208037780380         1.198528394008         1.180380753559         1.173303417575         1.180142404606         1.181357526125         1.164461507705         1.144259358651         1.141196302177         1.149236082798         1.143271650543         1.117522363357         1.096464697119         1.098304970153         1.104962712647         1.086955183244         1.049658066517         1.028708715304         1.035702195982         1.035271225863         0.994465956928         0.937090724895         0.913609138392         0.919353882113         0.892176027046         0.780241144535         0.582583034018         0.000000000000
        0.921520134248         0.959390621929         1.065793597091         1.077440823345         1.085150683309         1.084193493509         1.104010855560         1.132151401645         1.140584630843         1.132520216814         1.133998476684         1.154610373205         1.173980472235         1.174164152210         1.166304957721         1.172235328228         1.191364941746         1.202925870888         1.198122125638         1.192660699521         1.201999031614         1.218259017198         1.223153303084         1.215910137904         1.213702734736         1.225100382057         1.237528773702         1.236992302803         1.229253372551         1.230493886469         1.242545677734         1.250545853478         1.245895309419         1.239150277174         1.243556849748         1.254888984530         1.258224504800         1.250843111495         1.246172519512         1.253080569846         1.262425281231         1.261218904861         1.252511515892         1.250586936714         1.259027681533         1.265299450192         1.260020178136         1.251342446726         1.252415439275         1.261196144153         1.263563207463         1.254992357559         1.247567380122         1.251463337740         1.259252865155         1.257191759747         1.246366333339         1.241198062785         1.247325418337         1.252743233888         1.246073313881         1.234212713416         1.232006071148         1.239375020137         1.241066453826         1.229959576957         1.218381688995         1.219472141805         1.226712331127         1.223400296375         1.208366396831         1.198404433655         1.202687622749         1.208037832431         1.198528446108         1.180380804847         1.173303463641         1.180142442632         1.181357560442         1.164461544036         1.144259392903         1.141196331045         1.149236106085         1.143271670857         1.117522382163         1.096464714110         1.098304984139         1.104962723883         1.086955193610         1.049658076603         1.028708723721         1.035702202473         1.035271230896         0.994465960901         0.937090727858         0.913609139870         0.919353882743         0.892176027808         0.780241145273         0.582583034113         0.000000000000
        0.921520135961         0.959390624499         1.065793600367         1.077440825639         1.085150695128         1.084193495268         1.104010853518         1.132151400753         1.140584631604         1.132520219155         1.133998481529         1.154610381231         1.173980482957         1.174164165082         1.166304973818         1.172235346068         1.191364961331         1.202925893583         1.198122152563         1.192660730820         1.201999065833         1.218259058195         1.223153345666         1.215910184099         1.213702783191         1.225100423974         1.237528817995         1.236992348123         1.229253419399         1.230493932783         1.242545721382         1.250545899427         1.245895360588         1.239150332588         1.243556905212         1.254889039796         1.258224563744         1.250843175287         1.246172585007         1.253080633717         1.262425344019         1.261218970165         1.252511584101         1.250587002903         1.259027745017         1.265299513907         1.260020244954         1.251342515852         1.252415508150         1.261196211645         1.263563276984         1.254992430497         1.247567455286         1.251463412616         1.259252939990         1.257191839233         1.246366413777         1.241198137704         1.247325485804         1.252743300772         1.246073383411         1.234212784174         1.232006139178         1.239375084103         1.241066515552         1.229959638800         1.218381749593         1.219472196866         1.226712381082         1.223400344225         1.208366444815         1.198404478896         1.202687662643         1.208037868316         1.198528481482         1.180380839690         1.173303495626         1.180142469333         1.181357584288         1.164461568586         1.144259416332         1.141196351356         1.149236122576         1.143271684771         1.117522394905         1.096464726191         1.098304994525         1.104962731911         1.086955200321         1.049658083190         1.028708729914         1.035702207575         1.035271234384         0.994465963173         0.937090729866         0.913609141645         0.919353883924         0.892176028331         0.780241145448         0.582583034272         0.000000000000
        0.921520136241         0.959390624895         1.065793601089         1.077440825940         1.085150701580         1.084193494896         1.104010850296         1.132151398074         1.140584629878         1.132520218096         1.133998482288         1.154610384820         1.173980487950         1.174164171304         1.166304982699         1.172235356104         1.191364972790         1.202925907917         1.198122170768         1.192660752848         1.201999090574         1.218259089558         1.223153378210         1.215910219202         1.213702819839         1.225100456051         1.237528852253         1.236992383528         1.229253455844         1.230493969343         1.242545755879         1.250545935614         1.245895400787         1.239150375842         1.243556948383         1.254889082897         1.258224609871         1.250843225126         1.246172636006         1.253080683537         1.262425393184         1.261219021204         1.252511637392         1.250587054799         1.259027794915         1.265299563937         1.260020297227         1.251342569833         1.252415561976         1.261196264633         1.263563331829         1.254992488068         1.247567514819         1.251463472204         1.259252999413         1.257191901729         1.246366476831         1.241198196037         1.247325538802         1.252743353394         1.246073437950         1.234212839655         1.232006192602         1.239375134309         1.241066563957         1.229959687318         1.218381797112         1.219472240122         1.226712420341         1.223400381803         1.208366482509         1.198404514404         1.202687693856         1.208037896411         1.198528509194         1.180380866939         1.173303520626         1.180142490305         1.181357603215         1.164461587809         1.144259434668         1.141196367239         1.149236135557         1.143271695897         1.117522405243         1.096464735990         1.098305002840         1.104962738274         1.086955205622         1.049658088401         1.028708734840         1.035702211573         1.035271237059         0.994465964941         0.937090731537         0.913609143242         0.919353884999         0.892176028740         0.780241145529         0.582583034424         0.000000000000
        0.921520136087         0.959390624265         1.065793600743         1.077440825383         1.085150704919         1.084193493700         1.104010847009         1.132151394983         1.140584627456         1.132520215920         1.133998481230         1.154610386289         1.173980489624         1.174164173432         1.166304986992         1.172235360993         1.191364978771         1.202925916422         1.198122182598         1.192660767707         1.201999107555         1.218259112417         1.223153401883         1.215910244438         1.213702845967         1.225100479172         1.237528877173         1.236992409716         1.229253483086         1.230493996804         1.242545781835         1.250545963037         1.245895431407         1.239150408677         1.243556981136         1.254889115825         1.258224645408         1.250843263520         1.246172675112         1.253080721837         1.262425431226         1.261219060685         1.252511678550         1.250587094869         1.259027833460         1.265299602555         1.260020337294         1.251342611020         1.252415603011         1.261196305302         1.263563374191         1.254992532591         1.247567561035         1.251463518756         1.259253045870         1.257191950182         1.246366525608         1.241198240959         1.247325580065         1.252743394511         1.246073480496         1.234212882875         1.232006234219         1.239375173474         1.241066601826         1.229959725315         1.218381834241         1.219472273948         1.226712451162         1.223400411381         1.208366512175         1.198404542275         1.202687718311         1.208037918514         1.198528531056         1.180380888388         1.173303540245         1.180142506847         1.181357618293         1.164461602989         1.144259449132         1.141196379752         1.149236145861         1.143271704859         1.117522413647         1.096464743931         1.098305009511         1.104962743362         1.086955209868         1.049658092572         1.028708738789         1.035702214758         1.035271239182         0.994465966383         0.937090732967         0.913609144677         0.919353885984         0.892176029098         0.780241145580         0.582583034569         0.000000000000
        0.921520135787         0.959390623097         1.065793599851         1.077440824341         1.085150706252         1.084193491964         1.104010843696         1.132151391649         1.140584624576         1.132520213012         1.133998478898         1.154610386209         1.173980488996         1.174164172691         1.166304987952         1.172235362126         1.191364980726         1.202925920529         1.198122189445         1.192660776808         1.201999118161         1.218259127961         1.223153417999         1.215910261383         1.213702863314         1.225100494670         1.237528894131         1.236992428020         1.229253502450         1.230494016335         1.242545800365         1.250545982954         1.245895453922         1.239150432786         1.243557005207         1.254889140321         1.258224672206         1.250843292491         1.246172704406         1.253080750627         1.262425460092         1.261219090648         1.252511709685         1.250587125033         1.259027862390         1.265299631461         1.260020366799         1.251342641081         1.252415632889         1.261196335308         1.263563405756         1.254992565840         1.247567595791         1.251463554185         1.259253081449         1.257191987062         1.246366562639         1.241198274940         1.247325611690         1.252743426254         1.246073513352         1.234212916157         1.232006266219         1.239375203706         1.241066631267         1.229959754914         1.218381863036         1.219472300171         1.226712475236         1.223400434621         1.208366535482         1.198404564072         1.202687737416         1.208037935910         1.198528548348         1.180380905305         1.173303555648         1.180142519908         1.181357630310         1.164461615025         1.144259460584         1.141196389653         1.149236154075         1.143271712087         1.117522420456         1.096464750345         1.098305014872         1.104962747445         1.086955213273         1.049658095914         1.028708741975         1.035702217335         1.035271240903         0.994465967574         0.937090734202         0.913609145983         0.919353886904         0.892176029430         0.780241145618         0.582583034710         0.000000000000
        0.921520135454         0.959390621741         1.065793598737         1.077440823093         1.085150706388         1.084193489966         1.104010840487         1.132151388291         1.140584621505         1.132520209760         1.133998475898         1.154610385169         1.173980487135         1.174164170434         1.166304986978         1.172235361052         1.191364980250         1.202925921825         1.198122192921         1.192660781877         1.201999124223         1.218259138010         1.223153428474         1.215910272220         1.213702874218         1.225100504492         1.237528905146         1.236992440362         1.229253515759         1.230494029709         1.242545813147         1.250545997051         1.245895470129         1.239150450092         1.243557022492         1.254889158205         1.258224692128         1.250843314007         1.246172725882         1.253080771804         1.262425481581         1.261219112927         1.252511732682         1.250587147045         1.259027883291         1.265299652190         1.260020387242         1.251342661617         1.252415653132         1.261196356203         1.263563428108         1.254992589490         1.247567620840         1.251463580288         1.259253108041         1.257192014529         1.246366590105         1.241198300040         1.247325635426         1.252743450391         1.246073538405         1.234212941421         1.232006290436         1.239375226742         1.241066653973         1.229959777810         1.218381885158         1.219472320277         1.226712493901         1.223400452816         1.208366553728         1.198404581019         1.202687752256         1.208037949573         1.198528562031         1.180380918645         1.173303567720         1.180142530205         1.181357639878         1.164461624590         1.144259469667         1.141196397500         1.149236160635         1.143271717917         1.117522425956         1.096464755515         1.098305019185         1.104962750733         1.086955216006         1.049658098594         1.028708744561         1.035702219449         1.035271242321         0.994465968570         0.937090735282         0.913609147189         0.919353887778         0.892176029748         0.780241145651         0.582583034849         0.000000000000
        0.921520135145         0.959390620388         1.065793597600         1.077440821851         1.085150705923         1.084193487964         1.104010837519         1.132151385118         1.140584618525         1.132520206538         1.133998472753         1.154610383657         1.173980484840         1.174164167707         1.166304985173         1.172235358982         1.191364978574         1.202925921559         1.198122194342         1.192660784382         1.201999127335         1.218259144243         1.223153435040         1.215910278891         1.213702880764         1.225100510416         1.237528912032         1.236992448459         1.229253524701         1.230494038631         1.242545821770         1.250546006844         1.245895481624         1.239150462341         1.243557034722         1.254889171070         1.258224706740         1.250843329766         1.246172741331         1.253080787062         1.262425497241         1.261219129084         1.252511749149         1.250587162519         1.259027897715         1.265299666338         1.260020400592         1.251342674885         1.252415665933         1.261196369904         1.263563443115         1.254992605530         1.247567638115         1.251463598759         1.259253127209         1.257192034335         1.246366609839         1.241198317949         1.247325652609         1.252743468149         1.246073556954         1.234212960071         1.232006308254         1.239375243812         1.241066671026         1.229959795088         1.218381901745         1.219472335303         1.226712508014         1.223400466723         1.208366567695         1.198404593889         1.202687763494         1.208037960044         1.198528572630         1.180380928945         1.173303576954         1.180142538105         1.181357647313         1.164461632047         1.144259476716         1.141196403544         1.149236165716         1.143271722500         1.117522430287         1.096464759542         1.098305022505         1.104962753267         1.086955218138         1.049658100683         1.028708746561         1.035702221081         1.035271243444         0.994465969399         0.937090736204         0.913609148227         0.919353888537         0.892176030041         0.780241145699         0.582583034976         0.000000000000
        0.921520134889         0.959390619117         1.065793596550         1.077440820742         1.085150705255         1.084193486143         1.104010834896         1.132151382282         1.140584615861         1.132520203636         1.133998469848         1.154610382071         1.173980482631         1.174164165169         1.166304983290         1.172235356760         1.191364976577         1.202925920653         1.198122194738         1.192660785521         1.201999128831         1.218259148110         1.223153439173         1.215910283039         1.213702884748         1.225100514050         1.237528916401         1.236992453868         1.229253530887         1.230494044807         1.242545827849         1.250546013853         1.245895490010         1.239150471349         1.243557043771         1.254889180656         1.258224717737         1.250843341644         1.246172752823         1.253080798432         1.262425508953         1.261219141026         1.252511761108         1.250587173617         1.259027907897         1.265299676242         1.260020409814         1.251342684096         1.252415674615         1.261196379172         1.263563453394         1.254992616669         1.247567650183         1.251463611758         1.259253140786         1.257192048385         1.246366623858         1.241198330556         1.247325664744         1.252743480786         1.246073570254         1.234212973506         1.232006321087         1.239375256111         1.241066683376         1.229959807676         1.218381913829         1.219472346223         1.226712518325         1.223400476935         1.208366578000         1.198404603338         1.202687771696         1.208037967740         1.198528580513         1.180380936598         1.173303583730         1.180142543883         1.181357652830         1.164461637636         1.144259481957         1.141196407948         1.149236169419         1.143271725931         1.117522433548         1.096464762492         1.098305024845         1.104962755061         1.086955219720         1.049658102231         1.028708747963         1.035702222187         1.035271244259         0.994465970086         0.937090736957         0.913609149020         0.919353889101         0.892176030297         0.780241145786         0.582583035078         0.000000000000
        0.921520134693         0.959390618020         1.065793595662         1.077440819832         1.085150704597         1.084193484620         1.104010832717         1.132151379902         1.140584613656         1.132520201243         1.133998467459         1.154610380750         1.173980480846         1.174164163194         1.166304981814         1.172235354964         1.191364974889         1.202925919793         1.198122194910         1.192660786260         1.201999129799         1.218259150847         1.223153442129         1.215910286034         1.213702887652         1.225100516780         1.237528919676         1.236992458016         1.229253535808         1.230494049798         1.242545832908         1.250546019605         1.245895496903         1.239150478865         1.243557051435         1.254889188735         1.258224726929         1.250843351580         1.246172762436         1.253080808015         1.262425518778         1.261219150873         1.252511770823         1.250587182690         1.259027916248         1.265299684315         1.260020417492         1.251342691845         1.252415681890         1.261196386557         1.263563461446         1.254992625433         1.247567659590         1.251463621727         1.259253151059         1.257192058952         1.246366634449         1.241198340057         1.247325673817         1.252743490147         1.246073580117         1.234212983570         1.232006330738         1.239375265289         1.241066692521         1.229959817029         1.218381922873         1.219472354409         1.226712526034         1.223400484531         1.208366585710         1.198404610424         1.202687777816         1.208037973475         1.198528586422         1.180380942346         1.173303588777         1.180142548165         1.181357656948         1.164461641843         1.144259485879         1.141196411173         1.149236172120         1.143271728497         1.117522435999         1.096464764640         1.098305026468         1.104962756305         1.086955220883         1.049658103369         1.028708748919         1.035702222901         1.035271244847         0.994465970668         0.937090737591         0.913609149637         0.919353889525         0.892176030532         0.780241145906         0.582583035164         0.000000000000
        0.921574515861         0.959513479589         1.065971985500         1.077672372790         1.085497288715         1.084637668190         1.104514924043         1.132692820917         1.141204983639         1.133264465804         1.134845537124         1.155507246317         1.174926886369         1.175218349526         1.167495991273         1.173517960619         1.192689685028         1.204315635376         1.199638305677         1.194307104468         1.203714309471         1.220009092429         1.224982085505         1.217870616466         1.215771241690         1.227210350454         1.239669200976         1.239221075629         1.231604329467         1.232919747057         1.244986528540         1.253016161836         1.248456396488         1.241810556306         1.246253070150         1.257577968754         1.260943270363         1.253646107405         1.249041217722         1.255946362695         1.265267961593         1.264091277407         1.255451576091         1.253552542176         1.261955338842         1.268194984825         1.262942875955         1.254307335081         1.255363079544         1.264077601175         1.266408693934         1.257858050424         1.250442596481         1.254280902458         1.261986036786         1.259889217403         1.249071696628         1.243876459167         1.249912190895         1.255237658601         1.248534540279         1.236663865569         1.234394033699         1.241647688100         1.243248873844         1.232111177824         1.220501186786         1.221496441687         1.228610632792         1.225218481000         1.210154048747         1.200136193646         1.204301587034         1.209529307675         1.199955664749         1.181774600729         1.174620498647         1.181333382008         1.182443569574         1.165501811066         1.145261574520         1.142108984476         1.150031583668         1.143990516258         1.118212774960         1.097112852770         1.098863591216         1.105427837916         1.087373499071         1.050057243354         1.029062491437         1.035978939882         1.035485231807         0.994655623619         0.937263299495         0.913741917556         0.919434987234         0.892224428478         0.780274930205         0.582605725104         0.000000000000
        0.921576388075         0.959516954881         1.065977861259         1.077680367283         1.085510044219         1.084653872757         1.104533355135         1.132713011390         1.141228610125         1.133292985364         1.134878007613         1.155542037572         1.174964389512         1.175260703414         1.167544076325         1.173570276160         1.192744946470         1.204374997432         1.199703828647         1.194378815744         1.203790377067         1.220088841749         1.225067199803         1.217962733228         1.215869557696         1.227313051956         1.239776325054         1.239334538321         1.231725042515         1.233046242425         1.245117280083         1.253151842058         1.248598845873         1.241959809423         1.246407247326         1.257736024810         1.261106406108         1.253815771324         1.249216587154         1.256125422969         1.265450272235         1.264278351124         1.255644261566         1.253749298087         1.262154223039         1.268396177171         1.263148041895         1.254516543472         1.255574166443         1.264288976845         1.266621243931         1.258073353912         1.250659863640         1.254497576806         1.262201109859         1.260104266140         1.249287965860         1.244092215848         1.250124715688         1.255446807145         1.248742518207         1.236871243617         1.234598124910         1.241846016096         1.243442451263         1.232302605487         1.220690015008         1.221679176415         1.228785552313         1.225387940663         1.210320578613         1.200298001535         1.204454784910         1.209673529988         1.200094523068         1.181909876688         1.174748979030         1.181451489986         1.182552778262         1.165606436515         1.145361997208         1.142200939857         1.150112743299         1.144064246028         1.118283116729         1.097178425892         1.098920008742         1.105474772582         1.087415462514         1.050096894620         1.029097140605         1.036005435977         1.035505182936         0.994673110055         0.937279113509         0.913753774563         0.919441782708         0.892228320312         0.780277730535         0.582607746315         0.000000000000
        0.921576481672         0.959517109045         1.065978152569         1.077680771119         1.085510699107         1.084654695310         1.104534288832         1.132714037969         1.141229817153         1.133294441663         1.134879661644         1.155543815065         1.174966316578         1.175262881023         1.167546540838         1.173572960101         1.192747797566         1.204378073834         1.199707221811         1.194382525732         1.203794328928         1.220093015434         1.225071668780         1.217967562240         1.215874715746         1.227318470708         1.239782012092         1.239340569073         1.231731450300         1.233052968660         1.245124270078         1.253159125725         1.248606490070         1.241967812654         1.246415533890         1.257744557589         1.261115226617         1.253824928307         1.249226049114         1.256135104299         1.265460155227         1.264288487774         1.255654677277         1.253759926300         1.262164981220         1.268407072369         1.263159124326         1.254527806369         1.255585522064         1.264300363746         1.266632684818         1.258084892826         1.250671459614         1.254509127523         1.262212572265         1.260115686355         1.249299377587         1.244103547041         1.250135861222         1.255457760600         1.248753345874         1.236881953076         1.234608613992         1.241856196547         1.243452353028         1.232312307004         1.220699492529         1.221688309313         1.228794281307         1.225396343770         1.210328738040         1.200305851176         1.204462189922         1.209680484248         1.200101154250         1.181916246340         1.174754973657         1.181456986708         1.182557838386         1.165611221155         1.145366521931         1.142205052377         1.150116367057         1.144067517284         1.118286193108         1.097181258727         1.098922437275         1.105476794892         1.087417261972         1.050098576221         1.029098599027         1.036006551553         1.035506029452         0.994673854064         0.937279784495         0.913754281792         0.919442080052         0.892228500151         0.780277860227         0.582607839183         0.000000000000
        0.921576492572         0.959517123154         1.065978185085         1.077680818028         1.085510776248         1.084654790335         1.104534395883         1.132714156042         1.141229957064         1.133294608112         1.134879848670         1.155544016142         1.174966535912         1.175263128146         1.167546818305         1.173573261306         1.192748119301         1.204378422486         1.199707605219         1.194382943499         1.203794774986         1.220093489540         1.225072177661         1.217968110792         1.215875300936         1.227319088916         1.239782665736         1.239341265330         1.231732190656         1.233053747807         1.245125084844         1.253159979245         1.248607386676         1.241968751420         1.246416508930         1.257745567108         1.261116273433         1.253826014857         1.249227172638         1.256136258371         1.265461337268         1.264289701649         1.255655921382         1.253761192656         1.262166263676         1.268408372165         1.263160441845         1.254529140516         1.255586865448         1.264301711523         1.266634037055         1.258086252630         1.250672822495         1.254510484571         1.262213919406         1.260117025757         1.249300711104         1.244104867467         1.250137159401         1.255459036797         1.248754603199         1.236883190480         1.234609822092         1.241857368255         1.243453490836         1.232313416369         1.220700569841         1.221689344732         1.228795270463         1.225397293485         1.210329654399         1.200306727766         1.204463015811         1.209681260337         1.200101890298         1.181916946447         1.174755628367         1.181457586683         1.182558390744         1.165611740395         1.145367008283         1.142205491964         1.150116754903         1.144067867602         1.118286520310         1.097181557175         1.098922692037         1.105477007831         1.087417451537         1.050098751727         1.029098749055         1.036006665716         1.035506116943         0.994673931857         0.937279853825         0.913754332921         0.919442109033         0.892228517827         0.780277873349         0.582607848013         0.000000000000
        0.921576494777         0.959517125137         1.065978191034         1.077680826950         1.085510791403         1.084654808734         1.104534416342         1.132714178892         1.141229984528         1.133294641181         1.134879885867         1.155544056412         1.174966580390         1.175263178684         1.167546875017         1.173573322931         1.192748185408         1.204378493656         1.199707683754         1.194383028738         1.203794865704         1.220093586093         1.225072281213         1.217968222338         1.215875419767         1.227319214493         1.239782796763         1.239341401249         1.231732333250         1.233053894889         1.245125237110         1.253160137192         1.248607551470         1.241968923048         1.246416686619         1.257745750831         1.261116463543         1.253826211321         1.249227375346         1.256136466484         1.265461550047         1.264289920009         1.255656145362         1.253761420948         1.262166495248         1.268408607253         1.263160679538         1.254529380522         1.255587106415         1.264301953502         1.266634279373         1.258086495900         1.250673065775         1.254510726645         1.262214159823         1.260117264429         1.249300948184         1.244105101380         1.250137389504         1.255459263269         1.248754825804         1.236883408954         1.234610034838         1.241857574447         1.243453690692         1.232313610270         1.220700757293         1.221689524031         1.228795441173         1.225397457097         1.210329811398         1.200306876949         1.204463155981         1.209681392343         1.200102015500         1.181917064784         1.174755738444         1.181457687613         1.182558484002         1.165611828027         1.145367089715         1.142205565069         1.150116819625         1.144067926430         1.118286575116         1.097181606693         1.098922734208         1.105477043518         1.087417483907         1.050098781741         1.029098774410         1.036006684913         1.035506131959         0.994673945325         0.937279865406         0.913754340894         0.919442113332         0.892228520619         0.780277875540         0.582607849259         0.000000000000
        0.921576495229         0.959517125085         1.065978192029         1.077680828664         1.085510794529         1.084654812335         1.104534420209         1.132714183285         1.141229989958         1.133294647702         1.134879893051         1.155544064163         1.174966589074         1.175263188602         1.167546886088         1.173573334858         1.192748198269         1.204378507724         1.199707699198         1.194383045336         1.203794883557         1.220093605292         1.225072301868         1.217968244483         1.215875443195         1.227319239403         1.239782823175         1.239341429312         1.231732362995         1.233053926117         1.245125269840         1.253160171545         1.248607587700         1.241968961018         1.246416726172         1.257745791971         1.261116506280         1.253826255470         1.249227421012         1.256136513642         1.265461598362         1.264289969738         1.255656196526         1.253761473271         1.262166548590         1.268408661564         1.263160734340         1.254529435653         1.255587161616         1.264302009159         1.266634335010         1.258086551707         1.250673121472         1.254510782167         1.262214215159         1.260117319239         1.249301002529         1.244105154752         1.250137442205         1.255459315346         1.248754876874         1.236883459076         1.234610083712         1.241857621943         1.243453736736         1.232313654777         1.220700800518         1.221689565282         1.228795480470         1.225397495146         1.210329847834         1.200306911197         1.204463187954         1.209681422466         1.200102043905         1.181917091242         1.174755762800         1.181457709926         1.182558504627         1.165611847316         1.145367107375         1.142205580711         1.150116833457         1.144067939022         1.118286586679         1.097181616906         1.098922742725         1.105477050673         1.087417490371         1.050098787572         1.029098779089         1.036006688293         1.035506134633         0.994673947852         0.937279867525         0.913754342179         0.919442113901         0.892228521088         0.780277875990         0.582607849468         0.000000000000
        0.921576495370         0.959517124898         1.065978192255         1.077680829150         1.085510795507         1.084654813392         1.104534421293         1.132714184540         1.141229991563         1.133294649624         1.134879895119         1.155544066383         1.174966591613         1.175263191512         1.167546889321         1.173573338300         1.192748201951         1.204378511745         1.199707703645         1.194383050051         1.203794888600         1.220093610870         1.225072307884         1.217968250820         1.215875449759         1.227319246358         1.239782830539         1.239341437125         1.231732371335         1.233053934962         1.245125279061         1.253160181273         1.248607598121         1.241968972072         1.246416737786         1.257745804087         1.261116518888         1.253826268486         1.249227434514         1.256136527656         1.265461612676         1.264289984495         1.255656211801         1.253761488993         1.262166564687         1.268408677933         1.263160750851         1.254529452233         1.255587178127         1.264302025866         1.266634351651         1.258086568439         1.250673138153         1.254510798834         1.262214231815         1.260117335662         1.249301018796         1.244105170637         1.250137457907         1.255459330861         1.248754892025         1.236883474084         1.234610098423         1.241857636390         1.243453750776         1.232313668396         1.220700813838         1.221689578001         1.228795492641         1.225397507088         1.210329859276         1.200306921847         1.204463197835         1.209681431778         1.200102052646         1.181917099302         1.174755770175         1.181457716687         1.182558510872         1.165611853164         1.145367112686         1.142205585364         1.150116837561         1.144067942764         1.118286590073         1.097181619863         1.098922745153         1.105477052705         1.087417492201         1.050098789188         1.029098780327         1.036006689143         1.035506135312         0.994673948519         0.937279868056         0.913754342441         0.919442113971         0.892228521187         0.780277876113         0.582607849504         0.000000000000
        0.921576495427         0.959517124744         1.065978192308         1.077680829324         1.085510795901         1.084654813783         1.104534421668         1.132714184986         1.141229992163         1.133294650338         1.134879895863         1.155544067175         1.174966592557         1.175263192579         1.167546890486         1.173573339533         1.192748203272         1.204378513193         1.199707705239         1.194383051709         1.203794890493         1.220093612963         1.225072310132         1.217968253150         1.215875452149         1.227319248877         1.239782833175         1.239341439888         1.231732374297         1.233053938134         1.245125282367         1.253160184744         1.248607601932         1.241968976184         1.246416742136         1.257745808637         1.261116523657         1.253826273428         1.249227439651         1.256136533029         1.265461618153         1.264289990162         1.255656217704         1.253761495134         1.262166571011         1.268408684308         1.263160757282         1.254529458718         1.255587184520         1.264302032428         1.266634358198         1.258086575104         1.250673144814         1.254510805522         1.262214238527         1.260117342250         1.249301025285         1.244105176916         1.250137464080         1.255459336896         1.248754897874         1.236883479970         1.234610104184         1.241857642153         1.243453756454         1.232313673911         1.220700819220         1.221689583130         1.228795497543         1.225397511909         1.210329863878         1.200306926083         1.204463201711         1.209681435405         1.200102056037         1.181917102423         1.174755773027         1.181457719280         1.182558513254         1.165611855409         1.145367114719         1.142205587114         1.150116839092         1.144067944159         1.118286591321         1.097181620937         1.098922746019         1.105477053424         1.087417492837         1.050098789732         1.029098780728         1.036006689408         1.035506135525         0.994673948732         0.937279868217         0.913754342505         0.919442113972         0.892228521211         0.780277876154         0.582607849510         0.000000000000
        0.921576495459         0.959517124586         1.065978192299         1.077680829400         1.085510796116         1.084654813962         1.104534421813         1.132714185176         1.141229992452         1.133294650674         1.134879896184         1.155544067508         1.174966593008         1.175263193046         1.167546890953         1.173573340024         1.192748203811         1.204378513808         1.199707705920         1.194383052401         1.203794891352         1.220093613921         1.225072311160         1.217968254193         1.215875453217         1.227319249972         1.239782834276         1.239341440966         1.231732375455         1.233053939411         1.245125283723         1.253160186105         1.248607603495         1.241968977829         1.246416743844         1.257745810470         1.261116525664         1.253826275593         1.249227441976         1.256136535556         1.265461620761         1.264289992885         1.255656220565         1.253761498191         1.262166574164         1.268408687336         1.263160760295         1.254529461820         1.255587187541         1.264302035652         1.266634361474         1.258086578536         1.250673148254         1.254510808985         1.262214242021         1.260117345678         1.249301028617         1.244105180077         1.250137467125         1.255459339767         1.248754900632         1.236883482776         1.234610106853         1.241857644885         1.243453759179         1.232313676588         1.220700821835         1.221689585602         1.228795499898         1.225397514239         1.210329866116         1.200306928139         1.204463203556         1.209681437122         1.200102057645         1.181917103934         1.174755774452         1.181457720523         1.182558514348         1.165611856435         1.145367115630         1.142205587855         1.150116839728         1.144067944740         1.118286591821         1.097181621347         1.098922746341         1.105477053694         1.087417493069         1.050098789918         1.029098780853         1.036006689485         1.035506135592         0.994673948804         0.937279868265         0.913754342512         0.919442113958         0.892228521217         0.780277876170         0.582607849510         0.000000000000
        0.921576495488         0.959517124441         1.065978192293         1.077680829477         1.085510796322         1.084654814135         1.104534421962         1.132714185376         1.141229992751         1.133294651008         1.134879896491         1.155544067806         1.174966593428         1.175263193387         1.167546891205         1.173573340278         1.192748204100         1.204378514197         1.199707706388         1.194383052876         1.203794891921         1.220093614529         1.225072311808         1.217968254842         1.215875453865         1.227319250592         1.239782834853         1.239341441472         1.231732376020         1.233053940110         1.245125284390         1.253160186784         1.248607604351         1.241968978578         1.246416744531         1.257745811275         1.261116526645         1.253826276756         1.249227443318         1.256136537094         1.265461622375         1.264289994589         1.255656222375         1.253761500177         1.262166576203         1.268408689215         1.263160762121         1.254529463731         1.255587189379         1.264302037644         1.266634363494         1.258086580688         1.250673150428         1.254510811160         1.262214244181         1.260117347765         1.249301030599         1.244105181915         1.250137468833         1.255459341253         1.248754902030         1.236883484190         1.234610108119         1.241857646199         1.243453760477         1.232313677896         1.220700823128         1.221689586814         1.228795501064         1.225397515431         1.210329867295         1.200306929248         1.204463204538         1.209681438052         1.200102058528         1.181917104805         1.174755775361         1.181457721271         1.182558514960         1.165611856974         1.145367116075         1.142205588168         1.150116839990         1.144067944985         1.118286592006         1.097181621467         1.098922746423         1.105477053771         1.087417493129         1.050098789947         1.029098780855         1.036006689479         1.035506135597         0.994673948817         0.937279868265         0.913754342493         0.919442113937         0.892228521215         0.780277876177         0.582607849508         0.000000000000
        0.921576495516         0.959517124345         1.065978192310         1.077680829566         1.085510796524         1.084654814326         1.104534422156         1.132714185621         1.141229993087         1.133294651379         1.134879896850         1.155544068162         1.174966593929         1.175263193734         1.167546891428         1.173573340520         1.192748204382         1.204378514590         1.199707706870         1.194383053386         1.203794892503         1.220093615133         1.225072312444         1.217968255482         1.215875454499         1.227319251196         1.239782835414         1.239341441986         1.231732376573         1.233053940788         1.245125285007         1.253160187439         1.248607605171         1.241968979284         1.246416745129         1.257745811957         1.261116527446         1.253826277687         1.249227444371         1.256136538249         1.265461623541         1.264289995781         1.255656223609         1.253761501511         1.262166577539         1.268408690420         1.263160763240         1.254529464883         1.255587190487         1.264302038874         1.266634364711         1.258086581964         1.250673151735         1.254510812473         1.262214245445         1.260117348930         1.249301031641         1.244105182836         1.250137469657         1.255459341860         1.248754902559         1.236883484705         1.234610108525         1.241857646646         1.243453760917         1.232313678365         1.220700823607         1.221689587269         1.228795501534         1.225397515952         1.210329867832         1.200306929771         1.204463205006         1.209681438513         1.200102058969         1.181917105263         1.174755775909         1.181457721718         1.182558515312         1.165611857261         1.145367116297         1.142205588304         1.150116840104         1.144067945094         1.118286592073         1.097181621490         1.098922746431         1.105477053785         1.087417493131         1.050098789927         1.029098780826         1.036006689456         1.035506135586         0.994673948810         0.937279868251         0.913754342474         0.919442113920         0.892228521212         0.780277876180         0.582607849505         0.000000000000
        0.921576495532         0.959517124261         1.065978192308         1.077680829612         1.085510796650         1.084654814434         1.104534422264         1.132714185760         1.141229993283         1.133294651593         1.134879897051         1.155544068367         1.174966594306         1.175263193932         1.167546891516         1.173573340646         1.192748204542         1.204378514820         1.199707707160         1.194383053711         1.203794892898         1.220093615550         1.225072312884         1.217968255923         1.215875454938         1.227319251621         1.239782835814         1.239341442364         1.231732376969         1.233053941280         1.245125285453         1.253160187927         1.248607605782         1.241968979833         1.246416745562         1.257745812445         1.261116528005         1.253826278321         1.249227445072         1.256136538986         1.265461624246         1.264289996463         1.255656224277         1.253761502212         1.262166578197         1.268408690977         1.263160763680         1.254529465334         1.255587190955         1.264302039489         1.266634365299         1.258086582540         1.250673152369         1.254510813129         1.262214246047         1.260117349414         1.249301031975         1.244105183053         1.250137469825         1.255459341867         1.248754902501         1.236883484607         1.234610108355         1.241857646533         1.243453760833         1.232313678312         1.220700823574         1.221689587260         1.228795501586         1.225397516065         1.210329867961         1.200306929910         1.204463205143         1.209681438670         1.200102059113         1.181917105428         1.174755776173         1.181457721939         1.182558515474         1.165611857371         1.145367116368         1.142205588336         1.150116840135         1.144067945120         1.118286592068         1.097181621467         1.098922746413         1.105477053772         1.087417493103         1.050098789886         1.029098780793         1.036006689438         1.035506135572         0.994673948793         0.937279868234         0.913754342463         0.919442113915         0.892228521210         0.780277876179         0.582607849505         0.000000000000
        0.921576495536         0.959517124182         1.065978192286         1.077680829619         1.085510796703         1.084654814461         1.104534422288         1.132714185801         1.141229993351         1.133294651659         1.134879897100         1.155544068428         1.174966594551         1.175263193984         1.167546891463         1.173573340638         1.192748204567         1.204378514882         1.199707707251         1.194383053832         1.203794893085         1.220093615760         1.225072313107         1.217968256134         1.215875455144         1.227319251828         1.239782836011         1.239341442543         1.231732377140         1.233053941517         1.245125285665         1.253160188167         1.248607606089         1.241968980099         1.246416745724         1.257745812637         1.261116528243         1.253826278599         1.249227445382         1.256136539310         1.265461624532         1.264289996703         1.255656224463         1.253761502395         1.262166578304         1.268408691008         1.263160763572         1.254529465241         1.255587190951         1.264302039683         1.266634365460         1.258086582632         1.250673152552         1.254510813352         1.262214246218         1.260117349455         1.249301031840         1.244105182790         1.250137469550         1.255459341508         1.248754902096         1.236883484135         1.234610107833         1.241857646084         1.243453760446         1.232313677948         1.220700823231         1.221689586979         1.228795501399         1.225397515932         1.210329867822         1.200306929783         1.204463205054         1.209681438616         1.200102059038         1.181917105360         1.174755776199         1.181457721972         1.182558515475         1.165611857323         1.145367116302         1.142205588278         1.150116840097         1.144067945069         1.118286591988         1.097181621395         1.098922746370         1.105477053737         1.087417493042         1.050098789817         1.029098780754         1.036006689429         1.035506135558         0.994673948763         0.937279868213         0.913754342468         0.919442113928         0.892228521211         0.780277876172         0.582607849506         0.000000000000
        0.921576495534         0.959517124117         1.065978192258         1.077680829605         1.085510796714         1.084654814448         1.104534422276         1.132714185795         1.141229993351         1.133294651648         1.134879897075         1.155544068421         1.174966594720         1.175263193960         1.167546891337         1.173573340560         1.192748204528         1.204378514861         1.199707707240         1.194383053848         1.203794893165         1.220093615866         1.225072313216         1.217968256220         1.215875455226         1.227319251924         1.239782836104         1.239341442612         1.231732377183         1.233053941611         1.245125285753         1.253160188267         1.248607606206         1.241968980182         1.246416745726         1.257745812659         1.261116528298         1.253826278675         1.249227445481         1.256136539424         1.265461624619         1.264289996736         1.255656224429         1.253761502351         1.262166578186         1.268408690845         1.263160763279         1.254529464968         1.255587190815         1.264302039752         1.266634365484         1.258086582558         1.250673152571         1.254510813409         1.262214246218         1.260117349322         1.249301031525         1.244105182340         1.250137469109         1.255459341041         1.248754901595         1.236883483557         1.234610107216         1.241857645544         1.243453759980         1.232313677489         1.220700822797         1.221689586628         1.228795501151         1.225397515723         1.210329867582         1.200306929552         1.204463204883         1.209681438483         1.200102058872         1.181917105183         1.174755776106         1.181457721916         1.182558515399         1.165611857197         1.145367116172         1.142205588187         1.150116840037         1.144067944986         1.118286591875         1.097181621307         1.098922746330         1.105477053701         1.087417492969         1.050098789738         1.029098780723         1.036006689434         1.035506135549         0.994673948727         0.937279868192         0.913754342488         0.919442113957         0.892228521214         0.780277876161         0.582607849509         0.000000000000
        0.921576495531         0.959517124062         1.065978192233         1.077680829591         1.085510796719         1.084654814431         1.104534422258         1.132714185782         1.141229993341         1.133294651627         1.134879897042         1.155544068408         1.174966594862         1.175263193936         1.167546891223         1.173573340489         1.192748204496         1.204378514846         1.199707707229         1.194383053862         1.203794893236         1.220093615966         1.225072313318         1.217968256299         1.215875455306         1.227319252025         1.239782836211         1.239341442692         1.231732377232         1.233053941709         1.245125285860         1.253160188377         1.248607606304         1.241968980252         1.246416745743         1.257745812696         1.261116528360         1.253826278756         1.249227445589         1.256136539560         1.265461624744         1.264289996813         1.255656224451         1.253761502384         1.262166578187         1.268408690843         1.263160763202         1.254529464903         1.255587190885         1.264302039970         1.266634365641         1.258086582612         1.250673152682         1.254510813534         1.262214246278         1.260117349259         1.249301031303         1.244105181989         1.250137468771         1.255459340699         1.248754901226         1.236883483119         1.234610106750         1.241857645142         1.243453759639         1.232313677141         1.220700822471         1.221689586376         1.228795500986         1.225397515578         1.210329867401         1.200306929374         1.204463204761         1.209681438395         1.200102058750         1.181917105046         1.174755776027         1.181457721876         1.182558515344         1.165611857099         1.145367116072         1.142205588128         1.150116840009         1.144067944937         1.118286591797         1.097181621253         1.098922746315         1.105477053686         1.087417492920         1.050098789683         1.029098780705         1.036006689445         1.035506135546         0.994673948702         0.937279868178         0.913754342506         0.919442113983         0.892228521218         0.780277876152         0.582607849512         0.000000000000
        0.921576495531         0.959517124013         1.065978192214         1.077680829585         1.085510796736         1.084654814430         1.104534422255         1.132714185783         1.141229993348         1.133294651629         1.134879897035         1.155544068417         1.174966594999         1.175263193948         1.167546891167         1.173573340466         1.192748204508         1.204378514876         1.199707707267         1.194383053924         1.203794893349         1.220093616105         1.225072313464         1.217968256429         1.215875455444         1.227319252185         1.239782836378         1.239341442833         1.231732377347         1.233053941876         1.245125286041         1.253160188553         1.248607606448         1.241968980371         1.246416745829         1.257745812806         1.261116528491         1.253826278903         1.249227445774         1.256136539784         1.265461624971         1.264289996998         1.255656224609         1.253761502576         1.262166578399         1.268408691082         1.263160763423         1.254529465120         1.255587191207         1.264302040359         1.266634365961         1.258086582834         1.250673152923         1.254510813764         1.262214246439         1.260117349308         1.249301031226         1.244105181799         1.250137468599         1.255459340525         1.248754901023         1.236883482868         1.234610106487         1.241857644927         1.243453759463         1.232313676952         1.220700822300         1.221689586261         1.228795500936         1.225397515535         1.210329867327         1.200306929302         1.204463204737         1.209681438398         1.200102058728         1.181917105012         1.174755776032         1.181457721905         1.182558515358         1.165611857082         1.145367116052         1.142205588137         1.150116840041         1.144067944956         1.118286591791         1.097181621258         1.098922746342         1.105477053707         1.087417492912         1.050098789664         1.029098780705         1.036006689461         1.035506135553         0.994673948694         0.937279868175         0.913754342519         0.919442113998         0.892228521221         0.780277876147         0.582607849514         0.000000000000
        0.921578235558         0.959521141106         1.065983913338         1.077688159984         1.085521932280         1.084669295291         1.104551052110         1.132732278515         1.141250997473         1.133320103900         1.134909192031         1.155575574490         1.175000363670         1.175301113176         1.167589948211         1.173620198706         1.192797367249         1.204430753608         1.199764942159         1.194445458509         1.203860620873         1.220161662553         1.225144044445         1.218045252918         1.215957022904         1.227403380322         1.239869219231         1.239431776527         1.231827616073         1.233152657521         1.245225672767         1.253262650195         1.248713877631         1.242079235653         1.246529064314         1.257858894035         1.261231389445         1.253944401341         1.249348200196         1.256257832915         1.265582830564         1.264412565821         1.255781136646         1.253887405705         1.262291550969         1.268532849793         1.263285742471         1.254655576379         1.255712588254         1.264425232928         1.266756180464         1.258208558272         1.250794857766         1.254630175168         1.262330457403         1.260231800744         1.249414892988         1.244217315890         1.250245911410         1.255564068324         1.248857636278         1.236984828630         1.234708387207         1.241951299612         1.243543566581         1.232401404506         1.220786362596         1.221770979081         1.228871860762         1.225470295364         1.210400566038         1.200374725786         1.204526196842         1.209739563541         1.200157190529         1.181970202652         1.174805452008         1.181502470633         1.182599118561         1.165650256421         1.145403546242         1.142238389061         1.150145198242         1.144093281189         1.118310522487         1.097203685369         1.098941422951         1.105492342144         1.087431049264         1.050111545366         1.029109834842         1.036015049974         1.035512408176         0.994679463544         0.937284822533         0.913757971213         0.919444141437         0.892229654284         0.780278650726         0.582608300794         0.000000000000
        0.921578377492         0.959521421405         1.065984375130         1.077688792781         1.085522945928         1.084670599564         1.104552545118         1.132733901464         1.141252877688         1.133322370370         1.134911767102         1.155578302107         1.175003256866         1.175304351942         1.167593608238         1.173624147942         1.192801478577         1.204435115016         1.199769730533         1.194450680566         1.203866114323         1.220167358544         1.225150079289         1.218051764407         1.215963947217         1.227410553005         1.239876634591         1.239439594802         1.231835918324         1.233161322358         1.245234558522         1.253271810261         1.248723469973         1.242089271371         1.246539383763         1.257869396965         1.261242177980         1.253955602783         1.249359757038         1.256269570383         1.265594704327         1.264424706981         1.255793622195         1.253900117595         1.262304326918         1.268545703824         1.263298811559         1.254668879347         1.255725960640         1.264438547557         1.266769507552         1.258222020607         1.250808406641         1.254643626826         1.262343735874         1.260245018795         1.249428137693         1.244230479129         1.250258813292         1.255576697697         1.248870134402         1.236997234994         1.234720541832         1.241963052120         1.243554977589         1.232412622688         1.220797366391         1.221781577950         1.228881958385         1.225480018716         1.210410047987         1.200383879723         1.204534824817         1.209747646677         1.200164911358         1.181977654172         1.174812483172         1.181508908704         1.182605036770         1.165655866442         1.145408875155         1.142243241470         1.150149464539         1.144097121516         1.118314136417         1.097207021068         1.098944280215         1.105494703577         1.087433129627         1.050113484914         1.029111522469         1.036016336751         1.035513363277         0.994680286044         0.937285568513         0.913758542222         0.919444471325         0.892229831925         0.780278768497         0.582608391030         0.000000000000
        0.921578388585         0.959521440858         1.065984411362         1.077688842994         1.085523027746         1.084670703077         1.104552663301         1.132734030496         1.141253027730         1.133322550603         1.134911970830         1.155578519049         1.175003488653         1.175304611372         1.167593900005         1.173624462595         1.192801808397         1.204435466294         1.199770114969         1.194451098165         1.203866554254         1.220167816880         1.225150565512         1.218052287744         1.215964503104         1.227411130723         1.239877233703         1.239440226323         1.231836587058         1.233162020610         1.245235276924         1.253272552048         1.248724244946         1.242090080080         1.246540216172         1.257870246321         1.261243050077         1.253956505361         1.249360686111         1.256270514988         1.265595660895         1.264425682856         1.255794621772         1.253901133778         1.262305348907         1.268546731676         1.263299852790         1.254669934522         1.255727020190         1.264439602544         1.266770560904         1.258223079350         1.250809467646         1.254644678873         1.262344772928         1.260246046573         1.249429161464         1.244231492540         1.250259804919         1.255577665816         1.248871086598         1.236998173852         1.234721458375         1.241963936365         1.243555832251         1.232413456607         1.220798178856         1.221782357652         1.228882698814         1.225480726927         1.210410732850         1.200384536780         1.204535441830         1.209748221986         1.200165456341         1.181978175603         1.174812972553         1.181509355180         1.182605444728         1.165656249714         1.145409236473         1.142243569088         1.150149751470         1.144097378001         1.118314375973         1.097207241239         1.098944468636         1.105494858902         1.087433265612         1.050113611231         1.029111632838         1.036016421534         1.035513426119         0.994680339638         0.937285617509         0.913758581518         0.919444495113         0.892229844837         0.780278776671         0.582608398179         0.000000000000
        0.921578390094         0.959521443264         1.065984416019         1.077688849465         1.085523038363         1.084670716381         1.104552678502         1.132734047230         1.141253047308         1.133322574046         1.134911997288         1.155578547436         1.175003519305         1.175304645740         1.167593938554         1.173624504273         1.192801852501         1.204435513601         1.199770166721         1.194451154331         1.203866613751         1.220167879426         1.225150632077         1.218052359344         1.215964579257         1.227411210426         1.239877316919         1.239440314233         1.231836680062         1.233162118007         1.245235377806         1.253272656739         1.248724354354         1.242090194259         1.246540334087         1.257870367318         1.261243174655         1.253956634198         1.249360818701         1.256270650316         1.265595798415         1.264425823230         1.255794765241         1.253901279641         1.262305495977         1.268546880008         1.263300002839         1.254670086259         1.255727172664         1.264439754660         1.266770712879         1.258223231725         1.250809620009         1.254644830035         1.262344922191         1.260246194331         1.249429308071         1.244231637376         1.250259946765         1.255577804385         1.248871222434         1.236998307166         1.234721588252         1.241964061727         1.243555953322         1.232413574197         1.220798292894         1.221782466954         1.228882802667         1.225480826020         1.210410828104         1.200384627763         1.204535527242         1.209748301662         1.200165531494         1.181978247013         1.174813039372         1.181509416220         1.182605500503         1.165656301798         1.145409285267         1.142243613297         1.150149790312         1.144097412695         1.118314408164         1.097207270709         1.098944493917         1.105494879833         1.087433283893         1.050113628109         1.029111647610         1.036016432929         1.035513434598         0.994680346828         0.937285624056         0.913758586803         0.919444498311         0.892229846537         0.780278777708         0.582608399105         0.000000000000
        0.921578390391         0.959521443712         1.065984416920         1.077688850734         1.085523040461         1.084670719006         1.104552681519         1.132734050576         1.141253051236         1.133322578732         1.134912002580         1.155578553159         1.175003525525         1.175304652710         1.167593946349         1.173624512723         1.192801861507         1.204435523300         1.199770177316         1.194451165817         1.203866625970         1.220167892341         1.225150645849         1.218052374147         1.215964595018         1.227411226993         1.239877334299         1.239440332600         1.231836699496         1.233162138396         1.245235399008         1.253272678815         1.248724377427         1.242090218316         1.246540358988         1.257870392994         1.261243201120         1.253956661547         1.249360846866         1.256270679132         1.265595827772         1.264425853222         1.255794795893         1.253901310797         1.262305527454         1.268546911787         1.263300035006         1.254670118702         1.255727205285         1.264439787273         1.266770745487         1.258223264385         1.250809652624         1.254644862428         1.262344954241         1.260246226020         1.249429339447         1.244231668321         1.250259977075         1.255577834007         1.248871251433         1.236998335542         1.234721615880         1.241964088429         1.243555979069         1.232413599145         1.220798317005         1.221782490056         1.228882824638         1.225480846962         1.210410848174         1.200384646921         1.204535545215         1.209748318479         1.200165547302         1.181978262004         1.174813053352         1.181509429021         1.182605512220         1.165656312713         1.145409295457         1.142243622536         1.150149798464         1.144097419992         1.118314414917         1.097207276877         1.098944499222         1.105494884251         1.087433287762         1.050113631668         1.029111650714         1.036016435341         1.035513436411         0.994680348372         0.937285625450         0.913758587919         0.919444498977         0.892229846879         0.780278777909         0.582608399278         0.000000000000
        0.921578390465         0.959521443814         1.065984417139         1.077688851046         1.085523040982         1.084670719656         1.104552682270         1.132734051414         1.141253052225         1.133322579910         1.134912003912         1.155578554609         1.175003527111         1.175304654489         1.167593948333         1.173624514879         1.192801863820         1.204435525801         1.199770180043         1.194451168772         1.203866629125         1.220167895693         1.225150649424         1.218052377988         1.215964599108         1.227411231311         1.239877338838         1.239440337401         1.231836704579         1.233162143737         1.245235404582         1.253272684629         1.248724383509         1.242090224652         1.246540365551         1.257870399777         1.261243208132         1.253956668790         1.249360854330         1.256270686785         1.265595835581         1.264425861203         1.255794804037         1.253901319086         1.262305535837         1.268546920261         1.263300043571         1.254670127339         1.255727213969         1.264439795978         1.266770754194         1.258223273101         1.250809661312         1.254644871061         1.262344962766         1.260246234444         1.249429347777         1.244231676530         1.250259985121         1.255577841876         1.248871259127         1.236998343065         1.234721623208         1.241964095507         1.243555985895         1.232413605750         1.220798323375         1.221782496153         1.228882830441         1.225480852489         1.210410853458         1.200384651979         1.204535549943         1.209748322899         1.200165551458         1.181978265926         1.174813057012         1.181509432378         1.182605515297         1.165656315573         1.145409298118         1.142243624948         1.150149800600         1.144097421906         1.118314416683         1.097207278484         1.098944500604         1.105494885406         1.087433288776         1.050113632598         1.029111651524         1.036016435967         1.035513436880         0.994680348768         0.937285625806         0.913758588199         0.919444499139         0.892229846966         0.780278777960         0.582608399321         0.000000000000
        0.921578390487         0.959521443838         1.065984417201         1.077688851138         1.085523041140         1.084670719851         1.104552682494         1.132734051667         1.141253052525         1.133322580266         1.134912004312         1.155578555047         1.175003527592         1.175304655028         1.167593948932         1.173624515530         1.192801864519         1.204435526560         1.199770180870         1.194451169666         1.203866630080         1.220167896711         1.225150650510         1.218052379155         1.215964600349         1.227411232625         1.239877340218         1.239440338864         1.231836706130         1.233162145366         1.245235406285         1.253272686407         1.248724385372         1.242090226590         1.246540367557         1.257870401856         1.261243210286         1.253956671014         1.249360856622         1.256270689139         1.265595837985         1.264425863659         1.255794806542         1.253901321663         1.262305538415         1.268546922871         1.263300046205         1.254670129994         1.255727216638         1.264439798661         1.266770756880         1.258223275793         1.250809663993         1.254644873723         1.262344965393         1.260246237037         1.249429350342         1.244231679054         1.250259987595         1.255577844296         1.248871261521         1.236998345378         1.234721625462         1.241964097683         1.243555987993         1.232413607775         1.220798325323         1.221782498015         1.228882832213         1.225480854177         1.210410855068         1.200384653508         1.204535551380         1.209748324243         1.200165552721         1.181978267114         1.174813058116         1.181509433393         1.182605516229         1.165656316439         1.145409298921         1.142243625676         1.150149801248         1.144097422490         1.118314417222         1.097207278973         1.098944501026         1.105494885763         1.087433289090         1.050113632885         1.029111651771         1.036016436159         1.035513437026         0.994680348893         0.937285625917         0.913758588286         0.919444499190         0.892229846992         0.780278777976         0.582608399334         0.000000000000
        0.921578390494         0.959521443846         1.065984417223         1.077688851170         1.085523041194         1.084670719918         1.104552682571         1.132734051754         1.141253052629         1.133322580387         1.134912004448         1.155578555195         1.175003527754         1.175304655209         1.167593949131         1.173624515746         1.192801864753         1.204435526813         1.199770181144         1.194451169960         1.203866630396         1.220167897048         1.225150650868         1.218052379541         1.215964600757         1.227411233061         1.239877340675         1.239440339349         1.231836706644         1.233162145909         1.245235406852         1.253272687000         1.248724385995         1.242090227237         1.246540368227         1.257870402556         1.261243211010         1.253956671761         1.249360857393         1.256270689934         1.265595838800         1.264425864490         1.255794807388         1.253901322526         1.262305539290         1.268546923758         1.263300047099         1.254670130895         1.255727217544         1.264439799576         1.266770757795         1.258223276713         1.250809664910         1.254644874635         1.262344966293         1.260246237922         1.249429351219         1.244231679916         1.250259988440         1.255577845123         1.248871262330         1.236998346169         1.234721626236         1.241964098430         1.243555988711         1.232413608467         1.220798325988         1.221782498649         1.228882832816         1.225480854749         1.210410855610         1.200384654024         1.204535551865         1.209748324695         1.200165553144         1.181978267511         1.174813058486         1.181509433733         1.182605516540         1.165656316726         1.145409299187         1.142243625918         1.150149801465         1.144097422686         1.118314417403         1.097207279138         1.098944501170         1.105494885886         1.087433289199         1.050113632982         1.029111651854         1.036016436225         1.035513437076         0.994680348936         0.937285625956         0.913758588316         0.919444499207         0.892229847001         0.780278777981         0.582608399338         0.000000000000
        0.921578418787         0.959521509320         1.065984509111         1.077688969475         1.085523223913         1.084670960602         1.104552960519         1.132734355882         1.141253408813         1.133323015975         1.134912510446         1.155579105447         1.175004124668         1.175305332340         1.167594724550         1.173625368511         1.192802771351         1.204436501504         1.199771257500         1.194452351934         1.203867888663         1.220169215925         1.225152054038         1.218053893403         1.215966214612         1.227412914825         1.239879085313         1.239442174629         1.231838648045         1.233164170194         1.245237484475         1.253274823724         1.248726609079         1.242092538552         1.246542736352         1.257872804760         1.261245662160         1.253959194123         1.249363439295         1.256273296540         1.265598457868         1.264428516779         1.255797506860         1.253904045557         1.262308253126         1.268549627716         1.263302764762         1.254672865099         1.255729937111         1.264442478171         1.266773406198         1.258225917325         1.250812289087         1.254647447757         1.262347473285         1.260248698645         1.249431783343         1.244234063977         1.250262291716         1.255580065817         1.248873426736         1.237000463238         1.234723668929         1.241966040721         1.243557842386         1.232415401841         1.220800057761         1.221784137734         1.228884364440         1.225482302619         1.210412244876         1.200385972562         1.204536769489         1.209749440888         1.200166599347         1.181979260912         1.174813977917         1.181510255501         1.182606254097         1.165657003601         1.145409941225         1.142244197246         1.150150289422         1.144097851585         1.118314815634         1.097207641110         1.098944802572         1.105495126605         1.087433497414         1.050113826014         1.029111816244         1.036016555612         1.035513521222         0.994680420595         0.937285690119         0.913758633741         0.919444521431         0.892229856700         0.780278783757         0.582608402468         0.000000000000
        0.921578428577         0.959521530595         1.065984542002         1.077689013467         1.085523289883         1.084671044226         1.104553056529         1.132734460926         1.141253529034         1.133323157327         1.134912669346         1.155579274755         1.175004304658         1.175305530630         1.167594944686         1.173625604479         1.192803017263         1.204436760564         1.199771537257         1.194452652664         1.203868202930         1.220169539980         1.225152393436         1.218054254358         1.215966594174         1.227413305333         1.239879485794         1.239442591796         1.231839085534         1.233164622493         1.245237944637         1.253275293832         1.248727096038         1.242093042896         1.246543250534         1.257873324040         1.261246190996         1.253959738233         1.249363996215         1.256273858147         1.265599022031         1.264429089340         1.255798091573         1.253904637401         1.262308844446         1.268550219245         1.263303362843         1.254673470734         1.255730543451         1.264443079225         1.266774005046         1.258226519894         1.250812893638         1.254648046317         1.262348062447         1.260249283428         1.249432368170         1.244234644500         1.250262860081         1.255580621445         1.248873975956         1.237001008155         1.234724203203         1.241966557663         1.243558344509         1.232415895619         1.220800542665         1.221784606065         1.228884811981         1.225482734555         1.210412666859         1.200386381534         1.204537157173         1.209749806245         1.200166949735         1.181979600317         1.174814300529         1.181510554045         1.182606531193         1.165657267625         1.145410193490         1.142244429972         1.150150497894         1.144098041905         1.118314995892         1.097207809143         1.098944950114         1.105495252814         1.087433610965         1.050113932294         1.029111910332         1.036016631240         1.035513581257         0.994680473104         0.937285736919         0.913758670048         0.919444544240         0.892229870290         0.780278792643         0.582608408273         0.000000000000
        0.921578429226         0.959521531901         1.065984544424         1.077689016735         1.085523294949         1.084671050525         1.104553063781         1.132734468754         1.141253538004         1.133323167783         1.134912681104         1.155579287195         1.175004317833         1.175305545146         1.167594960735         1.173625621667         1.192803035151         1.204436779429         1.199771557588         1.194452674561         1.203868225859         1.220169563669         1.225152418302         1.218054280817         1.215966622048         1.227413334138         1.239879515422         1.239442622801         1.231839118175         1.233164656282         1.245237979222         1.253275329347         1.248727132955         1.242093081242         1.246543289838         1.257873363995         1.261246231830         1.253959780428         1.249364039516         1.256273902054         1.265599066376         1.264429134554         1.255798137872         1.253904684437         1.262308891697         1.268550266735         1.263303410994         1.254673519631         1.255730592518         1.264443128176         1.266774054025         1.258226569195         1.250812943168         1.254648095479         1.262348111088         1.260249331948         1.249432416636         1.244234692599         1.250262907400         1.255580667869         1.248874021851         1.237001053629         1.234724247810         1.241966601114         1.243558386750         1.232415937104         1.220800583363         1.221784645468         1.228884849799         1.225482771032         1.210412702353         1.200386415853         1.204537189933         1.209749837271         1.200166979371         1.181979628860         1.174814327722         1.181510579451         1.182606554832         1.165657290047         1.145410214845         1.142244449829         1.150150515865         1.144098058356         1.118315011358         1.097207823601         1.098944962988         1.105495263917         1.087433620892         1.050113941575         1.029111918661         1.036016638008         1.035513586713         0.994680477971         0.937285741358         0.913758673624         0.919444546674         0.892229872025         0.780278794010         0.582608409369         0.000000000000
        0.921578429283         0.959521532025         1.065984544644         1.077689017023         1.085523295405         1.084671051091         1.104553064451         1.132734469470         1.141253538827         1.133323168741         1.134912682190         1.155579288359         1.175004319085         1.175305546526         1.167594962269         1.173625623333         1.192803036910         1.204436781296         1.199771559637         1.194452676745         1.203868228198         1.220169566078         1.225152420834         1.218054283550         1.215966624934         1.227413337109         1.239879518486         1.239442626010         1.231839121556         1.233164659817         1.245237982835         1.253275333064         1.248727136823         1.242093085270         1.246543293967         1.257873368210         1.261246236148         1.253959784888         1.249364044105         1.256273906768         1.265599071124         1.264429139366         1.255798142797         1.253904689443         1.262308896763         1.268550271815         1.263303416132         1.254673524871         1.255730597790         1.264443133412         1.266774059269         1.258226574487         1.250812948452         1.254648100787         1.262348116290         1.260249337120         1.249432421784         1.244234697705         1.250262912420         1.255580672803         1.248874026740         1.237001058454         1.234724252511         1.241966605685         1.243558391203         1.232415941450         1.220800587607         1.221784649566         1.228884853766         1.225482774828         1.210412706022         1.200386419382         1.204537193291         1.209749840486         1.200166982432         1.181979631761         1.174814330462         1.181510582015         1.182606557225         1.165657292305         1.145410216972         1.142244451795         1.150150517651         1.144098059995         1.118315012892         1.097207825017         1.098944964236         1.105495265003         1.087433621879         1.050113942491         1.029111919458         1.036016638638         1.035513587223         0.994680478442         0.937285741773         0.913758673926         0.919444546855         0.892229872170         0.780278794140         0.582608409462         0.000000000000
        0.921578429292         0.959521532043         1.065984544677         1.077689017066         1.085523295474         1.084671051177         1.104553064555         1.132734469582         1.141253538956         1.133323168892         1.134912682361         1.155579288543         1.175004319286         1.175305546748         1.167594962515         1.173625623600         1.192803037195         1.204436781600         1.199771559968         1.194452677101         1.203868228576         1.220169566474         1.225152421253         1.218054283999         1.215966625408         1.227413337604         1.239879519001         1.239442626552         1.231839122128         1.233164660412         1.245237983450         1.253275333701         1.248727137486         1.242093085963         1.246543294680         1.257873368941         1.261246236899         1.253959785664         1.249364044906         1.256273907584         1.265599071954         1.264429140214         1.255798143663         1.253904690326         1.262308897683         1.268550272716         1.263303417042         1.254673525794         1.255730598721         1.264443134343         1.266774060203         1.258226575423         1.250812949391         1.254648101723         1.262348117217         1.260249338043         1.249432422701         1.244234698615         1.250262913317         1.255580673684         1.248874027608         1.237001059308         1.234724253349         1.241966606499         1.243558391996         1.232415942223         1.220800588360         1.221784650293         1.228884854464         1.225482775500         1.210412706671         1.200386420004         1.204537193882         1.209749841048         1.200166982967         1.181979632271         1.174814330943         1.181510582464         1.182606557646         1.165657292702         1.145410217345         1.142244452138         1.150150517963         1.144098060283         1.118315013162         1.097207825264         1.098944964452         1.105495265191         1.087433622052         1.050113942651         1.029111919594         1.036016638743         1.035513587309         0.994680478523         0.937285741842         0.913758673972         0.919444546879         0.892229872189         0.780278794158         0.582608409473         0.000000000000
