        0.790170168447         0.714838536823         0.684943689461         0.649125032220         0.627052278187         0.633898731882         0.629980983500         0.621728184825         0.625404168416         0.629913799411         0.632752931736         0.634374739389         0.634885211121         0.634514292177         0.633699763283         0.632629521793         0.631588948777         0.630810421005         0.630105731059         0.629644029993         0.629489833789         0.629419919540         0.629523795811         0.629257780654         0.629406836223         0.629508835809         0.629672379322         0.629764011844         0.629693215540         0.629786187128         0.629528146651         0.629415558161         0.629252327038         0.629323140897         0.629414571007         0.629399734428         0.629405545565         0.629567292281         0.629535432743         0.629738469412         0.629637153737         0.629770433302         0.629884961848         0.630009097809         0.629894133853         0.629790888014         0.629666315127         0.629580172219         0.629614914542         0.629850486584         0.629996510790         0.630127272871         0.630074250743         0.630096952128         0.629927384561         0.629737391359         0.629614044182         0.629201920915         0.629284905202         0.629123272281         0.629042004350         0.629153137837         0.629279285514         0.629372220948         0.629562824287         0.629732855439         0.629777501198         0.629874146659         0.629964785140         0.629849755378         0.629905710401         0.629886679301         0.630108610807         0.630263487410         0.630138537502         0.630308709782         0.630072057383         0.630196402850         0.630275773031         0.630244610914         0.630433111885         0.630574294105         0.630789381699         0.631228768249         0.631529270648         0.632116037488         0.632995818962         0.633946334885         0.635851470486         0.637934616464         0.640785967519         0.644049301032         0.648337145889         0.652964641583         0.657877060177         0.661186796897         0.660592568591         0.648930542949         0.613522174594         0.507395686532         0.000000000000
        0.817112159920         0.750933235723         0.727528543138         0.703205036850         0.698610961709         0.695323234387         0.695008386962         0.694528742055         0.694253088544         0.693822354278         0.693367497054         0.692874313327         0.692384997994         0.691905611792         0.691450752323         0.691028992906         0.690638670981         0.690283569789         0.689966045778         0.689682024908         0.689436136158         0.689222371839         0.689036454565         0.688876850751         0.688741602799         0.688625627975         0.688527368487         0.688444355793         0.688372913742         0.688312815406         0.688261699666         0.688218208653         0.688180034339         0.688146577790         0.688119796747         0.688099389124         0.688081289603         0.688065089309         0.688053611048         0.688044839881         0.688034883441         0.688027780783         0.688022983080         0.688018614450         0.688013603646         0.688007778804         0.688003127114         0.687998825246         0.687995738013         0.687994722836         0.687993867998         0.687994344587         0.687994244212         0.687994271959         0.687994344178         0.687995502347         0.687995463146         0.687996707760         0.688002146589         0.688010291029         0.688021621362         0.688036974488         0.688056640287         0.688081186853         0.688109183709         0.688143550611         0.688182526991         0.688226633330         0.688275238456         0.688328471190         0.688388681523         0.688456779274         0.688532537145         0.688615991335         0.688708733665         0.688815627406         0.688935650783         0.689070519424         0.689222296106         0.689394902025         0.689590562606         0.689812117329         0.690061220682         0.690338790098         0.690650286190         0.690995157937         0.691375581702         0.691793665012         0.692252097554         0.692737271452         0.693235408788         0.693704216356         0.694042075419         0.693988717026         0.692958448556         0.689713336400         0.681628114826         0.663104234070         0.621537851707         0.511997920974         0.000000000000
        0.817503633944         0.751448705480         0.728213791720         0.704019771472         0.699656604954         0.696709449640         0.696845632087         0.696837497298         0.697044317743         0.697096855882         0.697118605213         0.697090263113         0.697046145334         0.696990252376         0.696930660911         0.696869726782         0.696809404951         0.696750615611         0.696693991868         0.696639940232         0.696588804346         0.696540732028         0.696495872674         0.696454114007         0.696415505373         0.696379912336         0.696347245576         0.696317326675         0.696290015536         0.696265163363         0.696242650397         0.696222312958         0.696203906031         0.696187305900         0.696172391472         0.696159119874         0.696147232317         0.696136579694         0.696127089747         0.696118669088         0.696111217836         0.696104640044         0.696098925564         0.696093969772         0.696089711560         0.696086115413         0.696083147208         0.696080788015         0.696079013322         0.696077841106         0.696077152478         0.696077078154         0.696077463415         0.696078467123         0.696080054834         0.696082303878         0.696085171759         0.696088742506         0.696093170618         0.696098435286         0.696104574503         0.696111687694         0.696119811169         0.696129002842         0.696139332640         0.696150870054         0.696163724811         0.696177988554         0.696193741877         0.696211068238         0.696230110385         0.696250985120         0.696273838046         0.696298671641         0.696325737411         0.696355184613         0.696387087016         0.696421586390         0.696458703044         0.696498579689         0.696541174663         0.696586606885         0.696634793275         0.696685531707         0.696738731724         0.696794069387         0.696851074871         0.696909014774         0.696965951181         0.697016589555         0.697047144837         0.697019808952         0.696835748047         0.696249873926         0.694691482255         0.690963267945         0.682448575751         0.663597241780         0.621799891102         0.512145837470         0.000000000000
        0.817522963354         0.751470264710         0.728243151390         0.704055243014         0.699713184931         0.696784185168         0.696947333152         0.696972192711         0.697217085709         0.697312884382         0.697382246969         0.697404827626         0.697413942053         0.697412596687         0.697407985443         0.697401361312         0.697394089467         0.697386480090         0.697378799090         0.697371145733         0.697363607697         0.697356225015         0.697349055532         0.697342109699         0.697335428226         0.697329027249         0.697322912904         0.697317095699         0.697311584453         0.697306369571         0.697301464057         0.697296851611         0.697292533643         0.697288497640         0.697284735544         0.697281241931         0.697278008026         0.697275012828         0.697272252668         0.697269721538         0.697267403581         0.697265289390         0.697263375704         0.697261653435         0.697260117403         0.697258758722         0.697257575597         0.697256556099         0.697255705075         0.697255013193         0.697254478528         0.697254107816         0.697253894716         0.697253842483         0.697253954040         0.697254231359         0.697254675353         0.697255294242         0.697256096942         0.697257085095         0.697258264190         0.697259644103         0.697261230455         0.697263028588         0.697265044779         0.697267288749         0.697269769026         0.697272496438         0.697275473055         0.697278708914         0.697282205997         0.697285972693         0.697290015114         0.697294330251         0.697298923534         0.697303788074         0.697308921646         0.697314311849         0.697319942733         0.697325802715         0.697331860707         0.697338092896         0.697344454788         0.697350907549         0.697357389095         0.697363819485         0.697370015556         0.697375493893         0.697378765857         0.697375325954         0.697351981221         0.697271960483         0.697037563386         0.696405176827         0.694805553418         0.691041501373         0.682498349198         0.663626852508         0.621815495955         0.512154783522         0.000000000000
        0.817525536495         0.751473464728         0.728247639417         0.704059806668         0.699720289574         0.696789556017         0.696952716374         0.696979183882         0.697226604660         0.697325727651         0.697399203807         0.697426613028         0.697441127880         0.697445626724         0.697447173929         0.697446909726         0.697446101753         0.697444981489         0.697443755945         0.697442468415         0.697441156207         0.697439831595         0.697438505496         0.697437184282         0.697435874361         0.697434580643         0.697433307133         0.697432057386         0.697430834396         0.697429640795         0.697428478484         0.697427349407         0.697426254631         0.697425195340         0.697424172099         0.697423185546         0.697422236132         0.697421323465         0.697420447787         0.697419609001         0.697418806786         0.697418040950         0.697417311366         0.697416617324         0.697415958763         0.697415335273         0.697414746517         0.697414192177         0.697413672033         0.697413186119         0.697412734010         0.697412315676         0.697411931040         0.697411580244         0.697411263492         0.697410980893         0.697410732458         0.697410518497         0.697410339430         0.697410195453         0.697410086673         0.697410013593         0.697409976442         0.697409975009         0.697410009701         0.697410080539         0.697410187489         0.697410330394         0.697410509002         0.697410722658         0.697410970699         0.697411252209         0.697411566207         0.697411911337         0.697412285642         0.697412687152         0.697413113607         0.697413562245         0.697414029987         0.697414513539         0.697415009058         0.697415512783         0.697416020719         0.697416528547         0.697417027261         0.697417486975         0.697417791057         0.697417517958         0.697415249462         0.697406544682         0.697378253877         0.697293633406         0.697054976336         0.696418651380         0.694815468784         0.691048150503         0.682502596365         0.663629398430         0.621816831111         0.512155546502         0.000000000000
        0.817528419806         0.751478902633         0.728255341709         0.704067734083         0.699725075855         0.696790799317         0.696953346749         0.696979527454         0.697227043627         0.697326320538         0.697400042647         0.697427781367         0.697442713791         0.697447709523         0.697449821568         0.697450176532         0.697450029928         0.697449603333         0.697449095167         0.697448540738         0.697447970496         0.697447390696         0.697446806943         0.697446221185         0.697445635210         0.697445050132         0.697444466920         0.697443886372         0.697443309200         0.697442736037         0.697442167437         0.697441603917         0.697441045917         0.697440493851         0.697439948077         0.697439408922         0.697438876684         0.697438351591         0.697437833885         0.697437323767         0.697436821415         0.697436326993         0.697435840649         0.697435362493         0.697434892652         0.697434431227         0.697433978308         0.697433533986         0.697433098340         0.697432671463         0.697432253409         0.697431844244         0.697431444038         0.697431052862         0.697430670784         0.697430297864         0.697429934141         0.697429579671         0.697429234506         0.697428898684         0.697428572225         0.697428255163         0.697427947501         0.697427649210         0.697427360287         0.697427080691         0.697426810365         0.697426549232         0.697426297190         0.697426054100         0.697425819804         0.697425594117         0.697425376828         0.697425167682         0.697424966373         0.697424772573         0.697424585909         0.697424405959         0.697424232254         0.697424064306         0.697423901641         0.697423743941         0.697423591108         0.697423442797         0.697423294548         0.697423120730         0.697422809224         0.697421942603         0.697419106310         0.697409862194         0.697381061958         0.697295963125         0.697056859242         0.696420120138         0.694816563634         0.691048885601         0.682503068541         0.663629682550         0.621816980294         0.512155631903         0.000000000000
        0.817532882852         0.751487702391         0.728267892796         0.704080937251         0.699732286620         0.696791998238         0.696953801719         0.696979529591         0.697227050279         0.697326320751         0.697400070322         0.697427836480         0.697442807161         0.697447849962         0.697450018773         0.697450439010         0.697450365214         0.697450017865         0.697449594385         0.697449129110         0.697448651595         0.697448167263         0.697447680945         0.697447193878         0.697446707147         0.697446221231         0.697445736529         0.697445253312         0.697444771815         0.697444292237         0.697443814759         0.697443339550         0.697442866769         0.697442396568         0.697441929093         0.697441464483         0.697441002874         0.697440544394         0.697440089168         0.697439637317         0.697439188957         0.697438744201         0.697438303156         0.697437865926         0.697437432614         0.697437003317         0.697436578131         0.697436157147         0.697435740454         0.697435328142         0.697434920293         0.697434516989         0.697434118310         0.697433724334         0.697433335137         0.697432950792         0.697432571368         0.697432196934         0.697431827556         0.697431463296         0.697431104215         0.697430750369         0.697430401813         0.697430058596         0.697429720765         0.697429388365         0.697429061435         0.697428740011         0.697428424125         0.697428113803         0.697427809070         0.697427509943         0.697427216435         0.697426928553         0.697426646293         0.697426369642         0.697426098572         0.697425833036         0.697425572963         0.697425318280         0.697425068951         0.697424825086         0.697424587019         0.697424354816         0.697424124406         0.697423870479         0.697423481196         0.697422539330         0.697419630465         0.697410316562         0.697381449442         0.697296286883         0.697057122670         0.696420326939         0.694816718629         0.691048989105         0.682503134744         0.663629722253         0.621817001204         0.512155643762         0.000000000000
        0.817929469966         0.752442114704         0.729458386248         0.705214489110         0.700713012125         0.697655892713         0.697751492214         0.697754884613         0.697999795385         0.698101417473         0.698178351591         0.698208440920         0.698224967496         0.698230980760         0.698233790315         0.698234664123         0.698234949906         0.698234914353         0.698234780692         0.698234595909         0.698234396396         0.698234191058         0.698233986631         0.698233785368         0.698233588911         0.698233398041         0.698233213319         0.698233035093         0.698232863624         0.698232699090         0.698232541588         0.698232391063         0.698232247137         0.698232108720         0.698231973199         0.698231835005         0.698231683672         0.698231503242         0.698231280805         0.698231046398         0.698231011202         0.698231829992         0.698235352480         0.698243814581         0.698254992550         0.698258518015         0.698259272536         0.698259465460         0.698259440026         0.698259396171         0.698259633472         0.698261891220         0.698268403718         0.698278655732         0.698291160213         0.698296270454         0.698298246961         0.698299131710         0.698299608248         0.698299953252         0.698300255407         0.698300548880         0.698300844640         0.698301146747         0.698301456465         0.698301774212         0.698302100084         0.698302434073         0.698302776134         0.698303126209         0.698303484227         0.698303850109         0.698304223764         0.698304605079         0.698304993913         0.698305390070         0.698305793268         0.698306203075         0.698306618809         0.698307039375         0.698307463018         0.698307886950         0.698308306686         0.698308714498         0.698309094206         0.698309402222         0.698309498949         0.698308917937         0.698306132757         0.698296368871         0.698265551817         0.698173848191         0.697919038921         0.697251928875         0.695592227689         0.691693637973         0.682952195000         0.663874729055         0.621909591123         0.512188495938         0.000000000000
        0.817951418172         0.752501197902         0.729539098843         0.705309966071         0.700806705931         0.697723030521         0.697791900700         0.697780835998         0.698020620015         0.698120874736         0.698197785907         0.698228215321         0.698245082167         0.698251356580         0.698254348356         0.698255347317         0.698255720740         0.698255749396         0.698255665593         0.698255521927         0.698255358172         0.698255185216         0.698255010898         0.698254837947         0.698254667898         0.698254500584         0.698254334090         0.698254163450         0.698253978924         0.698253765310         0.698253509559         0.698253237378         0.698253139260         0.698253822484         0.698256943098         0.698264682831         0.698274940807         0.698278363974         0.698279169461         0.698279337871         0.698279318198         0.698279238286         0.698279199243         0.698279512644         0.698281927061         0.698288325072         0.698298075385         0.698309804698         0.698314653753         0.698316546247         0.698317385871         0.698317882555         0.698318274491         0.698318407868         0.698318844165         0.698319305644         0.698319644768         0.698319948539         0.698320233537         0.698320510149         0.698320784346         0.698321060842         0.698321342097         0.698321629668         0.698321924293         0.698322226371         0.698322536073         0.698322853471         0.698323178577         0.698323511371         0.698323851814         0.698324199846         0.698324555388         0.698324918335         0.698325288534         0.698325665757         0.698326049651         0.698326439645         0.698326834798         0.698327233559         0.698327633367         0.698328030031         0.698328416664         0.698328781470         0.698329101543         0.698329322510         0.698329288216         0.698328508280         0.698325424581         0.698315225567         0.698283810727         0.698191350171         0.697935869188         0.697268861820         0.695609081985         0.691707650868         0.682967125385         0.663884884377         0.621915168872         0.512193431665         0.000000000000
        0.817952830973         0.752505314659         0.729543057728         0.705314175788         0.700810005073         0.697725591485         0.697793784612         0.697782219793         0.698021760937         0.698121945150         0.698198876834         0.698229352580         0.698246267529         0.698252581378         0.698255603091         0.698256623707         0.698257012597         0.698257052300         0.698256976538         0.698256838898         0.698256679821         0.698256510593         0.698256339198         0.698256168211         0.698255998526         0.698255828455         0.698255653039         0.698255462138         0.698255239694         0.698254971093         0.698254679527         0.698254551706         0.698255192121         0.698258248699         0.698265934227         0.698276170709         0.698279749681         0.698280594654         0.698280630492         0.698280581312         0.698280524864         0.698280442373         0.698280384850         0.698280650228         0.698282974609         0.698289491003         0.698299313487         0.698311345595         0.698316485919         0.698318499942         0.698319387810         0.698319845717         0.698320155785         0.698320403060         0.698320641052         0.698320879711         0.698321120640         0.698321366167         0.698321617183         0.698321873763         0.698322136550         0.698322406009         0.698322682565         0.698322966492         0.698323257969         0.698323557091         0.698323863906         0.698324178421         0.698324500625         0.698324830488         0.698325167966         0.698325512999         0.698325865508         0.698326225385         0.698326592469         0.698326966520         0.698327347154         0.698327733752         0.698328125289         0.698328520072         0.698328915308         0.698329306432         0.698329685955         0.698330041137         0.698330347625         0.698330548907         0.698330485824         0.698329664084         0.698326521060         0.698316241035         0.698284721797         0.698192138581         0.697936531206         0.697269452233         0.695609558075         0.691707914583         0.682967551343         0.663885255916         0.621915446999         0.512193818338         0.000000000000
        0.817953011325         0.752505919102         0.729543626285         0.705314719590         0.700810334578         0.697725834617         0.697793983407         0.697782372365         0.698021895719         0.698122078017         0.698199016810         0.698229501923         0.698246425983         0.698252747460         0.698255775180         0.698256800325         0.698257192563         0.698257234714         0.698257160747         0.698257024432         0.698256866345         0.698256697848         0.698256526962         0.698256356242         0.698256186499         0.698256015859         0.698255839034         0.698255645341         0.698255417955         0.698255141467         0.698254839043         0.698254700668         0.698255338401         0.698258425283         0.698266154409         0.698276472279         0.698279900440         0.698280559362         0.698280659732         0.698280643769         0.698280614441         0.698280549818         0.698280507004         0.698280785611         0.698283122912         0.698289660903         0.698299506441         0.698311557179         0.698316714946         0.698318740342         0.698319634111         0.698320091621         0.698320395918         0.698320643694         0.698320874924         0.698321103744         0.698321336114         0.698321574318         0.698321819362         0.698322071643         0.698322331399         0.698322598758         0.698322873804         0.698323156584         0.698323447121         0.698323745419         0.698324051467         0.698324365243         0.698324686718         0.698325015852         0.698325352595         0.698325696887         0.698326048646         0.698326407761         0.698326774070         0.698327147327         0.698327527142         0.698327912881         0.698328303496         0.698328697260         0.698329091326         0.698329481043         0.698329858795         0.698330211655         0.698330515002         0.698330711954         0.698330642870         0.698329812884         0.698326658787         0.698316364443         0.698284827666         0.698192224659         0.697936596815         0.697269502335         0.695609589105         0.691707928597         0.682967579621         0.663885283348         0.621915469572         0.512193850465         0.000000000000
        0.817953040480         0.752506024171         0.729543724773         0.705314812684         0.700810389061         0.697725874047         0.697794014058         0.697782395563         0.698021916527         0.698122099077         0.698199039493         0.698229526564         0.698246452492         0.698252775561         0.698255804565         0.698256830713         0.698257223718         0.698257266453         0.698257192929         0.698257056951         0.698256899119         0.698256730811         0.698256560049         0.698256389384         0.698256219605         0.698256048801         0.698255871626         0.698255677311         0.698255448927         0.698255170955         0.698254866500         0.698254725698         0.698255360934         0.698258446644         0.698266174164         0.698276492703         0.698279916132         0.698280566401         0.698280669753         0.698280656507         0.698280630096         0.698280568236         0.698280528124         0.698280809497         0.698283149600         0.698289691142         0.698299540972         0.698311594182         0.698316754072         0.698318781046         0.698319675729         0.698320133461         0.698320437343         0.698320684555         0.698320914780         0.698321142415         0.698321373581         0.698321610659         0.698321854716         0.698322106203         0.698322365336         0.698322632214         0.698322906882         0.698323189356         0.698323479632         0.698323777698         0.698324083530         0.698324397099         0.698324718370         0.698325047300         0.698325383840         0.698325727925         0.698326079476         0.698326438379         0.698326804472         0.698327177508         0.698327557095         0.698327942594         0.698328332956         0.698328726444         0.698329120198         0.698329509552         0.698329886866         0.698330239180         0.698330541825         0.698330737861         0.698330667573         0.698329836019         0.698326679918         0.698316383096         0.698284843402         0.698192237195         0.697936606062         0.697269508825         0.695609592827         0.691707930273         0.682967582281         0.663885285821         0.621915471395         0.512193852944         0.000000000000
        0.817953045501         0.752506043334         0.729543742689         0.705314829566         0.700810398966         0.697725880960         0.697794019201         0.697782399424         0.698021920025         0.698122102688         0.698199043455         0.698229530934         0.698246457251         0.698252780657         0.698255809941         0.698256836315         0.698257229501         0.698257272379         0.698257198968         0.698257063081         0.698256905321         0.698256737068         0.698256566347         0.698256395704         0.698256225925         0.698256055092         0.698255877849         0.698255683417         0.698255454850         0.698255176619         0.698254871826         0.698254730624         0.698255365424         0.698258450777         0.698266177840         0.698276496135         0.698279919189         0.698280569011         0.698280672568         0.698280659618         0.698280633609         0.698280572187         0.698280532533         0.698280814376         0.698283154959         0.698289697070         0.698299547600         0.698311601140         0.698316761310         0.698318788507         0.698319683327         0.698320141108         0.698320444953         0.698320692071         0.698320922153         0.698321149618         0.698321380601         0.698321617501         0.698321861393         0.698322112734         0.698322371743         0.698322638516         0.698322913095         0.698323195491         0.698323485697         0.698323783697         0.698324089467         0.698324402976         0.698324724187         0.698325053058         0.698325389537         0.698325733562         0.698326085050         0.698326443890         0.698326809920         0.698327182891         0.698327562411         0.698327947842         0.698328338131         0.698328731541         0.698329125211         0.698329514471         0.698329891676         0.698330243860         0.698330546350         0.698330742192         0.698330671666         0.698329839815         0.698326683351         0.698316386099         0.698284845914         0.698192239181         0.697936607514         0.697269509808         0.695609593398         0.691707930546         0.682967582588         0.663885286072         0.621915471521         0.512193853094         0.000000000000
        0.817953046518         0.752506046850         0.729543745998         0.705314832627         0.700810400779         0.697725882189         0.697794020092         0.697782400095         0.698021920641         0.698122103337         0.698199044177         0.698229531742         0.698246458140         0.698252781620         0.698255810966         0.698256837392         0.698257230621         0.698257273535         0.698257200154         0.698257064292         0.698256906554         0.698256738319         0.698256567611         0.698256396978         0.698256227204         0.698256056371         0.698255879119         0.698255684669         0.698255456073         0.698255177802         0.698254872957         0.698254731694         0.698255366427         0.698258451720         0.698266178712         0.698276496953         0.698279919966         0.698280569760         0.698280673339         0.698280660433         0.698280634487         0.698280573137         0.698280533560         0.698280815483         0.698283156145         0.698289698348         0.698299548990         0.698311602572         0.698316762778         0.698318790006         0.698319684845         0.698320142634         0.698320446475         0.698320693579         0.698320923639         0.698321151077         0.698321382031         0.698321618900         0.698321862762         0.698322114075         0.698322373059         0.698322639808         0.698322914365         0.698323196740         0.698323486927         0.698323784909         0.698324090661         0.698324404152         0.698324725345         0.698325054197         0.698325390658         0.698325734664         0.698326086134         0.698326444955         0.698326810965         0.698327183917         0.698327563417         0.698327948827         0.698328339095         0.698328732483         0.698329126130         0.698329515364         0.698329892541         0.698330244694         0.698330547148         0.698330742949         0.698330672373         0.698329840464         0.698326683933         0.698316386604         0.698284846335         0.698192239513         0.697936607756         0.697269509970         0.695609593496         0.691707930595         0.682967582629         0.663885286101         0.621915471525         0.512193853095         0.000000000000
        0.818017038698         0.752453931157         0.729494399427         0.705290869914         0.700800840127         0.697722606993         0.697793097345         0.697782230997         0.698021941791         0.698122147300         0.698199075364         0.698229548974         0.698246466721         0.698252785638         0.698255812842         0.698256838312         0.698257231141         0.698257273892         0.698257200449         0.698257064565         0.698256906821         0.698256738586         0.698256567881         0.698256397251         0.698256227479         0.698256056647         0.698255879396         0.698255684944         0.698255456346         0.698255178070         0.698254873218         0.698254731947         0.698255366671         0.698258451956         0.698266178938         0.698276497171         0.698279920180         0.698280569973         0.698280673557         0.698280660658         0.698280634723         0.698280573386         0.698280533822         0.698280815758         0.698283156434         0.698289698652         0.698299549313         0.698311602900         0.698316763110         0.698318790342         0.698319685184         0.698320142973         0.698320446814         0.698320693915         0.698320923971         0.698321151405         0.698321382353         0.698321619216         0.698321863072         0.698322114380         0.698322373357         0.698322640101         0.698322914652         0.698323197022         0.698323487204         0.698323785181         0.698324090927         0.698324404412         0.698324725600         0.698325054447         0.698325390902         0.698325734902         0.698326086366         0.698326445181         0.698326811185         0.698327184131         0.698327563625         0.698327949028         0.698328339290         0.698328732672         0.698329126313         0.698329515545         0.698329892729         0.698330244920         0.698330547502         0.698330743679         0.698330674129         0.698329844849         0.698326694661         0.698316411632         0.698284900952         0.698192348089         0.697936794702         0.697269748843         0.695609659332         0.691706952154         0.682963297641         0.663867488617         0.621884616729         0.512161347984         0.000000000000
        0.818017023155         0.752453903801         0.729494392373         0.705290844253         0.700800823198         0.697722591255         0.697793089203         0.697782226783         0.698021940453         0.698122146949         0.698199075440         0.698229549103         0.698246466848         0.698252785736         0.698255812923         0.698256838381         0.698257231204         0.698257273952         0.698257200508         0.698257064624         0.698256906881         0.698256738647         0.698256567943         0.698256397314         0.698256227543         0.698256056712         0.698255879462         0.698255685010         0.698255456412         0.698255178136         0.698254873284         0.698254732012         0.698255366736         0.698258452019         0.698266179001         0.698276497232         0.698279920241         0.698280570035         0.698280673620         0.698280660723         0.698280634790         0.698280573455         0.698280533894         0.698280815833         0.698283156511         0.698289698732         0.698299549395         0.698311602983         0.698316763193         0.698318790426         0.698319685268         0.698320143058         0.698320446897         0.698320693998         0.698320924054         0.698321151486         0.698321382433         0.698321619296         0.698321863150         0.698322114456         0.698322373432         0.698322640174         0.698322914724         0.698323197092         0.698323487273         0.698323785247         0.698324090992         0.698324404476         0.698324725661         0.698325054507         0.698325390960         0.698325734958         0.698326086420         0.698326445234         0.698326811236         0.698327184180         0.698327563672         0.698327949074         0.698328339334         0.698328732713         0.698329126353         0.698329515584         0.698329892768         0.698330244963         0.698330547558         0.698330743774         0.698330674324         0.698329845278         0.698326695593         0.698316413515         0.698284904256         0.698192352418         0.697936795537         0.697269729488         0.695609574698         0.691706712465         0.682962843192         0.663866671329         0.621883203182         0.512159550178         0.000000000000
        0.818017021831         0.752453900892         0.729494390070         0.705290841524         0.700800821515         0.697722589916         0.697793088430         0.697782226386         0.698021940303         0.698122146901         0.698199075437         0.698229549113         0.698246466862         0.698252785750         0.698255812936         0.698256838394         0.698257231217         0.698257273965         0.698257200522         0.698257064638         0.698256906895         0.698256738661         0.698256567958         0.698256397329         0.698256227559         0.698256056729         0.698255879478         0.698255685027         0.698255456430         0.698255178154         0.698254873302         0.698254732029         0.698255366753         0.698258452037         0.698266179019         0.698276497250         0.698279920259         0.698280570054         0.698280673639         0.698280660742         0.698280634810         0.698280573476         0.698280533915         0.698280815854         0.698283156533         0.698289698754         0.698299549419         0.698311603006         0.698316763216         0.698318790449         0.698319685291         0.698320143081         0.698320446920         0.698320694021         0.698320924076         0.698321151508         0.698321382455         0.698321619317         0.698321863171         0.698322114477         0.698322373452         0.698322640194         0.698322914744         0.698323197111         0.698323487291         0.698323785265         0.698324091010         0.698324404493         0.698324725678         0.698325054523         0.698325390975         0.698325734973         0.698326086435         0.698326445247         0.698326811249         0.698327184192         0.698327563684         0.698327949085         0.698328339344         0.698328732724         0.698329126363         0.698329515593         0.698329892777         0.698330244973         0.698330547572         0.698330743797         0.698330674370         0.698329845379         0.698326695813         0.698316413968         0.698284905101         0.698192353730         0.697936796759         0.697269727925         0.695609562136         0.691706670391         0.682962750461         0.663866494276         0.621882916585         0.512159173364         0.000000000000
        0.818017021666         0.752453900424         0.729494389659         0.705290841109         0.700800821267         0.697722589736         0.697793088323         0.697782226332         0.698021940280         0.698122146894         0.698199075436         0.698229549114         0.698246466864         0.698252785752         0.698255812939         0.698256838397         0.698257231220         0.698257273969         0.698257200525         0.698257064642         0.698256906898         0.698256738665         0.698256567962         0.698256397333         0.698256227563         0.698256056733         0.698255879483         0.698255685032         0.698255456435         0.698255178159         0.698254873307         0.698254732035         0.698255366759         0.698258452042         0.698266179025         0.698276497256         0.698279920265         0.698280570060         0.698280673644         0.698280660748         0.698280634816         0.698280573482         0.698280533921         0.698280815860         0.698283156539         0.698289698761         0.698299549425         0.698311603013         0.698316763223         0.698318790456         0.698319685298         0.698320143087         0.698320446927         0.698320694027         0.698320924083         0.698321151515         0.698321382462         0.698321619323         0.698321863177         0.698322114483         0.698322373458         0.698322640200         0.698322914749         0.698323197117         0.698323487297         0.698323785271         0.698324091015         0.698324404498         0.698324725683         0.698325054527         0.698325390980         0.698325734977         0.698326086439         0.698326445251         0.698326811253         0.698327184196         0.698327563687         0.698327949088         0.698328339347         0.698328732727         0.698329126365         0.698329515595         0.698329892780         0.698330244976         0.698330547575         0.698330743802         0.698330674379         0.698329845398         0.698326695852         0.698316414047         0.698284905249         0.698192353965         0.697936797008         0.697269727784         0.695609560331         0.691706663953         0.682962735622         0.663866465554         0.621882870582         0.512159109538         0.000000000000
        0.818017021653         0.752453900340         0.729494389585         0.705290841040         0.700800821226         0.697722589708         0.697793088307         0.697782226324         0.698021940277         0.698122146893         0.698199075436         0.698229549114         0.698246466864         0.698252785753         0.698255812940         0.698256838398         0.698257231221         0.698257273969         0.698257200526         0.698257064643         0.698256906899         0.698256738666         0.698256567963         0.698256397334         0.698256227564         0.698256056734         0.698255879484         0.698255685033         0.698255456436         0.698255178160         0.698254873308         0.698254732036         0.698255366760         0.698258452044         0.698266179026         0.698276497257         0.698279920267         0.698280570061         0.698280673646         0.698280660750         0.698280634818         0.698280573484         0.698280533923         0.698280815862         0.698283156541         0.698289698763         0.698299549427         0.698311603015         0.698316763225         0.698318790458         0.698319685300         0.698320143089         0.698320446929         0.698320694029         0.698320924085         0.698321151517         0.698321382464         0.698321619325         0.698321863179         0.698322114485         0.698322373460         0.698322640202         0.698322914751         0.698323197119         0.698323487298         0.698323785272         0.698324091016         0.698324404499         0.698324725684         0.698325054528         0.698325390981         0.698325734979         0.698326086440         0.698326445252         0.698326811254         0.698327184197         0.698327563688         0.698327949089         0.698328339348         0.698328732727         0.698329126366         0.698329515596         0.698329892781         0.698330244977         0.698330547576         0.698330743803         0.698330674381         0.698329845401         0.698326695859         0.698316414060         0.698284905272         0.698192354002         0.697936797048         0.697269727769         0.695609560077         0.691706663018         0.682962733427         0.663866461281         0.621882863791         0.512159099827         0.000000000000
        0.818017021657         0.752453900364         0.729494389580         0.705290841027         0.700800821216         0.697722589701         0.697793088303         0.697782226322         0.698021940276         0.698122146892         0.698199075435         0.698229549114         0.698246466864         0.698252785753         0.698255812940         0.698256838398         0.698257231221         0.698257273970         0.698257200526         0.698257064643         0.698256906900         0.698256738666         0.698256567963         0.698256397335         0.698256227564         0.698256056735         0.698255879485         0.698255685034         0.698255456436         0.698255178160         0.698254873309         0.698254732037         0.698255366761         0.698258452045         0.698266179027         0.698276497258         0.698279920267         0.698280570062         0.698280673647         0.698280660750         0.698280634818         0.698280573484         0.698280533924         0.698280815863         0.698283156542         0.698289698764         0.698299549428         0.698311603016         0.698316763226         0.698318790458         0.698319685300         0.698320143090         0.698320446929         0.698320694030         0.698320924085         0.698321151517         0.698321382464         0.698321619326         0.698321863180         0.698322114486         0.698322373461         0.698322640202         0.698322914752         0.698323197119         0.698323487299         0.698323785273         0.698324091017         0.698324404499         0.698324725684         0.698325054529         0.698325390981         0.698325734979         0.698326086440         0.698326445253         0.698326811254         0.698327184197         0.698327563688         0.698327949089         0.698328339348         0.698328732728         0.698329126367         0.698329515596         0.698329892781         0.698330244977         0.698330547576         0.698330743804         0.698330674381         0.698329845402         0.698326695860         0.698316414062         0.698284905276         0.698192354008         0.697936797054         0.697269727768         0.695609560042         0.691706662886         0.682962733115         0.663866460671         0.621882862826         0.512159098424         0.000000000000
        0.818017021562         0.752453900268         0.729494389551         0.705290841016         0.700800821214         0.697722589701         0.697793088303         0.697782226323         0.698021940276         0.698122146892         0.698199075436         0.698229549114         0.698246466864         0.698252785753         0.698255812940         0.698256838398         0.698257231221         0.698257273970         0.698257200526         0.698257064643         0.698256906899         0.698256738666         0.698256567963         0.698256397335         0.698256227565         0.698256056735         0.698255879485         0.698255685034         0.698255456436         0.698255178161         0.698254873309         0.698254732037         0.698255366761         0.698258452045         0.698266179027         0.698276497258         0.698279920268         0.698280570062         0.698280673647         0.698280660751         0.698280634818         0.698280573485         0.698280533924         0.698280815863         0.698283156542         0.698289698764         0.698299549428         0.698311603016         0.698316763226         0.698318790459         0.698319685301         0.698320143090         0.698320446930         0.698320694030         0.698320924086         0.698321151518         0.698321382464         0.698321619326         0.698321863180         0.698322114486         0.698322373461         0.698322640202         0.698322914752         0.698323197119         0.698323487299         0.698323785273         0.698324091017         0.698324404500         0.698324725685         0.698325054529         0.698325390981         0.698325734979         0.698326086440         0.698326445253         0.698326811254         0.698327184197         0.698327563688         0.698327949089         0.698328339349         0.698328732728         0.698329126367         0.698329515597         0.698329892781         0.698330244977         0.698330547576         0.698330743804         0.698330674381         0.698329845402         0.698326695860         0.698316414062         0.698284905276         0.698192354008         0.697936797055         0.697269727768         0.695609560037         0.691706662867         0.682962733071         0.663866460585         0.621882862692         0.512159098228         0.000000000000
        0.818017021637         0.752453900327         0.729494389568         0.705290841021         0.700800821214         0.697722589701         0.697793088303         0.697782226322         0.698021940276         0.698122146892         0.698199075435         0.698229549114         0.698246466865         0.698252785753         0.698255812940         0.698256838398         0.698257231221         0.698257273970         0.698257200526         0.698257064643         0.698256906900         0.698256738666         0.698256567963         0.698256397335         0.698256227565         0.698256056735         0.698255879485         0.698255685034         0.698255456437         0.698255178161         0.698254873309         0.698254732037         0.698255366761         0.698258452045         0.698266179027         0.698276497258         0.698279920267         0.698280570062         0.698280673647         0.698280660751         0.698280634818         0.698280573485         0.698280533924         0.698280815863         0.698283156542         0.698289698764         0.698299549428         0.698311603016         0.698316763226         0.698318790459         0.698319685301         0.698320143090         0.698320446930         0.698320694030         0.698320924086         0.698321151518         0.698321382464         0.698321619326         0.698321863180         0.698322114486         0.698322373461         0.698322640203         0.698322914752         0.698323197119         0.698323487299         0.698323785273         0.698324091017         0.698324404499         0.698324725685         0.698325054529         0.698325390981         0.698325734979         0.698326086440         0.698326445253         0.698326811254         0.698327184197         0.698327563688         0.698327949089         0.698328339349         0.698328732728         0.698329126367         0.698329515597         0.698329892781         0.698330244977         0.698330547576         0.698330743804         0.698330674382         0.698329845402         0.698326695860         0.698316414062         0.698284905276         0.698192354009         0.697936797055         0.697269727768         0.695609560036         0.691706662865         0.682962733065         0.663866460574         0.621882862674         0.512159098200         0.000000000000
        0.818017021634         0.752453900335         0.729494389570         0.705290841022         0.700800821214         0.697722589700         0.697793088303         0.697782226322         0.698021940276         0.698122146892         0.698199075435         0.698229549114         0.698246466864         0.698252785753         0.698255812940         0.698256838398         0.698257231221         0.698257273970         0.698257200526         0.698257064643         0.698256906900         0.698256738667         0.698256567963         0.698256397335         0.698256227565         0.698256056735         0.698255879485         0.698255685034         0.698255456437         0.698255178161         0.698254873309         0.698254732037         0.698255366761         0.698258452045         0.698266179027         0.698276497258         0.698279920268         0.698280570062         0.698280673647         0.698280660751         0.698280634818         0.698280573485         0.698280533924         0.698280815863         0.698283156542         0.698289698764         0.698299549428         0.698311603016         0.698316763226         0.698318790459         0.698319685301         0.698320143090         0.698320446930         0.698320694030         0.698320924086         0.698321151518         0.698321382464         0.698321619326         0.698321863180         0.698322114486         0.698322373461         0.698322640203         0.698322914752         0.698323197119         0.698323487299         0.698323785273         0.698324091017         0.698324404500         0.698324725685         0.698325054529         0.698325390982         0.698325734979         0.698326086440         0.698326445253         0.698326811254         0.698327184197         0.698327563688         0.698327949089         0.698328339349         0.698328732728         0.698329126366         0.698329515596         0.698329892781         0.698330244977         0.698330547576         0.698330743804         0.698330674381         0.698329845402         0.698326695860         0.698316414062         0.698284905276         0.698192354009         0.697936797055         0.697269727768         0.695609560036         0.691706662864         0.682962733064         0.663866460572         0.621882862671         0.512159098195         0.000000000000
        0.818017021658         0.752453900328         0.729494389570         0.705290841024         0.700800821216         0.697722589701         0.697793088303         0.697782226323         0.698021940276         0.698122146892         0.698199075435         0.698229549114         0.698246466864         0.698252785753         0.698255812940         0.698256838398         0.698257231221         0.698257273970         0.698257200526         0.698257064643         0.698256906900         0.698256738667         0.698256567963         0.698256397335         0.698256227565         0.698256056735         0.698255879485         0.698255685034         0.698255456437         0.698255178161         0.698254873309         0.698254732037         0.698255366761         0.698258452045         0.698266179027         0.698276497258         0.698279920268         0.698280570062         0.698280673647         0.698280660751         0.698280634818         0.698280573485         0.698280533924         0.698280815863         0.698283156542         0.698289698764         0.698299549428         0.698311603016         0.698316763226         0.698318790459         0.698319685301         0.698320143090         0.698320446930         0.698320694030         0.698320924086         0.698321151518         0.698321382464         0.698321619326         0.698321863180         0.698322114486         0.698322373461         0.698322640203         0.698322914752         0.698323197119         0.698323487299         0.698323785273         0.698324091017         0.698324404500         0.698324725685         0.698325054529         0.698325390982         0.698325734979         0.698326086440         0.698326445253         0.698326811255         0.698327184197         0.698327563688         0.698327949089         0.698328339349         0.698328732728         0.698329126366         0.698329515596         0.698329892781         0.698330244977         0.698330547576         0.698330743804         0.698330674381         0.698329845402         0.698326695860         0.698316414062         0.698284905276         0.698192354009         0.697936797055         0.697269727768         0.695609560036         0.691706662864         0.682962733064         0.663866460572         0.621882862671         0.512159098196         0.000000000000
        0.818017021651         0.752453900303         0.729494389565         0.705290841023         0.700800821216         0.697722589702         0.697793088303         0.697782226323         0.698021940276         0.698122146892         0.698199075436         0.698229549115         0.698246466865         0.698252785753         0.698255812940         0.698256838398         0.698257231221         0.698257273970         0.698257200526         0.698257064643         0.698256906900         0.698256738667         0.698256567963         0.698256397335         0.698256227565         0.698256056735         0.698255879485         0.698255685034         0.698255456437         0.698255178161         0.698254873309         0.698254732037         0.698255366761         0.698258452045         0.698266179027         0.698276497258         0.698279920268         0.698280570062         0.698280673647         0.698280660751         0.698280634818         0.698280573485         0.698280533924         0.698280815863         0.698283156542         0.698289698764         0.698299549428         0.698311603016         0.698316763226         0.698318790459         0.698319685301         0.698320143090         0.698320446930         0.698320694030         0.698320924086         0.698321151518         0.698321382464         0.698321619326         0.698321863180         0.698322114486         0.698322373461         0.698322640203         0.698322914752         0.698323197119         0.698323487299         0.698323785273         0.698324091017         0.698324404500         0.698324725685         0.698325054529         0.698325390981         0.698325734979         0.698326086440         0.698326445253         0.698326811254         0.698327184197         0.698327563688         0.698327949089         0.698328339349         0.698328732728         0.698329126366         0.698329515596         0.698329892781         0.698330244977         0.698330547576         0.698330743804         0.698330674382         0.698329845402         0.698326695860         0.698316414062         0.698284905276         0.698192354009         0.697936797055         0.697269727768         0.695609560036         0.691706662864         0.682962733064         0.663866460572         0.621882862671         0.512159098196         0.000000000000
        0.818017021675         0.752453900358         0.729494389578         0.705290841026         0.700800821216         0.697722589701         0.697793088303         0.697782226322         0.698021940276         0.698122146892         0.698199075435         0.698229549114         0.698246466865         0.698252785753         0.698255812940         0.698256838398         0.698257231221         0.698257273970         0.698257200526         0.698257064643         0.698256906900         0.698256738667         0.698256567963         0.698256397335         0.698256227565         0.698256056735         0.698255879485         0.698255685034         0.698255456437         0.698255178161         0.698254873309         0.698254732037         0.698255366761         0.698258452045         0.698266179027         0.698276497258         0.698279920268         0.698280570062         0.698280673647         0.698280660751         0.698280634818         0.698280573485         0.698280533924         0.698280815863         0.698283156542         0.698289698764         0.698299549428         0.698311603016         0.698316763226         0.698318790459         0.698319685301         0.698320143090         0.698320446930         0.698320694030         0.698320924086         0.698321151518         0.698321382464         0.698321619326         0.698321863180         0.698322114486         0.698322373461         0.698322640203         0.698322914752         0.698323197119         0.698323487299         0.698323785273         0.698324091017         0.698324404500         0.698324725685         0.698325054529         0.698325390982         0.698325734979         0.698326086440         0.698326445253         0.698326811254         0.698327184197         0.698327563688         0.698327949089         0.698328339349         0.698328732728         0.698329126367         0.698329515597         0.698329892781         0.698330244977         0.698330547576         0.698330743804         0.698330674382         0.698329845402         0.698326695860         0.698316414062         0.698284905276         0.698192354008         0.697936797055         0.697269727768         0.695609560036         0.691706662864         0.682962733064         0.663866460572         0.621882862671         0.512159098196         0.000000000000
        0.818017021570         0.752453900284         0.729494389557         0.705290841017         0.700800821214         0.697722589700         0.697793088303         0.697782226323         0.698021940276         0.698122146893         0.698199075435         0.698229549115         0.698246466865         0.698252785753         0.698255812940         0.698256838398         0.698257231221         0.698257273970         0.698257200526         0.698257064643         0.698256906900         0.698256738667         0.698256567963         0.698256397335         0.698256227565         0.698256056735         0.698255879485         0.698255685034         0.698255456437         0.698255178161         0.698254873309         0.698254732037         0.698255366761         0.698258452045         0.698266179027         0.698276497258         0.698279920268         0.698280570062         0.698280673647         0.698280660751         0.698280634818         0.698280573485         0.698280533924         0.698280815863         0.698283156542         0.698289698764         0.698299549428         0.698311603016         0.698316763226         0.698318790459         0.698319685301         0.698320143090         0.698320446930         0.698320694030         0.698320924086         0.698321151518         0.698321382464         0.698321619326         0.698321863180         0.698322114486         0.698322373461         0.698322640203         0.698322914752         0.698323197119         0.698323487299         0.698323785273         0.698324091017         0.698324404500         0.698324725685         0.698325054529         0.698325390981         0.698325734979         0.698326086440         0.698326445253         0.698326811254         0.698327184197         0.698327563688         0.698327949089         0.698328339349         0.698328732728         0.698329126367         0.698329515597         0.698329892781         0.698330244977         0.698330547576         0.698330743804         0.698330674382         0.698329845402         0.698326695860         0.698316414062         0.698284905276         0.698192354009         0.697936797055         0.697269727768         0.695609560036         0.691706662864         0.682962733064         0.663866460572         0.621882862671         0.512159098196         0.000000000000
        0.818017021646         0.752453900305         0.729494389565         0.705290841022         0.700800821216         0.697722589702         0.697793088303         0.697782226323         0.698021940276         0.698122146892         0.698199075435         0.698229549115         0.698246466864         0.698252785753         0.698255812940         0.698256838398         0.698257231221         0.698257273970         0.698257200526         0.698257064643         0.698256906900         0.698256738666         0.698256567963         0.698256397335         0.698256227565         0.698256056735         0.698255879485         0.698255685034         0.698255456437         0.698255178161         0.698254873309         0.698254732037         0.698255366761         0.698258452045         0.698266179027         0.698276497258         0.698279920268         0.698280570062         0.698280673647         0.698280660751         0.698280634818         0.698280573485         0.698280533924         0.698280815863         0.698283156542         0.698289698764         0.698299549428         0.698311603016         0.698316763226         0.698318790459         0.698319685301         0.698320143090         0.698320446930         0.698320694030         0.698320924086         0.698321151518         0.698321382465         0.698321619326         0.698321863180         0.698322114486         0.698322373461         0.698322640203         0.698322914752         0.698323197119         0.698323487299         0.698323785273         0.698324091017         0.698324404500         0.698324725685         0.698325054529         0.698325390982         0.698325734979         0.698326086440         0.698326445253         0.698326811254         0.698327184197         0.698327563688         0.698327949089         0.698328339349         0.698328732728         0.698329126367         0.698329515597         0.698329892781         0.698330244977         0.698330547576         0.698330743804         0.698330674382         0.698329845402         0.698326695860         0.698316414062         0.698284905276         0.698192354008         0.697936797055         0.697269727768         0.695609560036         0.691706662864         0.682962733064         0.663866460572         0.621882862671         0.512159098196         0.000000000000
        0.818017021605         0.752453900337         0.729494389570         0.705290841022         0.700800821214         0.697722589700         0.697793088303         0.697782226322         0.698021940276         0.698122146892         0.698199075436         0.698229549115         0.698246466865         0.698252785753         0.698255812940         0.698256838398         0.698257231221         0.698257273970         0.698257200526         0.698257064643         0.698256906900         0.698256738667         0.698256567963         0.698256397335         0.698256227565         0.698256056735         0.698255879485         0.698255685034         0.698255456437         0.698255178161         0.698254873309         0.698254732037         0.698255366761         0.698258452045         0.698266179027         0.698276497258         0.698279920268         0.698280570062         0.698280673647         0.698280660751         0.698280634818         0.698280573485         0.698280533924         0.698280815863         0.698283156542         0.698289698764         0.698299549428         0.698311603016         0.698316763226         0.698318790459         0.698319685301         0.698320143090         0.698320446930         0.698320694030         0.698320924086         0.698321151518         0.698321382465         0.698321619326         0.698321863180         0.698322114486         0.698322373461         0.698322640202         0.698322914752         0.698323197119         0.698323487299         0.698323785273         0.698324091017         0.698324404500         0.698324725685         0.698325054529         0.698325390981         0.698325734979         0.698326086440         0.698326445253         0.698326811254         0.698327184197         0.698327563688         0.698327949089         0.698328339349         0.698328732728         0.698329126367         0.698329515597         0.698329892781         0.698330244977         0.698330547576         0.698330743804         0.698330674382         0.698329845402         0.698326695860         0.698316414062         0.698284905276         0.698192354008         0.697936797055         0.697269727768         0.695609560036         0.691706662864         0.682962733064         0.663866460571         0.621882862671         0.512159098195         0.000000000000
        0.818017021656         0.752453900334         0.729494389570         0.705290841024         0.700800821216         0.697722589701         0.697793088303         0.697782226323         0.698021940276         0.698122146892         0.698199075435         0.698229549114         0.698246466865         0.698252785753         0.698255812940         0.698256838398         0.698257231221         0.698257273970         0.698257200526         0.698257064643         0.698256906900         0.698256738667         0.698256567963         0.698256397335         0.698256227565         0.698256056735         0.698255879485         0.698255685034         0.698255456437         0.698255178161         0.698254873309         0.698254732037         0.698255366761         0.698258452045         0.698266179027         0.698276497258         0.698279920268         0.698280570062         0.698280673647         0.698280660751         0.698280634818         0.698280573485         0.698280533924         0.698280815863         0.698283156542         0.698289698764         0.698299549428         0.698311603016         0.698316763226         0.698318790459         0.698319685301         0.698320143090         0.698320446930         0.698320694030         0.698320924086         0.698321151518         0.698321382464         0.698321619326         0.698321863180         0.698322114486         0.698322373461         0.698322640203         0.698322914752         0.698323197119         0.698323487299         0.698323785273         0.698324091017         0.698324404500         0.698324725685         0.698325054529         0.698325390981         0.698325734979         0.698326086440         0.698326445253         0.698326811254         0.698327184197         0.698327563688         0.698327949089         0.698328339349         0.698328732728         0.698329126367         0.698329515596         0.698329892781         0.698330244977         0.698330547576         0.698330743804         0.698330674382         0.698329845402         0.698326695860         0.698316414062         0.698284905276         0.698192354009         0.697936797055         0.697269727768         0.695609560036         0.691706662864         0.682962733064         0.663866460572         0.621882862671         0.512159098196         0.000000000000
        0.818017021634         0.752453900336         0.729494389570         0.705290841022         0.700800821214         0.697722589700         0.697793088303         0.697782226322         0.698021940276         0.698122146892         0.698199075435         0.698229549115         0.698246466865         0.698252785753         0.698255812940         0.698256838398         0.698257231221         0.698257273970         0.698257200526         0.698257064643         0.698256906900         0.698256738666         0.698256567963         0.698256397335         0.698256227565         0.698256056735         0.698255879485         0.698255685034         0.698255456437         0.698255178161         0.698254873309         0.698254732037         0.698255366761         0.698258452045         0.698266179027         0.698276497258         0.698279920267         0.698280570062         0.698280673647         0.698280660751         0.698280634818         0.698280573485         0.698280533924         0.698280815863         0.698283156542         0.698289698764         0.698299549428         0.698311603016         0.698316763226         0.698318790459         0.698319685301         0.698320143090         0.698320446930         0.698320694030         0.698320924086         0.698321151518         0.698321382465         0.698321619326         0.698321863180         0.698322114486         0.698322373461         0.698322640203         0.698322914752         0.698323197119         0.698323487299         0.698323785273         0.698324091017         0.698324404500         0.698324725685         0.698325054529         0.698325390982         0.698325734979         0.698326086440         0.698326445253         0.698326811254         0.698327184197         0.698327563688         0.698327949089         0.698328339348         0.698328732728         0.698329126367         0.698329515597         0.698329892781         0.698330244977         0.698330547576         0.698330743804         0.698330674381         0.698329845402         0.698326695860         0.698316414062         0.698284905276         0.698192354009         0.697936797055         0.697269727768         0.695609560036         0.691706662864         0.682962733064         0.663866460572         0.621882862671         0.512159098196         0.000000000000
        0.818017021636         0.752453900327         0.729494389568         0.705290841021         0.700800821214         0.697722589700         0.697793088303         0.697782226322         0.698021940276         0.698122146892         0.698199075435         0.698229549114         0.698246466864         0.698252785753         0.698255812940         0.698256838398         0.698257231221         0.698257273970         0.698257200526         0.698257064643         0.698256906900         0.698256738666         0.698256567963         0.698256397335         0.698256227565         0.698256056735         0.698255879485         0.698255685034         0.698255456437         0.698255178161         0.698254873309         0.698254732037         0.698255366761         0.698258452045         0.698266179027         0.698276497258         0.698279920267         0.698280570062         0.698280673647         0.698280660751         0.698280634818         0.698280573485         0.698280533924         0.698280815863         0.698283156542         0.698289698764         0.698299549428         0.698311603016         0.698316763226         0.698318790459         0.698319685301         0.698320143090         0.698320446930         0.698320694030         0.698320924086         0.698321151518         0.698321382464         0.698321619326         0.698321863180         0.698322114486         0.698322373461         0.698322640203         0.698322914752         0.698323197119         0.698323487299         0.698323785273         0.698324091017         0.698324404500         0.698324725685         0.698325054529         0.698325390982         0.698325734979         0.698326086440         0.698326445253         0.698326811254         0.698327184197         0.698327563688         0.698327949089         0.698328339349         0.698328732728         0.698329126367         0.698329515597         0.698329892781         0.698330244977         0.698330547576         0.698330743804         0.698330674382         0.698329845402         0.698326695860         0.698316414062         0.698284905276         0.698192354009         0.697936797055         0.697269727768         0.695609560036         0.691706662865         0.682962733064         0.663866460572         0.621882862671         0.512159098195         0.000000000000
        0.818017021649         0.752453900322         0.729494389568         0.705290841022         0.700800821215         0.697722589701         0.697793088303         0.697782226322         0.698021940276         0.698122146892         0.698199075435         0.698229549114         0.698246466864         0.698252785753         0.698255812940         0.698256838398         0.698257231221         0.698257273970         0.698257200526         0.698257064643         0.698256906900         0.698256738667         0.698256567963         0.698256397335         0.698256227565         0.698256056735         0.698255879485         0.698255685034         0.698255456437         0.698255178161         0.698254873309         0.698254732037         0.698255366761         0.698258452045         0.698266179027         0.698276497258         0.698279920267         0.698280570062         0.698280673647         0.698280660751         0.698280634818         0.698280573485         0.698280533924         0.698280815863         0.698283156542         0.698289698764         0.698299549428         0.698311603016         0.698316763226         0.698318790459         0.698319685301         0.698320143090         0.698320446930         0.698320694030         0.698320924086         0.698321151518         0.698321382465         0.698321619326         0.698321863180         0.698322114486         0.698322373461         0.698322640203         0.698322914752         0.698323197119         0.698323487299         0.698323785273         0.698324091017         0.698324404500         0.698324725685         0.698325054529         0.698325390982         0.698325734979         0.698326086440         0.698326445253         0.698326811254         0.698327184197         0.698327563688         0.698327949089         0.698328339349         0.698328732728         0.698329126367         0.698329515597         0.698329892781         0.698330244977         0.698330547576         0.698330743804         0.698330674381         0.698329845402         0.698326695860         0.698316414062         0.698284905276         0.698192354009         0.697936797055         0.697269727768         0.695609560036         0.691706662865         0.682962733064         0.663866460572         0.621882862671         0.512159098196         0.000000000000
        0.818017021650         0.752453900320         0.729494389567         0.705290841023         0.700800821216         0.697722589702         0.697793088303         0.697782226323         0.698021940276         0.698122146893         0.698199075435         0.698229549114         0.698246466864         0.698252785753         0.698255812940         0.698256838398         0.698257231221         0.698257273970         0.698257200526         0.698257064643         0.698256906900         0.698256738666         0.698256567963         0.698256397335         0.698256227565         0.698256056735         0.698255879485         0.698255685034         0.698255456437         0.698255178161         0.698254873309         0.698254732037         0.698255366761         0.698258452045         0.698266179027         0.698276497258         0.698279920267         0.698280570062         0.698280673647         0.698280660751         0.698280634818         0.698280573485         0.698280533925         0.698280815863         0.698283156542         0.698289698764         0.698299549428         0.698311603016         0.698316763226         0.698318790459         0.698319685301         0.698320143090         0.698320446930         0.698320694030         0.698320924086         0.698321151518         0.698321382465         0.698321619326         0.698321863180         0.698322114486         0.698322373461         0.698322640203         0.698322914752         0.698323197119         0.698323487299         0.698323785273         0.698324091017         0.698324404500         0.698324725685         0.698325054529         0.698325390982         0.698325734979         0.698326086440         0.698326445253         0.698326811254         0.698327184197         0.698327563688         0.698327949089         0.698328339349         0.698328732728         0.698329126367         0.698329515597         0.698329892781         0.698330244977         0.698330547576         0.698330743804         0.698330674382         0.698329845402         0.698326695860         0.698316414062         0.698284905276         0.698192354009         0.697936797055         0.697269727768         0.695609560036         0.691706662864         0.682962733064         0.663866460572         0.621882862671         0.512159098196         0.000000000000
        0.818017021626         0.752453900333         0.729494389569         0.705290841023         0.700800821215         0.697722589701         0.697793088303         0.697782226323         0.698021940276         0.698122146892         0.698199075435         0.698229549114         0.698246466865         0.698252785753         0.698255812940         0.698256838398         0.698257231221         0.698257273970         0.698257200526         0.698257064643         0.698256906900         0.698256738666         0.698256567963         0.698256397335         0.698256227565         0.698256056735         0.698255879485         0.698255685034         0.698255456437         0.698255178161         0.698254873309         0.698254732037         0.698255366761         0.698258452045         0.698266179027         0.698276497258         0.698279920268         0.698280570062         0.698280673647         0.698280660751         0.698280634818         0.698280573485         0.698280533924         0.698280815863         0.698283156542         0.698289698764         0.698299549428         0.698311603016         0.698316763226         0.698318790459         0.698319685301         0.698320143090         0.698320446930         0.698320694030         0.698320924086         0.698321151518         0.698321382465         0.698321619326         0.698321863180         0.698322114486         0.698322373461         0.698322640203         0.698322914752         0.698323197119         0.698323487299         0.698323785273         0.698324091017         0.698324404500         0.698324725685         0.698325054529         0.698325390981         0.698325734979         0.698326086440         0.698326445253         0.698326811254         0.698327184197         0.698327563688         0.698327949089         0.698328339349         0.698328732728         0.698329126367         0.698329515597         0.698329892781         0.698330244977         0.698330547576         0.698330743804         0.698330674381         0.698329845402         0.698326695860         0.698316414062         0.698284905276         0.698192354009         0.697936797055         0.697269727768         0.695609560036         0.691706662864         0.682962733064         0.663866460571         0.621882862671         0.512159098195         0.000000000000
        0.818017021652         0.752453900322         0.729494389570         0.705290841024         0.700800821216         0.697722589702         0.697793088303         0.697782226323         0.698021940276         0.698122146892         0.698199075436         0.698229549115         0.698246466864         0.698252785753         0.698255812940         0.698256838398         0.698257231221         0.698257273970         0.698257200526         0.698257064643         0.698256906900         0.698256738667         0.698256567963         0.698256397335         0.698256227565         0.698256056735         0.698255879485         0.698255685034         0.698255456437         0.698255178161         0.698254873309         0.698254732037         0.698255366761         0.698258452045         0.698266179027         0.698276497258         0.698279920268         0.698280570062         0.698280673647         0.698280660751         0.698280634818         0.698280573485         0.698280533924         0.698280815863         0.698283156542         0.698289698764         0.698299549428         0.698311603016         0.698316763226         0.698318790459         0.698319685301         0.698320143090         0.698320446930         0.698320694030         0.698320924086         0.698321151518         0.698321382464         0.698321619326         0.698321863180         0.698322114486         0.698322373461         0.698322640202         0.698322914752         0.698323197119         0.698323487299         0.698323785273         0.698324091017         0.698324404500         0.698324725685         0.698325054529         0.698325390982         0.698325734979         0.698326086440         0.698326445253         0.698326811255         0.698327184197         0.698327563688         0.698327949089         0.698328339349         0.698328732728         0.698329126367         0.698329515597         0.698329892781         0.698330244977         0.698330547576         0.698330743804         0.698330674381         0.698329845402         0.698326695860         0.698316414062         0.698284905276         0.698192354009         0.697936797055         0.697269727768         0.695609560036         0.691706662864         0.682962733064         0.663866460572         0.621882862671         0.512159098196         0.000000000000
        0.818274829354         0.753253377297         0.730476870388         0.706339014433         0.701811416074         0.698678424997         0.698713858320         0.698689058996         0.698927662046         0.699034229374         0.699118884083         0.699156104796         0.699178131854         0.699188098500         0.699193517033         0.699196100127         0.699197520936         0.699198259342         0.699198675827         0.699198903209         0.699199030659         0.699199098963         0.699199133801         0.699199148427         0.699199150632         0.699199144306         0.699199131129         0.699199111194         0.699199083657         0.699199047633         0.699199004345         0.699198960607         0.699198935160         0.699198963255         0.699199094753         0.699199385598         0.699199615861         0.699199451623         0.699199359361         0.699199296642         0.699199262259         0.699199256043         0.699199276154         0.699199319334         0.699199390798         0.699199445816         0.699199474061         0.699199611871         0.699199636496         0.699199646253         0.699199680362         0.699199703062         0.699199716918         0.699199719790         0.699199715469         0.699199705943         0.699199693307         0.699199678769         0.699199663181         0.699199647040         0.699199630656         0.699199614208         0.699199597800         0.699199581489         0.699199565296         0.699199549215         0.699199533215         0.699199517227         0.699199501135         0.699199484747         0.699199467752         0.699199449652         0.699199429651         0.699199406474         0.699199378078         0.699199341177         0.699199290485         0.699199217462         0.699199108315         0.699198940804         0.699198679279         0.699198267257         0.699197616731         0.699196593488         0.699194996187         0.699192522563         0.699188688179         0.699182607278         0.699172227642         0.699152257344         0.699108420302         0.699001978461         0.698731050362         0.698047212798         0.696375017957         0.692461151708         0.683672499177         0.664529386603         0.622419368041         0.512565603310         0.000000000000
        0.818285651747         0.753281970550         0.730518010270         0.706392009491         0.701873098057         0.698748261030         0.698788132677         0.698766105860         0.699008233754         0.699120165577         0.699211527009         0.699255779502         0.699284230812         0.699299784102         0.699309949898         0.699316384269         0.699320818417         0.699323817625         0.699325757866         0.699326999409         0.699327847635         0.699328408304         0.699328779878         0.699329020202         0.699329173002         0.699329266725         0.699329320898         0.699329348248         0.699329357127         0.699329352923         0.699329339168         0.699329318256         0.699329291961         0.699329261924         0.699329229755         0.699329197634         0.699329163097         0.699329121948         0.699329087542         0.699329057677         0.699329033168         0.699329015001         0.699329002798         0.699328996114         0.699328994239         0.699328995299         0.699328999714         0.699329008040         0.699329015400         0.699329021153         0.699329024742         0.699329024945         0.699329021554         0.699329014862         0.699329005408         0.699328993802         0.699328980594         0.699328966233         0.699328951049         0.699328935272         0.699328919037         0.699328902402         0.699328885350         0.699328867782         0.699328849505         0.699328830201         0.699328809370         0.699328786260         0.699328759745         0.699328728145         0.699328688970         0.699328638531         0.699328571359         0.699328479362         0.699328350553         0.699328167153         0.699327902745         0.699327518002         0.699326954248         0.699326124679         0.699324900100         0.699323097371         0.699320469603         0.699316755529         0.699311651364         0.699304727127         0.699295229138         0.699282217269         0.699263880637         0.699235483911         0.699183147297         0.699068475776         0.698790963454         0.698103750761         0.696431414225         0.692521853585         0.683740666345         0.664611119425         0.622518083188         0.512679107589         0.000000000000
        0.818286398128         0.753284037722         0.730521370060         0.706396426259         0.701878304318         0.698754998950         0.698796625952         0.698777040336         0.699022078516         0.699137340880         0.699232143290         0.699279888810         0.699312012436         0.699331068158         0.699344411259         0.699353762862         0.699360713476         0.699365821023         0.699369568381         0.699372261013         0.699374182807         0.699375546559         0.699376507718         0.699377180020         0.699377646614         0.699377967469         0.699378185606         0.699378331604         0.699378427055         0.699378487119         0.699378522407         0.699378540346         0.699378546152         0.699378543520         0.699378535096         0.699378522981         0.699378508662         0.699378493274         0.699378477758         0.699378462765         0.699378448833         0.699378436289         0.699378425244         0.699378415669         0.699378407431         0.699378400263         0.699378393904         0.699378388062         0.699378382267         0.699378376307         0.699378369903         0.699378362826         0.699378354956         0.699378346255         0.699378336741         0.699378326468         0.699378315496         0.699378303865         0.699378291579         0.699378278587         0.699378264757         0.699378249858         0.699378233518         0.699378215172         0.699378193988         0.699378168755         0.699378137731         0.699378098411         0.699378047219         0.699377979050         0.699377886647         0.699377759727         0.699377583774         0.699377338410         0.699376995208         0.699376514788         0.699375843019         0.699374906114         0.699373603579         0.699371801205         0.699369295444         0.699365857220         0.699361337635         0.699355434177         0.699347742236         0.699337799383         0.699325012697         0.699308552374         0.699286712630         0.699254650025         0.699198580880         0.699080461506         0.698800159626         0.698111018399         0.696437902068         0.692528268165         0.683747701428         0.664619717059         0.622528171045         0.512689265827         0.000000000000
        0.818286486944         0.753284342999         0.730521947455         0.706397344842         0.701879622842         0.698756948297         0.698799459873         0.698780990067         0.699027278234         0.699143859212         0.699240354551         0.699290035564         0.699324167339         0.699345207735         0.699360348120         0.699371208356         0.699379459264         0.699385707181         0.699390507665         0.699394126970         0.699396876139         0.699399007100         0.699400633325         0.699401789828         0.699402941162         0.699403584330         0.699404055457         0.699404387744         0.699404646109         0.699404852794         0.699405041056         0.699405245771         0.699405424355         0.699405569511         0.699405692277         0.699405793428         0.699405872952         0.699405932566         0.699405974715         0.699406002510         0.699406019035         0.699406027080         0.699406028937         0.699406026387         0.699406020726         0.699406012840         0.699406003285         0.699405992348         0.699405980104         0.699405966457         0.699405951157         0.699405933819         0.699405913947         0.699405890952         0.699405864228         0.699405833053         0.699405797142         0.699405752074         0.699405694636         0.699405618926         0.699405537161         0.699405454578         0.699405373178         0.699405295118         0.699405217420         0.699405138562         0.699405054897         0.699404961168         0.699404849890         0.699404711020         0.699404531292         0.699404293321         0.699403974400         0.699403544831         0.699402965530         0.699402183789         0.699401129394         0.699399710752         0.699397779911         0.699395208330         0.699391842731         0.699387331937         0.699381660615         0.699374331271         0.699364928180         0.699353125822         0.699338395912         0.699319906369         0.699295988127         0.699262003659         0.699204267811         0.699084701783         0.698803379294         0.698113690435         0.696440354834         0.692530783683         0.683750864433         0.664623582160         0.622532514505         0.512693376152         0.000000000000
        0.818286490327         0.753284390903         0.730522073804         0.706397593781         0.701880051943         0.698757653634         0.698800553519         0.698782629517         0.699029578113         0.699146983780         0.699244365587         0.699295013198         0.699330089188         0.699352084325         0.699368195358         0.699380087440         0.699389455082         0.699396760012         0.699402902459         0.699407565885         0.699411289557         0.699414291623         0.699416741013         0.699418776240         0.699420319989         0.699421558920         0.699422360061         0.699422966094         0.699423397701         0.699423722837         0.699423958149         0.699424130641         0.699424255944         0.699424347309         0.699424413869         0.699424462117         0.699424496477         0.699424520139         0.699424535427         0.699424544123         0.699424547623         0.699424547049         0.699424543296         0.699424537073         0.699424528924         0.699424519253         0.699424508339         0.699424496356         0.699424483390         0.699424469450         0.699424454483         0.699424438380         0.699424420994         0.699424402144         0.699424381619         0.699424359192         0.699424334612         0.699424307337         0.699424276827         0.699424242498         0.699424204599         0.699424161647         0.699424111974         0.699424053391         0.699423982318         0.699423893808         0.699423780907         0.699423634103         0.699423440658         0.699423183957         0.699422842892         0.699422391049         0.699421794532         0.699421008397         0.699419949142         0.699418553664         0.699416788090         0.699414684114         0.699412072369         0.699408872523         0.699404772250         0.699399542088         0.699392875268         0.699384458829         0.699373947275         0.699360868142         0.699344943550         0.699325390822         0.699300457981         0.699265472473         0.699206821852         0.699086480761         0.698804605834         0.698114534995         0.696440901613         0.692531191767         0.683751241501         0.664624032766         0.622533068296         0.512694047655         0.000000000000
        0.818286488197         0.753284403766         0.730522118099         0.706397690080         0.701880230307         0.698757959596         0.698801042440         0.698783374357         0.699030663565         0.699148497539         0.699246395624         0.699297634525         0.699333366035         0.699356115240         0.699373005139         0.699385574693         0.699395952999         0.699404102383         0.699410729952         0.699416076638         0.699420051262         0.699423188039         0.699425602789         0.699427477496         0.699428912893         0.699430003512         0.699430820519         0.699431423610         0.699431865123         0.699432184536         0.699432413211         0.699432574991         0.699432688151         0.699432766170         0.699432818890         0.699432853435         0.699432874891         0.699432886880         0.699432891978         0.699432892027         0.699432888352         0.699432881913         0.699432873408         0.699432863347         0.699432852096         0.699432839916         0.699432826983         0.699432813407         0.699432799243         0.699432784498         0.699432769143         0.699432753107         0.699432736281         0.699432718513         0.699432699605         0.699432679289         0.699432657221         0.699432632914         0.699432605685         0.699432574700         0.699432538913         0.699432496630         0.699432445663         0.699432383061         0.699432304779         0.699432205425         0.699432077835         0.699431912582         0.699431697369         0.699431416293         0.699431048971         0.699430569452         0.699429944830         0.699429133750         0.699428082638         0.699426723752         0.699424975391         0.699422733738         0.699419839116         0.699416129044         0.699411448302         0.699405673501         0.699398488777         0.699389569105         0.699378506121         0.699364955529         0.699348310636         0.699328090315         0.699302578328         0.699267060330         0.699207963732         0.699087277807         0.698805127198         0.698114857637         0.696441090383         0.692531303667         0.683751317628         0.664624100968         0.622533141459         0.512694124212         0.000000000000
        0.818286486637         0.753284410661         0.730522143963         0.706397748093         0.701880340249         0.698758150060         0.698801345442         0.698783828240         0.699031312867         0.699149413645         0.699247594562         0.699299133776         0.699335229820         0.699358256565         0.699375485915         0.699388426120         0.699399212884         0.699407696644         0.699414573181         0.699419759397         0.699423872205         0.699427048403         0.699429512675         0.699431391829         0.699432814869         0.699433879721         0.699434669520         0.699435250057         0.699435673547         0.699435979971         0.699436199959         0.699436356443         0.699436466535         0.699436542820         0.699436594503         0.699436628297         0.699436649073         0.699436660362         0.699436664725         0.699436664020         0.699436659597         0.699436652438         0.699436643259         0.699436632577         0.699436620768         0.699436608097         0.699436594747         0.699436580835         0.699436566428         0.699436551547         0.699436536170         0.699436520236         0.699436503640         0.699436486223         0.699436467766         0.699436447969         0.699436426426         0.699436402589         0.699436375718         0.699436344842         0.699436308681         0.699436265476         0.699436212916         0.699436147935         0.699436066468         0.699435963161         0.699435830976         0.699435660695         0.699435440283         0.699435154075         0.699434781756         0.699434297084         0.699433666323         0.699432846418         0.699431782769         0.699430406676         0.699428632740         0.699426354002         0.699423432877         0.699419671041         0.699414870259         0.699408829219         0.699401380996         0.699392133057         0.699380795596         0.699366920338         0.699350000361         0.699329499663         0.699303705752         0.699267939656         0.699208579925         0.699087692164         0.698805387876         0.698115010843         0.696441174654         0.692531346622         0.683751340064         0.664624115428         0.622533154101         0.512694135770         0.000000000000
        0.818286485560         0.753284414260         0.730522158383         0.706397781216         0.701880404115         0.698758262671         0.698801528238         0.698784106758         0.699031717400         0.699149981109         0.699248334807         0.699300076236         0.699336385855         0.699359596375         0.699377035557         0.699390256153         0.699401232519         0.699409820881         0.699416419453         0.699421642143         0.699425718796         0.699428894498         0.699431333587         0.699433190184         0.699434587918         0.699435631182         0.699436403685         0.699436971988         0.699437387575         0.699437689735         0.699437908074         0.699438064663         0.699438175855         0.699438253693         0.699438307025         0.699438342347         0.699438364423         0.699438376751         0.699438381902         0.699438381766         0.699438377731         0.699438370821         0.699438361785         0.699438351173         0.699438339384         0.699438326703         0.699438313330         0.699438299396         0.699438284978         0.699438270103         0.699438254756         0.699438238878         0.699438222361         0.699438205043         0.699438186691         0.699438166989         0.699438145508         0.699438121676         0.699438094727         0.699438063653         0.699438027118         0.699437983349         0.699437930010         0.699437864026         0.699437781343         0.699437676641         0.699437542932         0.699437371062         0.699437149052         0.699436861258         0.699436487301         0.699436000731         0.699435367398         0.699434543536         0.699433473610         0.699432087960         0.699430300255         0.699428003889         0.699425065607         0.699421313926         0.699416506438         0.699410387032         0.699402733167         0.699393326447         0.699381844227         0.699367827456         0.699350765668         0.699330118148         0.699304195236         0.699268312818         0.699208854282         0.699087885031         0.698805513581         0.698115087010         0.696441216946         0.692531367221         0.683751349331         0.664624119938         0.622533157032         0.512694137903         0.000000000000
        0.818286484919         0.753284416789         0.730522168036         0.706397802898         0.701880445331         0.698758334818         0.698801644979         0.698784285703         0.699031979374         0.699150375448         0.699248888032         0.699300674259         0.699336987875         0.699360194490         0.699377649690         0.699390916213         0.699401945704         0.699410569862         0.699417196537         0.699422430080         0.699426513294         0.699429688804         0.699432123867         0.699433974112         0.699435364899         0.699436401920         0.699437169689         0.699437734915         0.699438148926         0.699438450712         0.699438669525         0.699438827117         0.699438939576         0.699439018751         0.699439073368         0.699439109846         0.699439132918         0.699439146074         0.699439151893         0.699439152281         0.699439148649         0.699439142042         0.699439133229         0.699439122778         0.699439111103         0.699439098503         0.699439085187         0.699439071295         0.699439056908         0.699439042060         0.699439026739         0.699439010884         0.699438994389         0.699438977087         0.699438958741         0.699438939030         0.699438917515         0.699438893615         0.699438866556         0.699438835316         0.699438798546         0.699438754467         0.699438700737         0.699438634274         0.699438551029         0.699438445682         0.699438311251         0.699438138584         0.699437915696         0.699437626921         0.699437251836         0.699436763913         0.699436128885         0.699435302831         0.699434230028         0.699432840625         0.699431048043         0.699428745334         0.699425798587         0.699422037267         0.699417217513         0.699411079640         0.699403399922         0.699393956195         0.699382442762         0.699368380520         0.699351231641         0.699330509845         0.699304509294         0.699268551173         0.699209025446         0.699088001513         0.698805587247         0.698115130605         0.696441240714         0.692531378273         0.683751353857         0.664624121858         0.622533158062         0.512694138486         0.000000000000
        0.818286484771         0.753284417924         0.730522171913         0.706397811431         0.701880461151         0.698758361669         0.698801687044         0.698784347694         0.699032066521         0.699150494349         0.699249038852         0.699300858542         0.699337205347         0.699360442650         0.699377925610         0.699391219059         0.699402272165         0.699410914276         0.699417555256         0.699422800576         0.699426895263         0.699430083442         0.699432534633         0.699434406497         0.699435826354         0.699436901690         0.699437717153         0.699438346117         0.699438836679         0.699439234449         0.699439543487         0.699439795673         0.699439993927         0.699440146270         0.699440262043         0.699440347478         0.699440408784         0.699440450973         0.699440478385         0.699440494533         0.699440502230         0.699440503655         0.699440500464         0.699440493890         0.699440484835         0.699440473945         0.699440461669         0.699440448301         0.699440434016         0.699440418882         0.699440402873         0.699440385866         0.699440367629         0.699440347802         0.699440325867         0.699440301098         0.699440272509         0.699440238781         0.699440198190         0.699440148555         0.699440087178         0.699440011085         0.699439916590         0.699439800935         0.699439653300         0.699439470510         0.699439239833         0.699438973300         0.699438656465         0.699438283402         0.699437835976         0.699437287435         0.699436603555         0.699435739015         0.699434636511         0.699433224370         0.699431414284         0.699429097715         0.699426139323         0.699422367369         0.699417536840         0.699411386787         0.699403692017         0.699394230123         0.699382696041         0.699368611078         0.699351436523         0.699330687108         0.699304670204         0.699268713835         0.699209140467         0.699088073518         0.698805636084         0.698115161461         0.696441258863         0.692531387248         0.683751357742         0.664624123575         0.622533158978         0.512694138954         0.000000000000
        0.818286484709         0.753284418376         0.730522173471         0.706397814859         0.701880467502         0.698758372457         0.698801703955         0.698784372684         0.699032101810         0.699150541967         0.699249100082         0.699300934751         0.699337297234         0.699360550279         0.699378049484         0.699391360109         0.699402431255         0.699411092123         0.699417753974         0.699423024041         0.699427149453         0.699430376518         0.699432876911         0.699434810309         0.699436304921         0.699437475804         0.699438406406         0.699439171423         0.699439803946         0.699440363973         0.699440879423         0.699441316806         0.699441672562         0.699441970145         0.699442214736         0.699442410657         0.699442563711         0.699442679929         0.699442765651         0.699442826796         0.699442868628         0.699442895578         0.699442911241         0.699442918444         0.699442919351         0.699442915577         0.699442908303         0.699442898363         0.699442886316         0.699442872501         0.699442857071         0.699442840012         0.699442821148         0.699442800133         0.699442776425         0.699442749249         0.699442717546         0.699442679896         0.699442634441         0.699442578775         0.699442509849         0.699442423856         0.699442316180         0.699442181210         0.699442011933         0.699441800629         0.699441537076         0.699441211648         0.699440805380         0.699440286479         0.699439622793         0.699438834986         0.699437929060         0.699436846289         0.699435545047         0.699433960183         0.699432005035         0.699429571055         0.699426519932         0.699422676074         0.699417790144         0.699411597132         0.699403868155         0.699394378103         0.699382819799         0.699368713391         0.699351515697         0.699330742268         0.699304697919         0.699268724711         0.699209148941         0.699088080315         0.698805640801         0.698115164409         0.696441260865         0.692531387954         0.683751357864         0.664624123764         0.622533159237         0.512694139202         0.000000000000
        0.818286484676         0.753284418557         0.730522174121         0.706397816302         0.701880470194         0.698758377067         0.698801711246         0.698784383582         0.699032117424         0.699150563348         0.699249128254         0.699300970763         0.699337342169         0.699360605107         0.699378115817         0.699391439926         0.699402527030         0.699411206721         0.699417891349         0.699423189354         0.699427349013         0.699430617357         0.699433166774         0.699435156150         0.699436720777         0.699437965394         0.699438988692         0.699439843281         0.699440602302         0.699441239540         0.699441758934         0.699442193087         0.699442551907         0.699442844174         0.699443078322         0.699443262525         0.699443404877         0.699443512808         0.699443592943         0.699443650957         0.699443691584         0.699443718678         0.699443735319         0.699443743928         0.699443746381         0.699443744107         0.699443738179         0.699443729376         0.699443718244         0.699443705130         0.699443690213         0.699443673519         0.699443654922         0.699443634142         0.699443610729         0.699443584031         0.699443553160         0.699443516935         0.699443473812         0.699443421793         0.699443358315         0.699443280112         0.699443183052         0.699443061929         0.699442910223         0.699442719896         0.699442481045         0.699442181815         0.699441807178         0.699441339145         0.699440758438         0.699440025910         0.699439100787         0.699437919994         0.699436503053         0.699434799943         0.699432720333         0.699430164652         0.699427001237         0.699423059238         0.699418090928         0.699411830930         0.699404048593         0.699394516613         0.699382925610         0.699368793622         0.699351575668         0.699330786201         0.699304728973         0.699268746242         0.699209163186         0.699088089174         0.698805646038         0.698115167784         0.696441263070         0.692531388814         0.683751358057         0.664624123966         0.622533159480         0.512694139417         0.000000000000
        0.818286484654         0.753284418630         0.730522174412         0.706397816964         0.701880471449         0.698758379253         0.698801714774         0.698784388977         0.699032125352         0.699150574526         0.699249143505         0.699300991033         0.699337368603         0.699360638981         0.699378158943         0.699391494525         0.699402595843         0.699411292909         0.699417998759         0.699423322454         0.699427512449         0.699430815923         0.699433403978         0.699435442088         0.699437054808         0.699438362352         0.699439435789         0.699440362955         0.699441129494         0.699441748317         0.699442260222         0.699442680446         0.699443021367         0.699443294308         0.699443509683         0.699443677195         0.699443805534         0.699443902276         0.699443973838         0.699444025532         0.699444061668         0.699444085696         0.699444100337         0.699444107717         0.699444109479         0.699444106879         0.699444100861         0.699444092119         0.699444081142         0.699444068248         0.699444053605         0.699444037245         0.699444019068         0.699443998834         0.699443976151         0.699443950447         0.699443920938         0.699443886572         0.699443845967         0.699443797321         0.699443738297         0.699443665883         0.699443576210         0.699443464334         0.699443323966         0.699443147177         0.699442924029         0.699442642212         0.699442286404         0.699441838027         0.699441274115         0.699440567505         0.699439671896         0.699438535349         0.699437086387         0.699435328739         0.699433197183         0.699430581607         0.699427356141         0.699423353213         0.699418328920         0.699412019766         0.699404195839         0.699394629661         0.699383011184         0.699368857437         0.699351622475         0.699330819734         0.699304752317         0.699268761968         0.699209173289         0.699088095329         0.698805649586         0.698115170142         0.696441264707         0.692531389430         0.683751358156         0.664624124130         0.622533159703         0.512694139619         0.000000000000
        0.818286484640         0.753284418663         0.730522174553         0.706397817292         0.701880472079         0.698758380365         0.698801716590         0.698784391791         0.699032129537         0.699150580494         0.699249151736         0.699301002070         0.699337383079         0.699360657563         0.699378182505         0.699391524030         0.699402632351         0.699411337490         0.699418052605         0.699423386798         0.699427588493         0.699430904679         0.699433506211         0.699435558515         0.699437184818         0.699438506482         0.699439591599         0.699440529209         0.699441302654         0.699441926598         0.699442441831         0.699442863424         0.699443204161         0.699443475790         0.699443689101         0.699443854161         0.699443979940         0.699444074225         0.699444143565         0.699444193343         0.699444227895         0.699444250659         0.699444264327         0.699444270987         0.699444272240         0.699444269303         0.699444263087         0.699444254262         0.699444243300         0.699444230508         0.699444216057         0.699444199986         0.699444182215         0.699444162533         0.699444140590         0.699444115870         0.699444087661         0.699444055005         0.699444016635         0.699443970893         0.699443915619         0.699443848013         0.699443764455         0.699443660284         0.699443529520         0.699443364532         0.699443155638         0.699442890632         0.699442554240         0.699442127407         0.699441586731         0.699440902973         0.699440041301         0.699438945762         0.699437552828         0.699435776907         0.699433605229         0.699430952577         0.699427681808         0.699423630508         0.699418557669         0.699412203443         0.699404339707         0.699394739900         0.699383093980         0.699368918395         0.699351666448         0.699330850639         0.699304773397         0.699268775848         0.699209182006         0.699088100501         0.698805652478         0.698115172055         0.696441266062         0.692531389925         0.683751358208         0.664624124271         0.622533159910         0.512694139810         0.000000000000
        0.818286484634         0.753284418681         0.730522174626         0.706397817460         0.701880472402         0.698758380937         0.698801717529         0.698784393251         0.699032131712         0.699150583599         0.699249156017         0.699301007796         0.699337390554         0.699360667091         0.699378194465         0.699391538811         0.699402650351         0.699411359064         0.699418078130         0.699423416631         0.699427622962         0.699430944040         0.699433550629         0.699435608061         0.699437239370         0.699438565853         0.699439655376         0.699440596882         0.699441373559         0.699442000085         0.699442517243         0.699442940127         0.699443281602         0.699443553508         0.699443766741         0.699443931469         0.699444056754         0.699444150461         0.699444219201         0.699444268400         0.699444302424         0.699444324726         0.699444338009         0.699444344361         0.699444345381         0.699444342281         0.699444335970         0.699444327114         0.699444316182         0.699444303487         0.699444289203         0.699444273383         0.699444255961         0.699444236748         0.699444215425         0.699444191514         0.699444164354         0.699444133047         0.699444096406         0.699444052867         0.699444000388         0.699443936305         0.699443857165         0.699443758492         0.699443634508         0.699443477782         0.699443278802         0.699443025465         0.699442702501         0.699442290748         0.699441766557         0.699441100229         0.699440256590         0.699439183975         0.699437822974         0.699436089167         0.699433906290         0.699431220212         0.699427927926         0.699423848709         0.699418744386         0.699412358162         0.699404464047         0.699394837152         0.699383168164         0.699368973615         0.699351706555         0.699330878923         0.699304792699         0.699268788533         0.699209189943         0.699088105179         0.698805655068         0.698115173755         0.696441267270         0.692531390361         0.683751358238         0.664624124398         0.622533160106         0.512694139990         0.000000000000
        0.818286484630         0.753284418689         0.730522174662         0.706397817545         0.701880472567         0.698758381228         0.698801718007         0.698784393993         0.699032132815         0.699150585169         0.699249158171         0.699301010662         0.699337394269         0.699360671785         0.699378200297         0.699391545934         0.699402658914         0.699411369181         0.699418089919         0.699423430196         0.699427638392         0.699430961399         0.699433569951         0.699435629347         0.699437262578         0.699438590899         0.699439682150         0.699440625220         0.699441403281         0.699442030986         0.699442549103         0.699442972730         0.699443314745         0.699443587010         0.699443800449         0.699443965259         0.699444090534         0.699444184165         0.699444252788         0.699444301849         0.699444335728         0.699444357893         0.699444371053         0.699444377302         0.699444378244         0.699444375094         0.699444368763         0.699444359918         0.699444349034         0.699444336427         0.699444322276         0.699444306642         0.699444289469         0.699444270581         0.699444249675         0.699444226293         0.699444199795         0.699444169313         0.699444133689         0.699444091395         0.699444040426         0.699443978160         0.699443901179         0.699443805042         0.699443683996         0.699443530616         0.699443335375         0.699443086122         0.699442767499         0.699442360211         0.699441840419         0.699441178173         0.699440337986         0.699439268374         0.699437908942         0.699436174935         0.699433989694         0.699431299960         0.699428002806         0.699423917362         0.699418805815         0.699412411822         0.699404509768         0.699394875151         0.699383198960         0.699368997922         0.699351725211         0.699330892741         0.699304802540         0.699268795232         0.699209194240         0.699088107739         0.698805656486         0.698115174814         0.696441268141         0.692531390662         0.683751358222         0.664624124506         0.622533160290         0.512694140164         0.000000000000
        0.818286484629         0.753284418694         0.730522174681         0.706397817588         0.701880472649         0.698758381374         0.698801718246         0.698784394362         0.699032133361         0.699150585943         0.699249159227         0.699301012057         0.699337396064         0.699360674034         0.699378203065         0.699391549282         0.699402662896         0.699411373834         0.699418095277         0.699423436288         0.699427645242         0.699430969022         0.699433578353         0.699435638523         0.699437272512         0.699438601564         0.699439693513         0.699440637229         0.699441415883         0.699442044114         0.699442562683         0.699442986686         0.699443329000         0.699443601496         0.699443815101         0.699443980024         0.699444105366         0.699444199030         0.699444267660         0.699444316711         0.699444350569         0.699444372709         0.699444385844         0.699444392072         0.699444393001         0.699444389849         0.699444383528         0.699444374710         0.699444363870         0.699444351328         0.699444337269         0.699444321755         0.699444304737         0.699444286046         0.699444265383         0.699444242301         0.699444216169         0.699444186127         0.699444151030         0.699444109360         0.699444059121         0.699443997702         0.699443921692         0.699443826651         0.699443706824         0.699443554777         0.699443360964         0.699443113202         0.699442796091         0.699442390280         0.699441871860         0.699441210801         0.699440371523         0.699439302508         0.699437943225         0.699436208838         0.699434022723         0.699431331589         0.699428032558         0.699423944826         0.699418830668         0.699412433860         0.699404528890         0.699394891373         0.699383212396         0.699369008761         0.699351733709         0.699330899148         0.699304807162         0.699268798394         0.699209196247         0.699088108881         0.698805657074         0.698115175390         0.696441268744         0.692531390849         0.683751358164         0.664624124596         0.622533160461         0.512694140329         0.000000000000
        0.818286484629         0.753284418696         0.730522174690         0.706397817609         0.701880472689         0.698758381445         0.698801718362         0.698784394542         0.699032133625         0.699150586315         0.699249159732         0.699301012721         0.699337396913         0.699360675089         0.699378204355         0.699391550829         0.699402664720         0.699411375945         0.699418097686         0.699423439003         0.699427648268         0.699430972362         0.699433582007         0.699435642488         0.699437276783         0.699438606132         0.699439698369         0.699440642357         0.699441421265         0.699442049730         0.699442568506         0.699442992689         0.699443335155         0.699443607774         0.699443821478         0.699443986477         0.699444111875         0.699444205579         0.699444274235         0.699444323302         0.699444357171         0.699444379316         0.699444392455         0.699444398689         0.699444399624         0.699444396483         0.699444390179         0.699444381384         0.699444370577         0.699444358079         0.699444344075         0.699444328633         0.699444311703         0.699444293120         0.699444272588         0.699444249663         0.699444223716         0.699444193893         0.699444159050         0.699444117673         0.699444067768         0.699444006724         0.699443931131         0.699443836548         0.699443717215         0.699443565691         0.699443372419         0.699443125203         0.699442808627         0.699442403316         0.699441885337         0.699441224633         0.699440385600         0.699439316697         0.699437957366         0.699436222754         0.699434036244         0.699431344532         0.699428044755         0.699423956134         0.699418840972         0.699412443082         0.699404536980         0.699394898319         0.699383218221         0.699369013515         0.699351737471         0.699330901995         0.699304809206         0.699268799763         0.699209197063         0.699088109271         0.698805657211         0.698115175689         0.696441269182         0.692531390967         0.683751358083         0.664624124673         0.622533160624         0.512694140487         0.000000000000
        0.818286484627         0.753284418696         0.730522174694         0.706397817619         0.701880472709         0.698758381479         0.698801718417         0.698784394627         0.699032133751         0.699150586491         0.699249159970         0.699301013031         0.699337397307         0.699360675577         0.699378204947         0.699391551534         0.699402665546         0.699411376894         0.699418098761         0.699423440206         0.699427649600         0.699430973822         0.699433583597         0.699435644204         0.699437278625         0.699438608097         0.699439700455         0.699440644558         0.699441423576         0.699442052144         0.699442571015         0.699442995281         0.699443337820         0.699443610502         0.699443824258         0.699443989299         0.699444114732         0.699444208463         0.699444277140         0.699444326223         0.699444360104         0.699444382260         0.699444395408         0.699444401650         0.699444402595         0.699444399465         0.699444393174         0.699444384396         0.699444373611         0.699444361138         0.699444347167         0.699444331763         0.699444314880         0.699444296353         0.699444275888         0.699444253040         0.699444227183         0.699444197463         0.699444162736         0.699444121491         0.699444071732         0.699444010850         0.699443935431         0.699443841035         0.699443721898         0.699443570576         0.699443377507         0.699443130491         0.699442814102         0.699442408960         0.699441891122         0.699441230523         0.699440391549         0.699439322653         0.699437963269         0.699436228542         0.699434041854         0.699431349899         0.699428049817         0.699423960840         0.699418845279         0.699412446957         0.699404540401         0.699394901275         0.699383220713         0.699369015554         0.699351739081         0.699330903196         0.699304810038         0.699268800276         0.699209197307         0.699088109297         0.698805657129         0.698115175842         0.696441269525         0.692531391048         0.683751357990         0.664624124741         0.622533160777         0.512694140638         0.000000000000
        0.818286484628         0.753284418697         0.730522174697         0.706397817624         0.701880472718         0.698758381496         0.698801718444         0.698784394667         0.699032133810         0.699150586573         0.699249160080         0.699301013175         0.699337397489         0.699360675800         0.699378205215         0.699391551852         0.699402665917         0.699411377319         0.699418099239         0.699423440737         0.699427650185         0.699430974461         0.699433584289         0.699435644949         0.699437279422         0.699438608946         0.699439701354         0.699440645507         0.699441424573         0.699442053187         0.699442572099         0.699442996404         0.699443338978         0.699443611690         0.699443825472         0.699443990535         0.699444115987         0.699444209733         0.699444278423         0.699444327517         0.699444361407         0.699444383571         0.699444396726         0.699444402975         0.699444403928         0.699444400805         0.699444394524         0.699444385756         0.699444374982         0.699444362525         0.699444348571         0.699444333187         0.699444316328         0.699444297829         0.699444277395         0.699444254584         0.699444228768         0.699444199095         0.699444164421         0.699444123233         0.699444073537         0.699444012722         0.699443937375         0.699443843054         0.699443723994         0.699443572749         0.699443379755         0.699443132811         0.699442816488         0.699442411401         0.699441893608         0.699441233038         0.699440394074         0.699439325168         0.699437965752         0.699436230968         0.699434044200         0.699431352141         0.699428051932         0.699423962807         0.699418847082         0.699412448583         0.699404541839         0.699394902517         0.699383221756         0.699369016399         0.699351739732         0.699330903657         0.699304810321         0.699268800400         0.699209197291         0.699088109159         0.698805656949         0.698115175921         0.696441269810         0.692531391107         0.683751357892         0.664624124804         0.622533160924         0.512694140782         0.000000000000
        0.818286484628         0.753284418698         0.730522174698         0.706397817627         0.701880472723         0.698758381503         0.698801718456         0.698784394686         0.699032133837         0.699150586611         0.699249160131         0.699301013240         0.699337397571         0.699360675901         0.699378205337         0.699391551996         0.699402666083         0.699411377507         0.699418099450         0.699423440971         0.699427650441         0.699430974740         0.699433584590         0.699435645272         0.699437279767         0.699438609313         0.699439701743         0.699440645917         0.699441425004         0.699442053638         0.699442572569         0.699442996892         0.699443339481         0.699443612208         0.699443826003         0.699443991077         0.699444116538         0.699444210293         0.699444278990         0.699444328090         0.699444361986         0.699444384155         0.699444397315         0.699444403568         0.699444404525         0.699444401408         0.699444395131         0.699444386369         0.699444375602         0.699444363153         0.699444349207         0.699444333834         0.699444316987         0.699444298500         0.699444278082         0.699444255287         0.699444229491         0.699444199838         0.699444165187         0.699444124024         0.699444074354         0.699444013567         0.699443938249         0.699443843957         0.699443724927         0.699443573711         0.699443380745         0.699443133826         0.699442817526         0.699442412458         0.699441894677         0.699441234114         0.699440395149         0.699439326234         0.699437966800         0.699436231990         0.699434045185         0.699431353080         0.699428052817         0.699423963630         0.699418847835         0.699412449260         0.699404542434         0.699394903026         0.699383222175         0.699369016725         0.699351739963         0.699330903791         0.699304810361         0.699268800353         0.699209197164         0.699088108956         0.698805656732         0.698115175962         0.696441270058         0.692531391155         0.683751357793         0.664624124862         0.622533161063         0.512694140920         0.000000000000
        0.818286484626         0.753284418698         0.730522174698         0.706397817628         0.701880472725         0.698758381507         0.698801718462         0.698784394694         0.699032133849         0.699150586628         0.699249160154         0.699301013270         0.699337397608         0.699360675947         0.699378205391         0.699391552059         0.699402666156         0.699411377591         0.699418099544         0.699423441074         0.699427650554         0.699430974862         0.699433584721         0.699435645413         0.699437279917         0.699438609472         0.699439701912         0.699440646095         0.699441425191         0.699442053834         0.699442572774         0.699442997104         0.699443339701         0.699443612434         0.699443826235         0.699443991315         0.699444116781         0.699444210540         0.699444279241         0.699444328344         0.699444362243         0.699444384415         0.699444397577         0.699444403833         0.699444404793         0.699444401678         0.699444395404         0.699444386646         0.699444375883         0.699444363437         0.699444349496         0.699444334128         0.699444317286         0.699444298805         0.699444278394         0.699444255607         0.699444229819         0.699444200175         0.699444165534         0.699444124381         0.699444074722         0.699444013946         0.699443938640         0.699443844359         0.699443725340         0.699443574135         0.699443381180         0.699443134270         0.699442817977         0.699442412915         0.699441895137         0.699441234575         0.699440395608         0.699439326687         0.699437967244         0.699436232421         0.699434045599         0.699431353474         0.699428053186         0.699423963970         0.699418848144         0.699412449535         0.699404542670         0.699394903222         0.699383222326         0.699369016828         0.699351740014         0.699330903786         0.699304810298         0.699268800236         0.699209196994         0.699088108731         0.698805656504         0.698115175981         0.696441270281         0.692531391195         0.683751357695         0.664624124916         0.622533161198         0.512694141052         0.000000000000
        0.818292315089         0.753301780256         0.730550159848         0.706432307994         0.701919615388         0.698803978554         0.698855583144         0.698848045209         0.699107193189         0.699238496263         0.699350936019         0.699417260859         0.699468051242         0.699505420184         0.699536326273         0.699562030876         0.699584037416         0.699602858509         0.699618960243         0.699632589709         0.699644101433         0.699653780555         0.699661816040         0.699668527269         0.699674107115         0.699678731038         0.699682554222         0.699685735526         0.699688374858         0.699690530677         0.699692308319         0.699693775816         0.699694987054         0.699695982974         0.699696798274         0.699697462292         0.699698000365         0.699698434175         0.699698782170         0.699699059861         0.699699280161         0.699699453698         0.699699589131         0.699699693431         0.699699772132         0.699699829554         0.699699868977         0.699699892788         0.699699902590         0.699699899284         0.699699883110         0.699699853673         0.699699809935         0.699699750172         0.699699671915         0.699699571847         0.699699445675         0.699699287956         0.699699091886         0.699698849031         0.699698549010         0.699698179098         0.699697723766         0.699697164123         0.699696477254         0.699695635453         0.699694605324         0.699693346746         0.699691811697         0.699689942495         0.699687671154         0.699684916962         0.699681584934         0.699677551888         0.699672710103         0.699666905189         0.699659937487         0.699651639675         0.699641808409         0.699630169282         0.699616457751         0.699600387028         0.699581637040         0.699559897435         0.699534929103         0.699506476434         0.699474333153         0.699438170436         0.699396851862         0.699346343990         0.699273692486         0.699141489988         0.698849985505         0.698152635306         0.696474212554         0.692561342879         0.683779179191         0.664650296840         0.622557185363         0.512713529690         0.000000000000
        0.818292455066         0.753302319140         0.730551343396         0.706434444030         0.701922955873         0.698808989520         0.698862767004         0.698858064732         0.699120793971         0.699256165623         0.699373046493         0.699444044611         0.699499730780         0.699542037139         0.699577858904         0.699608401346         0.699635106699         0.699658416894         0.699678782740         0.699696496070         0.699711847753         0.699725098036         0.699736493312         0.699746262785         0.699754612819         0.699761728633         0.699767778589         0.699772912932         0.699777260778         0.699780934912         0.699784033228         0.699786642758         0.699788836629         0.699790677678         0.699792219892         0.699793509622         0.699794587101         0.699795485386         0.699796231912         0.699796850070         0.699797359554         0.699797777091         0.699798117331         0.699798391590         0.699798609221         0.699798777538         0.699798902313         0.699798987897         0.699799037368         0.699799052601         0.699799034318         0.699798982103         0.699798894385         0.699798768386         0.699798600027         0.699798383789         0.699798112460         0.699797776339         0.699797364872         0.699796865606         0.699796263089         0.699795538121         0.699794667777         0.699793624002         0.699792374482         0.699790880850         0.699789098135         0.699786973423         0.699784444767         0.699781439648         0.699777873938         0.699773649804         0.699768655247         0.699762761487         0.699755819722         0.699747661556         0.699738097557         0.699726916955         0.699713886687         0.699698749358         0.699681227073         0.699661032836         0.699637873106         0.699611469854         0.699581581788         0.699548027847         0.699510677830         0.699469295599         0.699422868596         0.699367492307         0.699290336589         0.699154132191         0.698859238219         0.698159238806         0.696478977305         0.692565055354         0.683782452570         0.664653457651         0.622560365701         0.512716407186         0.000000000000
        0.818292461963         0.753302344458         0.730551401304         0.706434552185         0.701923126740         0.698809246497         0.698863146535         0.698858610579         0.699121541875         0.699257154667         0.699374290860         0.699445558975         0.699501526463         0.699544125549         0.699580252908         0.699611108933         0.699638132525         0.699661764265         0.699682445668         0.699700468230         0.699716121806         0.699729662969         0.699741337831         0.699751371303         0.699759969895         0.699767321522         0.699773591573         0.699778929232         0.699783464200         0.699787308656         0.699790561313         0.699793309521         0.699795628118         0.699797581677         0.699799225344         0.699800606402         0.699801764995         0.699802734645         0.699803544418         0.699804217777         0.699804776234         0.699805237167         0.699805614809         0.699805921113         0.699806165776         0.699806356614         0.699806499763         0.699806599858         0.699806660161         0.699806682649         0.699806668073         0.699806615975         0.699806524678         0.699806391233         0.699806211337         0.699805979208         0.699805687415         0.699805326569         0.699804885320         0.699804349835         0.699803703328         0.699802925680         0.699801993410         0.699800878817         0.699799548654         0.699797964275         0.699796079076         0.699793839070         0.699791181502         0.699788033078         0.699784308698         0.699779909896         0.699774723593         0.699768620714         0.699761454214         0.699753056219         0.699743236301         0.699731781739         0.699718460356         0.699703017197         0.699685177410         0.699664653927         0.699641158446         0.699614413161         0.699584182144         0.699550289797         0.699512610730         0.699470912096         0.699424190005         0.699368545652         0.699291150207         0.699154743754         0.698859692953         0.698159584261         0.696479254143         0.692565294629         0.683782674373         0.664653673219         0.622560574409         0.512716589135         0.000000000000
        0.818292462778         0.753302347189         0.730551407190         0.706434562877         0.701923143898         0.698809272086         0.698863183873         0.698858662777         0.699121614679         0.699257251881         0.699374416787         0.699445715362         0.699501715461         0.699544348493         0.699580516036         0.699611416639         0.699638485360         0.699662163029         0.699682892603         0.699700964112         0.699716666190         0.699730257350         0.699741980695         0.699752062883         0.699760708977         0.699768106290         0.699774419977         0.699779798550         0.699784370435         0.699788249127         0.699791534237         0.699794312336         0.699796658650         0.699798637472         0.699800303984         0.699801704687         0.699802879994         0.699803863274         0.699804684489         0.699805368477         0.699805935989         0.699806404472         0.699806788432         0.699807099909         0.699807348750         0.699807542889         0.699807688557         0.699807790457         0.699807851897         0.699807874880         0.699807860164         0.699807807284         0.699807714534         0.699807578924         0.699807396090         0.699807160171         0.699806863647         0.699806497106         0.699806049034         0.699805505433         0.699804849474         0.699804060990         0.699803115980         0.699801986090         0.699800638052         0.699799033023         0.699797124880         0.699794860189         0.699792175314         0.699788996710         0.699785239448         0.699780805014         0.699775580121         0.699769435584         0.699762224151         0.699753780040         0.699743912827         0.699732409727         0.699719037790         0.699703542894         0.699685651751         0.699665077210         0.699641531034         0.699614737871         0.699584461368         0.699550526112         0.699512807298         0.699471072066         0.699424316839         0.699368643919         0.699291224733         0.699154799660         0.698859734952         0.698159617564         0.696479282203         0.692565320519         0.683782699960         0.664653698922         0.622560599790         0.512716611792         0.000000000000
        0.818292462828         0.753302347444         0.730551407794         0.706434564078         0.701923145982         0.698809275415         0.698863189067         0.698858670460         0.699121625432         0.699257266409         0.699374436054         0.699445739870         0.699501745757         0.699544385528         0.699580560369         0.699611468905         0.699638545913         0.699662232381         0.699682971334         0.699701052413         0.699716764441         0.699730365127         0.699742099184         0.699752191374         0.699760847773         0.699768255311         0.699774579279         0.699779967901         0.699784549429         0.699788437196         0.699791730710         0.699794516811         0.699796870416         0.699798856209         0.699800528884         0.699801934986         0.699803115048         0.699804102452         0.699804927220         0.699805614338         0.699806184532         0.699806655294         0.699807041181         0.699807354265         0.699807604423         0.699807799614         0.699807946087         0.699808048561         0.699808110352         0.699808133471         0.699808118678         0.699808065504         0.699807972241         0.699807835887         0.699807652067         0.699807414908         0.699807116868         0.699806748528         0.699806298334         0.699805752260         0.699805093445         0.699804301709         0.699803353018         0.699802218956         0.699800866246         0.699799255977         0.699797342017         0.699795070965         0.699792379181         0.699789193065         0.699785427624         0.699780984503         0.699775750451         0.699769595961         0.699762373762         0.699753917820         0.699744039027         0.699732524557         0.699719141130         0.699703634861         0.699685732777         0.699665147600         0.699641591503         0.699614789226         0.699584504247         0.699550561147         0.699512835576         0.699471094524         0.699424334264         0.699368657210         0.699291234727         0.699154807199         0.698859740938         0.698159622634         0.696479286739         0.692565324961         0.683782704399         0.664653703371         0.622560604135         0.512716615565         0.000000000000
        0.818292462831         0.753302347479         0.730551407881         0.706434564258         0.701923146312         0.698809275956         0.698863189917         0.698858671746         0.699121627251         0.699257268907         0.699374439395         0.699445744168         0.699501751151         0.699544392184         0.699580568434         0.699611478588         0.699638557372         0.699662245640         0.699682986883         0.699701070168         0.699716784403         0.699730387366         0.699742123778         0.699752218413         0.699760877280         0.699768287274         0.699774613740         0.699780004817         0.699784588683         0.699788478778         0.699791774574         0.699794562822         0.699796918393         0.699798906174         0.699800580645         0.699801988360         0.699803169878         0.699804158608         0.699804984564         0.699805672756         0.699806243907         0.699806715512         0.699807102134         0.699807415849         0.699807666539         0.699807862166         0.699808008986         0.699808111720         0.699808173688         0.699808196900         0.699808182120         0.699808128878         0.699808035465         0.699807898879         0.699807714743         0.699807477179         0.699807178644         0.699806809716         0.699806358833         0.699805811969         0.699805152254         0.699804359509         0.699803409694         0.699802274386         0.699800920312         0.699799308557         0.699797392985         0.699795120195         0.699792426558         0.699789238444         0.699785470862         0.699781025550         0.699775789186         0.699769632409         0.699762407644         0.699753948819         0.699744067267         0.699732550077         0.699719163933         0.699703655009         0.699685750367         0.699665162742         0.699641604364         0.699614799989         0.699584513078         0.699550568267         0.699512841202         0.699471098917         0.699424337598         0.699368659687         0.699291236541         0.699154808529         0.698859741951         0.698159623456         0.696479287464         0.692565325659         0.683782705110         0.664653704091         0.622560604841         0.512716616181         0.000000000000
        0.818292462832         0.753302347487         0.730551407900         0.706434564300         0.701923146389         0.698809276085         0.698863190116         0.698858672048         0.699121627675         0.699257269490         0.699374440174         0.699445745172         0.699501752413         0.699544393738         0.699580570322         0.699611480861         0.699638560056         0.699662248701         0.699682990558         0.699701074423         0.699716789159         0.699730392645         0.699742129607         0.699752224813         0.699760884265         0.699768294843         0.699774621928         0.699780013617         0.699784598072         0.699788488789         0.699791785211         0.699794574049         0.699796930158         0.699798918506         0.699800593505         0.699802001695         0.699803183645         0.699804172776         0.699804999096         0.699805687624         0.699806259078         0.699806730955         0.699807117817         0.699807431740         0.699807682608         0.699807878384         0.699808025323         0.699808128147         0.699808190177         0.699808213425         0.699808198653         0.699808145393         0.699808051934         0.699807915275         0.699807731039         0.699807493346         0.699807194654         0.699806825539         0.699806374439         0.699805827326         0.699805167331         0.699804374274         0.699803424114         0.699802288428         0.699800933945         0.699799321750         0.699797405705         0.699795132411         0.699792438242         0.699789249561         0.699785481376         0.699781035435         0.699775798413         0.699769640962         0.699762415511         0.699753955993         0.699744073757         0.699732555888         0.699719169076         0.699703659511         0.699685754263         0.699665166071         0.699641607170         0.699614802322         0.699584514975         0.699550569781         0.699512842383         0.699471099842         0.699424338294         0.699368660197         0.699291236909         0.699154808793         0.698859742148         0.698159623608         0.696479287594         0.692565325779         0.683782705230         0.664653704211         0.622560604957         0.512716616283         0.000000000000
        0.818292462832         0.753302347489         0.730551407906         0.706434564313         0.701923146414         0.698809276126         0.698863190178         0.698858672140         0.699121627798         0.699257269656         0.699374440390         0.699445745446         0.699501752751         0.699544394144         0.699580570807         0.699611481439         0.699638560730         0.699662249455         0.699682991471         0.699701075491         0.699716790346         0.699730393953         0.699742131045         0.699752226385         0.699760885973         0.699768296688         0.699774623926         0.699780015770         0.699784600373         0.699788491260         0.699791787855         0.699794576857         0.699796933116         0.699798921628         0.699800596783         0.699802005114         0.699803187193         0.699804176444         0.699805002875         0.699805691506         0.699806263055         0.699806735018         0.699807121957         0.699807435948         0.699807686875         0.699807882701         0.699808029681         0.699808132538         0.699808194592         0.699808217856         0.699808203092         0.699808149832         0.699808056366         0.699807919693         0.699807735435         0.699807497714         0.699807198986         0.699806829830         0.699806378681         0.699805831515         0.699805171459         0.699804378338         0.699803428111         0.699802292354         0.699800937799         0.699799325532         0.699797409416         0.699795136054         0.699792441820         0.699789253079         0.699785484838         0.699781038846         0.699775801782         0.699769644302         0.699762418833         0.699753959315         0.699744077087         0.699732559234         0.699719172444         0.699703662905         0.699685757698         0.699665169569         0.699641610981         0.699614806660         0.699584519707         0.699550574181         0.699512845639         0.699471102262         0.699424339862         0.699368661334         0.699291237690         0.699154809324         0.698859742485         0.698159623813         0.696479287711         0.692565325845         0.683782705269         0.664653704239         0.622560604979         0.512716616300         0.000000000000
        0.818292462832         0.753302347490         0.730551407909         0.706434564319         0.701923146425         0.698809276144         0.698863190204         0.698858672177         0.699121627844         0.699257269715         0.699374440463         0.699445745534         0.699501752856         0.699544394262         0.699580570943         0.699611481596         0.699638560907         0.699662249647         0.699682991703         0.699701075762         0.699716790644         0.699730394278         0.699742131399         0.699752226768         0.699760886385         0.699768297127         0.699774624400         0.699780016282         0.699784600923         0.699788491855         0.699791788499         0.699794577547         0.699796933846         0.699798922406         0.699800597609         0.699802005983         0.699803188101         0.699804177388         0.699805003854         0.699805692516         0.699806264095         0.699806736085         0.699807123047         0.699807437059         0.699807688004         0.699807883845         0.699808030837         0.699808133702         0.699808195762         0.699808219029         0.699808204265         0.699808151001         0.699808057528         0.699807920844         0.699807736572         0.699807498834         0.699807200084         0.699806830902         0.699806379724         0.699805832523         0.699805172427         0.699804379261         0.699803428983         0.699802293169         0.699800938550         0.699799326212         0.699797410015         0.699795136565         0.699792442233         0.699789253382         0.699785485019         0.699781038889         0.699775801675         0.699769644035         0.699762418392         0.699753958697         0.699744076283         0.699732558246         0.699719171275         0.699703661567         0.699685756193         0.699665167894         0.699641608804         0.699614803867         0.699584516231         0.699550570818         0.699512843183         0.699471100636         0.699424338861         0.699368660658         0.699291237288         0.699154809068         0.698859742337         0.698159623729         0.696479287670         0.692565325828         0.683782705264         0.664653704239         0.622560604982         0.512716616303         0.000000000000
        0.818292462832         0.753302347491         0.730551407911         0.706434564323         0.701923146432         0.698809276155         0.698863190220         0.698858672198         0.699121627867         0.699257269743         0.699374440496         0.699445745573         0.699501752900         0.699544394305         0.699580570989         0.699611481646         0.699638560960         0.699662249700         0.699682991765         0.699701075834         0.699716790721         0.699730394358         0.699742131485         0.699752226857         0.699760886476         0.699768297221         0.699774624500         0.699780016390         0.699784601039         0.699788491983         0.699791788640         0.699794577700         0.699796934011         0.699798922586         0.699800597804         0.699802006192         0.699803188322         0.699804177622         0.699805004099         0.699805692772         0.699806264361         0.699806736360         0.699807123330         0.699807437350         0.699807688301         0.699807884147         0.699808031143         0.699808134012         0.699808196074         0.699808219342         0.699808204578         0.699808151313         0.699808057839         0.699807921152         0.699807736877         0.699807499134         0.699807200378         0.699806831190         0.699806380003         0.699805832792         0.699805172687         0.699804379509         0.699803429218         0.699802293391         0.699800938756         0.699799326401         0.699797410188         0.699795136719         0.699792442367         0.699789253494         0.699785485107         0.699781038951         0.699775801710         0.699769644041         0.699762418368         0.699753958645         0.699744076201         0.699732558135         0.699719171137         0.699703661405         0.699685756011         0.699665167697         0.699641608579         0.699614803637         0.699584515978         0.699550570579         0.699512842953         0.699471100424         0.699424338680         0.699368660502         0.699291237162         0.699154808971         0.698859742269         0.698159623685         0.696479287644         0.692565325815         0.683782705259         0.664653704238         0.622560604982         0.512716616304         0.000000000000
        0.818292462832         0.753302347491         0.730551407913         0.706434564326         0.701923146438         0.698809276163         0.698863190231         0.698858672213         0.699121627882         0.699257269761         0.699374440517         0.699445745596         0.699501752925         0.699544394328         0.699580571011         0.699611481668         0.699638560981         0.699662249719         0.699682991785         0.699701075855         0.699716790741         0.699730394377         0.699742131503         0.699752226873         0.699760886490         0.699768297232         0.699774624509         0.699780016402         0.699784601053         0.699788491999         0.699791788659         0.699794577722         0.699796934037         0.699798922617         0.699800597840         0.699802006233         0.699803188368         0.699804177673         0.699805004154         0.699805692831         0.699806264424         0.699806736426         0.699807123400         0.699807437423         0.699807688376         0.699807884224         0.699808031222         0.699808134093         0.699808196156         0.699808219425         0.699808204662         0.699808151397         0.699808057923         0.699807921236         0.699807736960         0.699807499216         0.699807200460         0.699806831269         0.699806380081         0.699805832869         0.699805172762         0.699804379582         0.699803429289         0.699802293459         0.699800938823         0.699799326466         0.699797410250         0.699795136778         0.699792442423         0.699789253548         0.699785485158         0.699781038998         0.699775801753         0.699769644080         0.699762418403         0.699753958677         0.699744076227         0.699732558157         0.699719171154         0.699703661418         0.699685756020         0.699665167703         0.699641608580         0.699614803636         0.699584515975         0.699550570575         0.699512842946         0.699471100416         0.699424338672         0.699368660494         0.699291237155         0.699154808965         0.698859742265         0.698159623682         0.696479287643         0.692565325814         0.683782705259         0.664653704238         0.622560604982         0.512716616304         0.000000000000
        0.818292462832         0.753302347492         0.730551407914         0.706434564328         0.701923146442         0.698809276170         0.698863190241         0.698858672225         0.699121627894         0.699257269776         0.699374440533         0.699445745615         0.699501752945         0.699544394346         0.699580571027         0.699611481684         0.699638560995         0.699662249731         0.699682991796         0.699701075865         0.699716790750         0.699730394383         0.699742131508         0.699752226875         0.699760886489         0.699768297227         0.699774624502         0.699780016395         0.699784601046         0.699788491992         0.699791788652         0.699794577716         0.699796934032         0.699798922613         0.699800597839         0.699802006234         0.699803188371         0.699804177678         0.699805004161         0.699805692841         0.699806264435         0.699806736439         0.699807123415         0.699807437439         0.699807688393         0.699807884243         0.699808031241         0.699808134113         0.699808196177         0.699808219446         0.699808204683         0.699808151419         0.699808057945         0.699807921258         0.699807736982         0.699807499238         0.699807200482         0.699806831291         0.699806380103         0.699805832891         0.699805172783         0.699804379603         0.699803429309         0.699802293479         0.699800938843         0.699799326486         0.699797410270         0.699795136798         0.699792442443         0.699789253568         0.699785485178         0.699781039017         0.699775801771         0.699769644098         0.699762418420         0.699753958693         0.699744076242         0.699732558170         0.699719171166         0.699703661428         0.699685756030         0.699665167712         0.699641608588         0.699614803643         0.699584515981         0.699550570580         0.699512842949         0.699471100418         0.699424338673         0.699368660495         0.699291237156         0.699154808965         0.698859742265         0.698159623682         0.696479287642         0.692565325814         0.683782705259         0.664653704238         0.622560604982         0.512716616304         0.000000000000
        0.818292462832         0.753302347492         0.730551407915         0.706434564330         0.701923146446         0.698809276176         0.698863190250         0.698858672238         0.699121627908         0.699257269794         0.699374440556         0.699445745643         0.699501752976         0.699544394374         0.699580571051         0.699611481717         0.699638561027         0.699662249762         0.699682991825         0.699701075892         0.699716790774         0.699730394404         0.699742131526         0.699752226889         0.699760886499         0.699768297232         0.699774624504         0.699780016396         0.699784601044         0.699788491989         0.699791788648         0.699794577711         0.699796934026         0.699798922608         0.699800597835         0.699802006231         0.699803188369         0.699804177676         0.699805004160         0.699805692840         0.699806264435         0.699806736440         0.699807123417         0.699807437441         0.699807688396         0.699807884246         0.699808031245         0.699808134117         0.699808196181         0.699808219451         0.699808204688         0.699808151425         0.699808057950         0.699807921264         0.699807736988         0.699807499244         0.699807200488         0.699806831297         0.699806380109         0.699805832897         0.699805172789         0.699804379609         0.699803429316         0.699802293486         0.699800938849         0.699799326492         0.699797410276         0.699795136805         0.699792442450         0.699789253576         0.699785485185         0.699781039024         0.699775801778         0.699769644105         0.699762418427         0.699753958700         0.699744076248         0.699732558176         0.699719171172         0.699703661433         0.699685756035         0.699665167716         0.699641608592         0.699614803647         0.699584515984         0.699550570583         0.699512842951         0.699471100420         0.699424338675         0.699368660496         0.699291237156         0.699154808966         0.698859742265         0.698159623682         0.696479287642         0.692565325814         0.683782705259         0.664653704238         0.622560604982         0.512716616304         0.000000000000
        0.818292462832         0.753302347492         0.730551407916         0.706434564334         0.701923146454         0.698809276192         0.698863190277         0.698858672278         0.699121627962         0.699257269870         0.699374440663         0.699445745789         0.699501753139         0.699544394533         0.699580571178         0.699611481938         0.699638561256         0.699662249992         0.699682992047         0.699701076104         0.699716790972         0.699730394586         0.699742131690         0.699752227036         0.699760886627         0.699768297343         0.699774624598         0.699780016478         0.699784601114         0.699788492048         0.699791788697         0.699794577752         0.699796934060         0.699798922636         0.699800597858         0.699802006250         0.699803188384         0.699804177689         0.699805004171         0.699805692850         0.699806264443         0.699806736447         0.699807123423         0.699807437446         0.699807688401         0.699807884250         0.699808031249         0.699808134120         0.699808196184         0.699808219454         0.699808204691         0.699808151427         0.699808057952         0.699807921266         0.699807736990         0.699807499246         0.699807200490         0.699806831299         0.699806380111         0.699805832898         0.699805172791         0.699804379611         0.699803429318         0.699802293488         0.699800938851         0.699799326494         0.699797410279         0.699795136808         0.699792442453         0.699789253579         0.699785485189         0.699781039028         0.699775801782         0.699769644108         0.699762418430         0.699753958703         0.699744076251         0.699732558179         0.699719171174         0.699703661436         0.699685756037         0.699665167718         0.699641608594         0.699614803648         0.699584515985         0.699550570584         0.699512842952         0.699471100421         0.699424338676         0.699368660497         0.699291237157         0.699154808966         0.698859742265         0.698159623683         0.696479287643         0.692565325814         0.683782705259         0.664653704238         0.622560604982         0.512716616304         0.000000000000
        0.818292462832         0.753302347495         0.730551407926         0.706434564356         0.701923146495         0.698809276263         0.698863190388         0.698858672438         0.699121628172         0.699257270145         0.699374441044         0.699445746295         0.699501753673         0.699544395007         0.699580571610         0.699611482573         0.699638561885         0.699662250631         0.699682992646         0.699701076675         0.699716791500         0.699730395070         0.699742132127         0.699752227426         0.699760886971         0.699768297645         0.699774624861         0.699780016706         0.699784601310         0.699788492215         0.699791788840         0.699794577873         0.699796934163         0.699798922723         0.699800597931         0.699802006312         0.699803188437         0.699804177733         0.699805004208         0.699805692881         0.699806264469         0.699806736469         0.699807123441         0.699807437461         0.699807688414         0.699807884261         0.699808031258         0.699808134128         0.699808196191         0.699808219459         0.699808204695         0.699808151431         0.699808057956         0.699807921269         0.699807736992         0.699807499248         0.699807200491         0.699806831301         0.699806380112         0.699805832900         0.699805172792         0.699804379612         0.699803429319         0.699802293489         0.699800938852         0.699799326496         0.699797410280         0.699795136809         0.699792442455         0.699789253580         0.699785485190         0.699781039029         0.699775801783         0.699769644110         0.699762418431         0.699753958705         0.699744076253         0.699732558181         0.699719171176         0.699703661438         0.699685756039         0.699665167720         0.699641608596         0.699614803651         0.699584515988         0.699550570586         0.699512842955         0.699471100424         0.699424338678         0.699368660499         0.699291237159         0.699154808968         0.698859742267         0.698159623684         0.696479287643         0.692565325815         0.683782705259         0.664653704238         0.622560604983         0.512716616304         0.000000000000
        0.818292462833         0.753302347501         0.730551407942         0.706434564389         0.701923146556         0.698809276363         0.698863190538         0.698858672646         0.699121628434         0.699257270469         0.699374441474         0.699445746840         0.699501754231         0.699544395478         0.699580572111         0.699611483162         0.699638562435         0.699662251187         0.699682993152         0.699701077151         0.699716791932         0.699730395462         0.699742132477         0.699752227736         0.699760887244         0.699768297883         0.699774625068         0.699780016885         0.699784601465         0.699788492348         0.699791788954         0.699794577970         0.699796934245         0.699798922793         0.699800597990         0.699802006362         0.699803188479         0.699804177769         0.699805004238         0.699805692906         0.699806264490         0.699806736486         0.699807123456         0.699807437474         0.699807688424         0.699807884270         0.699808031265         0.699808134134         0.699808196196         0.699808219464         0.699808204699         0.699808151434         0.699808057958         0.699807921271         0.699807736994         0.699807499249         0.699807200493         0.699806831302         0.699806380114         0.699805832901         0.699805172793         0.699804379613         0.699803429320         0.699802293490         0.699800938854         0.699799326497         0.699797410281         0.699795136810         0.699792442456         0.699789253582         0.699785485192         0.699781039032         0.699775801786         0.699769644113         0.699762418435         0.699753958709         0.699744076258         0.699732558186         0.699719171182         0.699703661444         0.699685756046         0.699665167729         0.699641608606         0.699614803661         0.699584516000         0.699550570600         0.699512842969         0.699471100439         0.699424338693         0.699368660514         0.699291237172         0.699154808980         0.698859742279         0.698159623693         0.696479287648         0.692565325818         0.683782705262         0.664653704240         0.622560604984         0.512716616305         0.000000000000
        0.818292547343         0.753302625069         0.730551923201         0.706435187259         0.701923901102         0.698810186640         0.698864254210         0.698859914782         0.699123052060         0.699258879264         0.699376236729         0.699447726165         0.699503914165         0.699546731487         0.699583071745         0.699614132926         0.699641348039         0.699665157653         0.699686004616         0.699704180948         0.699719976104         0.699733649568         0.699745447453         0.699755595322         0.699764300298         0.699771748592         0.699778107755         0.699783525485         0.699788132369         0.699792042834         0.699795356422         0.699798159835         0.699800528014         0.699802525644         0.699804208036         0.699805622705         0.699806810213         0.699807805017         0.699808636419         0.699809329316         0.699809904587         0.699810379797         0.699810769582         0.699811086053         0.699811339115         0.699811536742         0.699811685199         0.699811789213         0.699811852109         0.699811875899         0.699811861344         0.699811807972         0.699811714063         0.699811576601         0.699811391189         0.699811151918         0.699810851206         0.699810479582         0.699810025425         0.699809474645         0.699808810304         0.699808012168         0.699807056178         0.699805913863         0.699804551604         0.699802929925         0.699801002314         0.699798714563         0.699796003336         0.699792794911         0.699789003837         0.699784531230         0.699779263469         0.699773070221         0.699765802997         0.699757293006         0.699747350706         0.699735763905         0.699722297991         0.699706697133         0.699688686974         0.699667980407         0.699644288441         0.699617336166         0.699586887354         0.699552768682         0.699514858982         0.699472930260         0.699425979245         0.699370114370         0.699292510428         0.699155913165         0.698860695334         0.698160451016         0.696480016347         0.692565980138         0.683783302151         0.664654237670         0.622561063402         0.512716956266         0.000000000000
        0.818292555285         0.753302645226         0.730551963077         0.706435253515         0.701923990111         0.698810305685         0.698864414203         0.698860123722         0.699123316251         0.699259204864         0.699376629215         0.699448188814         0.699504448145         0.699547338104         0.699583750921         0.699614883601         0.699642168893         0.699666045729         0.699686956359         0.699705192033         0.699721042283         0.699734766061         0.699746609603         0.699756798953         0.699765541169         0.699773023133         0.699779412103         0.699784856436         0.699789486879         0.699793418087         0.699796750070         0.699799569680         0.699801952081         0.699803961958         0.699805655025         0.699807078935         0.699808274449         0.699809276222         0.699810113709         0.699810811835         0.699811391610         0.699811870667         0.699812263712         0.699812582918         0.699812838237         0.699813037683         0.699813187552         0.699813292598         0.699813356162         0.699813380267         0.699813365676         0.699813311914         0.699813217253         0.699813078658         0.699812891705         0.699812650454         0.699812347275         0.699811972648         0.699811514892         0.699810959841         0.699810290470         0.699809486446         0.699808523603         0.699807373334         0.699806001885         0.699804369540         0.699802429719         0.699800127925         0.699797400596         0.699794173804         0.699790361837         0.699785865637         0.699780571241         0.699774348040         0.699767047124         0.699758499639         0.699748515512         0.699736882452         0.699723365753         0.699707709519         0.699689639323         0.699668868369         0.699645107720         0.699618083379         0.699587560005         0.699553364929         0.699515378224         0.699473373810         0.699426350419         0.699370418685         0.699292757279         0.699156114322         0.698860865475         0.698160602756         0.696480158222         0.692566116767         0.683783438945         0.664654376637         0.622561201875         0.512717082132         0.000000000000
        0.818292556318         0.753302647363         0.730551967202         0.706435260385         0.701923999560         0.698810318762         0.698864433164         0.698860149670         0.699123351598         0.699259250923         0.699376687915         0.699448261311         0.699504535956         0.699547442112         0.699583872154         0.699615022734         0.699642326414         0.699666221815         0.699687151008         0.699705405017         0.699721273027         0.699735013981         0.699746873969         0.699757078923         0.699765835812         0.699773331440         0.699779733019         0.699785188949         0.699789830027         0.699793770934         0.699797111719         0.699799939267         0.699802328777         0.699804345040         0.699806043809         0.699807472756         0.699808672701         0.699809678378         0.699810519285         0.699811220395         0.699811802761         0.699812284049         0.699812678995         0.699812999798         0.699813256435         0.699813456948         0.699813607648         0.699813713301         0.699813777255         0.699813801538         0.699813786915         0.699813732908         0.699813637781         0.699813498493         0.699813310608         0.699813068167         0.699812763523         0.699812387133         0.699811927287         0.699811369790         0.699810697582         0.699809890289         0.699808923696         0.699807769119         0.699806392804         0.699804754958         0.699802808941         0.699800500202         0.699797765119         0.699794529710         0.699790708208         0.699786201534         0.699780895675         0.699774659987         0.699767345544         0.699758783529         0.699748783882         0.699737134366         0.699723600421         0.699707926173         0.699689837413         0.699669047511         0.699645267765         0.699618224442         0.699587682434         0.699553469399         0.699515465651         0.699473445461         0.699426407734         0.699370463570         0.699292791948         0.699156141263         0.698860887228         0.698160621253         0.696480174804         0.692566132406         0.683783454438         0.664654392370         0.622561217702         0.512717096903         0.000000000000
        0.818292556479         0.753302647682         0.730551967820         0.706435261449         0.701924001086         0.698810320957         0.698864436496         0.698860154369         0.699123358224         0.699259259799         0.699376699566         0.699448276073         0.699504554294         0.699547464393         0.699583898807         0.699615054092         0.699642362805         0.699666263474         0.699687198152         0.699705457778         0.699721331472         0.699735078121         0.699746943755         0.699757154259         0.699765916537         0.699773417371         0.699779823933         0.699785284593         0.699789930134         0.699793875224         0.699797219911         0.699800051086         0.699802443921         0.699804463272         0.699806164800         0.699807596281         0.699808798503         0.699809806219         0.699810648946         0.699811351663         0.699811935441         0.699812417959         0.699812813961         0.699813135663         0.699813393056         0.699813594183         0.699813745363         0.699813851365         0.699813915542         0.699813939924         0.699813925278         0.699813871124         0.699813775725         0.699813636036         0.699813447616         0.699813204501         0.699812899037         0.699812521668         0.699812060669         0.699811501832         0.699810828086         0.699810019048         0.699809050494         0.699807893751         0.699806514977         0.699804874439         0.699802925456         0.699800613471         0.699797874855         0.699794635619         0.699790810002         0.699786298929         0.699780988398         0.699774747787         0.699767428186         0.699758860812         0.699748855635         0.699737200460         0.699723660793         0.699707980803         0.699689886341         0.699669090842         0.699645305666         0.699618257147         0.699587710244         0.699553492646         0.699515484721         0.699473460762         0.699426419719         0.699370472734         0.699292798806         0.699156146348         0.698860891030         0.698160624169         0.696480177176         0.692566134494         0.683783456462         0.664654394443         0.622561219819         0.512717099005         0.000000000000
        0.818292556507         0.753302647744         0.730551967948         0.706435261670         0.701924001410         0.698810321432         0.698864437228         0.698860155415         0.699123359730         0.699259261857         0.699376702324         0.699448279631         0.699504558799         0.699547469980         0.699583905622         0.699615062274         0.699642372485         0.699666274767         0.699687211172         0.699705472613         0.699721348195         0.699735096790         0.699746964411         0.699757176913         0.699765941187         0.699773443988         0.699779852481         0.699785315020         0.699789962382         0.699793909219         0.699797255570         0.699800088322         0.699802482642         0.699804503382         0.699806206198         0.699807638868         0.699808842178         0.699809850884         0.699810694504         0.699811398026         0.699811982520         0.699812465661         0.699812862214         0.699813184389         0.699813442179         0.699813643631         0.699813795065         0.699813901252         0.699813965548         0.699813989982         0.699813975321         0.699813921086         0.699813825539         0.699813685635         0.699813496928         0.699813253454         0.699812947557         0.699812569676         0.699812108084         0.699811548568         0.699810874055         0.699810064158         0.699809094651         0.699807936858         0.699806556936         0.699804915150         0.699802964820         0.699800651388         0.699797911230         0.699794670361         0.699790843023         0.699786330154         0.699781017758         0.699774775230         0.699767453671         0.699758884310         0.699748877133         0.699737219964         0.699723678329         0.699707996420         0.699689900097         0.699669102824         0.699645315974         0.699618265895         0.699587717557         0.699553498658         0.699515489606         0.699473464607         0.699426422701         0.699370474992         0.699292800497         0.699156147556         0.698860891895         0.698160624800         0.696480177652         0.692566134882         0.683783456819         0.664654394802         0.622561220183         0.512717099369         0.000000000000
        0.818292556514         0.753302647762         0.730551967983         0.706435261730         0.701924001499         0.698810321564         0.698864437431         0.698860155705         0.699123360146         0.699259262438         0.699376703108         0.699448280653         0.699504560112         0.699547471631         0.699583907665         0.699615064764         0.699642375474         0.699666278305         0.699687215310         0.699705477395         0.699721353657         0.699735102967         0.699746971331         0.699757184598         0.699765949648         0.699773453231         0.699779862506         0.699785325819         0.699789973942         0.699793921522         0.699797268593         0.699800102039         0.699802497022         0.699804518391         0.699806221798         0.699807655022         0.699808858846         0.699809868027         0.699810712081         0.699811415997         0.699812000846         0.699812484303         0.699812881134         0.699813203549         0.699813461543         0.699813663161         0.699813814726         0.699813921010         0.699813985366         0.699814009827         0.699813995158         0.699813940881         0.699813845258         0.699813705241         0.699813516387         0.699813272729         0.699812966610         0.699812588470         0.699812126580         0.699811566727         0.699810891837         0.699810081523         0.699809111557         0.699807953267         0.699806572806         0.699804930443         0.699802979498         0.699800665415         0.699797924574         0.699794682994         0.699790854918         0.699786341291         0.699781028123         0.699774784813         0.699767462471         0.699758892330         0.699748884382         0.699737226461         0.699723684099         0.699708001494         0.699689904511         0.699669106618         0.699645319194         0.699618268592         0.699587719783         0.699553500468         0.699515491051         0.699473465741         0.699426423577         0.699370475650         0.699292800982         0.699156147905         0.698860892142         0.698160624977         0.696480177783         0.692566134986         0.683783456912         0.664654394894         0.622561220275         0.512717099455         0.000000000000
        0.818292556515         0.753302647765         0.730551967990         0.706435261742         0.701924001517         0.698810321592         0.698864437480         0.698860155779         0.699123360266         0.699259262620         0.699376703350         0.699448280978         0.699504560538         0.699547472179         0.699583908356         0.699615065620         0.699642376517         0.699666279557         0.699687216794         0.699705479130         0.699721355662         0.699735105260         0.699746973927         0.699757187508         0.699765952883         0.699773456796         0.699779866406         0.699785330055         0.699789978513         0.699793926424         0.699797273820         0.699800107581         0.699802502870         0.699804524530         0.699806228215         0.699807661704         0.699808865774         0.699809875184         0.699810719451         0.699811423562         0.699812008588         0.699812492203         0.699812889175         0.699813211712         0.699813469809         0.699813671513         0.699813823146         0.699813929479         0.699813993867         0.699814018342         0.699814003670         0.699813949372         0.699813853709         0.699813713635         0.699813524706         0.699813280954         0.699812974724         0.699812596455         0.699812134418         0.699811574400         0.699810899325         0.699810088804         0.699809118613         0.699807960080         0.699806579382         0.699804936719         0.699802985486         0.699800671102         0.699797929948         0.699794688044         0.699790859638         0.699786345676         0.699781032169         0.699774788521         0.699767465845         0.699758895376         0.699748887109         0.699737228882         0.699723686226         0.699708003343         0.699689906102         0.699669107970         0.699645320328         0.699618269531         0.699587720549         0.699553501083         0.699515491536         0.699473466117         0.699426423863         0.699370475865         0.699292801141         0.699156148022         0.698860892227         0.698160625037         0.696480177829         0.692566135024         0.683783456945         0.664654394927         0.622561220307         0.512717099484         0.000000000000
        0.818292556516         0.753302647767         0.730551967995         0.706435261751         0.701924001531         0.698810321615         0.698864437510         0.698860155821         0.699123360321         0.699259262696         0.699376703450         0.699448281110         0.699504560709         0.699547472398         0.699583908630         0.699615065961         0.699642376933         0.699666280058         0.699687217391         0.699705479832         0.699721356478         0.699735106198         0.699746974996         0.699757188714         0.699765954232         0.699773458293         0.699779868053         0.699785331855         0.699789980466         0.699793928530         0.699797276077         0.699800109986         0.699802505420         0.699804527221         0.699806231040         0.699807664655         0.699808868846         0.699809878370         0.699810722743         0.699811426951         0.699812012066         0.699812495761         0.699812892803         0.699813215402         0.699813473553         0.699813675300         0.699813826968         0.699813933327         0.699813997731         0.699814022214         0.699814007540         0.699813953231         0.699813857548         0.699813717445         0.699813528476         0.699813284677         0.699812978390         0.699812600054         0.699812137942         0.699811577840         0.699810902670         0.699810092047         0.699809121746         0.699807963094         0.699806582269         0.699804939474         0.699802988102         0.699800673574         0.699797932272         0.699794690216         0.699790861656         0.699786347539         0.699781033878         0.699774790077         0.699767467252         0.699758896636         0.699748888230         0.699737229869         0.699723687087         0.699708004085         0.699689906735         0.699669108503         0.699645320772         0.699618269895         0.699587720842         0.699553501317         0.699515491719         0.699473466257         0.699426423969         0.699370475945         0.699292801200         0.699156148067         0.698860892263         0.698160625072         0.696480177862         0.692566135059         0.683783456981         0.664654394961         0.622561220332         0.512717099503         0.000000000000
        0.818292556267         0.753302646956         0.730551966751         0.706435260261         0.701923999217         0.698810319753         0.698864436037         0.698860154510         0.699123358811         0.699259261095         0.699376701816         0.699448279233         0.699504558560         0.699547470056         0.699583906118         0.699615063271         0.699642374163         0.699666277223         0.699687214540         0.699705476988         0.699721353682         0.699735103466         0.699746972327         0.699757186092         0.699765951674         0.699773455803         0.699779865627         0.699785329483         0.699789978150         0.699793926291         0.699797273909         0.699800107883         0.699802503380         0.699804525213         0.699806229096         0.699807662799         0.699808867058         0.699809876645         0.699810721079         0.699811425346         0.699812010513         0.699812494263         0.699812891354         0.699813213998         0.699813472186         0.699813673962         0.699813825649         0.699813932020         0.699813996431         0.699814020913         0.699814006231         0.699813951905         0.699813856199         0.699813716063         0.699813527060         0.699813283224         0.699812976900         0.699812598525         0.699812136371         0.699811576224         0.699810901009         0.699810090333         0.699809119948         0.699807961235         0.699806580342         0.699804937504         0.699802986066         0.699800671476         0.699797930116         0.699794688005         0.699790859388         0.699786345202         0.699781031465         0.699774787583         0.699767464693         0.699758894035         0.699748885597         0.699737227225         0.699723684406         0.699708001415         0.699689904061         0.699669105843         0.699645318147         0.699618267326         0.699587718347         0.699553498928         0.699515489442         0.699473464157         0.699426422007         0.699370474122         0.699292799537         0.699156146537         0.698860890862         0.698160623811         0.696480176705         0.692566134052         0.683783456172         0.664654394339         0.622561219829         0.512717099149         0.000000000000
        0.818292557821         0.753302651512         0.730551974812         0.706435271157         0.701924012620         0.698810335624         0.698864454175         0.698860175291         0.699123382225         0.699259287224         0.699376730828         0.699448311166         0.699504593392         0.699547507682         0.699583946285         0.699615105785         0.699642418953         0.699666324037         0.699687263138         0.699705527274         0.699721405481         0.699735156590         0.699747026601         0.699757241401         0.699766007962         0.699773512954         0.699779923559         0.699785388119         0.699790037419         0.699793986125         0.699797334262         0.699800168701         0.699802564618         0.699804586830         0.699806291049         0.699807725019         0.699808929555         0.699809939365         0.699810783995         0.699811488433         0.699812073750         0.699812557632         0.699812954836         0.699813277574         0.699813535838         0.699813737677         0.699813889417         0.699813995826         0.699814060261         0.699814084754         0.699814070072         0.699814015736         0.699813920007         0.699813779837         0.699813590784         0.699813346880         0.699813040467         0.699812661984         0.699812199703         0.699811639411         0.699810964028         0.699810153162         0.699809182591         0.699808023632         0.699806642466         0.699804999314         0.699803047496         0.699800732512         0.699797990707         0.699794748097         0.699790918924         0.699786404117         0.699781089702         0.699774845056         0.699767521267         0.699758949611         0.699748940001         0.699737280330         0.699723736080         0.699708051452         0.699689952305         0.699669152057         0.699645362169         0.699618308953         0.699587757408         0.699553535288         0.699515522983         0.699473494708         0.699426449595         0.699370498672         0.699292821286         0.699156165831         0.698860907965         0.698160639109         0.696480190424         0.692566146360         0.683783467034         0.664654403591         0.622561227334         0.512717104395         0.000000000000
        0.818292558034         0.753302652007         0.730551975862         0.706435272642         0.701924014459         0.698810337856         0.698864457099         0.698860178688         0.699123386409         0.699259292297         0.699376736816         0.699448318086         0.699504601240         0.699547516536         0.699583956113         0.699615116652         0.699642430807         0.699666336868         0.699687276941         0.699705541953         0.699721421027         0.699735172954         0.699747043736         0.699757259278         0.699766026476         0.699773532085         0.699779943264         0.699785408350         0.699790058145         0.699794007308         0.699797355865         0.699800190694         0.699802586995         0.699804609534         0.699806314054         0.699807748297         0.699808953059         0.699809963096         0.699810807927         0.699811512544         0.699812098020         0.699812582041         0.699812979364         0.699813302202         0.699813560551         0.699813762459         0.699813914252         0.699814020701         0.699814085162         0.699814109667         0.699814094983         0.699814040630         0.699813944871         0.699813804656         0.699813615542         0.699813371560         0.699813065053         0.699812686459         0.699812224048         0.699811663606         0.699810988054         0.699810177000         0.699809206216         0.699808047023         0.699806665598         0.699805022160         0.699803070058         0.699800754733         0.699798012557         0.699794769544         0.699790939904         0.699786424627         0.699781109694         0.699774864494         0.699767540126         0.699758967780         0.699748957488         0.699737297026         0.699723751949         0.699708066438         0.699689966351         0.699669165121         0.699645374213         0.699618319935         0.699587767311         0.699553544124         0.699515530788         0.699473501551         0.699426455582         0.699370503984         0.699292825972         0.699156169955         0.698860911552         0.698160642243         0.696480193283         0.692566149078         0.683783469739         0.664654406327         0.622561230033         0.512717106789         0.000000000000
        0.818292558067         0.753302652069         0.730551975964         0.706435272781         0.701924014635         0.698810338065         0.698864457390         0.698860179050         0.699123386874         0.699259292886         0.699376737539         0.699448318952         0.699504602265         0.699547517722         0.699583957463         0.699615118179         0.699642432517         0.699666338772         0.699687279042         0.699705544257         0.699721423539         0.699735175680         0.699747046680         0.699757262442         0.699766029863         0.699773535694         0.699779947096         0.699785412406         0.699790062425         0.699794011810         0.699797360584         0.699800195627         0.699802592136         0.699804614876         0.699806319589         0.699807754016         0.699808958951         0.699809969150         0.699810814133         0.699811518887         0.699812104488         0.699812588620         0.699812986042         0.699813308965         0.699813567386         0.699813769355         0.699813921194         0.699814027678         0.699814092161         0.699814116676         0.699814101989         0.699814047622         0.699813951835         0.699813811580         0.699813622414         0.699813378367         0.699813071782         0.699812693097         0.699812230582         0.699811670024         0.699810994344         0.699810183150         0.699809212212         0.699808052857         0.699806671258         0.699805027638         0.699803075345         0.699800759823         0.699798017443         0.699794774221         0.699790944368         0.699786428878         0.699781113727         0.699774868308         0.699767543721         0.699758971153         0.699748960642         0.699737299959         0.699723754663         0.699708068935         0.699689968630         0.699669167187         0.699645376071         0.699618321589         0.699587768768         0.699553545393         0.699515531878         0.699473502475         0.699426456363         0.699370504645         0.699292826534         0.699156170424         0.698860911939         0.698160642571         0.696480193580         0.692566149365         0.683783470032         0.664654406636         0.622561230355         0.512717107105         0.000000000000
        0.818292558071         0.753302652077         0.730551975976         0.706435272799         0.701924014658         0.698810338092         0.698864457426         0.698860179096         0.699123386931         0.699259292957         0.699376737625         0.699448319054         0.699504602385         0.699547517857         0.699583957616         0.699615118350         0.699642432707         0.699666338984         0.699687279281         0.699705544525         0.699721423841         0.699735176022         0.699747047068         0.699757262881         0.699766030362         0.699773536260         0.699779947736         0.699785413127         0.699790063232         0.699794012709         0.699797361580         0.699800196722         0.699802593334         0.699804616179         0.699806320995         0.699807755524         0.699808960559         0.699809970855         0.699810815928         0.699811520769         0.699812106449         0.699812590654         0.699812988141         0.699813311122         0.699813569592         0.699813771602         0.699813923475         0.699814029982         0.699814094481         0.699814119003         0.699814104315         0.699814049937         0.699813954131         0.699813813849         0.699813624647         0.699813380556         0.699813073920         0.699812695175         0.699812232594         0.699811671963         0.699810996203         0.699810184924         0.699809213897         0.699808054447         0.699806672753         0.699805029035         0.699803076645         0.699800761026         0.699798018552         0.699794775237         0.699790945297         0.699786429723         0.699781114494         0.699774869004         0.699767544350         0.699758971721         0.699748961155         0.699737300423         0.699723755082         0.699708069313         0.699689968972         0.699669167495         0.699645376347         0.699618321835         0.699587768986         0.699553545583         0.699515532043         0.699473502618         0.699426456485         0.699370504749         0.699292826622         0.699156170496         0.698860911999         0.698160642621         0.696480193625         0.692566149408         0.683783470075         0.664654406681         0.622561230401         0.512717107153         0.000000000000
