        0.551045900752         0.585634498318         0.605935000026         0.627733025564         0.768555646134         0.686678878524         0.879640993696         1.067125974859         0.831332435146         0.723752488921         0.711664902303         0.681044608081         0.642065232084         0.767980383545         0.634339720602         0.648720734442         0.668798775671         0.601357938219         0.611093535452         0.606821105931         0.604524573017         0.616071797393         0.647057157309         0.643140735594         0.630646287385         0.685335214124         0.656608824921         1.008243825239         0.597150939978         0.606980458016         0.598434725517         0.601060353534         0.628572621956         0.657910738366         0.638523558573         0.616257580503         0.587960328910         0.593701075388         0.590999044835         0.619437688450         0.608345078485         0.595323766853         0.592506523195         0.593240361754         0.596790943252         0.623164384195         0.605227058228         0.637113974501         0.636607885627         0.844483474736         0.956944502933         0.659936360577         0.626775216680         0.587246280132         0.592621547463         0.628437401110         0.609062245298         0.598658198505         0.599579183827         0.600731687200         0.602041236964         0.600167540926         0.600034064731         0.600288972394         0.600644872818         0.601358948447         0.601020967341         0.600687109103         0.601310478257         0.602574430475         0.601253943329         0.600966982780         0.600323035121         0.600491436226         0.600949531089         0.600021266849         0.602186657596         0.603940584366         0.601500217354         0.601289528388         0.601533575802         0.601308902397         0.601379541800         0.601318411629         0.600400086739         0.600539818668         0.601985910610         0.601856788374         0.601155175087         0.600048182733         0.600133409215         0.600831427952         0.600201880052         0.598291296263         0.597345813982         0.594046213779         0.587518775767         0.567758387137         0.524607751515         0.000000000000
        0.538890644452         0.576333117622         0.602966767896         0.605151922071         0.604095592936         0.602392123665         0.602634614105         0.602097253041         0.600318823400         0.595192560287         0.580002820081         0.603200631847         0.598610671301         0.756332502576         0.728593170355         0.735346665814         0.739711030416         0.618361180146         0.625352957853         0.603225759174         0.602982774318         0.602525141403         0.602181216346         0.602156464778         0.601110014155         0.600892393037         0.600005669299         0.602065427063         0.602427870234         0.602455412977         0.602467827728         0.602421408970         0.602579324169         0.602516798341         0.602435736982         0.602582283181         0.602413374945         0.602448971107         0.602355456102         0.602571756540         0.602533624088         0.602605861642         0.602596574070         0.602638666496         0.602827908232         0.604160347742         0.675594784400         0.667394685518         0.972919902344         0.874640690991         1.062931576489         0.771144018061         0.766286468230         0.608672714105         0.605879203887         0.603224470838         0.602531395129         0.602625806750         0.602632816316         0.602624327858         0.602630428952         0.602614508579         0.602616821326         0.602622255028         0.602617546528         0.602624090683         0.602625619576         0.602624788499         0.602618047331         0.602622881039         0.602615433932         0.602617981434         0.602617515638         0.602613452109         0.602619798551         0.602601733809         0.602615768249         0.602629257196         0.602607521394         0.602605584632         0.602614240653         0.602615208817         0.602611297488         0.602610900800         0.602613105047         0.602614828126         0.602613200781         0.602607756844         0.602596015000         0.602568804179         0.602509521531         0.602390147886         0.602105842642         0.601398345015         0.599738897474         0.596825615553         0.591848227123         0.576374975416         0.530875207873         0.000000000000
        0.539125416384         0.577034298467         0.605078671243         0.606674215948         0.604687437147         0.603461439685         0.603001066259         0.602828953335         0.602730511015         0.602662337418         0.602269874508         0.602575160538         0.601926378378         0.602658318307         0.602369667449         0.602374069093         0.602682515582         0.602461701255         0.602719773912         0.602677593958         0.602663785246         0.602667153450         0.602673624971         0.602683226140         0.602641215150         0.602687406104         0.602625248294         0.602720003132         0.602667914005         0.602663794439         0.602665389672         0.602651826825         0.602649887666         0.602670260380         0.602675757232         0.602676885157         0.602660286559         0.602658399152         0.602644169304         0.602648631152         0.602661979709         0.602680012644         0.602473070922         0.605231819333         0.616269871640         0.638758379165         0.798118020435         0.766963547222         1.105058010573         0.939599400826         1.099106573914         0.918941519341         0.782127743238         0.706373697793         0.610528918661         0.608000581664         0.602334536715         0.602577801512         0.602677764645         0.602672733721         0.602665978842         0.602665845517         0.602666440845         0.602666393026         0.602666422114         0.602666261891         0.602666172056         0.602665777503         0.602665214815         0.602665362290         0.602664854159         0.602664311202         0.602664675076         0.602663944175         0.602664115301         0.602663090181         0.602663213667         0.602663907565         0.602663241578         0.602661883329         0.602662811337         0.602662595509         0.602662057345         0.602661761540         0.602661265391         0.602660555244         0.602657864874         0.602652950109         0.602641162590         0.602614569556         0.602556496453         0.602431133757         0.602147285897         0.601443305467         0.599766826284         0.596963180759         0.592208895761         0.577131878997         0.531740516737         0.000000000000
        0.539240721485         0.577122845329         0.605385081473         0.606900101922         0.604725698385         0.603512049359         0.603011361132         0.602847616073         0.602753305644         0.602691990733         0.602646672041         0.602736690418         0.602645990250         0.602711622562         0.602661815741         0.602635029932         0.602721291590         0.602655175462         0.602687841603         0.602679465615         0.602665777852         0.602672734482         0.602687525022         0.602688533933         0.602672974619         0.602683099575         0.602659906978         0.602669782263         0.602683071881         0.602675810450         0.602669146788         0.602657035542         0.602652664969         0.602672809898         0.602682937208         0.602677644704         0.602665925955         0.602663536696         0.602650616181         0.602643836380         0.602639256138         0.602788300568         0.602444669567         0.613774610097         0.637436980067         0.683026381035         0.859511625497         0.820782469014         1.140643636963         0.968746221123         1.111471584446         0.966482540929         0.823289705787         0.784763217853         0.629151282410         0.627297632846         0.602445083739         0.602609406355         0.602667081222         0.602666432316         0.602666311739         0.602667025875         0.602668437439         0.602668765092         0.602668712254         0.602668481567         0.602668270479         0.602668017803         0.602667761155         0.602667564859         0.602667315963         0.602667027586         0.602666885990         0.602666603024         0.602666422684         0.602666147202         0.602665962304         0.602665821412         0.602665609377         0.602665269555         0.602665219916         0.602664970740         0.602664691478         0.602664344038         0.602663737205         0.602662651518         0.602660238030         0.602655140013         0.602643515396         0.602616978166         0.602558344283         0.602432562333         0.602148279534         0.601446510457         0.599767866891         0.597013354353         0.592283133128         0.577317650454         0.531850160414         0.000000000000
        0.539278919334         0.577146415319         0.605426656703         0.606997642924         0.604720633966         0.603512520923         0.603014894384         0.602851230508         0.602756099385         0.602691631679         0.602663703728         0.602690051067         0.602676308694         0.602675858672         0.602675003004         0.602653140196         0.602678889631         0.602677674456         0.602672778949         0.602691624701         0.602672098768         0.602672396403         0.602688337952         0.602687233235         0.602675595797         0.602681822762         0.602663170146         0.602668631506         0.602683734787         0.602676299586         0.602669354802         0.602657259544         0.602652792878         0.602672933504         0.602683548248         0.602677711117         0.602666634131         0.602665405348         0.602654366369         0.602643241268         0.602635614053         0.603127392021         0.602961190690         0.625188283845         0.652944072370         0.708225124127         0.884149287949         0.843405801770         1.149992701482         0.981056664695         1.118328309759         0.990983835069         0.845375493487         0.822628904665         0.646725112184         0.647458426861         0.603881246441         0.603098555722         0.602707231723         0.602641695145         0.602665728486         0.602668403733         0.602668759137         0.602668799982         0.602668794603         0.602668639418         0.602668423369         0.602668184659         0.602667944094         0.602667711708         0.602667476440         0.602667237729         0.602667024269         0.602666793811         0.602666583373         0.602666364135         0.602666159476         0.602665962533         0.602665763121         0.602665545575         0.602665364491         0.602665139075         0.602664877752         0.602664518812         0.602663917508         0.602662784446         0.602660415176         0.602655288358         0.602643688093         0.602617158272         0.602558439225         0.602432658775         0.602148297450         0.601446672390         0.599767424749         0.597017574726         0.592290074226         0.577334862463         0.531861406811         0.000000000000
        0.539283782930         0.577150044318         0.605424980267         0.607005377261         0.604720568537         0.603512909184         0.603015076540         0.602851526187         0.602756359236         0.602691832441         0.602665171306         0.602689471173         0.602677967642         0.602675164204         0.602675172086         0.602656528949         0.602679437137         0.602678828689         0.602673132169         0.602692226920         0.602672514690         0.602672444462         0.602688524381         0.602687062561         0.602675902782         0.602681618376         0.602663508967         0.602668634650         0.602683832799         0.602676324292         0.602669371705         0.602657278701         0.602652808568         0.602672973804         0.602683671353         0.602677818408         0.602667156007         0.602667184550         0.602657628406         0.602642782851         0.602636659663         0.603419133828         0.603414339502         0.631645538497         0.661288538941         0.721842826254         0.895088548665         0.854319867453         1.153844971026         0.986606528377         1.121015798166         1.001182592391         0.853945858582         0.838156979964         0.654630178623         0.656347732015         0.605172835603         0.603493208330         0.602771206152         0.602633726237         0.602667911838         0.602669909184         0.602669235204         0.602668858659         0.602668811674         0.602668666774         0.602668442994         0.602668201382         0.602667960647         0.602667723423         0.602667488926         0.602667257439         0.602667033573         0.602666811047         0.602666595786         0.602666383081         0.602666176330         0.602665973993         0.602665774466         0.602665573035         0.602665373359         0.602665153649         0.602664893633         0.602664532765         0.602663933762         0.602662794007         0.602660431402         0.602655299837         0.602643703014         0.602617174344         0.602558443751         0.602432668492         0.602148293467         0.601446658445         0.599767316817         0.597017659419         0.592290935684         0.577335981990         0.531862847896         0.000000000000
        0.539284378750         0.577150652296         0.605423966309         0.607006732132         0.604720566210         0.603512990943         0.603015103862         0.602851572185         0.602756393042         0.602691819765         0.602665256499         0.602689445837         0.602678108712         0.602674898381         0.602674989563         0.602659636006         0.602683099584         0.602678764310         0.602673201436         0.602692268220         0.602672617977         0.602672504202         0.602688575114         0.602687050504         0.602675948854         0.602681590933         0.602663557915         0.602668651741         0.602683845263         0.602676320544         0.602669371994         0.602657276033         0.602652794520         0.602672944182         0.602683591126         0.602677543325         0.602666481473         0.602665829685         0.602655149353         0.602633072389         0.602597148868         0.603782627049         0.603590042586         0.634251594840         0.664125425336         0.727079714253         0.898587400171         0.858534481715         1.155074245784         0.988948115091         1.122232707689         1.006233406093         0.857745054793         0.845273092330         0.658502735510         0.660823971772         0.606047702250         0.604018704304         0.602759162842         0.602612469343         0.602668052969         0.602670267609         0.602668992816         0.602668633687         0.602668749140         0.602668659851         0.602668441553         0.602668200812         0.602667961391         0.602667724224         0.602667489931         0.602667259515         0.602667034106         0.602666812857         0.602666596738         0.602666384948         0.602666177902         0.602665974993         0.602665775278         0.602665576105         0.602665373724         0.602665155104         0.602664895123         0.602664533952         0.602663935415         0.602662794663         0.602660433087         0.602655300738         0.602643704397         0.602617175906         0.602558443668         0.602432669396         0.602148291946         0.601446653684         0.599767296059         0.597017643606         0.592291103079         0.577336113206         0.531863175034         0.000000000000
        0.539222521855         0.577242414398         0.605533900259         0.607080595029         0.604750782020         0.603539337723         0.603025857763         0.602849191283         0.602744902985         0.602680693683         0.602663257521         0.602688217701         0.602669383398         0.602667319801         0.602665727718         0.602654761392         0.602686136808         0.602678787267         0.602681150335         0.602697788739         0.602675236537         0.602685280809         0.602706797393         0.602704608897         0.602692487802         0.602692193057         0.602671045154         0.602684477309         0.602703856374         0.602694469427         0.602680449748         0.602661724880         0.602659238226         0.602694749363         0.602708787215         0.602701445172         0.602690040359         0.602687568981         0.602678897228         0.602651610238         0.602648469871         0.604694642317         0.605093876015         0.643995852577         0.677924542763         0.746339333267         0.919857555581         0.879888594374         1.165369028721         1.006884840921         1.134004131620         1.023130307710         0.878380654802         0.866623389020         0.671691190796         0.673603463566         0.608113112386         0.604945463278         0.602875175284         0.602643396834         0.602703667908         0.602704476198         0.602700898410         0.602699728063         0.602699813727         0.602699855830         0.602699795372         0.602699727967         0.602699670625         0.602699618470         0.602699569892         0.602699525490         0.602699485817         0.602699450599         0.602699420246         0.602699394426         0.602699373268         0.602699356334         0.602699342615         0.602699329829         0.602699313335         0.602699280705         0.602699205578         0.602699026243         0.602698601596         0.602697612934         0.602695349704         0.602690198845         0.602678353611         0.602651053444         0.602590236737         0.602460058337         0.602169669940         0.601466159281         0.599790733527         0.597036563196         0.592263149516         0.577354922346         0.531847896679         0.000000000000
        0.539176283185         0.577262393704         0.605584330402         0.607108885618         0.604782679654         0.603579789107         0.603058010825         0.602853351428         0.602745851855         0.602682708043         0.602668205838         0.602698797047         0.602688531270         0.602702891483         0.602709717250         0.602703917840         0.602715373345         0.602702984124         0.602710013685         0.602714694775         0.602703214207         0.602711179712         0.602708768934         0.602711577856         0.602710135185         0.602715349717         0.602701952956         0.602709141666         0.602709539618         0.602710322304         0.602713625830         0.602707832805         0.602700480614         0.602708923685         0.602710932007         0.602710450509         0.602708756119         0.602717991718         0.602719316918         0.602674865752         0.602635227995         0.606707458119         0.607678340566         0.660873922434         0.701137699879         0.775862127858         0.952619148979         0.908527033834         1.178689213592         1.025887996943         1.144846751341         1.041140088797         0.903702686135         0.895255820630         0.692009392111         0.695247281269         0.613386071104         0.607739884583         0.602997353900         0.602630779618         0.602712172064         0.602712792425         0.602708135835         0.602706567107         0.602706634136         0.602706689233         0.602706636693         0.602706583661         0.602706546234         0.602706516150         0.602706490482         0.602706469530         0.602706453613         0.602706442607         0.602706436699         0.602706435716         0.602706439670         0.602706448175         0.602706460235         0.602706473674         0.602706483587         0.602706477904         0.602706430110         0.602706278691         0.602705882851         0.602704923732         0.602702690122         0.602697573702         0.602685796703         0.602658613588         0.602597717115         0.602466814795         0.602176160067         0.601474664938         0.599797627848         0.597041539351         0.592245004717         0.577354767144         0.531847672373         0.000000000000
        0.539156782007         0.577269795092         0.605618212119         0.607121270472         0.604798370339         0.603605317672         0.603098926934         0.602894010134         0.602771367804         0.602701453838         0.602668250042         0.602709012102         0.602714790315         0.602715108306         0.602711379110         0.602710691817         0.602715510614         0.602710965338         0.602713676987         0.602714819399         0.602711104647         0.602714650572         0.602712925617         0.602713613480         0.602712831032         0.602714643507         0.602709956646         0.602712780290         0.602712138426         0.602712314496         0.602713288662         0.602711299964         0.602708751571         0.602711378161         0.602711857475         0.602711731128         0.602711379232         0.602715907991         0.602717764100         0.602692944836         0.602635829336         0.610999280887         0.612779050831         0.680115302567         0.724764567918         0.801815618790         0.978742386659         0.930634583491         1.188290494683         1.039253927324         1.152527082714         1.054781766262         0.923961813374         0.918902995144         0.711791557979         0.717016034929         0.621224246369         0.612543865473         0.603264354230         0.602618242088         0.602713833913         0.602713510555         0.602710133005         0.602708729944         0.602708926206         0.602709060320         0.602709039259         0.602708999467         0.602708970382         0.602708946903         0.602708927056         0.602708911668         0.602708901281         0.602708895958         0.602708895835         0.602708900830         0.602708910907         0.602708925703         0.602708944251         0.602708964391         0.602708981114         0.602708982518         0.602708941993         0.602708798112         0.602708410177         0.602707459351         0.602705234209         0.602700126610         0.602688364178         0.602661208836         0.602600303248         0.602469221435         0.602178473994         0.601477864729         0.599799642859         0.597042694321         0.592240578670         0.577354735412         0.531847134176         0.000000000000
        0.539150934674         0.577272410505         0.605637334760         0.607122991102         0.604802135853         0.603604270216         0.603112694272         0.602905989849         0.602803102578         0.602747095475         0.602715458087         0.602721085089         0.602714648953         0.602716220611         0.602714596988         0.602714275522         0.602715598529         0.602713808303         0.602714741023         0.602714891601         0.602713639054         0.602714904764         0.602714103250         0.602714307923         0.602713877608         0.602714390635         0.602712662541         0.602713642969         0.602713207638         0.602713246435         0.602713410916         0.602712600765         0.602711669843         0.602712431271         0.602712462513         0.602712259319         0.602711257677         0.602708737035         0.602715496181         0.602775084275         0.602723919871         0.617318211792         0.619943418582         0.699403331983         0.747143524164         0.824583201457         1.000026269227         0.948415737413         1.195655042443         1.049290143669         1.157916939861         1.064362810634         0.939055506257         0.936537572024         0.728140506440         0.735154351230         0.628448962754         0.617420449026         0.603663395499         0.602625692490         0.602719609278         0.602711616613         0.602710342587         0.602709296736         0.602709611596         0.602709813046         0.602709825604         0.602709799976         0.602709777147         0.602709757049         0.602709739426         0.602709725774         0.602709716942         0.602709713175         0.602709714620         0.602709721260         0.602709733039         0.602709749606         0.602709770016         0.602709792107         0.602709810824         0.602709814352         0.602709776020         0.602709634447         0.602709248954         0.602708300715         0.602706078278         0.602700973378         0.602689213956         0.602662061714         0.602601146042         0.602470014998         0.602179264987         0.601479035993         0.599800226538         0.597042953262         0.592239628965         0.577354749291         0.531846936486         0.000000000000
        0.539149589196         0.577273500787         0.605647973267         0.607121968044         0.604803751993         0.603603447831         0.603115589052         0.602905954021         0.602801770060         0.602750676222         0.602726169595         0.602722388128         0.602717240883         0.602716923923         0.602715650721         0.602715408668         0.602715630614         0.602714853983         0.602715133454         0.602714997785         0.602714529388         0.602714933051         0.602714502499         0.602714517212         0.602714249033         0.602714313011         0.602713618722         0.602713923954         0.602713624658         0.602713585475         0.602713507296         0.602713127376         0.602712762258         0.602712953646         0.602713060854         0.602713453753         0.602712828654         0.602705925186         0.602728702343         0.602930713770         0.602948206756         0.624087083697         0.627439447224         0.716979724029         0.766889632634         0.843892711991         1.017385756889         0.962784292550         1.201523026964         1.057115671781         1.161791045223         1.071247533894         0.950130133224         0.949334416287         0.741170428843         0.749671810665         0.635028178874         0.622323744273         0.604262082100         0.602659059003         0.602728501926         0.602707026094         0.602709709456         0.602709354949         0.602709725301         0.602709963768         0.602710013793         0.602710005667         0.602709988703         0.602709970877         0.602709954452         0.602709941509         0.602709933163         0.602709929821         0.602709931673         0.602709938745         0.602709950974         0.602709968018         0.602709988947         0.602710011591         0.602710030876         0.602710035032         0.602709997353         0.602709856484         0.602709471749         0.602708524327         0.602706302791         0.602701198851         0.602689440240         0.602662287584         0.602601365882         0.602470221377         0.602179483260         0.601479425844         0.599800369183         0.597042990203         0.592239481234         0.577354736800         0.531846907454         0.000000000000
        0.539149464370         0.577273945299         0.605653899626         0.607120389300         0.604804627020         0.603603342828         0.603116685338         0.602906248979         0.602801789310         0.602752080632         0.602729882737         0.602722692660         0.602718280109         0.602717137733         0.602716032771         0.602715754155         0.602715620088         0.602715215175         0.602715241166         0.602715039781         0.602714818255         0.602714891476         0.602714615905         0.602714548676         0.602714351314         0.602714265416         0.602713935950         0.602713982525         0.602713757596         0.602713678089         0.602713540014         0.602713325815         0.602713149856         0.602713154905         0.602713402704         0.602714334307         0.602713764621         0.602701840914         0.602742849761         0.603117842931         0.603254834482         0.630210615966         0.634024546573         0.730804265088         0.782203453930         0.858393868361         1.030202439007         0.973489606368         1.205782290250         1.063072438099         1.164855784343         1.076611239994         0.959004789537         0.959615205958         0.752154071321         0.762097519906         0.641416280059         0.627157893553         0.605299259342         0.602708572739         0.602744007724         0.602699927698         0.602708248277         0.602709206357         0.602709648357         0.602709902500         0.602709999914         0.602710017741         0.602710008745         0.602709993319         0.602709977989         0.602709965583         0.602709957471         0.602709954248         0.602709956180         0.602709963334         0.602709975647         0.602709992783         0.602710013822         0.602710036591         0.602710056004         0.602710060317         0.602710022803         0.602709882124         0.602709497601         0.602708550419         0.602706329174         0.602701225601         0.602689467315         0.602662314289         0.602601389821         0.602470242091         0.602179513123         0.601479536499         0.599800386769         0.597042980064         0.592239492350         0.577354712597         0.531846923163         0.000000000000
        0.539149576113         0.577274093463         0.605657243864         0.607118885126         0.604805097632         0.603603365489         0.603117046590         0.602906394280         0.602801927066         0.602752665132         0.602731246363         0.602722889955         0.602718732156         0.602717206900         0.602716191238         0.602715855224         0.602715604565         0.602715332090         0.602715253080         0.602715049180         0.602714899184         0.602714843314         0.602714635745         0.602714531193         0.602714364549         0.602714232077         0.602714030468         0.602713973797         0.602713789319         0.602713690758         0.602713551747         0.602713416527         0.602713328997         0.602713357952         0.602713985147         0.602715951515         0.602716494164         0.602702011530         0.602767902362         0.603330250330         0.603589171266         0.635687557686         0.639776948047         0.741945915740         0.794365578066         0.869597200945         1.039885153527         0.981662831874         1.208948826332         1.067820734437         1.167475593306         1.081191741669         0.966636217463         0.968455374054         0.761964045037         0.773098128990         0.647474326266         0.631855452830         0.606699949652         0.602797477618         0.602775441210         0.602695597540         0.602708561065         0.602709801861         0.602709792033         0.602709889403         0.602709979746         0.602710000336         0.602709988458         0.602709970944         0.602709954970         0.602709942374         0.602709934149         0.602709930852         0.602709932735         0.602709939858         0.602709952150         0.602709969271         0.602709990305         0.602710013075         0.602710032490         0.602710036819         0.602709999324         0.602709858675         0.602709474193         0.602708527066         0.602706305904         0.602701202474         0.602689444355         0.602662291217         0.602601365609         0.602470217438         0.602179493821         0.601479556601         0.599800376161         0.597042966039         0.592239520240         0.577354689598         0.531846942310         0.000000000000
        0.539115833952         0.576973884463         0.605238627263         0.606737469868         0.604498658489         0.603291013021         0.602835179717         0.602650876098         0.602559111821         0.602514518867         0.602495475623         0.602487793384         0.602484279455         0.602482779636         0.602481930419         0.602481563967         0.602481302514         0.602481152833         0.602481141251         0.602481078338         0.602481664576         0.602484901307         0.602489462578         0.602491617193         0.602492584657         0.602492793997         0.602492723183         0.602492624226         0.602492456509         0.602492321082         0.602492168567         0.602492045220         0.602491966660         0.602492047095         0.602493075801         0.602496214321         0.602498787950         0.602484245224         0.602570332815         0.603274975524         0.603692733258         0.639549756458         0.644004788931         0.750539567453         0.803791611518         0.878191979406         1.047249736840         0.987959234417         1.211298561247         1.071675441643         1.169799070430         1.085222965811         0.973339519667         0.976261563490         0.770760288207         0.783008696861         0.653250192606         0.636413334545         0.608291548804         0.602729417742         0.602607369738         0.602472785630         0.602487882430         0.602487962730         0.602486497085         0.602485899232         0.602485700519         0.602485529256         0.602485346498         0.602485168805         0.602484997145         0.602484828794         0.602484662807         0.602484499126         0.602484337796         0.602484178814         0.602484022103         0.602483867368         0.602483713791         0.602483559364         0.602483399323         0.602483222617         0.602483003863         0.602482684567         0.602482130106         0.602481034382         0.602478710263         0.602473592426         0.602461998645         0.602435417805         0.602375883466         0.602247015937         0.601958822318         0.601264177470         0.599597835057         0.596791776557         0.592102064991         0.577120122894         0.531521916474         0.000000000000
        0.539104331536         0.576834400903         0.604989279782         0.606569600278         0.604400577031         0.603216515969         0.602767658248         0.602588805687         0.602499202039         0.602455697429         0.602437128071         0.602429482494         0.602426075538         0.602424540598         0.602423731634         0.602423332622         0.602423046265         0.602422859917         0.602422753341         0.602422485616         0.602422237085         0.602424531394         0.602427511109         0.602431960625         0.602434014230         0.602434986909         0.602435194732         0.602435139159         0.602434989756         0.602434842839         0.602434691379         0.602434575820         0.602434506784         0.602434636079         0.602435948159         0.602439869000         0.602443465393         0.602427164119         0.602531721169         0.603370415410         0.603886924282         0.642958162988         0.647603036728         0.757655884346         0.811599442966         0.885428961843         1.053399299332         0.993217615250         1.213206027951         1.074905484288         1.171783952381         1.088628653882         0.978960887781         0.982763636081         0.778213696729         0.791444366686         0.658345098738         0.640417920434         0.609953130854         0.602818704685         0.602605556636         0.602412364185         0.602430882729         0.602431330279         0.602429154925         0.602428195588         0.602427919365         0.602427730330         0.602427533441         0.602427345452         0.602427167139         0.602426993783         0.602426823485         0.602426656484         0.602426492411         0.602426317639         0.602426086397         0.602425824294         0.602426066119         0.602427133010         0.602429477245         0.602425312348         0.602411556085         0.602407350282         0.602406909549         0.602405693170         0.602403139876         0.602397970055         0.602386462062         0.602360104786         0.602301069356         0.602172725285         0.601883645349         0.601184351056         0.599513670463         0.596716681281         0.591977961146         0.577006602986         0.531405143435         0.000000000000
        0.539081169192         0.576777213306         0.604850944153         0.606491299476         0.604356692358         0.603186689853         0.602741548835         0.602564670948         0.602475988209         0.602432958201         0.602414588553         0.602406969262         0.602403600696         0.602402050231         0.602401257869         0.602400842989         0.602400551415         0.602400354075         0.602400261811         0.602400182529         0.602399980185         0.602400948025         0.602405428827         0.602409723177         0.602411783375         0.602412690304         0.602412898249         0.602412839811         0.602412690863         0.602412534260         0.602412382929         0.602412271305         0.602412206465         0.602412377437         0.602413971584         0.602418621561         0.602422519476         0.602401206033         0.602522574725         0.603634869233         0.604255365286         0.646469872314         0.651105459396         0.763725709537         0.818052310849         0.891296535147         1.058267821820         0.997479694946         1.214664459245         1.077650869255         1.173616464389         1.091784352397         0.984150199239         0.988778591871         0.785169971826         0.799342174445         0.663622343578         0.644739137003         0.612306369426         0.603018147575         0.602667695342         0.602390924980         0.602410312752         0.602410879902         0.602407540139         0.602405938528         0.602405490009         0.602405258363         0.602405039506         0.602404838791         0.602404654154         0.602404477881         0.602404305801         0.602404123383         0.602403884168         0.602403612271         0.602403842572         0.602404922278         0.602407154628         0.602402678874         0.602389449421         0.602385016804         0.602383338004         0.602382166350         0.602381623124         0.602380590229         0.602378363211         0.602373389771         0.602361991216         0.602335736796         0.602276833850         0.602148553407         0.601859367800         0.601159548088         0.599488615952         0.596687316378         0.591944151714         0.576951783624         0.531358633497         0.000000000000
        0.539052270962         0.576747096181         0.604765189451         0.606449990218         0.604335571342         0.603174319105         0.602731451875         0.602555441173         0.602467207992         0.602424415972         0.602406146932         0.602398550350         0.602395199464         0.602393644059         0.602392860361         0.602392437261         0.602392143026         0.602391921893         0.602391765371         0.602391650143         0.602391412651         0.602391396597         0.602394016232         0.602396771551         0.602401124424         0.602403158643         0.602404132203         0.602404337285         0.602404257489         0.602404114949         0.602403968804         0.602403855418         0.602403777012         0.602403929165         0.602405571447         0.602410311729         0.602413915893         0.602388038757         0.602522310709         0.603995982388         0.604704156588         0.649845099051         0.654576825118         0.769123613114         0.823694696705         0.896281126204         1.062272792410         1.001067618553         1.215845104820         1.080041533051         1.175280990447         1.094649200948         0.988860259570         0.994248652813         0.791474517773         0.806438286531         0.668421846329         0.648655971359         0.614487123079         0.603220246288         0.602734839723         0.602382756107         0.602404671246         0.602404325147         0.602399691963         0.602397590706         0.602397040332         0.602396783235         0.602396547501         0.602396337432         0.602396149303         0.602395971413         0.602395783904         0.602395535360         0.602395252473         0.602395519426         0.602396676907         0.602398808895         0.602394067218         0.602380147713         0.602374471898         0.602373235749         0.602372937945         0.602372226099         0.602371707979         0.602370733168         0.602368569942         0.602363637544         0.602352271766         0.602326057901         0.602267205388         0.602138963808         0.601849874835         0.601150135760         0.599480083211         0.596674801384         0.591933333731         0.576925106797         0.531338169809         0.000000000000
        0.539034037965         0.576733090096         0.604717702436         0.606430087745         0.604325871025         0.603169067751         0.602727555068         0.602551984607         0.602463978962         0.602421301300         0.602403080415         0.602395497606         0.602392154543         0.602390597214         0.602389817945         0.602389390562         0.602389097709         0.602388871325         0.602388698183         0.602388608770         0.602388558045         0.602388451119         0.602389529912         0.602393844435         0.602398065954         0.602400129807         0.602401039334         0.602401244306         0.602401174794         0.602401031434         0.602400882312         0.602400759757         0.602400647721         0.602400728460         0.602402411244         0.602407531995         0.602410781435         0.602372950243         0.602510776730         0.604540438860         0.605490221888         0.653665900987         0.658369670865         0.774665498581         0.829357077313         0.901177129490         1.066114891932         1.004488056983         1.216971070923         1.082237055774         1.176745697506         1.097168245028         0.993023961802         0.999057019471         0.797111930485         0.812746373678         0.672737218057         0.652167442729         0.616427090942         0.603411206909         0.602807294920         0.602379534989         0.602403734945         0.602402934361         0.602397248600         0.602394654190         0.602393981759         0.602393693615         0.602393440705         0.602393221471         0.602393029738         0.602392849747         0.602392655624         0.602392395812         0.602392148234         0.602392526753         0.602393627158         0.602395552272         0.602390189071         0.602374561475         0.602369516871         0.602369061046         0.602368929968         0.602368326251         0.602367792741         0.602366823544         0.602364672349         0.602359751352         0.602348399015         0.602322204065         0.602263373574         0.602135153094         0.601846142084         0.601146482854         0.599477133293         0.596669462242         0.591929337883         0.576911963069         0.531328796572         0.000000000000
        0.539023886984         0.576726360362         0.604692107435         0.606420314625         0.604321351816         0.603166808964         0.602726054472         0.602550690606         0.602462798230         0.602420176156         0.602401978795         0.602394403862         0.602391064500         0.602389506491         0.602388729694         0.602388299816         0.602388007775         0.602387779967         0.602387602707         0.602387513484         0.602387479804         0.602387287335         0.602387916850         0.602392788623         0.602396961564         0.602399043375         0.602399931268         0.602400131819         0.602400063553         0.602399919515         0.602399770775         0.602399646480         0.602399524938         0.602399587313         0.602401259243         0.602406151076         0.602409399371         0.602370794646         0.602535760511         0.605148346421         0.606383983405         0.657133585462         0.661776999330         0.779595049708         0.834361063070         0.905505053393         1.069502399312         1.007505198910         1.217959311750         1.084158919987         1.178007481358         1.099336973470         0.996588019149         1.003183026943         0.801954620713         0.818169483398         0.676505614863         0.655292438351         0.618207584033         0.603601026593         0.602882576653         0.602379988550         0.602405013260         0.602403512187         0.602396812774         0.602393723264         0.602392916887         0.602392593932         0.602392323847         0.602392095795         0.602391900495         0.602391718464         0.602391521030         0.602391260013         0.602391040670         0.602391384495         0.602392380831         0.602394066708         0.602388270008         0.602372610007         0.602367528166         0.602367391848         0.602367277768         0.602366736706         0.602366202298         0.602365237643         0.602363091558         0.602358175831         0.602346830151         0.602320644656         0.602261824448         0.602133614458         0.601844648498         0.601145026643         0.599476110922         0.596667165475         0.591927664672         0.576905401532         0.531324388416         0.000000000000
        0.539018344966         0.576723061823         0.604678467630         0.606415375215         0.604319184639         0.603165799168         0.602725464792         0.602550197689         0.602462363525         0.602419769309         0.602401583752         0.602394013186         0.602390675653         0.602389117404         0.602388342026         0.602387910763         0.602387619260         0.602387390949         0.602387212687         0.602387121988         0.602387083658         0.602386850977         0.602387342136         0.602392400508         0.602396557207         0.602398650110         0.602399532839         0.602399730891         0.602399661840         0.602399515048         0.602399361795         0.602399226611         0.602399075667         0.602399065578         0.602400636858         0.602405354719         0.602409002084         0.602364395590         0.602540423469         0.605916224489         0.607363019557         0.660924531185         0.665457804727         0.784726892485         0.839480809499         0.909886710117         1.072943520102         1.010495435130         1.218980944056         1.085959887772         1.179058709513         1.101133483416         0.999553301793         1.006597650702         0.805997126318         0.822679172474         0.679723796627         0.658010612661         0.619774901589         0.603777405321         0.602955498673         0.602381045739         0.602406587321         0.602404638433         0.602397061619         0.602393503205         0.602392567993         0.602392213852         0.602391928768         0.602391692805         0.602391494292         0.602391310663         0.602391111375         0.602390850112         0.602390651529         0.602390949576         0.602391894823         0.602393382765         0.602387257299         0.602371835625         0.602366680889         0.602366712270         0.602366584843         0.602366075897         0.602365540384         0.602364578251         0.602362434483         0.602357521272         0.602346178877         0.602319998150         0.602261182902         0.602132977847         0.601844035795         0.601144427240         0.599475758684         0.596666163622         0.591926896064         0.576902088395         0.531322273461         0.000000000000
        0.539015354849         0.576721413861         0.604671246427         0.606412827647         0.604318120920         0.603165328755         0.602725226048         0.602550004408         0.602462201012         0.602419621072         0.602401441561         0.602393873380         0.602390536777         0.602388978438         0.602388203879         0.602387771853         0.602387480710         0.602387252172         0.602387073657         0.602386982254         0.602386939927         0.602386691323         0.602387136503         0.602392258299         0.602396410573         0.602398508087         0.602399389821         0.602399586701         0.602399517397         0.602399369464         0.602399214323         0.602399074132         0.602398910588         0.602398869871         0.602400382575         0.602404771662         0.602409274053         0.602363678167         0.602561296569         0.606792223956         0.608520409496         0.664866314428         0.669268420842         0.789779801755         0.844488975742         0.914170480878         1.076277915823         1.013371718259         1.219968964752         1.087596103185         1.179945875540         1.102654418877         1.002062669781         1.009480257633         0.809463068490         0.826579199740         0.682594663344         0.660435001258         0.621204816302         0.603939879297         0.603025263523         0.602382470853         0.602408198256         0.602405951629         0.602397581016         0.602393556017         0.602392483908         0.602392095822         0.602391795199         0.602391551072         0.602391349197         0.602391164126         0.602390963674         0.602390701823         0.602390517212         0.602390781444         0.602391708854         0.602393059232         0.602386713958         0.602371504730         0.602366302156         0.602366429620         0.602366286379         0.602365794002         0.602365256932         0.602364296153         0.602362153472         0.602357241484         0.602345900706         0.602319722397         0.602260909588         0.602132706704         0.601843776979         0.601144171478         0.599475639270         0.596665719345         0.591926521614         0.576900400718         0.531321242876         0.000000000000
        0.539013753990         0.576720575287         0.604667435169         0.606411494168         0.604317588826         0.603165101129         0.602725125972         0.602549925665         0.602462138861         0.602419566336         0.602401389970         0.602393823079         0.602390486960         0.602388928582         0.602388154494         0.602387722044         0.602387431134         0.602387202478         0.602387023892         0.602386932256         0.602386887857         0.602386633308         0.602387062188         0.602392205912         0.602396357427         0.602398456311         0.602399337664         0.602399533216         0.602399462619         0.602399312113         0.602399151681         0.602399000917         0.602398837554         0.602398863005         0.602400456363         0.602404084180         0.602409420673         0.602371298102         0.602603895657         0.608095267387         0.610062368008         0.669356427757         0.673599727332         0.795204598188         0.849821573785         0.918677792050         1.079829297113         1.016353749583         1.221026408189         1.089165093181         1.180673571250         1.103907067739         1.004153966527         1.011864418217         0.812451708391         0.829910056866         0.685157995742         0.662557660969         0.622490159630         0.604086783361         0.603086374460         0.602383105492         0.602409570841         0.602407098291         0.602398060264         0.602393653802         0.602392476920         0.602392064942         0.602391752701         0.602391502177         0.602391297671         0.602391111548         0.602390910406         0.602390647821         0.602390472123         0.602390714337         0.602391638090         0.602392902108         0.602386421370         0.602371357384         0.602366125811         0.602366309360         0.602366153784         0.602365670351         0.602365131873         0.602364171842         0.602362029679         0.602357118292         0.602345778312         0.602319601233         0.602260789637         0.602132587609         0.601843664185         0.601144058133         0.599475600141         0.596665518982         0.591926333015         0.576899535556         0.531320734560         0.000000000000
        0.539012900637         0.576720142984         0.604665425900         0.606410788353         0.604317318468         0.603164987368         0.602725082473         0.602549892101         0.602462114375         0.602419545730         0.602401371019         0.602393804823         0.602390468959         0.602388910559         0.602388136741         0.602387704055         0.602387413291         0.602387184570         0.602387005963         0.602386914279         0.602386868913         0.602386612203         0.602387034978         0.602392186503         0.602396338290         0.602398437535         0.602399318956         0.602399513874         0.602399442493         0.602399289184         0.602399119857         0.602398947929         0.602398753173         0.602398706488         0.602399891926         0.602401724974         0.602407681126         0.602380400103         0.602657382492         0.609361704880         0.611663572117         0.673723512302         0.677808266480         0.800362840115         0.854876947183         0.922936001476         1.083132711527         1.019137556986         1.222022309736         1.090621859742         1.181320347352         1.105033384899         1.006034776104         1.014006093175         0.815195264924         0.832971997075         0.687483912264         0.664455383597         0.623622487560         0.604218627179         0.603140605448         0.602383642490         0.602410851370         0.602408112714         0.602398495218         0.602393763050         0.602392497069         0.602392064637         0.602391742428         0.602391486470         0.602391279750         0.602391092788         0.602390891209         0.602390627932         0.602390457752         0.602390686301         0.602391611245         0.602392824054         0.602386263724         0.602371290385         0.602366040836         0.602366257098         0.602366092996         0.602365614619         0.602365075077         0.602364115478         0.602361973561         0.602357062472         0.602345722884         0.602319546435         0.602260735450         0.602132533689         0.601843613492         0.601144005992         0.599475588217         0.596665427184         0.591926236352         0.576899089988         0.531320481022         0.000000000000
        0.539012446705         0.576719917535         0.604664366371         0.606410411462         0.604317179316         0.603164929017         0.602725062893         0.602549877083         0.602462104376         0.602419537770         0.602401363937         0.602393798113         0.602390462385         0.602388903972         0.602388130309         0.602387697489         0.602387406813         0.602387178055         0.602386999443         0.602386907768         0.602386861955         0.602386604467         0.602387024815         0.602392179208         0.602396331372         0.602398430614         0.602399312131         0.602399506679         0.602399434811         0.602399279555         0.602399104254         0.602398920446         0.602398711523         0.602398608153         0.602399478775         0.602400125049         0.602408487337         0.602390973725         0.602707876120         0.610544230719         0.613199456986         0.678012600481         0.681931627966         0.805475669383         0.859844243488         0.927102602782         1.086373528669         1.021846915989         1.223012637285         1.091990290675         1.181857212032         1.105977020383         1.007610993946         1.015782916089         0.817521652883         0.835551401180         0.689467926825         0.666078469141         0.624598211549         0.604333888365         0.603187255225         0.602384046841         0.602412050874         0.602408973873         0.602398860856         0.602393861094         0.602392522755         0.602392073452         0.602391742868         0.602391482388         0.602391273836         0.602391086198         0.602390884324         0.602390620480         0.602390453658         0.602390673922         0.602391601150         0.602392784561         0.602386178753         0.602371259692         0.602365998716         0.602366233988         0.602366064293         0.602365588875         0.602365048593         0.602364089250         0.602361947449         0.602357036509         0.602345697115         0.602319520989         0.602260710315         0.602132508583         0.601843590054         0.601143981165         0.599475585187         0.596665384540         0.591926186413         0.576898859901         0.531320354160         0.000000000000
        0.539012205493         0.576719798728         0.604663807089         0.606410208750         0.604317106929         0.603164898480         0.602725053800         0.602549870036         0.602462100126         0.602419534592         0.602401361229         0.602393795605         0.602390459950         0.602388901528         0.602388127954         0.602387695057         0.602387404434         0.602387175655         0.602386997041         0.602386905386         0.602386859364         0.602386601603         0.602387020929         0.602392176434         0.602396328904         0.602398428107         0.602399309795         0.602399504339         0.602399432645         0.602399277077         0.602399099647         0.602398912439         0.602398706831         0.602398588506         0.602399269905         0.602398988278         0.602410212885         0.602401829054         0.602760259518         0.611701604422         0.614622706147         0.682068280355         0.685837602856         0.810414414891         0.864750637253         0.931231494517         1.089629550177         1.024515345058         1.224030430745         1.093266386015         1.182247754206         1.106674508117         1.008802605631         1.017096698785         0.819368450099         0.837573668516         0.691091226737         0.667406764359         0.625414524170         0.604433734252         0.603226666494         0.602384403211         0.602413145902         0.602409679437         0.602399155483         0.602393942210         0.602392546604         0.602392083673         0.602391746261         0.602391482149         0.602391272138         0.602391083969         0.602390881890         0.602390617616         0.602390452820         0.602390668121         0.602391597446         0.602392764290         0.602386132912         0.602371245675         0.602365977355         0.602366223646         0.602366050380         0.602365576730         0.602365035956         0.602364076770         0.602361935022         0.602357024157         0.602345684859         0.602319508898         0.602260698386         0.602132496603         0.601843578948         0.601143968984         0.599475584847         0.596665364498         0.591926160524         0.576898740818         0.531320290206         0.000000000000
        0.539012076962         0.576719735534         0.604663511453         0.606410099070         0.604317068943         0.603164882253         0.602725049467         0.602549866585         0.602462098246         0.602419533274         0.602401360164         0.602393794648         0.602390459032         0.602388900603         0.602388127080         0.602387694139         0.602387403547         0.602387174756         0.602386996140         0.602386904502         0.602386858376         0.602386600516         0.602387019370         0.602392175300         0.602396327904         0.602398426932         0.602399308490         0.602399502593         0.602399430346         0.602399273709         0.602399093338         0.602398901855         0.602398711004         0.602398663772         0.602399398218         0.602398330784         0.602412593750         0.602416722231         0.602830469737         0.613028538167         0.616102299004         0.686089719639         0.689719568131         0.815286199813         0.869531902816         0.935269476863         1.092825596101         1.027105892884         1.225037217452         1.094451888991         1.182531693164         1.107200713201         1.009727603271         1.018100404065         0.820877625529         0.839201529177         0.692456920400         0.668540596382         0.626127478975         0.604548221045         0.603269040788         0.602385282738         0.602414005289         0.602410432449         0.602399525984         0.602394048388         0.602392574903         0.602392095811         0.602391751679         0.602391483753         0.602391272119         0.602391083376         0.602390881099         0.602390616494         0.602390452903         0.602390665249         0.602391596167         0.602392753769         0.602386108143         0.602371239357         0.602365966321         0.602366218993         0.602366043483         0.602365570904         0.602365029810         0.602364070721         0.602361928997         0.602357018170         0.602345678919         0.602319503043         0.602260692617         0.602132490767         0.601843573578         0.601143962857         0.599475585174         0.596665354992         0.591926147080         0.576898679060         0.531320257663         0.000000000000
        0.539012008261         0.576719701778         0.604663354986         0.606410039429         0.604317048868         0.603164873533         0.602725047361         0.602549864834         0.602462097382         0.602419532704         0.602401359731         0.602393794272         0.602390458678         0.602388900245         0.602388126750         0.602387693785         0.602387403211         0.602387174413         0.602386995796         0.602386904171         0.602386857994         0.602386600104         0.602387018739         0.602392174862         0.602396327571         0.602398426537         0.602399308117         0.602399502145         0.602399429893         0.602399273068         0.602399091215         0.602398896509         0.602398710962         0.602398689714         0.602399419627         0.602397600158         0.602414742300         0.602428820921         0.602901989142         0.614239733729         0.617517313547         0.690104819778         0.693619863301         0.820120974355         0.874258919320         0.939247359807         1.095987463025         1.029642133204         1.226040400825         1.095561190598         1.182716816089         1.107568895652         1.010405185383         1.018806790653         0.822078918745         0.840481569202         0.693582342872         0.669472779186         0.626725078137         0.604625485366         0.603301344617         0.602385083547         0.602414695892         0.602411001137         0.602399774872         0.602394111953         0.602392592098         0.602392104337         0.602391755684         0.602391485076         0.602391272356         0.602391083250         0.602390880855         0.602390616026         0.602390453157         0.602390663754         0.602391595785         0.602392748261         0.602386094732         0.602371236582         0.602365960537         0.602366216905         0.602366039999         0.602365568073         0.602365026774         0.602364067746         0.602361926031         0.602357015224         0.602345675996         0.602319500163         0.602260689784         0.602132487876         0.601843570941         0.601143959713         0.599475585562         0.596665350450         0.591926140101         0.576898647000         0.531320241075         0.000000000000
        0.539011971497         0.576719683022         0.604663271829         0.606410006813         0.604317038188         0.603164868802         0.602725046320         0.602549863920         0.602462096971         0.602419532446         0.602401359549         0.602393794121         0.602390458538         0.602388900103         0.602388126624         0.602387693645         0.602387403081         0.602387174279         0.602386995662         0.602386904045         0.602386857842         0.602386599946         0.602387018477         0.602392174695         0.602396327478         0.602398426433         0.602399308086         0.602399502198         0.602399430198         0.602399273542         0.602399090694         0.602398894577         0.602398719138         0.602398717056         0.602399368519         0.602396658307         0.602417427452         0.602443400166         0.602976459079         0.615600558357         0.619029130888         0.694145791392         0.697516800484         0.824972879723         0.879015369527         0.943254534552         1.099194887878         1.032214067402         1.227083067321         1.096637227137         1.182815181939         1.107810314261         1.010906433232         1.019302337247         0.823099905232         0.841556768898         0.694680803438         0.670435380821         0.627373422635         0.604741469503         0.603353934299         0.602389804148         0.602416343892         0.602412013924         0.602400199317         0.602394223741         0.602392620977         0.602392116533         0.602391761154         0.602391487012         0.602391272913         0.602391083367         0.602390880835         0.602390615834         0.602390453388         0.602390662948         0.602391595719         0.602392745358         0.602386087454         0.602371235417         0.602365957469         0.602366215981         0.602366038212         0.602365566686         0.602365025256         0.602364066267         0.602361924555         0.602357013759         0.602345674542         0.602319498732         0.602260688379         0.602132486426         0.601843569632         0.601143958075         0.599475585864         0.596665348272         0.591926136473         0.576898630351         0.531320232625         0.000000000000
        0.539011951911         0.576719673378         0.604663227824         0.606409988951         0.604317032486         0.603164866223         0.602725045803         0.602549863434         0.602462096771         0.602419532326         0.602401359470         0.602393794058         0.602390458482         0.602388900045         0.602388126576         0.602387693588         0.602387403031         0.602387174226         0.602386995609         0.602386903997         0.602386857780         0.602386599886         0.602387018363         0.602392174628         0.602396327454         0.602398426399         0.602399308093         0.602399502259         0.602399430434         0.602399273782         0.602399089624         0.602398891873         0.602398727005         0.602398744213         0.602399321605         0.602395721872         0.602420311194         0.602458475813         0.603056608340         0.616965909864         0.620609898332         0.698453883106         0.701676222488         0.830011603917         0.883949200309         0.947419920601         1.102520447802         1.034831204900         1.228146150922         1.097690653448         1.182839681600         1.107954212203         1.011284818660         1.019646414625         0.824011748548         0.842479707870         0.695797898916         0.671529143449         0.628128761014         0.604940012924         0.603426732208         0.602387756026         0.602415097733         0.602412857419         0.602400783688         0.602394351591         0.602392628589         0.602392119631         0.602391764830         0.602391488339         0.602391273018         0.602391083261         0.602390880758         0.602390615701         0.602390453530         0.602390662489         0.602391595744         0.602392743818         0.602386083494         0.602371234967         0.602365955825         0.602366215583         0.602366037285         0.602365566003         0.602365024491         0.602364065526         0.602361923815         0.602357013024         0.602345673812         0.602319498014         0.602260687676         0.602132485691         0.601843568977         0.601143957211         0.599475586070         0.596665347224         0.591926134596         0.576898621690         0.531320228276         0.000000000000
        0.539011941271         0.576719668155         0.604663204443         0.606409979114         0.604317029423         0.603164864808         0.602725045545         0.602549863171         0.602462096672         0.602419532268         0.602401359434         0.602393794031         0.602390458459         0.602388900021         0.602388126557         0.602387693564         0.602387403011         0.602387174204         0.602386995586         0.602386903975         0.602386857748         0.602386599848         0.602387018283         0.602392174548         0.602396327361         0.602398426252         0.602399307950         0.602399502478         0.602399432554         0.602399280920         0.602399105417         0.602398935358         0.602398922512         0.602399421675         0.602400608185         0.602396005575         0.602425342634         0.602490427505         0.603202987367         0.618342256568         0.622174479976         0.702458389173         0.705541311590         0.834626863976         0.888468325069         0.951222235481         1.105586491922         1.037228822629         1.229111227426         1.098660726620         1.182860112302         1.108107205791         1.011673412098         1.020054035810         0.824990152962         0.843457536629         0.696934944987         0.672642328993         0.628860994234         0.605058142111         0.603472396030         0.602381008913         0.602414130792         0.602412421396         0.602400580457         0.602394296721         0.602392620777         0.602392119170         0.602391764673         0.602391488296         0.602391273059         0.602391083295         0.602390880773         0.602390615654         0.602390453637         0.602390662236         0.602391595792         0.602392742999         0.602386081333         0.602371234820         0.602365954935         0.602366215419         0.602366036798         0.602365565665         0.602365024101         0.602364065152         0.602361923440         0.602357012652         0.602345673444         0.602319497651         0.602260687321         0.602132485315         0.601843568647         0.601143956751         0.599475586201         0.596665346721         0.591926133614         0.576898617187         0.531320226055         0.000000000000
        0.539011935373         0.576719664989         0.604663191888         0.606409973667         0.604317027772         0.603164864028         0.602725045414         0.602549863027         0.602462096622         0.602419532239         0.602401359418         0.602393794020         0.602390458449         0.602388900010         0.602388126549         0.602387693554         0.602387403003         0.602387174195         0.602386995577         0.602386903968         0.602386857736         0.602386599839         0.602387018259         0.602392174538         0.602396327366         0.602398426253         0.602399307957         0.602399502572         0.602399433114         0.602399281911         0.602399103723         0.602398930299         0.602398957594         0.602399584023         0.602400661238         0.602394238878         0.602428711648         0.602522920516         0.603363437860         0.619523347771         0.623514015160         0.705958431680         0.708921786881         0.838726432799         0.892524556539         0.954624298595         1.108366602794         1.039386757883         1.229983455762         1.099525990966         1.182846184155         1.108206160120         1.011957155740         1.020321477236         0.825808248212         0.844281201434         0.697904337326         0.673570543834         0.629474931718         0.605165488743         0.603515163113         0.602378334962         0.602414464158         0.602412754870         0.602400699952         0.602394313305         0.602392622658         0.602392121753         0.602391766197         0.602391488811         0.602391273208         0.602391083349         0.602390880799         0.602390615633         0.602390453706         0.602390662091         0.602391595835         0.602392742561         0.602386080150         0.602371234794         0.602365954451         0.602366215357         0.602366036539         0.602365565498         0.602365023901         0.602364064962         0.602361923250         0.602357012463         0.602345673256         0.602319497466         0.602260687142         0.602132485122         0.601843568480         0.601143956504         0.599475586281         0.596665346479         0.591926133100         0.576898614799         0.531320224733         0.000000000000
        0.539011932173         0.576719663381         0.604663185230         0.606409970653         0.604317026880         0.603164863596         0.602725045349         0.602549862948         0.602462096597         0.602419532224         0.602401359410         0.602393794015         0.602390458445         0.602388900006         0.602388126546         0.602387693549         0.602387402999         0.602387174191         0.602386995573         0.602386903966         0.602386857732         0.602386599839         0.602387018253         0.602392174545         0.602396327394         0.602398426302         0.602399308050         0.602399502785         0.602399433755         0.602399283061         0.602399102940         0.602398924315         0.602398969874         0.602399675624         0.602400701867         0.602392667525         0.602431702141         0.602542924654         0.603563377795         0.620818836975         0.625036420188         0.709562887076         0.712373075186         0.842757855515         0.896472734342         0.957938255859         1.111098773671         1.041477533207         1.230828761511         1.100326063961         1.182771580764         1.108208657140         1.012091719428         1.020424143304         0.826467890629         0.844924345584         0.698699986758         0.674323822630         0.629972119590         0.605253819662         0.603549791708         0.602376739497         0.602414889968         0.602413143867         0.602400865035         0.602394347271         0.602392629839         0.602392126585         0.602391768839         0.602391489790         0.602391273530         0.602391083474         0.602390880857         0.602390615640         0.602390453755         0.602390662011         0.602391595868         0.602392742327         0.602386079501         0.602371234810         0.602365954185         0.602366215339         0.602366036401         0.602365565416         0.602365023799         0.602364064866         0.602361923152         0.602357012367         0.602345673160         0.602319497372         0.602260687051         0.602132485022         0.601843568397         0.601143956371         0.599475586331         0.596665346364         0.591926132830         0.576898613568         0.531320224106         0.000000000000
        0.539011930484         0.576719662278         0.604663181613         0.606409968961         0.604317026390         0.603164863355         0.602725045316         0.602549862904         0.602462096584         0.602419532216         0.602401359407         0.602393794013         0.602390458444         0.602388900004         0.602388126546         0.602387693548         0.602387402999         0.602387174191         0.602386995572         0.602386903967         0.602386857734         0.602386599845         0.602387018263         0.602392174579         0.602396327476         0.602398426475         0.602399308434         0.602399503709         0.602399435983         0.602399287430         0.602399109836         0.602398943184         0.602399052249         0.602399877149         0.602400788173         0.602391657207         0.602442099168         0.602575756011         0.603970504528         0.622253111712         0.626667671121         0.713487028121         0.716137924440         0.847201479824         0.900808609420         0.961581686570         1.114114626293         1.043790442421         1.231764394864         1.101119898715         1.182573349830         1.108018562822         1.011955421286         1.020170687750         0.826811340851         0.845205473721         0.699239938408         0.674842370279         0.630336771204         0.605320939657         0.603575582354         0.602375769928         0.602415320299         0.602413459584         0.602401002505         0.602394378429         0.602392637362         0.602392131121         0.602391771215         0.602391490687         0.602391273834         0.602391083595         0.602390880914         0.602390615653         0.602390453789         0.602390661966         0.602391595891         0.602392742203         0.602386079146         0.602371234836         0.602365954040         0.602366215339         0.602366036328         0.602365565377         0.602365023747         0.602364064818         0.602361923105         0.602357012319         0.602345673113         0.602319497325         0.602260687007         0.602132484971         0.601843568355         0.601143956300         0.599475586361         0.596665346310         0.591926132696         0.576898612951         0.531320223889         0.000000000000
        0.539011929493         0.576719661874         0.604663179743         0.606409968033         0.604317026130         0.603164863225         0.602725045301         0.602549862880         0.602462096578         0.602419532213         0.602401359406         0.602393794012         0.602390458444         0.602388900004         0.602388126546         0.602387693548         0.602387402999         0.602387174191         0.602386995574         0.602386903969         0.602386857738         0.602386599857         0.602387018288         0.602392174642         0.602396327619         0.602398426791         0.602399309149         0.602399505420         0.602399440097         0.602399296205         0.602399126595         0.602398984328         0.602399189186         0.602400221073         0.602401213395         0.602391182589         0.602454222390         0.602610539604         0.604269351421         0.623572500645         0.628192213950         0.717071572501         0.719590960113         0.851257948356         0.904787600951         0.964920859483         1.116916316641         1.045916873632         1.232641604111         1.101836066378         1.182344122623         1.107783397531         1.011743336416         1.019830802033         0.827032035762         0.845355044177         0.699666923359         0.675271183488         0.630643254724         0.605379230118         0.603597781016         0.602375396802         0.602415761474         0.602413792251         0.602401159069         0.602394420844         0.602392649317         0.602392137072         0.602391774105         0.602391491800         0.602391274225         0.602391083745         0.602390880978         0.602390615673         0.602390453813         0.602390661941         0.602391595907         0.602392742135         0.602386078950         0.602371234860         0.602365953959         0.602366215343         0.602366036288         0.602365565358         0.602365023720         0.602364064794         0.602361923080         0.602357012295         0.602345673089         0.602319497301         0.602260686984         0.602132484944         0.601843568335         0.601143956261         0.599475586379         0.596665346285         0.591926132621         0.576898612611         0.531320223683         0.000000000000
        0.539011929041         0.576719661528         0.604663178693         0.606409967507         0.604317025987         0.603164863150         0.602725045293         0.602549862866         0.602462096575         0.602419532211         0.602401359405         0.602393794012         0.602390458444         0.602388900004         0.602388126546         0.602387693548         0.602387402999         0.602387174191         0.602386995574         0.602386903971         0.602386857742         0.602386599865         0.602387018305         0.602392174683         0.602396327714         0.602398426999         0.602399309617         0.602399506562         0.602399442905         0.602399302102         0.602399137106         0.602399010809         0.602399288785         0.602400483692         0.602401525359         0.602390430724         0.602464788765         0.602642584907         0.604512875238         0.624763854437         0.629564900143         0.720303741018         0.722688974991         0.854952031727         0.908431033997         0.967964946437         1.119483829916         1.047825604566         1.233428773579         1.102465539659         1.182084729614         1.107506215941         1.011460544142         1.019413901003         0.827131982941         0.845373165170         0.699969862808         0.675571736750         0.630875852484         0.605478015492         0.603618828791         0.602377090658         0.602415910553         0.602413830096         0.602401284534         0.602394479524         0.602392665593         0.602392142635         0.602391777029         0.602391493240         0.602391274817         0.602391083981         0.602390881081         0.602390615714         0.602390453842         0.602390661933         0.602391595920         0.602392742100         0.602386078842         0.602371234878         0.602365953914         0.602366215348         0.602366036267         0.602365565349         0.602365023707         0.602364064781         0.602361923067         0.602357012283         0.602345673076         0.602319497289         0.602260686972         0.602132484931         0.601843568324         0.601143956240         0.599475586389         0.596665346274         0.591926132581         0.576898612431         0.531320223572         0.000000000000
        0.539127743236         0.578067818708         0.607066592440         0.608494710384         0.605921100674         0.604506312208         0.603937347177         0.603722223053         0.603607250965         0.603552921051         0.603527111704         0.603516597998         0.603511988168         0.603510090075         0.603509397561         0.603509234448         0.603509302512         0.603509469151         0.603509675008         0.603509905100         0.603510182133         0.603510517078         0.603511384008         0.603517476097         0.603521243501         0.603524286592         0.603525058403         0.603525395707         0.603525545596         0.603525638334         0.603525703009         0.603525943734         0.603527503188         0.603528759299         0.603528756372         0.603502861541         0.603877859833         0.605044418602         0.609752994622         0.637462577189         0.642767984160         0.740365579718         0.742033520361         0.874057666562         0.926184002744         0.982332593641         1.129567625272         1.057066158954         1.236917165924         1.108045252211         1.185200051500         1.112720003436         1.019748822003         1.028578080169         0.840858982887         0.860037763966         0.714810382023         0.690354867789         0.641374301208         0.610076247550         0.606702685542         0.603442169162         0.603536021428         0.603539754239         0.603532802826         0.603527484877         0.603526328573         0.603526231177         0.603526126578         0.603526041980         0.603526004349         0.603525988873         0.603525976898         0.603525964210         0.603525948354         0.603526134828         0.603525105227         0.603523083203         0.603520354243         0.603520725792         0.603519994659         0.603520005104         0.603519872428         0.603519661135         0.603519200361         0.603518154263         0.603515796869         0.603510499279         0.603498440597         0.603470620737         0.603408872771         0.603271621992         0.602968820855         0.602252010783         0.600507825251         0.597957239500         0.593429851685         0.578489481371         0.532763968987         0.000000000000
        0.539373310668         0.578454634470         0.608057089393         0.609240647940         0.606493489952         0.604938955828         0.604366056456         0.604164097135         0.604047495923         0.603989342388         0.603963365154         0.603952296960         0.603947470062         0.603945284356         0.603944335372         0.603943945101         0.603943796039         0.603943750696         0.603943750425         0.603943771366         0.603943807733         0.603943876742         0.603944117878         0.603944866723         0.603945410851         0.603945808887         0.603945754526         0.603945783757         0.603945782612         0.603945776387         0.603945733154         0.603946019117         0.603951311998         0.603952380775         0.604087606450         0.604083355155         0.606627760577         0.611218362350         0.622161918080         0.662903166609         0.668411303564         0.777138931780         0.776483843134         0.907455093333         0.956370532606         1.006196395315         1.145612307518         1.071806682898         1.241402905765         1.116740552845         1.189626629576         1.121286924262         1.033839251691         1.044727587136         0.865202512117         0.886825063890         0.742432328331         0.718938974987         0.663300726652         0.622298735042         0.615541016837         0.604342430988         0.604401987559         0.603957863166         0.603952752270         0.603946968669         0.603945654712         0.603945674778         0.603945672787         0.603945687084         0.603945685356         0.603945683953         0.603945682129         0.603945679613         0.603945665436         0.603945694092         0.603945459139         0.603945181118         0.603944728147         0.603944770986         0.603944662726         0.603944637672         0.603944534903         0.603944320751         0.603943835100         0.603942736849         0.603940282644         0.603934827823         0.603922460795         0.603893831768         0.603830433774         0.603695937662         0.603397378841         0.602698259254         0.600948847354         0.598463410441         0.594027127134         0.579113085539         0.533307945213         0.000000000000
        0.539460724914         0.578534297590         0.608245547577         0.609385319622         0.606598195079         0.605004316957         0.604431041787         0.604235405302         0.604118152418         0.604058555488         0.604032669872         0.604021888355         0.604017106281         0.604014920106         0.604013951209         0.604013529227         0.604013342922         0.604013258337         0.604013218554         0.604013198995         0.604013189168         0.604013186558         0.604013206104         0.604013322196         0.604013390925         0.604013445670         0.604013421286         0.604013419260         0.604013383966         0.604013651174         0.604014644380         0.604018073951         0.604060786946         0.604057545883         0.605217844226         0.605623058896         0.614371025487         0.624593290400         0.642252563320         0.695809432945         0.700460096580         0.817563045834         0.813969338935         0.942260530475         0.987288014702         1.030611466660         1.161405342301         1.086969721362         1.245641415522         1.126130721968         1.194766951840         1.131075438582         1.049787365487         1.062897260148         0.892346524292         0.916713521399         0.773769024628         0.752067303235         0.691283745415         0.642846611889         0.632707195143         0.607884295268         0.607295873679         0.604195009414         0.604103056878         0.604028789319         0.604014998667         0.604013775920         0.604013028593         0.604013083705         0.604013076903         0.604013069073         0.604013061209         0.604013055443         0.604013043778         0.604013049202         0.604012992786         0.604012947520         0.604012864890         0.604012868047         0.604012821874         0.604012780159         0.604012676987         0.604012456779         0.604011962644         0.604010851434         0.604008379009         0.604002882073         0.603990385883         0.603961555983         0.603898001054         0.603766113119         0.603471181099         0.602782511264         0.601033429462         0.598568326506         0.594158006601         0.579239156727         0.533396688183         0.000000000000
        0.539491654462         0.578561464251         0.608305535824         0.609428344085         0.606626689147         0.605017940976         0.604444076983         0.604252401695         0.604136420865         0.604076171611         0.604049528727         0.604038646754         0.604033811058         0.604031625020         0.604030661461         0.604030239276         0.604030050281         0.604029962821         0.604029920284         0.604029897741         0.604029884080         0.604029875661         0.604029872621         0.604029900755         0.604029915381         0.604029923551         0.604029896235         0.604030051026         0.604030350318         0.604032619490         0.604038131877         0.604058811574         0.604414352227         0.604488190966         0.609332057449         0.610757512295         0.628652538089         0.645022367225         0.668148951036         0.732050161104         0.735099102830         0.857666246768         0.851047753768         0.975111490498         1.016083034331         1.053226610469         1.175523809510         1.101163017059         1.249418351815         1.135338325230         1.200070850317         1.140944614254         1.065707057190         1.080810529357         0.919260625900         0.946199839313         0.805727785552         0.786327126948         0.722019851245         0.668180258373         0.655463494755         0.616874555187         0.615344207026         0.605433265940         0.604766124555         0.604136516781         0.604039929741         0.604036720072         0.604031860083         0.604031781184         0.604031586885         0.604031596833         0.604031593634         0.604031585792         0.604031575186         0.604031571725         0.604031546023         0.604031528215         0.604031495176         0.604031485315         0.604031448289         0.604031398004         0.604031289492         0.604031066265         0.604030500860         0.604029100973         0.604025785429         0.604019621141         0.604006957066         0.603978037662         0.603914290367         0.603783096040         0.603488850398         0.602804255103         0.601056029656         0.598602824309         0.594203188012         0.579283261226         0.533424268564         0.000000000000
        0.539505742982         0.578573234597         0.608331486960         0.609446132509         0.606637744662         0.605022277530         0.604447745426         0.604258239043         0.604142701840         0.604082425301         0.604055576173         0.604044635243         0.604039791781         0.604037607238         0.604036644611         0.604036222631         0.604036032960         0.604035944466         0.604035900763         0.604035876888         0.604035861571         0.604035850780         0.604035842451         0.604035845658         0.604035840790         0.604035843748         0.604035870883         0.604036615880         0.604037023869         0.604049513767         0.604094024639         0.604219572646         0.605864404528         0.606324919061         0.617557215413         0.620356805453         0.647703330240         0.669240469112         0.696178286041         0.767844270992         0.768905283386         0.894278365465         0.884866828336         1.004074518181         1.041279206139         1.072951743049         1.187482073131         1.113755702845         1.252656366676         1.143871095527         1.205169757430         1.150204986405         1.080533351852         1.097262456470         0.944186521043         0.973336517373         0.835907944798         0.818937481228         0.752418402373         0.695020614014         0.680685642007         0.630699572444         0.628737955911         0.609474098709         0.607294093769         0.604664645350         0.604121023557         0.604071808164         0.604038352279         0.604039310256         0.604038400599         0.604038317139         0.604038253353         0.604038241757         0.604038231994         0.604038223596         0.604038205011         0.604038193433         0.604038173321         0.604038158859         0.604038126588         0.604038076423         0.604037969426         0.604037745844         0.604037227933         0.604035994151         0.604033000642         0.604027041885         0.604014108543         0.603984578393         0.603920220567         0.603789184070         0.603495040703         0.602813342861         0.601064822162         0.598617882800         0.594223684378         0.579303584139         0.533436912522         0.000000000000
        0.539512657247         0.578578760868         0.608343564601         0.609454299994         0.606642666524         0.605023826884         0.604448738112         0.604260401482         0.604145218898         0.604085556228         0.604058541148         0.604047038876         0.604042119257         0.604039872986         0.604038924351         0.604038511318         0.604038323404         0.604038234744         0.604038191862         0.604038170718         0.604038157532         0.604038144328         0.604038197953         0.604038436567         0.604039114621         0.604039808932         0.604039800593         0.604042528403         0.604041725300         0.604108778074         0.604384072496         0.604934376552         0.609459224442         0.610570268515         0.629695787729         0.633536511921         0.669342096600         0.694873631724         0.724268964522         0.801473509620         0.800402044532         0.926693861512         0.914809067419         1.029003815727         1.062854681428         1.089828070004         1.197477265197         1.124727870620         1.255421427610         1.151552891577         1.209852826809         1.158534494319         1.093819349269         1.111796216171         0.966464306401         0.997406201146         0.863436937604         0.848918348591         0.781294525569         0.721818700097         0.706600461888         0.647512661524         0.645647987143         0.616845478839         0.612812838646         0.606521991840         0.604548017839         0.604228949623         0.604040244177         0.604046194580         0.604041508150         0.604041241566         0.604040928312         0.604040851579         0.604040804348         0.604040616863         0.604040526833         0.604040466257         0.604040434853         0.604040418912         0.604040388352         0.604040336994         0.604040231281         0.604040006232         0.604039501736         0.604038352126         0.604035674484         0.604029940054         0.604016932049         0.603987117657         0.603922509660         0.603791629376         0.603497592186         0.602817844019         0.601069310013         0.598626323150         0.594236277019         0.579314923042         0.533444357087         0.000000000000
        0.539516144895         0.578581478510         0.608349447290         0.609458228731         0.606644976861         0.605024382061         0.604448916436         0.604261186574         0.604146167020         0.604086878661         0.604059907984         0.604048098542         0.604043079893         0.604040789515         0.604039827915         0.604039416705         0.604039226996         0.604039202406         0.604039407314         0.604040054230         0.604040578115         0.604040600917         0.604040647894         0.604040674935         0.604041011438         0.604041772438         0.604041139496         0.604055620061         0.604061208399         0.604353235416         0.605313643661         0.606894041447         0.615533759605         0.617393452851         0.644584588231         0.649051749114         0.691804182156         0.720381767412         0.751181621302         0.832172420442         0.828997174993         0.954897259571         0.940889999786         1.050184175282         1.081118616885         1.104122904517         1.205740482814         1.134224092443         1.257770798833         1.158438122375         1.214159408805         1.166056591871         1.105760052951         1.124713897936         0.986478516176         1.018886791051         0.888617037037         0.876488705216         0.808593718964         0.748190637139         0.732572463504         0.666401341073         0.664969787664         0.627338119827         0.621687264763         0.610696757136         0.606004140343         0.604917396904         0.604069954243         0.604075651389         0.604042580597         0.604042520794         0.604041940847         0.604041786609         0.604041662756         0.604041412472         0.604041299948         0.604041232656         0.604041200828         0.604041184839         0.604041155967         0.604041104943         0.604041000860         0.604040776593         0.604040274931         0.604039147439         0.604036593543         0.604030945500         0.604017945810         0.603988077904         0.603923418044         0.603792663997         0.603498722996         0.602820506999         0.601072035366         0.598631040970         0.594242740744         0.579321276712         0.533448592282         0.000000000000
        0.539517934501         0.578582851492         0.608352395944         0.609460174211         0.606646099769         0.605024577137         0.604448880096         0.604261473650         0.604146522999         0.604087364490         0.604060395403         0.604048512198         0.604043455123         0.604041155871         0.604040186373         0.604039839374         0.604039900142         0.604040491062         0.604041078837         0.604041462088         0.604041776589         0.604041774331         0.604041765795         0.604041884806         0.604042036582         0.604043992786         0.604041360280         0.604117250159         0.604179127119         0.605189830660         0.607463195611         0.610542244403         0.624046063670         0.626395211566         0.661293352900         0.666093613356         0.714447806318         0.745297420382         0.776674338251         0.860057715888         0.854887145601         0.979508540862         0.963700276848         1.068271612452         1.096658490834         1.116302786662         1.212626930375         1.142457140487         1.259780411820         1.164571453021         1.218056046522         1.172770449408         1.116366786714         1.136063725038         1.004302223985         1.037883612000         0.911346189411         0.901446626676         0.833837767877         0.773307251083         0.757627860737         0.686081298853         0.685263364168         0.640002023746         0.633116108538         0.617341045663         0.609282694349         0.606875068783         0.604273098363         0.604226881285         0.604045267681         0.604044832794         0.604042847376         0.604042320407         0.604041996110         0.604041679127         0.604041563216         0.604041494584         0.604041462231         0.604041445827         0.604041418017         0.604041367391         0.604041264218         0.604041040597         0.604040540315         0.604039419948         0.604036914183         0.604031298994         0.604018314060         0.603988446324         0.603923783019         0.603793123623         0.603499240850         0.602822076099         0.601073736109         0.598633878929         0.594246670498         0.579325289808         0.533451311369         0.000000000000
        0.539518861926         0.578583557558         0.608353900924         0.609461159927         0.606646659535         0.605024641120         0.604448809247         0.604261580818         0.604146659199         0.604087546894         0.604060579137         0.604048681048         0.604043607473         0.604041301672         0.604040396790         0.604040255042         0.604040832989         0.604041650508         0.604041976641         0.604042239300         0.604042459504         0.604042511375         0.604042577755         0.604042817316         0.604042952130         0.604052542288         0.604046921002         0.604376051592         0.604622649693         0.607133032008         0.611257905131         0.616152292504         0.634784338821         0.637364105477         0.679131537005         0.684023276405         0.736726787535         0.769205112821         0.800561674076         0.885300629578         0.878277185407         1.001041444752         0.983710921079         1.083820202042         1.109984131216         1.126772815295         1.218437238539         1.149652510693         1.261523388287         1.170046033207         1.221561568458         1.178739782587         1.125766497534         1.146020252469         1.020070462041         1.054577078983         0.931700941891         0.923862958525         0.856919757633         0.796784438248         0.781291199126         0.705799084439         0.705703499369         0.654076366901         0.646323139187         0.626023239280         0.614552084275         0.610561995416         0.605047986970         0.604799965958         0.604070293601         0.604060791404         0.604044620212         0.604042471913         0.604042014591         0.604041696160         0.604041601009         0.604041566314         0.604041550050         0.604041533251         0.604041505631         0.604041455977         0.604041353792         0.604041130729         0.604040631354         0.604039513585         0.604037026755         0.604031424460         0.604018450716         0.603988594197         0.603923938938         0.603793344409         0.603499515046         0.602823194736         0.601075030744         0.598636417152         0.594249475198         0.579328074334         0.533453209848         0.000000000000
        0.539519346128         0.578583925850         0.608354680192         0.609461669325         0.606646944225         0.605024658627         0.604448750793         0.604261621632         0.604146711958         0.604087618046         0.604060653049         0.604048751021         0.604043668341         0.604041427186         0.604040734469         0.604041095135         0.604041860215         0.604042253715         0.604042622221         0.604042753320         0.604042886856         0.604042949278         0.604043052100         0.604043361967         0.604044655466         0.604093545440         0.604093844888         0.605133998066         0.605773304494         0.610465299956         0.616805460747         0.623528908555         0.647196551727         0.649840519013         0.697619289955         0.702425275858         0.758403976668         0.791987823397         0.822945897501         0.908285989714         0.899545662563         1.020079017193         1.001457858150         1.097379049447         1.121580580961         1.135909222634         1.223426882045         1.156011177554         1.263053929508         1.174940683769         1.224695876326         1.184034176766         1.134070515093         1.154726729477         1.034007844503         1.069227987289         0.949886033958         0.943921296465         0.877909797482         0.818533761643         0.803392851792         0.725107862656         0.725788867198         0.668916518017         0.660600467597         0.636235983262         0.621528791850         0.615979543584         0.606851690713         0.606218389226         0.604202307994         0.604139843207         0.604051860697         0.604042498337         0.604042383414         0.604041798805         0.604041655091         0.604041587156         0.604041577647         0.604041562951         0.604041535453         0.604041485718         0.604041383801         0.604041160997         0.604040662114         0.604039545298         0.604037066017         0.604031468764         0.604018501298         0.603988653073         0.603924003773         0.603793448306         0.603499643323         0.602823888370         0.601075701500         0.598637748823         0.594251002010         0.579329705966         0.533454292434         0.000000000000
        0.539519600949         0.578584120429         0.608355089004         0.609461937005         0.606647091400         0.605024660753         0.604448711068         0.604261637698         0.604146732511         0.604087645707         0.604060681892         0.604048780412         0.604043694923         0.604041480412         0.604040878628         0.604041542535         0.604042364636         0.604042751325         0.604042975161         0.604043031244         0.604043127052         0.604043213643         0.604043742375         0.604045662609         0.604052726352         0.604248283074         0.604292080812         0.606666074239         0.607868113324         0.615175394602         0.623831125067         0.632252078272         0.660604863498         0.663176708533         0.716083795233         0.720694543209         0.779100831736         0.813401072546         0.843700674428         0.929123039048         0.918824602714         1.036934404996         1.017221308798         1.109245740785         1.131716923022         1.143923670853         1.227745562374         1.161651515152         1.264404760580         1.179311205825         1.227482209507         1.188709279674         1.141378415979         1.162317456791         1.046309233363         1.082059663373         0.966096288997         0.961817197119         0.896908023772         0.838542453323         0.823864227076         0.743645287703         0.745111827233         0.684011463656         0.675369786646         0.647429265702         0.629820303837         0.622832930116         0.609829123689         0.608746858665         0.604666215622         0.604420698125         0.604082802748         0.604045936035         0.604044020206         0.604041919101         0.604041751621         0.604041595978         0.604041587917         0.604041573193         0.604041545321         0.604041495281         0.604041393438         0.604041170774         0.604040672152         0.604039555698         0.604037079504         0.604031484288         0.604018520151         0.603988676979         0.603924031998         0.603793503074         0.603499710004         0.602824262353         0.601076065386         0.598638463270         0.594251842112         0.579330654322         0.533454904494         0.000000000000
        0.539519736236         0.578584224444         0.608355306124         0.609462079606         0.606647168540         0.605024658663         0.604448686267         0.604261644577         0.604146741926         0.604087659882         0.604060695480         0.604048791518         0.604043777702         0.604041760637         0.604041610470         0.604042285860         0.604042800043         0.604043061815         0.604043110511         0.604043113270         0.604043277834         0.604043247013         0.604045846775         0.604058573567         0.604086644315         0.604686394257         0.604868684722         0.609166439840         0.611034395394         0.621114500988         0.631986497491         0.641924003815         0.674475203403         0.676846060221         0.733985290662         0.738327363658         0.798464608750         0.833178896724         0.862655339792         0.947787599830         0.936098584977         1.051736822760         1.031112422572         1.119572778002         1.140530334689         1.150921135656         1.231470969231         1.166634277573         1.265595611727         1.183210731845         1.229962485551         1.192847086229         1.147824514628         1.168957801422         1.057177969248         1.093318846263         0.980528431239         0.977749603012         0.914019136701         0.856799135372         0.842644276044         0.761162068637         0.763399944516         0.698902779340         0.690114928958         0.659127369982         0.638998620655         0.630750295650         0.613894851482         0.612424528662         0.605695704624         0.605089181749         0.604182077074         0.604063005441         0.604049435329         0.604041704498         0.604041912830         0.604041615321         0.604041599176         0.604041574793         0.604041547450         0.604041498088         0.604041396331         0.604041173696         0.604040675205         0.604039558899         0.604037083990         0.604031489598         0.604018527179         0.603988686915         0.603924044607         0.603793532047         0.603499744067         0.602824456505         0.601076260239         0.598638848534         0.594252292940         0.579331193982         0.533455244448         0.000000000000
        0.539519808694         0.578584280619         0.608355422745         0.609462156393         0.606647209406         0.605024656001         0.604448671422         0.604261647586         0.604146745384         0.604087665200         0.604060701973         0.604048796220         0.604043805968         0.604041868551         0.604042006117         0.604042685527         0.604043023794         0.604043186512         0.604043210899         0.604043192753         0.604043587860         0.604043135221         0.604053078217         0.604106991466         0.604195409408         0.605549613435         0.605965675525         0.612619143876         0.615160457574         0.628062179616         0.641011714419         0.652269804707         0.688559937625         0.690646578197         0.751289159558         0.755306639912         0.816639718891         0.851545218685         0.880097088642         0.964663596058         0.951725417264         1.064894042135         1.043498661069         1.128690638208         1.148305071232         1.157117827487         1.234740150692         1.171077158850         1.266654661313         1.186691048272         1.232154117714         1.196488684919         1.153484110032         1.174733342362         1.066745780415         1.103154824785         0.993324116449         0.991872578947         0.929345870006         0.873341928170         0.859732465461         0.777515726955         0.780492017895         0.713328863861         0.704546291158         0.670969211324         0.648714781276         0.639380515137         0.618843191836         0.617092358227         0.607446326356         0.606343736060         0.604472712234         0.604128235319         0.604067860194         0.604041228245         0.604042493078         0.604041762344         0.604041660741         0.604041579090         0.604041548504         0.604041500341         0.604041397869         0.604041174671         0.604040676075         0.604039559797         0.604037085413         0.604031491343         0.604018529790         0.603988691145         0.603924050373         0.603793547350         0.603499761206         0.602824555840         0.601076363150         0.598639052144         0.594252527659         0.579331495253         0.533455428574         0.000000000000
        0.539519847845         0.578584311227         0.608355486031         0.609462198092         0.606647231257         0.605024653818         0.604448662780         0.604261649115         0.604146746773         0.604087667236         0.604060705671         0.604048804281         0.604043827062         0.604041924516         0.604042190398         0.604043018117         0.604043185061         0.604043287363         0.604043334076         0.604043276170         0.604044534253         0.604043932788         0.604075055124         0.604248584945         0.604490292852         0.606983174784         0.607678300095         0.616931826801         0.620062249092         0.635671300218         0.650507142872         0.662860747772         0.702414560099         0.704163103277         0.767651779465         0.771313408691         0.833407698757         0.868341937969         0.895928850638         0.979747770985         0.965706848699         1.076473750232         1.054440417598         1.136666547527         1.155101811193         1.162558585831         1.237578565714         1.175016615913         1.267591002989         1.189801674919         1.234112267850         1.199728007823         1.158505353576         1.179821339194         1.075246339933         1.111837013251         1.004765002386         1.004495696890         0.943167914972         0.888405456165         0.875347231932         0.792784253691         0.796464083043         0.727215140421         0.718544459576         0.682783821338         0.658728003833         0.648476223402         0.624509193748         0.622589826424         0.609937794892         0.608316162161         0.605122228143         0.604314151515         0.604122735282         0.604041321757         0.604044209374         0.604041920160         0.604041770262         0.604041584907         0.604041547169         0.604041501799         0.604041398948         0.604041175077         0.604040676272         0.604039559992         0.604037085825         0.604031491875         0.604018530749         0.603988692985         0.603924053057         0.603793555379         0.603499769575         0.602824606010         0.601076416455         0.598639156943         0.594252645970         0.579331660604         0.533455525274         0.000000000000
        0.539519869175         0.578584328038         0.608355520688         0.609462220886         0.606647243028         0.605024652258         0.604448657809         0.604261649922         0.604146747336         0.604087668175         0.604060707364         0.604048807118         0.604043833326         0.604041948604         0.604042294070         0.604043137179         0.604043246379         0.604043305889         0.604043475803         0.604043259413         0.604047199790         0.604048658545         0.604131620042         0.604550905760         0.605084246342         0.609002915400         0.609997757820         0.621896696596         0.625520258626         0.643636792910         0.660160372093         0.673419324139         0.715798394546         0.717174176543         0.782954537758         0.786249007408         0.848778903648         0.883624337851         0.910242305549         0.993203510872         0.978194730700         1.086660861821         1.064101726792         1.143643607616         1.161042716113         1.167336752448         1.240041825413         1.178515490412         1.268421029805         1.192596204396         1.235879327615         1.202641743508         1.163006098367         1.184358790713         1.082867694361         1.119579746015         1.015062126714         1.015850813745         0.955697760500         0.902177092218         0.889668131086         0.807050170625         0.811395179479         0.740525415696         0.732044610624         0.694450679503         0.668895981704         0.657858537505         0.630776582346         0.628772014047         0.613131926935         0.611022310584         0.606252663116         0.604742690220         0.604284564371         0.604048415751         0.604050728663         0.604041875408         0.604041873432         0.604041602701         0.604041552816         0.604041502548         0.604041398573         0.604041175040         0.604040676260         0.604039559975         0.604037085898         0.604031491998         0.604018531085         0.603988693794         0.603924054316         0.603793559524         0.603499773388         0.602824630810         0.601076443151         0.598639209209         0.594252703474         0.579331750018         0.533455574118         0.000000000000
        0.539519880874         0.578584337322         0.608355539818         0.609462233412         0.606647249408         0.605024651214         0.604448654980         0.604261650395         0.604146747586         0.604087668611         0.604060708063         0.604048808285         0.604043836187         0.604041958746         0.604042338489         0.604043180837         0.604043283104         0.604043310154         0.604043685225         0.604042946237         0.604055214533         0.604068416228         0.604271733397         0.605094528673         0.606039819691         0.611606105647         0.612872565731         0.627462345845         0.631493518163         0.651911141885         0.669942066105         0.683923311492         0.728710301539         0.729692680363         0.797291709634         0.800213213105         0.862905474501         0.897559722700         0.923216815176         1.005245483982         0.989388854090         1.095668588203         1.072676019931         1.149784736623         1.166269697710         1.171559543369         1.242197103760         1.181639600153         1.269160690320         1.195114078476         1.237474189577         1.205262387391         1.167044161435         1.188409585736         1.089706060681         1.126490677444         1.024339361165         1.026071006634         0.967053583498         0.914739876462         0.902768798565         0.820305960526         0.825273979087         0.753172164683         0.744936311775         0.705828240014         0.679044899734         0.667348392318         0.637473944822         0.635444953492         0.616886914326         0.614354155966         0.607907738793         0.605532423235         0.604654247165         0.604076069667         0.604070883466         0.604041948480         0.604042201665         0.604041736832         0.604041605002         0.604041512644         0.604041399515         0.604041176344         0.604040676999         0.604039560203         0.604037085969         0.604031492040         0.604018531210         0.603988694157         0.603924054907         0.603793561597         0.603499774846         0.602824642579         0.601076455699         0.598639234221         0.594252730199         0.579331797785         0.533455597487         0.000000000000
        0.539519887336         0.578584342486         0.608355550455         0.609462240325         0.606647252885         0.605024650541         0.604448653381         0.604261650693         0.604146747716         0.604087668851         0.604060708441         0.604048809107         0.604043838338         0.604041964019         0.604042357487         0.604043207570         0.604043365212         0.604043396993         0.604044244445         0.604042535468         0.604077227073         0.604123562191         0.604583583433         0.605971766302         0.607393167048         0.614695901287         0.616167654757         0.633348982261         0.637712868172         0.660178035359         0.679526329009         0.694070166263         0.740875009230         0.741462964036         0.810480311323         0.813036066224         0.875706041123         0.910105835984         0.934848533560         1.015925376563         0.999335351427         1.103577454841         1.080235112758         1.155157257203         1.170842774777         1.175275068743         1.244067872118         1.184424082216         1.269818671444         1.197392669597         1.238932909505         1.207648322767         1.170707613834         1.192075678277         1.095900234641         1.132729603208         1.032757149621         1.035336073243         0.977409153728         0.926260359992         0.914812660739         0.832667933509         0.838220106400         0.765199598212         0.757248949352         0.716895589583         0.689115348368         0.676864033762         0.644483305888         0.642472063872         0.621134555543         0.618236317002         0.610086745075         0.606759288523         0.605318471884         0.604157095523         0.604125748819         0.604042692048         0.604043093248         0.604042026227         0.604041721260         0.604041535690         0.604041399483         0.604041178178         0.604040678376         0.604039560683         0.604037086069         0.604031492069         0.604018531265         0.603988694323         0.603924055181         0.603793562571         0.603499775116         0.602824647717         0.601076460849         0.598639245470         0.594252741892         0.579331823104         0.533455607740         0.000000000000
        0.539519890923         0.578584345370         0.608355556404         0.609462244153         0.606647254787         0.605024650117         0.604448652481         0.604261650884         0.604146747784         0.604087668975         0.604060708626         0.604048809580         0.604043839396         0.604041965788         0.604042363418         0.604043223472         0.604043460559         0.604043446437         0.604045595999         0.604042372845         0.604126906417         0.604241461161         0.605120725857         0.607221371256         0.609168983509         0.618267431612         0.619877790254         0.639528896113         0.644173443495         0.668475381477         0.688983056533         0.703963787096         0.752475231814         0.752665887833         0.822781780179         0.824975549193         0.887480662813         0.921578766468         0.945445236048         1.025561049329         1.008324500504         1.110651952267         1.087018524061         1.159950082612         1.174921143538         1.178604315619         1.245729547530         1.186943004846         1.270413605915         1.199468663094         1.240264320660         1.209819012868         1.174031810976         1.195388557857         1.101515331306         1.138360353454         1.040403169376         1.043742793650         0.986853197656         0.936815154418         0.925866178390         0.844135896629         0.850231455996         0.776524317717         0.768880310531         0.727489778555         0.698886585535         0.686172261289         0.651573686259         0.649616415394         0.625709381001         0.622500742429         0.612679731199         0.608381468038         0.606306741819         0.604348141226         0.604258098326         0.604046547701         0.604046110098         0.604042375027         0.604041802838         0.604041558318         0.604041395606         0.604041178715         0.604040679027         0.604039560954         0.604037086090         0.604031492061         0.604018531275         0.603988694390         0.603924055297         0.603793562969         0.603499774817         0.602824649549         0.601076462245         0.598639250003         0.594252746573         0.579331836523         0.533455611519         0.000000000000
        0.539519892920         0.578584346988         0.608355559749         0.609462246277         0.606647255829         0.605024649849         0.604448651965         0.604261650978         0.604146747755         0.604087668916         0.604060708456         0.604048809110         0.604043837733         0.604041963546         0.604042363976         0.604043229806         0.604043507307         0.604043403213         0.604050616835         0.604046313463         0.604260233114         0.604492617396         0.605944501463         0.608845116968         0.611340055965         0.622237900896         0.623940865396         0.645888598382         0.650760044224         0.676675557254         0.698191307114         0.713505047993         0.763454815120         0.763254224221         0.834211374500         0.836055523943         0.898296902028         0.932065206721         0.955099922497         1.034261370348         1.016458295442         1.116987668125         1.093116341078         1.164230870333         1.178563744832         1.181593162803         1.247204528929         1.189231517335         1.270954134674         1.201378927766         1.241500454207         1.211826314038         1.177095093564         1.198434837658         1.106679032448         1.143521959535         1.047442413494         1.051474427739         0.995571968642         0.946599653411         0.936129725271         0.854894182356         0.861500344363         0.787308341740         0.779990362909         0.737747406225         0.708476833231         0.695384671324         0.658843705877         0.656970538941         0.630680181060         0.627209386188         0.615738897876         0.610457896681         0.607711094719         0.604764498922         0.604550216523         0.604061549613         0.604056787136         0.604043241188         0.604041810534         0.604041615089         0.604041405781         0.604041182253         0.604040678547         0.604039561010         0.604037086206         0.604031492094         0.604018531272         0.603988694408         0.603924055338         0.603793563073         0.603499774278         0.602824649792         0.601076461836         0.598639251407         0.594252748190         0.579331843729         0.533455612295         0.000000000000
        0.539519894050         0.578584347897         0.608355561639         0.609462247462         0.606647256407         0.605024649690         0.604448651688         0.604261651068         0.604146747804         0.604087669059         0.604060708704         0.604048809292         0.604043837302         0.604041969688         0.604042388482         0.604043284988         0.604043655794         0.604043721159         0.604065655600         0.604063793132         0.604534779295         0.604956900210         0.607106580670         0.610884229511         0.613911844950         0.626611490863         0.628377462168         0.652495971651         0.657553227443         0.684893447566         0.707288317272         0.722846811712         0.774016801803         0.773427693586         0.845018106983         0.846518857082         0.908413962113         0.941826319158         0.964061096616         1.042270925029         1.023957979900         1.122780187681         1.098706840465         1.168140889621         1.181891125309         1.184333672262         1.248550969059         1.191338753641         1.271451770140         1.203137709593         1.242631427048         1.213659439497         1.179887100279         1.201196738119         1.111383659079         1.148202547863         1.053865433136         1.058520641836         1.003550900853         0.955588923718         0.945570823712         0.864878787875         0.871958223687         0.797434131645         0.790446137645         0.747506331364         0.717702064516         0.704301039525         0.666058431100         0.664287775278         0.635819998255         0.632135397707         0.619098518386         0.612866415645         0.609458181490         0.605411222904         0.605021834105         0.604102347979         0.604082750008         0.604045470243         0.604041891410         0.604041790265         0.604041462353         0.604041200435         0.604040678700         0.604039561468         0.604037086838         0.604031492364         0.604018531323         0.603988694422         0.603924055354         0.603793563040         0.603499773672         0.602824649326         0.601076460653         0.598639251460         0.594252748601         0.579331847733         0.533455611823         0.000000000000
        0.539519894682         0.578584348409         0.608355562708         0.609462248124         0.606647256730         0.605024649603         0.604448651554         0.604261651165         0.604146747933         0.604087669397         0.604060709228         0.604048809667         0.604043837270         0.604041985511         0.604042433413         0.604043394033         0.604044042165         0.604044869263         0.604100964514         0.604108826959         0.604973837949         0.605643761556         0.608578885004         0.613263573938         0.616802358467         0.631248800453         0.633045406658         0.659185430546         0.664394980441         0.692998752129         0.716164328886         0.731895200423         0.784098567127         0.783129001063         0.855196755264         0.856362964645         0.917863632994         0.950912325447         0.972386090622         1.049671293471         1.030897468296         1.128111301000         1.103862601623         1.171739324865         1.184953691772         1.186863236494         1.249792547160         1.193286625255         1.271911819007         1.204754567053         1.243658510683         1.215321945106         1.182414514071         1.203679927238         1.115642541608         1.152415871212         1.059686371709         1.064896963519         1.010799154466         0.963780598828         0.954184103435         0.874055933523         0.881569809446         0.806829145756         0.800166456850         0.756655248859         0.726425819347         0.712769000416         0.673039308435         0.671380051154         0.640948733928         0.637094902954         0.622604786590         0.615480777758         0.611444540391         0.606277519465         0.605683687322         0.604194534849         0.604142623091         0.604050553860         0.604042338572         0.604042120596         0.604041538409         0.604041230444         0.604040677452         0.604039561491         0.604037087536         0.604031492712         0.604018531379         0.603988694423         0.603924055356         0.603793562948         0.603499773082         0.602824648595         0.601076459219         0.598639251009         0.594252748630         0.579331850097         0.533455610934         0.000000000000
        0.539519895041         0.578584348702         0.608355563319         0.609462248493         0.606647256906         0.605024649541         0.604448651456         0.604261651176         0.604146747968         0.604087669689         0.604060709620         0.604048809558         0.604043836500         0.604042016758         0.604042510704         0.604043677224         0.604045446939         0.604048376365         0.604176198572         0.604208725369         0.605584618062         0.606534296044         0.610288687260         0.615865051786         0.619881237709         0.635981339167         0.637786461457         0.665783528104         0.671116675361         0.700836615215         0.724682480899         0.740530544954         0.793620011414         0.792284024861         0.864712334045         0.865558840816         0.926635635210         0.959322546452         0.980078870156         1.056474300800         1.037286365742         1.132992582577         1.108594324003         1.175033020213         1.187757865176         1.189187315487         1.250929529697         1.195083595050         1.272336173799         1.206246265223         1.244601072858         1.216845578109         1.184726128619         1.205940475612         1.119535987376         1.156250417099         1.065013609964         1.070725054256         1.017446428775         0.971310288436         0.962109622600         0.882549570810         0.890466902195         0.815594309961         0.809250818814         0.765264679258         0.734698648044         0.720830431370         0.679789168243         0.678246352097         0.646037693962         0.642051406986         0.626209492302         0.618260039264         0.613627302322         0.607341942788         0.606540599355         0.604370810166         0.604256555844         0.604061948108         0.604044414715         0.604042809788         0.604041579067         0.604041272844         0.604040682208         0.604039564692         0.604037088887         0.604031493292         0.604018531588         0.603988694496         0.603924055379         0.603793562844         0.603499772549         0.602824647813         0.601076457794         0.598639250435         0.594252748605         0.579331851619         0.533455610014         0.000000000000
        0.539528130058         0.578619266561         0.608414605228         0.609522677969         0.606699584984         0.605069409139         0.604495454669         0.604311257132         0.604193156666         0.604131666615         0.604104414187         0.604093079566         0.604087956831         0.604085898901         0.604085387946         0.604088207887         0.604105304215         0.604122067754         0.604499923780         0.604611018576         0.606813744204         0.608161452607         0.612923008856         0.619514701601         0.624047023538         0.641937312148         0.643711118163         0.673581034761         0.679005484765         0.709813814713         0.734331899263         0.750247361413         0.804226664522         0.802469057260         0.875233598343         0.875721642477         0.936302929366         0.968582719744         0.988548902350         1.063969308157         1.044337851495         1.138390082113         1.113853495917         1.178700686196         1.190898802048         1.191826065137         1.252219487056         1.197190748064         1.272866010853         1.208062141931         1.245796248640         1.218730049277         1.187531418430         1.208692601807         1.124138006427         1.160806073268         1.071215631323         1.077499984328         1.025099157701         0.979906521539         0.971147161194         0.892129767101         0.900517160069         0.825444425027         0.819465638907         0.774969416394         0.744081374857         0.730012569013         0.687644837751         0.686251689103         0.652202346347         0.648108399336         0.630839062730         0.622017273704         0.616739524662         0.609110975306         0.608060893956         0.604884315355         0.604615509021         0.604153842500         0.604101194157         0.604089527796         0.604084455523         0.604084117431         0.604083342121         0.604082193355         0.604079612668         0.604074004044         0.604061286661         0.604032045242         0.603967659578         0.603838650025         0.603547053670         0.602879933558         0.601130381408         0.598697794662         0.594311350880         0.579385029915         0.533499783900         0.000000000000
        0.539533328440         0.578627078522         0.608431135512         0.609540856637         0.606714683885         0.605081792677         0.604509547203         0.604327727938         0.604207327289         0.604144096429         0.604116148407         0.604104991244         0.604099933388         0.604099951493         0.604102194785         0.604122942004         0.604222396672         0.604309621691         0.605237468705         0.605533295198         0.608907039643         0.610717637731         0.616725733804         0.624483141701         0.629575446357         0.649493215804         0.651184405862         0.683114593575         0.688626422299         0.720580302566         0.745806746794         0.761747538468         0.816632118414         0.814380290629         0.887417642530         0.887474297170         0.947437861946         0.979231917556         0.998283268412         1.072568632114         1.052434773000         1.144564923510         1.119885988868         1.182893181171         1.194495821759         1.194866770094         1.253678318593         1.199668635744         1.273461629930         1.210224485801         1.247219801034         1.221004816779         1.190937817002         1.212035310725         1.129744202703         1.166338771362         1.078767026205         1.085748936973         1.034443982743         0.990447285741         0.982241913352         0.903964437819         0.912934160914         0.837647779363         0.832132492230         0.787012527791         0.755720817778         0.741423796067         0.697466837934         0.696278798361         0.660105186300         0.655932845406         0.637014991284         0.627172985017         0.621179906419         0.611862949985         0.610562825761         0.605988722398         0.605449821588         0.604407144985         0.604201067043         0.604130068695         0.604098383546         0.604097394657         0.604094662373         0.604093460360         0.604090795350         0.604085222184         0.604072591112         0.604043378433         0.603978921809         0.603851119737         0.603560925604         0.602897292237         0.601148865020         0.598719473884         0.594336779505         0.579408490644         0.533517282848         0.000000000000
        0.539535131815         0.578628891760         0.608434708182         0.609544606722         0.606717455147         0.605083715053         0.604511647666         0.604330330981         0.604209467285         0.604145859545         0.604117703607         0.604107963326         0.604103182610         0.604120869092         0.604147115927         0.604263928504         0.604622039528         0.604921940223         0.606753418874         0.607293781042         0.612194599217         0.614477649391         0.621925603610         0.631005699418         0.636662363114         0.658874388411         0.660441995648         0.694747919208         0.700332812147         0.733558043516         0.759524380180         0.775424916657         0.831175300652         0.828337280570         0.901461689064         0.901023274223         0.960070487369         0.991208199213         1.009158382173         1.081921162872         1.061313569822         1.151068683972         1.126323283274         1.187226154278         1.198195962977         1.198007217433         1.255113166829         1.202255503610         1.274073402546         1.212567067047         1.248817900364         1.223558318841         1.194768012835         1.215809037931         1.136129229948         1.172621155643         1.087509443831         1.095289432291         1.045418886209         1.002961682187         0.995454956412         0.918427862750         0.928075418287         0.853059106731         0.848200578764         0.802720675100         0.771219303450         0.756760551944         0.711074461965         0.710186895205         0.671388855795         0.667154248726         0.646116215879         0.634961827348         0.628024465250         0.616401054843         0.614837456966         0.608170277605         0.607283136368         0.605194327284         0.604593866354         0.604299857950         0.604128449824         0.604117417847         0.604097137157         0.604095819242         0.604092282956         0.604086684142         0.604074047494         0.604044823175         0.603980317564         0.603852902819         0.603563068083         0.602900559460         0.601152664510         0.598724411669         0.594342511219         0.579413929516         0.533520987160         0.000000000000
        0.539535807487         0.578629513204         0.608435905540         0.609545830373         0.606718312312         0.605084248783         0.604512233303         0.604331096892         0.604210133041         0.604146827407         0.604118673175         0.604118082814         0.604116445796         0.604207275533         0.604311840975         0.604632435933         0.605417066168         0.605999042735         0.608911900098         0.609691843255         0.616318039343         0.619061584526         0.627986591484         0.638399214240         0.644568454575         0.668993927441         0.670399042847         0.706893033032         0.712515252647         0.746857449529         0.773496458613         0.789294140665         0.845771492900         0.842335354775         0.915382112440         0.914439461782         0.972517017814         1.002973394940         1.019840949336         1.091076360024         1.070026807415         1.157425498766         1.132645960937         1.191473941526         1.201828607834         1.201117085082         1.256528952474         1.204853418056         1.274689595388         1.214904537597         1.250392151124         1.226063946800         1.198518275463         1.219483008893         1.142386156098         1.178738000151         1.096068723713         1.104601570514         1.056148458839         1.015244254852         1.008437921950         0.932742412126         0.943063061296         0.868408662613         0.864219691163         0.818413843095         0.786780973744         0.772232020489         0.725032171287         0.724476614679         0.683297367283         0.679040977030         0.655939644770         0.643576143350         0.635742470408         0.621854868168         0.620130309434         0.611316105234         0.610124071429         0.606755180885         0.605593683996         0.604857861714         0.604304097709         0.604231233895         0.604110083250         0.604105976197         0.604093551639         0.604087400815         0.604074506441         0.604045214351         0.603980680785         0.603853428400         0.603563735664         0.602901741291         0.601154013258         0.598726279837         0.594344636732         0.579415894170         0.533522180801         0.000000000000
        0.539536096085         0.578629772889         0.608436400416         0.609546325627         0.606718660835         0.605084461246         0.604512508968         0.604331545037         0.604211025059         0.604152250011         0.604126302087         0.604184331584         0.604209949477         0.604538350633         0.604854066603         0.605600313544         0.607122781957         0.608109269322         0.612642856702         0.613630562310         0.622413378368         0.625635434834         0.636177208893         0.648023326826         0.654682274820         0.681352297127         0.682534744219         0.721020874056         0.726605109689         0.761730067836         0.788786259578         0.804274059675         0.861067148803         0.857004464754         0.929583549389         0.928109357739         0.984997089794         1.014676117311         1.030433724699         1.100056840186         1.078592977204         1.163651783940         1.138834340014         1.195658591371         1.205404256594         1.204181101398         1.257950651684         1.207368537624         1.275286378678         1.217097913729         1.251808770667         1.228320605537         1.201887204977         1.222721668666         1.147996815501         1.184148352669         1.103757592949         1.112937114149         1.065834034726         1.026375007951         1.020217545089         0.945872458736         0.956793258901         0.882662681822         0.879121786536         0.833234378006         0.801667377018         0.787116815255         0.738832382555         0.738616953862         0.695490868086         0.691299778469         0.666458757405         0.653053953101         0.644438324434         0.628448582469         0.626614160027         0.615540001744         0.614087150951         0.609246161349         0.607406769999         0.606060751099         0.604865138841         0.604626488049         0.604207465696         0.604172983724         0.604103467296         0.604091466834         0.604075542384         0.604045434538         0.603980869562         0.603853648599         0.603564048076         0.602902300211         0.601154648402         0.598727188879         0.594345648270         0.579416833188         0.533522734327         0.000000000000
        0.539536226053         0.578629888240         0.608436619884         0.609546539138         0.606718839960         0.605084582618         0.604513098040         0.604333176081         0.604216470488         0.604183306432         0.604174299672         0.604398749962         0.604495764165         0.605242362748         0.605868093283         0.607237601556         0.609670793219         0.611099329164         0.617497954634         0.618640712550         0.629824540302         0.633552011655         0.645929823724         0.659411126462         0.666600765609         0.695767376255         0.696675471374         0.737330283359         0.742858414599         0.778800989487         0.806316394601         0.821417853610         0.878469889587         0.873688185222         0.945568843817         0.943496573616         0.998926497193         1.027676388408         1.042176843706         1.109906057828         1.088019412979         1.170433688793         1.145588389801         1.200217099368         1.209291236588         1.207500078722         1.259511753858         1.210029634139         1.275916008624         1.219328414138         1.253178471075         1.230505657780         1.205144376451         1.225791963367         1.153479643177         1.189341180393         1.111337269063         1.121107876213         1.075461258676         1.037542445826         1.032066290949         0.959376680565         0.970878227685         0.897696602010         0.894884183018         0.849245070052         0.818025994796         0.803622920847         0.754641303794         0.754826415906         0.709999036091         0.705950506949         0.679390827328         0.664955653953         0.655520712003         0.637208680252         0.635293286589         0.621539090748         0.619833056947         0.613129445795         0.610424613237         0.608278057564         0.606090417348         0.605586454029         0.604568347513         0.604432106178         0.604170243239         0.604121452816         0.604083530666         0.604046448378         0.603981492779         0.603853780915         0.603564232738         0.602902587880         0.601154967601         0.598727652706         0.594346155370         0.579417313790         0.533523008273         0.000000000000
        0.539536293336         0.578629951365         0.608436752640         0.609546667914         0.606719160667         0.605084920305         0.604516748463         0.604343681964         0.604246380479         0.604294585462         0.604337655454         0.604863625304         0.605094192517         0.606448889096         0.607431221722         0.609513241090         0.612932642625         0.614768214087         0.623009817690         0.624231559123         0.637597871655         0.641728710545         0.655634290533         0.670460861569         0.678010700170         0.709197393361         0.709826024518         0.752152530170         0.757586814268         0.794078415508         0.821889286928         0.836589851467         0.893736685671         0.888327080630         0.959485562295         0.956894600966         1.010984846630         1.038896497921         1.052308695343         1.118318292321         1.096131690550         1.176154724507         1.151370821006         1.204050721176         1.212571176490         1.210364743247         1.260789573112         1.212455160031         1.276491292787         1.221509608962         1.254616957503         1.232787856265         1.208530493939         1.229039964902         1.159130100450         1.194739214381         1.119125891009         1.129507853265         1.085342074450         1.048994520172         1.044218984451         0.973241133727         0.985338262669         0.913166061942         0.911108335572         0.865736125497         0.834908507391         0.820675220255         0.770971707822         0.771582875181         0.725064551193         0.721201792877         0.693014558555         0.677643345033         0.667432686273         0.646860187639         0.644909808900         0.628477731611         0.626578960673         0.617967598502         0.614375702616         0.611383525473         0.607996095797         0.607210882837         0.605334289687         0.605036959002         0.604401886330         0.604244643897         0.604128399085         0.604055033749         0.603985983330         0.603853999773         0.603564526005         0.602902761356         0.601155143662         0.598727900672         0.594346422952         0.579417580414         0.533523154686         0.000000000000
        0.539536430781         0.578630166483         0.608437232303         0.609547132885         0.606721368695         0.605087969226         0.604538464153         0.604394963770         0.604363896156         0.604592921221         0.604741845537         0.605762713869         0.606162594168         0.608336848889         0.609739026175         0.612663847354         0.617182636274         0.619420094648         0.629594114456         0.630844511563         0.646377814036         0.650871799628         0.666208579141         0.682268732137         0.690105889743         0.723059369839         0.723380418887         0.767047853992         0.772345971445         0.809161929235         0.837131186161         0.851368283073         0.908419896387         0.902403248301         0.972721721310         0.969630937299         1.022393902385         1.049487530402         1.061870526928         1.126241384674         1.103781343002         1.181564365888         1.156835698722         1.207702224450         1.215698343049         1.213095529643         1.262035523619         1.214730852365         1.277031436043         1.223487184008         1.255862029970         1.234763176769         1.211451252894         1.231787008040         1.164006949886         1.199327176929         1.125849030457         1.136722568181         1.093872809316         1.058911776028         1.054738950367         0.985316505266         0.997919809394         0.926697489018         0.925307861144         0.880239971971         0.849805072811         0.835760695389         0.785594161942         0.786600268647         0.738792300695         0.735132670405         0.705590812836         0.689456802562         0.678613437055         0.656134177096         0.654193037495         0.635490204598         0.633474068751         0.623171679648         0.618793608710         0.615025708081         0.610431818910         0.609399886593         0.606521676534         0.606053473798         0.604899062607         0.604557592730         0.604276034321         0.604098783311         0.604010624005         0.603855902052         0.603566171555         0.602902937034         0.601155279586         0.598728045801         0.594346569088         0.579417725059         0.533523234686         0.000000000000
        0.539544400380         0.578645967914         0.608466164872         0.609577994519         0.606767657104         0.605142402813         0.604671962570         0.604608442280         0.604706870440         0.605233685332         0.605542298554         0.607231435121         0.607799916270         0.610977153809         0.612813420447         0.616648928369         0.622318298666         0.624923744352         0.637055491950         0.638300037426         0.655915278862         0.660721768373         0.677333034321         0.694487157951         0.702525797160         0.736989829266         0.736990530320         0.781711246757         0.786840072534         0.823793678299         0.851796070717         0.865524512317         0.922326253657         0.915738038474         0.985142599523         0.981581264617         1.033043989728         1.059348339598         1.070771084188         1.133589567603         1.110887939919         1.186589765576         1.161913121295         1.211112237049         1.218619730649         1.215644101780         1.263218702456         1.216830614813         1.277531490160         1.225269611565         1.256944191600         1.236482550267         1.213988292242         1.234126395457         1.168249209084         1.203253196348         1.131693643586         1.142960893911         1.101291910624         1.067558230657         1.063913716428         0.995923400988         1.008955690147         0.938692696974         0.937903222940         0.893219571841         0.863233858925         0.849420479922         0.799049093486         0.800427390120         0.751721282098         0.748293075916         0.717743903058         0.701076255649         0.689743514269         0.665683803282         0.663782307513         0.643026162379         0.640940778065         0.629038810088         0.623926400320         0.619408857407         0.613559399022         0.612307532372         0.608264513556         0.607621697758         0.605781522661         0.605185420997         0.604633093092         0.604249889677         0.604102422429         0.603869939789         0.603576544184         0.602903809662         0.601155692807         0.598728204106         0.594346664563         0.579417816775         0.533523280525         0.000000000000
        0.567032619255         0.623775607979         0.670671819410         0.675618505865         0.672430999502         0.668886419424         0.667946161596         0.667949037528         0.667918596199         0.668596827654         0.668702540116         0.670924324454         0.671009282471         0.674455207368         0.675812139538         0.679481813897         0.685015352859         0.686786691484         0.698878795601         0.699066107170         0.716292303200         0.720231460266         0.735798657735         0.752208469644         0.758829612895         0.792049685356         0.790751142483         0.833269891941         0.837170318156         0.871380202214         0.897507870283         0.908892108704         0.962485285398         0.954368783868         1.019466461696         1.014537270729         1.061869302622         1.085765080320         1.094556428098         1.153352387113         1.129690415342         1.200581191925         1.175429902453         1.220803488003         1.226814255344         1.222331369704         1.266923848299         1.221162972672         1.278480216798         1.227458764549         1.257107719728         1.236932010725         1.214758802426         1.233887168010         1.170141760775         1.203862204680         1.134711586980         1.145762084445         1.105526247184         1.073116814435         1.069820690199         1.004006240657         1.017097215848         0.948725238200         0.948426429460         0.904766825173         0.875654093394         0.862258523320         0.812466053919         0.814188639618         0.765287364742         0.762156171964         0.730950626331         0.713945886686         0.702216007210         0.676711951450         0.674875396563         0.652002739912         0.649869345640         0.636210881183         0.630302647210         0.624950602624         0.617655724919         0.616184244270         0.610720826603         0.609902321655         0.607171098889         0.606243672484         0.605308444465         0.604600052998         0.604337705193         0.603933145216         0.603619910753         0.602909424386         0.601158304092         0.598728818909         0.594346826539         0.579417981351         0.533523347414         0.000000000000
        0.547662717271         0.586583023304         0.620348260597         0.621579381835         0.618391731600         0.614884534913         0.613260831895         0.612468944886         0.611000792287         0.612706192370         0.611767921460         0.612147159161         0.611182533559         0.610663198921         0.610021869866         0.609525700575         0.609566372078         0.608622906164         0.608440344011         0.607875989383         0.607628705655         0.607015995033         0.606631249278         0.606326003777         0.605872414591         0.605698881983         0.605394672503         0.605208178666         0.604886761446         0.604797389747         0.604769690572         0.604566379700         0.604567619346         0.604369457903         0.604477775093         0.604309720027         0.604241243558         0.604250607561         0.604216005919         0.604171585545         0.604128886035         0.604122407970         0.604120472034         0.604076789207         0.604082216463         0.604096917856         0.604085414462         0.604077724800         0.604077875242         0.604101690723         0.604091257550         0.604091478902         0.604097509925         0.604093930581         0.604096316497         0.604096376422         0.604097017844         0.604097105950         0.604097198192         0.604097318803         0.604097343346         0.604097365494         0.604097404574         0.604097386547         0.604097436739         0.604097419548         0.604097441167         0.604097495041         0.604097415150         0.604097515141         0.604097382018         0.604097388440         0.604097334605         0.604097479588         0.604097427849         0.604097448283         0.604097494916         0.604097432620         0.604097522460         0.604097456060         0.604097496042         0.604097401216         0.604097342524         0.604097119276         0.604096610793         0.604095590095         0.604092910670         0.604087511830         0.604074848663         0.604045707907         0.603981357693         0.603854182658         0.603564884421         0.602903163007         0.601155528741         0.598728255558         0.594346745857         0.579417900391         0.533523323754         0.000000000000
        0.540181187577         0.578966297826         0.609094779385         0.609592703513         0.606532571088         0.604462286530         0.603732771313         0.603629392345         0.603361888852         0.603822862492         0.603813652235         0.603987539319         0.604005861892         0.604045075078         0.604066023057         0.604075299521         0.604084738017         0.604084227554         0.604084215637         0.604086824547         0.604088293969         0.604089904013         0.604092030219         0.604093264635         0.604093897599         0.604093822124         0.604094608447         0.604094230877         0.604094770435         0.604095406125         0.604096931095         0.604095330618         0.604098349278         0.604095709643         0.604100903583         0.604099029357         0.604098252041         0.604100174007         0.604100388876         0.604099122059         0.604097408293         0.604097355439         0.604098094819         0.604095480007         0.604096073791         0.604096811468         0.604096535992         0.604095935789         0.604096059198         0.604097657228         0.604097054104         0.604096683716         0.604097270891         0.604096923224         0.604097224435         0.604097227933         0.604097325265         0.604097350726         0.604097379949         0.604097407014         0.604097411035         0.604097412502         0.604097421834         0.604097424845         0.604097437570         0.604097439130         0.604097442807         0.604097456691         0.604097439692         0.604097454186         0.604097423497         0.604097429111         0.604097421115         0.604097446162         0.604097446582         0.604097445260         0.604097471285         0.604097454745         0.604097471307         0.604097448520         0.604097439103         0.604097390054         0.604097293003         0.604097084921         0.604096581250         0.604095478444         0.604092931150         0.604087414687         0.604074797394         0.604045568936         0.603981070330         0.603853972611         0.603564525579         0.602903002557         0.601155393679         0.598728216983         0.594346738595         0.579417899074         0.533523324824         0.000000000000
        0.539591208683         0.578662062189         0.608510967961         0.609565855116         0.606715154610         0.605046381172         0.604473739644         0.604299488549         0.604163248182         0.604126376001         0.604101061118         0.604101810737         0.604097398997         0.604097152720         0.604096849070         0.604096474157         0.604096792363         0.604096282719         0.604096396117         0.604096275496         0.604096376880         0.604096442811         0.604096549872         0.604096740888         0.604096699577         0.604096761711         0.604096802680         0.604096815272         0.604096896667         0.604096968861         0.604097190499         0.604096908056         0.604097403147         0.604097021066         0.604097750726         0.604097546841         0.604097501192         0.604097755613         0.604097723952         0.604097614223         0.604097338026         0.604097340695         0.604097452759         0.604097122526         0.604097202116         0.604097254385         0.604097271863         0.604097183692         0.604097215739         0.604097414751         0.604097341168         0.604097236534         0.604097316609         0.604097267844         0.604097323496         0.604097330801         0.604097351619         0.604097360855         0.604097370679         0.604097376318         0.604097377986         0.604097377012         0.604097381176         0.604097381640         0.604097386713         0.604097387715         0.604097388088         0.604097393354         0.604097386906         0.604097392180         0.604097383842         0.604097386708         0.604097385739         0.604097389915         0.604097394363         0.604097391547         0.604097401425         0.604097394247         0.604097396790         0.604097384566         0.604097366473         0.604097324734         0.604097223938         0.604097012676         0.604096508193         0.604095384519         0.604092860458         0.604087328517         0.604074726891         0.604045510288         0.603980984803         0.603853912213         0.603564439154         0.602902957647         0.601155356233         0.598728203207         0.594346734762         0.579417897841         0.533523325736         0.000000000000
        0.539542774880         0.578634337688         0.608447096538         0.609549730022         0.606719296720         0.605082536283         0.604511931400         0.604331683762         0.604208938082         0.604145257012         0.604116559211         0.604106339839         0.604101164911         0.604098981794         0.604097956459         0.604097475916         0.604097363915         0.604097141174         0.604097153265         0.604097069843         0.604097097363         0.604097101405         0.604097110743         0.604097171136         0.604097146771         0.604097190990         0.604097179886         0.604097203060         0.604097221193         0.604097229596         0.604097281286         0.604097220398         0.604097323748         0.604097253249         0.604097381662         0.604097357761         0.604097359384         0.604097403752         0.604097385404         0.604097383793         0.604097336212         0.604097344114         0.604097364271         0.604097317261         0.604097331860         0.604097328698         0.604097344561         0.604097326983         0.604097339510         0.604097361911         0.604097351391         0.604097326283         0.604097336330         0.604097330415         0.604097341429         0.604097346090         0.604097351117         0.604097354715         0.604097358386         0.604097359749         0.604097360990         0.604097360393         0.604097362388         0.604097362214         0.604097364282         0.604097364998         0.604097364624         0.604097366965         0.604097363987         0.604097366717         0.604097363716         0.604097365441         0.604097365271         0.604097365921         0.604097368444         0.604097366334         0.604097370383         0.604097366204         0.604097365134         0.604097355406         0.604097335960         0.604097294373         0.604097194304         0.604096979335         0.604096475268         0.604095345327         0.604092830068         0.604087299018         0.604074700536         0.604045489707         0.603980952603         0.603853889500         0.603564411093         0.602902941375         0.601155342346         0.598728197219         0.594346732774         0.579417896464         0.533523326079         0.000000000000
        0.539538254638         0.578631465084         0.608440470000         0.609547977765         0.606719487481         0.605084337758         0.604512795000         0.604332003548         0.604210371615         0.604146309321         0.604117870361         0.604106800990         0.604101635042         0.604099230337         0.604098135313         0.604097641773         0.604097462305         0.604097318487         0.604097297425         0.604097250159         0.604097254664         0.604097256380         0.604097254205         0.604097281809         0.604097265400         0.604097286458         0.604097277972         0.604097289534         0.604097296727         0.604097297657         0.604097316592         0.604097299845         0.604097327175         0.604097312369         0.604097339041         0.604097337561         0.604097339488         0.604097350690         0.604097343570         0.604097349763         0.604097340547         0.604097345547         0.604097349596         0.604097342721         0.604097347355         0.604097342233         0.604097350310         0.604097344650         0.604097350446         0.604097350403         0.604097348907         0.604097342236         0.604097342714         0.604097342740         0.604097345069         0.604097347536         0.604097348988         0.604097350503         0.604097352064         0.604097352432         0.604097353243         0.604097352872         0.604097353991         0.604097353714         0.604097354754         0.604097355123         0.604097354881         0.604097356077         0.604097354577         0.604097356172         0.604097354800         0.604097355809         0.604097355747         0.604097355803         0.604097357128         0.604097355718         0.604097357435         0.604097354446         0.604097352110         0.604097343086         0.604097323611         0.604097281362         0.604097182218         0.604096964993         0.604096461871         0.604095329312         0.604092817068         0.604087286708         0.604074689279         0.604045481929         0.603980938728         0.603853879929         0.603564399283         0.602902933944         0.601155334432         0.598728194185         0.594346731828         0.579417895007         0.533523325896         0.000000000000
        0.539537069565         0.578630573376         0.608438310105         0.609547262354         0.606719236824         0.605084595636         0.604512768242         0.604331850118         0.604210507047         0.604146496047         0.604118132695         0.604106894597         0.604101731420         0.604099284536         0.604098178146         0.604097688991         0.604097492892         0.604097376168         0.604097341154         0.604097309181         0.604097305017         0.604097306235         0.604097304446         0.604097319312         0.604097310418         0.604097322030         0.604097316828         0.604097323204         0.604097325851         0.604097324900         0.604097332882         0.604097326102         0.604097335525         0.604097331136         0.604097338216         0.604097338890         0.604097339508         0.604097343794         0.604097340788         0.604097345124         0.604097342634         0.604097345506         0.604097346432         0.604097345483         0.604097347516         0.604097344548         0.604097348646         0.604097346005         0.604097348949         0.604097347239         0.604097347229         0.604097345160         0.604097344714         0.604097345338         0.604097345844         0.604097347117         0.604097347628         0.604097348311         0.604097349061         0.604097349180         0.604097349702         0.604097349492         0.604097350171         0.604097349968         0.604097350564         0.604097350766         0.604097350670         0.604097351355         0.604097350579         0.604097351556         0.604097350851         0.604097351475         0.604097351446         0.604097351420         0.604097352116         0.604097351165         0.604097351800         0.604097349402         0.604097346492         0.604097337743         0.604097318375         0.604097275644         0.604097177114         0.604096958653         0.604096456266         0.604095322380         0.604092811487         0.604087281478         0.604074684059         0.604045478722         0.603980931957         0.603853875452         0.603564393626         0.602902930177         0.601155330728         0.598728192474         0.594346731405         0.579417894026         0.533523325896         0.000000000000
        0.539536902856         0.578630687503         0.608438380003         0.609547676931         0.606719798698         0.605085274649         0.604513396999         0.604332453152         0.604211178167         0.604147164223         0.604118764161         0.604107460756         0.604102284477         0.604099823482         0.604098709696         0.604098220231         0.604098019203         0.604097908561         0.604097873063         0.604097844500         0.604097839517         0.604097838859         0.604097835604         0.604097845840         0.604097837956         0.604097846955         0.604097842056         0.604097847047         0.604097848071         0.604097846858         0.604097852147         0.604097847110         0.604097853298         0.604097850176         0.604097854102         0.604097854566         0.604097854640         0.604097857500         0.604097855185         0.604097858562         0.604097856734         0.604097858904         0.604097859074         0.604097858716         0.604097860109         0.604097857732         0.604097860664         0.604097858480         0.604097860649         0.604097858986         0.604097859152         0.604097857890         0.604097857330         0.604097857848         0.604097857907         0.604097858724         0.604097858900         0.604097859235         0.604097859660         0.604097859603         0.604097859925         0.604097859636         0.604097860083         0.604097859772         0.604097860156         0.604097860175         0.604097860012         0.604097860457         0.604097859746         0.604097860458         0.604097859779         0.604097860208         0.604097860053         0.604097859907         0.604097860316         0.604097859349         0.604097859600         0.604097857200         0.604097854043         0.604097845201         0.604097825717         0.604097782651         0.604097684053         0.604097465033         0.604096962367         0.604095827253         0.604093316903         0.604087792190         0.604075200607         0.604045995397         0.603981442866         0.603854421571         0.603564981798         0.602903551405         0.601155905073         0.598728727354         0.594347205043         0.579418263962         0.533523632258         0.000000000000
        0.539536782693         0.578630714863         0.608438345448         0.609547928893         0.606720113968         0.605085670373         0.604513772303         0.604332861732         0.604211638126         0.604147606839         0.604119192748         0.604107867731         0.604102684593         0.604100198417         0.604099068245         0.604098573685         0.604098365737         0.604098260540         0.604098222684         0.604098197943         0.604098191795         0.604098189344         0.604098185898         0.604098191123         0.604098186024         0.604098191373         0.604098188156         0.604098190904         0.604098191326         0.604098190242         0.604098193284         0.604098190241         0.604098193530         0.604098191709         0.604098193334         0.604098193639         0.604098193416         0.604098195007         0.604098193689         0.604098195668         0.604098194659         0.604098195863         0.604098195859         0.604098195633         0.604098196600         0.604098195132         0.604098196859         0.604098195462         0.604098196745         0.604098195712         0.604098195924         0.604098195473         0.604098195061         0.604098195440         0.604098195334         0.604098195762         0.604098195817         0.604098195931         0.604098196149         0.604098196080         0.604098196283         0.604098196100         0.604098196364         0.604098196161         0.604098196373         0.604098196388         0.604098196262         0.604098196570         0.604098196114         0.604098196577         0.604098196154         0.604098196408         0.604098196314         0.604098196158         0.604098196368         0.604098195609         0.604098195474         0.604098193347         0.604098189949         0.604098181260         0.604098161798         0.604098118580         0.604098020323         0.604097801014         0.604097298882         0.604096162955         0.604093654919         0.604088139157         0.604075558467         0.604046354706         0.603981780849         0.603854800081         0.603565426074         0.602904029622         0.601156385649         0.598729199663         0.594347640253         0.579418614876         0.533523937851         0.000000000000
        0.539536734467         0.578630715614         0.608438296117         0.609548048141         0.606720256198         0.605085843265         0.604513932735         0.604333039939         0.604211838581         0.604147792499         0.604119378385         0.604108049518         0.604102867369         0.604100369151         0.604099230685         0.604098734037         0.604098522040         0.604098419990         0.604098379779         0.604098357390         0.604098350354         0.604098347208         0.604098344392         0.604098346951         0.604098343858         0.604098346909         0.604098344922         0.604098346433         0.604098346620         0.604098345916         0.604098347631         0.604098345861         0.604098347657         0.604098346599         0.604098347355         0.604098347535         0.604098347324         0.604098348219         0.604098347487         0.604098348611         0.604098348014         0.604098348706         0.604098348661         0.604098348524         0.604098349111         0.604098348267         0.604098349229         0.604098348412         0.604098349154         0.604098348556         0.604098348697         0.604098348524         0.604098348272         0.604098348514         0.604098348418         0.604098348640         0.604098348656         0.604098348696         0.604098348811         0.604098348761         0.604098348883         0.604098348770         0.604098348923         0.604098348798         0.604098348922         0.604098348925         0.604098348847         0.604098349037         0.604098348764         0.604098349041         0.604098348788         0.604098348934         0.604098348868         0.604098348739         0.604098348806         0.604098348217         0.604098347832         0.604098345888         0.604098342342         0.604098333725         0.604098314308         0.604098270943         0.604098172938         0.604097953382         0.604097451586         0.604096315074         0.604093808420         0.604088297970         0.604075723340         0.604046523679         0.603981941861         0.603854984956         0.603565645750         0.602904282696         0.601156647203         0.598729458162         0.594347887996         0.579418823348         0.533524093309         0.000000000000
        0.539536712643         0.578630715453         0.608438261433         0.609548113695         0.606720328237         0.605085928851         0.604514009316         0.604333125988         0.604211936162         0.604147878177         0.604119464935         0.604108136520         0.604102955955         0.604100452495         0.604099310006         0.604098813064         0.604098598796         0.604098498699         0.604098457055         0.604098435956         0.604098428392         0.604098424918         0.604098422587         0.604098423674         0.604098421760         0.604098423480         0.604098422254         0.604098423122         0.604098423185         0.604098422780         0.604098423738         0.604098422718         0.604098423724         0.604098423103         0.604098423493         0.604098423587         0.604098423442         0.604098423954         0.604098423543         0.604098424191         0.604098423826         0.604098424246         0.604098424191         0.604098424121         0.604098424458         0.604098423986         0.604098424519         0.604098424048         0.604098424482         0.604098424134         0.604098424222         0.604098424146         0.604098424004         0.604098424151         0.604098424084         0.604098424205         0.604098424208         0.604098424224         0.604098424287         0.604098424255         0.604098424328         0.604098424260         0.604098424350         0.604098424274         0.604098424350         0.604098424347         0.604098424303         0.604098424414         0.604098424255         0.604098424418         0.604098424267         0.604098424352         0.604098424298         0.604098424195         0.604098424175         0.604098423694         0.604098423163         0.604098421330         0.604098417700         0.604098409118         0.604098389737         0.604098346268         0.604098248415         0.604098028688         0.604097527070         0.604096390180         0.604093884428         0.604088377082         0.604075805942         0.604046610296         0.603982023803         0.603855084343         0.603565766684         0.602904429742         0.601156802699         0.598729617655         0.594348043357         0.579418955854         0.533524185231         0.000000000000
        0.539536701999         0.578630716433         0.608438239538         0.609548153912         0.606720368567         0.605085975726         0.604514049221         0.604333171951         0.604211987449         0.604147922405         0.604119509848         0.604108182821         0.604103003457         0.604100497779         0.604099353247         0.604098856504         0.604098641129         0.604098541999         0.604098499456         0.604098479125         0.604098471223         0.604098467611         0.604098465564         0.604098465855         0.604098464607         0.604098465551         0.604098464788         0.604098465284         0.604098465295         0.604098465059         0.604098465599         0.604098465007         0.604098465578         0.604098465210         0.604098465419         0.604098465469         0.604098465372         0.604098465667         0.604098465431         0.604098465803         0.604098465579         0.604098465833         0.604098465785         0.604098465748         0.604098465940         0.604098465672         0.604098465969         0.604098465698         0.604098465950         0.604098465745         0.604098465798         0.604098465762         0.604098465680         0.604098465768         0.604098465722         0.604098465788         0.604098465786         0.604098465792         0.604098465825         0.604098465803         0.604098465846         0.604098465803         0.604098465855         0.604098465808         0.604098465853         0.604098465847         0.604098465822         0.604098465886         0.604098465791         0.604098465885         0.604098465791         0.604098465837         0.604098465791         0.604098465704         0.604098465630         0.604098465213         0.604098464595         0.604098462827         0.604098459143         0.604098450583         0.604098431221         0.604098387694         0.604098289941         0.604098070127         0.604097568646         0.604096431564         0.604093926443         0.604088421074         0.604075852200         0.604046660021         0.603982070162         0.603855143622         0.603565840004         0.602904523495         0.601156903247         0.598729724074         0.594348146572         0.579419043483         0.533524243381         0.000000000000
        0.539536696421         0.578630717805         0.608438225686         0.609548179680         0.606720392394         0.605086002870         0.604514071051         0.604333197935         0.604212015918         0.604147946331         0.604119534525         0.604108208774         0.604103030546         0.604100523803         0.604099378267         0.604098881786         0.604098665851         0.604098567320         0.604098524268         0.604098504388         0.604098496266         0.604098492592         0.604098490714         0.604098490560         0.604098489703         0.604098490191         0.604098489712         0.604098489990         0.604098489981         0.604098489844         0.604098490148         0.604098489806         0.604098490131         0.604098489915         0.604098490030         0.604098490056         0.604098489995         0.604098490164         0.604098490028         0.604098490241         0.604098490105         0.604098490258         0.604098490222         0.604098490203         0.604098490310         0.604098490159         0.604098490325         0.604098490169         0.604098490315         0.604098490196         0.604098490227         0.604098490211         0.604098490164         0.604098490216         0.604098490186         0.604098490222         0.604098490219         0.604098490221         0.604098490239         0.604098490226         0.604098490250         0.604098490224         0.604098490254         0.604098490226         0.604098490252         0.604098490247         0.604098490232         0.604098490269         0.604098490213         0.604098490266         0.604098490209         0.604098490231         0.604098490191         0.604098490113         0.604098490010         0.604098489630         0.604098488961         0.604098487234         0.604098483519         0.604098474973         0.604098455622         0.604098412059         0.604098314358         0.604098094489         0.604097593080         0.604096455879         0.604093951164         0.604088447087         0.604075879868         0.604046690373         0.603982098039         0.603855181024         0.603565887141         0.602904586124         0.601156970579         0.598729797464         0.594348217755         0.579419103665         0.533524281285         0.000000000000
        0.539536693330         0.578630719031         0.608438216988         0.609548196635         0.606720407027         0.605086019230         0.604514083559         0.604333213240         0.604212032297         0.604147959801         0.604119548488         0.604108223983         0.604103046517         0.604100539231         0.604099393161         0.604098896808         0.604098680617         0.604098582463         0.604098539095         0.604098519476         0.604098511223         0.604098507519         0.604098505739         0.604098505337         0.604098504706         0.604098504929         0.604098504621         0.604098504771         0.604098504756         0.604098504676         0.604098504847         0.604098504650         0.604098504835         0.604098504709         0.604098504773         0.604098504787         0.604098504750         0.604098504846         0.604098504768         0.604098504890         0.604098504808         0.604098504899         0.604098504874         0.604098504864         0.604098504925         0.604098504840         0.604098504933         0.604098504844         0.604098504928         0.604098504859         0.604098504877         0.604098504869         0.604098504843         0.604098504873         0.604098504855         0.604098504875         0.604098504873         0.604098504873         0.604098504883         0.604098504874         0.604098504888         0.604098504873         0.604098504891         0.604098504873         0.604098504889         0.604098504885         0.604098504877         0.604098504898         0.604098504865         0.604098504895         0.604098504858         0.604098504867         0.604098504831         0.604098504759         0.604098504639         0.604098504281         0.604098503584         0.604098501881         0.604098498147         0.604098489611         0.604098470268         0.604098426689         0.604098329034         0.604098109161         0.604097607829         0.604096470577         0.604093966161         0.604088462935         0.604075896891         0.604046709485         0.603982115411         0.603855205269         0.603565918296         0.602904628923         0.601157016924         0.598729849167         0.594348268076         0.579419146406         0.533524307435         0.000000000000
        0.539536691546         0.578630719978         0.608438211568         0.609548207954         0.606720416199         0.605086029272         0.604514090924         0.604333222486         0.604212041998         0.604147967533         0.604119556646         0.604108233151         0.604103056265         0.604100548695         0.604099402301         0.604098906038         0.604098689695         0.604098591786         0.604098548204         0.604098528718         0.604098520382         0.604098516663         0.604098514936         0.604098514393         0.604098513894         0.604098513963         0.604098513757         0.604098513832         0.604098513816         0.604098513768         0.604098513864         0.604098513750         0.604098513856         0.604098513782         0.604098513818         0.604098513826         0.604098513803         0.604098513858         0.604098513813         0.604098513883         0.604098513833         0.604098513886         0.604098513870         0.604098513865         0.604098513899         0.604098513851         0.604098513903         0.604098513852         0.604098513900         0.604098513860         0.604098513871         0.604098513867         0.604098513851         0.604098513869         0.604098513858         0.604098513869         0.604098513867         0.604098513867         0.604098513872         0.604098513867         0.604098513875         0.604098513866         0.604098513876         0.604098513865         0.604098513874         0.604098513871         0.604098513867         0.604098513878         0.604098513859         0.604098513875         0.604098513851         0.604098513851         0.604098513818         0.604098513750         0.604098513619         0.604098513275         0.604098512560         0.604098510872         0.604098507127         0.604098498596         0.604098479256         0.604098435668         0.604098338044         0.604098118161         0.604097616902         0.604096479660         0.604093975509         0.604088472948         0.604075907827         0.604046721979         0.603982126700         0.603855221505         0.603565939519         0.602904658594         0.601157049306         0.598729886044         0.594348304154         0.579419177433         0.533524326330         0.000000000000
        0.539536689303         0.578630719193         0.608438207237         0.609548213979         0.606720420332         0.605086034249         0.604514094051         0.604333226619         0.604212046189         0.604147970350         0.604119559911         0.604108237153         0.604103060652         0.604100553072         0.604099406537         0.604098910203         0.604098693648         0.604098595837         0.604098552156         0.604098532751         0.604098524379         0.604098520662         0.604098518975         0.604098518354         0.604098517934         0.604098517917         0.604098517772         0.604098517807         0.604098517792         0.604098517765         0.604098517819         0.604098517755         0.604098517817         0.604098517775         0.604098517798         0.604098517803         0.604098517791         0.604098517824         0.604098517799         0.604098517841         0.604098517813         0.604098517846         0.604098517837         0.604098517836         0.604098517857         0.604098517831         0.604098517862         0.604098517833         0.604098517863         0.604098517841         0.604098517849         0.604098517848         0.604098517841         0.604098517852         0.604098517847         0.604098517855         0.604098517855         0.604098517856         0.604098517861         0.604098517859         0.604098517865         0.604098517861         0.604098517869         0.604098517864         0.604098517871         0.604098517870         0.604098517869         0.604098517877         0.604098517866         0.604098517876         0.604098517862         0.604098517858         0.604098517828         0.604098517763         0.604098517629         0.604098517294         0.604098516571         0.604098514894         0.604098511145         0.604098502621         0.604098483287         0.604098439700         0.604098342099         0.604098122217         0.604097621014         0.604096483801         0.604093979901         0.604088477803         0.604075913322         0.604046728867         0.603982132765         0.603855230936         0.603565951962         0.602904678300         0.601157070544         0.598729910769         0.594348328484         0.579419198235         0.533524340999         0.000000000000
        0.539536690643         0.578630728323         0.608438216697         0.609548232584         0.606720437990         0.605086052569         0.604514111857         0.604333245972         0.604212066092         0.604147988819         0.604119577978         0.604108255688         0.604103079029         0.604100570591         0.604099423144         0.604098926114         0.604098709064         0.604098611052         0.604098567136         0.604098547690         0.604098539243         0.604098535502         0.604098533821         0.604098533144         0.604098532768         0.604098532693         0.604098532584         0.604098532589         0.604098532575         0.604098532558         0.604098532586         0.604098532550         0.604098532583         0.604098532560         0.604098532572         0.604098532574         0.604098532567         0.604098532585         0.604098532571         0.604098532593         0.604098532576         0.604098532595         0.604098532589         0.604098532588         0.604098532599         0.604098532585         0.604098532601         0.604098532585         0.604098532602         0.604098532589         0.604098532594         0.604098532593         0.604098532589         0.604098532595         0.604098532592         0.604098532595         0.604098532595         0.604098532596         0.604098532598         0.604098532596         0.604098532599         0.604098532597         0.604098532601         0.604098532598         0.604098532601         0.604098532600         0.604098532599         0.604098532603         0.604098532597         0.604098532600         0.604098532590         0.604098532582         0.604098532553         0.604098532489         0.604098532350         0.604098532018         0.604098531288         0.604098529615         0.604098525859         0.604098517336         0.604098498000         0.604098454407         0.604098356826         0.604098136970         0.604097635797         0.604096498485         0.604093994855         0.604088493796         0.604075930575         0.604046747482         0.603982150055         0.603855251844         0.603565975756         0.602904708696         0.601157101633         0.598729943557         0.594348359274         0.579419222955         0.533524358364         0.000000000000
        0.539536691864         0.578630732740         0.608438221443         0.609548244346         0.606720449320         0.605086064174         0.604514123696         0.604333260235         0.604212079882         0.604148000915         0.604119589720         0.604108269553         0.604103093191         0.604100583859         0.604099435676         0.604098938149         0.604098720490         0.604098621839         0.604098577398         0.604098557767         0.604098549209         0.604098545430         0.604098543734         0.604098543018         0.604098542664         0.604098542552         0.604098542467         0.604098542453         0.604098542441         0.604098542427         0.604098542441         0.604098542422         0.604098542438         0.604098542427         0.604098542432         0.604098542434         0.604098542429         0.604098542437         0.604098542431         0.604098542440         0.604098542432         0.604098542440         0.604098542438         0.604098542436         0.604098542443         0.604098542435         0.604098542443         0.604098542435         0.604098542443         0.604098542437         0.604098542439         0.604098542439         0.604098542437         0.604098542439         0.604098542438         0.604098542439         0.604098542439         0.604098542439         0.604098542440         0.604098542440         0.604098542441         0.604098542440         0.604098542441         0.604098542440         0.604098542441         0.604098542440         0.604098542440         0.604098542442         0.604098542437         0.604098542438         0.604098542430         0.604098542419         0.604098542391         0.604098542327         0.604098542185         0.604098541857         0.604098541122         0.604098539453         0.604098535696         0.604098527177         0.604098507846         0.604098464259         0.604098366711         0.604098146914         0.604097645771         0.604096508310         0.604094004810         0.604088505027         0.604075943506         0.604046761493         0.603982161567         0.603855267882         0.603565997458         0.602904734211         0.601157128446         0.598729972432         0.594348387256         0.579419246597         0.533524374076         0.000000000000
        0.539536692776         0.578630734635         0.608438223232         0.609548250106         0.606720454598         0.605086069533         0.604514128996         0.604333266686         0.604212085835         0.604148006227         0.604119595211         0.604108275398         0.604103099404         0.604100589693         0.604099441548         0.604098944186         0.604098726528         0.604098627677         0.604098582964         0.604098563182         0.604098554521         0.604098550685         0.604098548973         0.604098548238         0.604098547894         0.604098547766         0.604098547691         0.604098547670         0.604098547658         0.604098547648         0.604098547654         0.604098547643         0.604098547652         0.604098547646         0.604098547648         0.604098547649         0.604098547646         0.604098547650         0.604098547647         0.604098547651         0.604098547647         0.604098547651         0.604098547650         0.604098547648         0.604098547652         0.604098547648         0.604098547652         0.604098547648         0.604098547652         0.604098547649         0.604098547650         0.604098547650         0.604098547649         0.604098547651         0.604098547650         0.604098547650         0.604098547650         0.604098547650         0.604098547651         0.604098547650         0.604098547651         0.604098547650         0.604098547651         0.604098547650         0.604098547651         0.604098547651         0.604098547650         0.604098547651         0.604098547648         0.604098547647         0.604098547640         0.604098547629         0.604098547601         0.604098547537         0.604098547394         0.604098547067         0.604098546331         0.604098544664         0.604098540906         0.604098532389         0.604098513059         0.604098469475         0.604098371965         0.604098152241         0.604097651163         0.604096513588         0.604094010133         0.604088510971         0.604075950274         0.604046768581         0.603982167634         0.603855276739         0.603566007763         0.602904747120         0.601157142358         0.598729988108         0.594348402630         0.579419260152         0.533524382903         0.000000000000
        0.539536693277         0.578630735626         0.608438224149         0.609548253266         0.606720457367         0.605086072235         0.604514131571         0.604333269826         0.604212088731         0.604148008806         0.604119597764         0.604108278388         0.604103102317         0.604100592450         0.604099444274         0.604098947114         0.604098729475         0.604098630572         0.604098585769         0.604098565900         0.604098557181         0.604098553318         0.604098551593         0.604098550841         0.604098550499         0.604098550361         0.604098550291         0.604098550265         0.604098550253         0.604098550245         0.604098550247         0.604098550241         0.604098550245         0.604098550241         0.604098550243         0.604098550243         0.604098550242         0.604098550244         0.604098550242         0.604098550244         0.604098550242         0.604098550244         0.604098550243         0.604098550242         0.604098550244         0.604098550242         0.604098550245         0.604098550242         0.604098550245         0.604098550243         0.604098550243         0.604098550243         0.604098550243         0.604098550244         0.604098550243         0.604098550244         0.604098550243         0.604098550243         0.604098550244         0.604098550244         0.604098550244         0.604098550243         0.604098550244         0.604098550243         0.604098550244         0.604098550243         0.604098550243         0.604098550243         0.604098550241         0.604098550240         0.604098550234         0.604098550222         0.604098550194         0.604098550130         0.604098549987         0.604098549660         0.604098548923         0.604098547257         0.604098543499         0.604098534983         0.604098515652         0.604098472071         0.604098374582         0.604098154896         0.604097653857         0.604096516221         0.604094012768         0.604088513899         0.604075953702         0.604046772335         0.603982171189         0.603855281669         0.603566013299         0.602904754387         0.601157150329         0.598729997332         0.594348411571         0.579419268009         0.533524387998         0.000000000000
