        0.723342625114         0.624910929544         0.636384117042         0.637911224751         0.656108484141         0.645215889872         0.620684114952         0.631323034275         0.649293636994         0.632473405023         0.612677098467         0.618009642706         0.620366977706         0.613458700224         0.611224947382         0.612481699302         0.612485851102         0.612071688708         0.611953457023         0.611523373249         0.611145627398         0.611021476424         0.611985108178         0.612673284545         0.613658997601         0.614143145022         0.613988781073         0.613883441609         0.613415267934         0.612776814545         0.612235160922         0.612127669269         0.611972121099         0.611501173255         0.611258278246         0.610896087495         0.611286280281         0.611831856582         0.611714523671         0.611577574700         0.611925654866         0.612385539426         0.612129500478         0.611371223695         0.611041664244         0.611127503619         0.611524800290         0.611471491541         0.611306570103         0.611718628297         0.611756918134         0.611016237956         0.610154689356         0.609573788042         0.609781658801         0.610227983220         0.610177194100         0.610154808116         0.610438781784         0.610738934060         0.610848046598         0.610273969657         0.609916671739         0.610639664052         0.612212501201         0.612449237550         0.612888603913         0.613901856745         0.614354428839         0.613949300117         0.613900022343         0.613722945067         0.613122159307         0.612645852975         0.612494488579         0.612411490872         0.612077996506         0.611964457827         0.612178335036         0.612590501593         0.612744485221         0.612263169773         0.612982050918         0.614454503528         0.614993218262         0.613787057853         0.614205947929         0.618868055021         0.623632114835         0.623137784114         0.622319736146         0.632198691208         0.649387616527         0.653862742415         0.642877516066         0.648468490967         0.682232489807         0.702858345197         0.672974883383         0.542321771511         0.000000000000
        0.788300038821         0.712130607216         0.765625759662         0.787000918028         0.828109498372         0.798409603690         0.764138036584         0.766905431439         0.783705543866         0.775078528765         0.747563855647         0.735874213362         0.744019906834         0.746266580245         0.732822623006         0.720533210400         0.721242954661         0.725519738211         0.722048839411         0.714495709112         0.712041163043         0.714442441021         0.714933666901         0.711754978026         0.709213563843         0.709730303298         0.710852656280         0.710172231073         0.708677225608         0.708334245261         0.708977835451         0.709151524947         0.708541057957         0.708059815355         0.708217697422         0.708463785271         0.708343447988         0.708037851051         0.707958881846         0.708088090670         0.708142299163         0.708047144041         0.707930453319         0.707925115850         0.707977136549         0.707971560895         0.707928180443         0.707894436033         0.707881631648         0.707880824456         0.707891013671         0.707920656664         0.707927306809         0.707865260792         0.707834937348         0.707920782978         0.708054588135         0.708025125766         0.707875594148         0.707930341202         0.708287130450         0.708527457889         0.708300357836         0.708091611490         0.708564075168         0.709335907711         0.709354674455         0.708724184200         0.708966700168         0.710511011702         0.711571197550         0.710796837459         0.710165438950         0.712223103492         0.715389028262         0.715645528515         0.713636349010         0.715014147197         0.721072053511         0.724940518693         0.722343246294         0.720830333015         0.728836839456         0.739769298072         0.740248393269         0.733872313442         0.739171199637         0.758416859697         0.768931375361         0.759196101741         0.753263290401         0.774158755428         0.800739869891         0.794901879841         0.766550761734         0.765741314168         0.797124911651         0.802280760144         0.731699866114         0.570929322491         0.000000000000
        0.793872338137         0.719331115464         0.777066688742         0.801638812672         0.845800256105         0.817793544678         0.784336562326         0.789579594320         0.809302175975         0.801603254998         0.773131425569         0.761355826134         0.771742700708         0.775363833962         0.759298520131         0.743531583243         0.744566063244         0.751037269737         0.746245494168         0.734393787763         0.730084511428         0.734155929260         0.735232476144         0.729288158157         0.724049175768         0.724887608488         0.727268226613         0.725654482567         0.721918006087         0.720875211095         0.722435336026         0.722828020681         0.721011736207         0.719569576914         0.720032852906         0.720830494248         0.720338463575         0.719281680152         0.719106901711         0.719648259355         0.719743320041         0.719209681615         0.718881625683         0.719104627616         0.719313693619         0.719115870398         0.718875243882         0.718965228311         0.719134617374         0.719042353426         0.718887233534         0.719009661251         0.719226667056         0.719142898097         0.718929364061         0.719097320499         0.719547483893         0.719603141197         0.719208163460         0.719230745613         0.720027131846         0.720595943653         0.720134946739         0.719676819332         0.720643979324         0.722228053702         0.722306952549         0.721161692151         0.721668868750         0.724549033334         0.726401762913         0.725052773896         0.724108856084         0.727736234264         0.732919112337         0.733258439622         0.730265825216         0.732700929366         0.741922468469         0.747450154360         0.743742925964         0.741953891690         0.753115675538         0.767428241890         0.767729120911         0.759593549365         0.766058525617         0.788902125501         0.800604809571         0.788592235410         0.780930966409         0.802887860254         0.830062301301         0.821426078190         0.789078569118         0.785809337891         0.815623303696         0.817382871874         0.740322462719         0.575026131988         0.000000000000
        0.795377286045         0.721251631084         0.779982369513         0.805331727218         0.850044980963         0.822236411225         0.788907174227         0.794769342827         0.815148882222         0.807553142998         0.778895369132         0.767356086679         0.778397901930         0.782225692969         0.765374291410         0.748883294629         0.750175859731         0.757185428617         0.751928485632         0.738876195746         0.734129637944         0.738746315729         0.739945618629         0.733056289679         0.726940348729         0.727938655371         0.730771848376         0.728796597641         0.724206860324         0.722908743709         0.724853490774         0.725334330566         0.722989106760         0.721112275114         0.721714852059         0.722764524593         0.722089306929         0.720650479670         0.720415355824         0.721164103170         0.721286739800         0.720521462600         0.720056782641         0.720388666525         0.720693377177         0.720394002787         0.720029392196         0.720162868965         0.720429358569         0.720301880719         0.720053573643         0.720205417457         0.720524918488         0.720433682818         0.720129430050         0.720327062810         0.720925659505         0.721020449304         0.720511094639         0.720525003507         0.721536691686         0.722267697198         0.721698557381         0.721131233443         0.722337089799         0.724295311628         0.724397883051         0.723024285202         0.723668694984         0.727146897443         0.729354272446         0.727773636847         0.726725711564         0.731023859679         0.737037007392         0.737431153716         0.734085261712         0.736953691118         0.747387715283         0.753550649998         0.749483677998         0.747587771019         0.759768260510         0.775177229484         0.775480694380         0.766820911417         0.773453474550         0.797029157919         0.808809398344         0.795946842616         0.787649535440         0.809724077120         0.836935325352         0.827470645778         0.794018641882         0.790179621477         0.819692392718         0.820684482070         0.742172110259         0.575888649732         0.000000000000
        0.795943582298         0.721971005616         0.781062748924         0.806697290916         0.851606767937         0.823854470596         0.790553184945         0.796624710377         0.817240158660         0.809724279172         0.780930493429         0.769455384282         0.780768205850         0.784697381873         0.767573281481         0.750844426327         0.752240329133         0.759423552963         0.753965343086         0.740461525770         0.735528031869         0.740322362142         0.741545603353         0.734289289192         0.727836791182         0.728894055995         0.731896803479         0.729780458035         0.724859634586         0.723464404754         0.725562786026         0.726078264189         0.723519681986         0.721467366162         0.722129743345         0.723285005377         0.722533135643         0.720932226445         0.720671886777         0.721511566304         0.721646926818         0.720779616084         0.720253612402         0.720634409697         0.720983283780         0.720637882259         0.720216236022         0.720369245487         0.720680562428         0.720537078258         0.720245642488         0.720411194353         0.720778250899         0.720683008140         0.720337107002         0.720549625102         0.721217755825         0.721329493608         0.720766701912         0.720779307041         0.721893304543         0.722698156520         0.722076837873         0.721462391818         0.722783891139         0.724913097614         0.725021205365         0.723544446856         0.724261229917         0.728014038195         0.730372585771         0.728683188054         0.727601231406         0.732213872728         0.738586941045         0.738992118063         0.735500677196         0.738585405988         0.749554778949         0.755975953551         0.751752250099         0.749808552659         0.762390045629         0.778169239081         0.778387888244         0.769513173754         0.776297473994         0.800179331355         0.811962321117         0.798713064620         0.790129098786         0.812220605443         0.839397470892         0.829587460127         0.795716776772         0.791714244931         0.821139244136         0.821833569639         0.742802012261         0.576189917653         0.000000000000
        0.796179177188         0.722266556306         0.781507910295         0.807261011697         0.852247950858         0.824513523342         0.791215697997         0.797375671408         0.818092476458         0.810595193096         0.781763114432         0.770311268902         0.781753801090         0.785740911266         0.768524071875         0.751692610184         0.753137303308         0.760408340779         0.754865149628         0.741172121755         0.736149520178         0.741005814189         0.742226211880         0.734808266812         0.728210518024         0.729289675826         0.732358767113         0.730178817830         0.725116208876         0.723679787686         0.725842268990         0.726370000654         0.723719013969         0.721591909251         0.722280400208         0.723480308378         0.722694322781         0.721022950521         0.720752037173         0.721631503624         0.721771900998         0.720859296843         0.720306377909         0.720709139400         0.721077495617         0.720711165222         0.720264084818         0.720426286716         0.720757750920         0.720606607082         0.720295742415         0.720468192282         0.720857077516         0.720759444832         0.720394486608         0.720614746507         0.721315392601         0.721434357922         0.720846549585         0.720859594091         0.722021978677         0.722860463856         0.722214101955         0.721578750714         0.722955516314         0.725163496885         0.725272582983         0.723748324768         0.724500741007         0.728380863455         0.730806317552         0.729065302563         0.727969740470         0.732730343691         0.739264673790         0.739670672322         0.736112417654         0.739295361889         0.750501852389         0.757032016956         0.752731578443         0.750769126942         0.763527846209         0.779459566127         0.779621986049         0.770643576991         0.777487653360         0.801498424943         0.813284275125         0.799873734018         0.791176808792         0.813288925986         0.840445038071         0.830483876288         0.796431878633         0.792372816049         0.821767196514         0.822320205237         0.743064440422         0.576321797284         0.000000000000
        0.796281604173         0.722394648230         0.781700444450         0.807504424160         0.852522600414         0.824795482107         0.791497098317         0.797695654868         0.818457531833         0.810965812117         0.782120676085         0.770678976382         0.782179175651         0.786190667832         0.768937380815         0.752066986180         0.753540274128         0.760858306276         0.755281742008         0.741507106744         0.736441939552         0.741320634208         0.742535313051         0.735044053622         0.728380366928         0.729467771532         0.732564596876         0.730355365554         0.725228951853         0.723773732104         0.725964196890         0.726496698359         0.723804267281         0.721643812393         0.722343848804         0.723563314505         0.722761863362         0.721059025128         0.720783414017         0.721680551550         0.721822993471         0.720890016296         0.720325092545         0.720737733351         0.721114710848         0.720738837980         0.720280365076         0.720446853423         0.720787354418         0.720632561952         0.720312940190         0.720488773028         0.720887637052         0.720788701150         0.720415008536         0.720639103677         0.721354836937         0.721476953325         0.720877503110         0.720890982051         0.722075932290         0.722929799460         0.722271671882         0.721626788325         0.723029328764         0.725273519359         0.725382792789         0.723836587139         0.724605512502         0.728544186485         0.730999912641         0.729234927316         0.728133022279         0.732962395016         0.739569093230         0.739974495386         0.736384494344         0.739608073583         0.750917338406         0.757493344630         0.753152426326         0.751179568808         0.764015357241         0.780011522869         0.780143909199         0.771111113636         0.777973573609         0.802044094257         0.813834773696         0.800355130045         0.791610339236         0.813741016164         0.840897309511         0.830876544090         0.796741953591         0.792656827445         0.822041949050         0.822534644528         0.743180370750         0.576376783170         0.000000000000
        0.816272593657         0.751699580105         0.824301173642         0.857720519933         0.911164061353         0.890935528468         0.864004525016         0.874536566179         0.898679844546         0.894618439490         0.868787354977         0.859434543856         0.872606743793         0.878192341310         0.861217635435         0.843501037553         0.844825581256         0.852988053950         0.846718332784         0.830071961473         0.822871679651         0.827900967953         0.829061395927         0.818739084804         0.808557439863         0.808525825618         0.811955866860         0.808241693244         0.799838952698         0.796371408180         0.798668476970         0.798958611558         0.794229492078         0.789971461367         0.790241410879         0.791694600020         0.790080877095         0.786903508147         0.785972048011         0.787055721373         0.787034216110         0.785350704941         0.784321915004         0.784857626931         0.785246409521         0.784522584586         0.783945035771         0.784434583270         0.784892792919         0.784445584871         0.784163322190         0.785049395178         0.785948857820         0.785560282469         0.785036230897         0.786220611545         0.788155457752         0.788336824798         0.787220278793         0.787988188139         0.791133413080         0.792974164570         0.791702318328         0.791110162561         0.794702793073         0.799219657267         0.799353808677         0.797081329818         0.799375026242         0.806454137805         0.810233708108         0.807480983929         0.806523711835         0.814133525365         0.823163306052         0.823084505015         0.818350934554         0.822684616727         0.836031438533         0.842527144651         0.836344860300         0.833500793732         0.846525470592         0.861771717424         0.859539501785         0.848150961324         0.853029485661         0.874224244214         0.882188652584         0.865160606671         0.852734488476         0.869451264849         0.890375422734         0.874871138663         0.835469062856         0.824803064309         0.846621807021         0.839978000377         0.753620574924         0.582133934158         0.000000000000
        0.824626277096         0.763204095778         0.841314243140         0.878666962496         0.935952968679         0.918919106280         0.895239445994         0.909720924686         0.937547717781         0.936484032303         0.913367979191         0.907087855847         0.923651555341         0.931858170264         0.916703000533         0.900905520934         0.905045209454         0.915767336591         0.910576442185         0.894135037585         0.888158825618         0.895476125804         0.897759092042         0.886467066191         0.875387779910         0.876592924755         0.881641757227         0.877132674810         0.866278666931         0.862161095196         0.865915009394         0.866430412933         0.859212414064         0.852751477942         0.853488516536         0.855952041111         0.852925985652         0.847107905964         0.845466073103         0.847561079952         0.847322870464         0.843608968946         0.841297267099         0.842419635684         0.843264215267         0.841426969419         0.839697245501         0.840521424387         0.841690347938         0.840768370058         0.839688539341         0.841006101936         0.842903510093         0.842419357785         0.841218290770         0.842946361548         0.846373860637         0.846973711057         0.845086421486         0.846098349315         0.851118856931         0.854224450117         0.852301384184         0.851223072403         0.856443509094         0.863061809536         0.863186498551         0.859731362879         0.862612578673         0.871978605363         0.876714562052         0.872700692830         0.870985419834         0.880039829841         0.890555161634         0.889670578928         0.883120674860         0.887276849143         0.901647065361         0.907809041835         0.899473954511         0.894859484279         0.907556142080         0.922229122767         0.917756078579         0.903412308479         0.906236725120         0.925852358238         0.931222886029         0.910612047143         0.894732128613         0.908608919688         0.926250068603         0.906488995783         0.862645304705         0.848041849639         0.865840030766         0.854577400430         0.762597587326         0.587565867039         0.000000000000
        0.826926920501         0.766271737049         0.845720068020         0.884071459351         0.942005091621         0.925511498392         0.902600259032         0.918160847581         0.946867836512         0.946293218469         0.923716614775         0.918377139494         0.935964409651         0.944778043095         0.929937164605         0.914771189629         0.919956879747         0.931500263044         0.926545905273         0.910362745823         0.905170806648         0.913464108974         0.916108147379         0.904721124216         0.893936436875         0.896070816530         0.901792637604         0.897098389987         0.885966158568         0.882337621257         0.886915329508         0.887486496467         0.879617485327         0.873003094388         0.874437642025         0.877332182815         0.873730825849         0.867206377512         0.865825331346         0.868593589892         0.868182881923         0.863589045332         0.861031042998         0.862790547657         0.863916267265         0.861396573556         0.859082332520         0.860303440562         0.862061840214         0.860845614702         0.859085143299         0.860511497499         0.863121079091         0.862755191835         0.860964548418         0.862543097438         0.866649571298         0.867725388059         0.865459925867         0.866103593422         0.871618487200         0.875446746696         0.873453580576         0.871865678294         0.877240310666         0.884610619038         0.884989489280         0.881003492542         0.883596582613         0.893464262774         0.898662031589         0.894280337290         0.891910282377         0.900977783782         0.911939229330         0.910915778963         0.903556756274         0.907183385344         0.921665607280         0.927797848619         0.918706153127         0.913127145794         0.925399331842         0.939937349434         0.934827776085         0.919340648773         0.921224421418         0.940354188715         0.945112057840         0.923359569606         0.906219167668         0.919192383828         0.936081468303         0.915218156884         0.870003483927         0.854216477170         0.871080886698         0.858774639825         0.765220809529         0.589015825821         0.000000000000
        0.827752418030         0.767356315371         0.847212741871         0.885880232087         0.943882497003         0.927465687909         0.904791145756         0.920726166308         0.949648251630         0.949089628060         0.926622807948         0.921631506419         0.939560238827         0.948453697973         0.933594611086         0.918644023978         0.924229640741         0.935993164972         0.930977254976         0.914821029276         0.909966641554         0.918615828787         0.921282358784         0.909761551696         0.899127412497         0.901666949505         0.907577427841         0.902704588052         0.891487130611         0.888162297710         0.893079298728         0.893572503846         0.885436221517         0.878894529979         0.880718617959         0.883745963239         0.879851629099         0.873136507879         0.872035513852         0.875114404743         0.874545724428         0.869581854473         0.867067383737         0.869203835416         0.870401534940         0.867516558696         0.865000424430         0.866518614240         0.868566201528         0.867147820976         0.865036854666         0.866565238187         0.869563742499         0.869236861408         0.867090000239         0.868546909057         0.872992301961         0.874323149594         0.871829745397         0.872183313800         0.877861829485         0.882053424216         0.880032469247         0.878098414193         0.883392865503         0.891082986147         0.891635613957         0.887371964087         0.889684030527         0.899688472983         0.905151145975         0.900661034202         0.897916380506         0.906873911321         0.918053441944         0.917076917379         0.909382854719         0.912691383309         0.927204712782         0.933454627998         0.924149742657         0.918147311650         0.930220730292         0.944809509035         0.939604049862         0.923722305685         0.925221621487         0.944235776645         0.948938239259         0.926880918845         0.909284068693         0.921951574177         0.938713059768         0.917628989996         0.871993019665         0.855791823295         0.872411133625         0.859914316983         0.765954857921         0.589346886588         0.000000000000
        0.828125279660         0.767843755873         0.847864219201         0.886667130417         0.944649272150         0.928237284578         0.905671384942         0.921778902548         0.950765056928         0.950164607898         0.927728333375         0.922902931699         0.940974641492         0.949855659458         0.934950001016         0.920101818791         0.925880777916         0.937715069213         0.932619753534         0.916459523973         0.911780432985         0.920588285164         0.923221764394         0.911603300475         0.901055054394         0.903801523819         0.909773144270         0.904773075699         0.893514139250         0.890367717065         0.895450151335         0.895872342526         0.887589457021         0.881117578221         0.883161930528         0.886236526813         0.882170761574         0.875382177845         0.874465134516         0.877709840360         0.877037515475         0.871886287687         0.869438506839         0.871795905120         0.873018227282         0.869925837689         0.867323907121         0.869025496839         0.871224311856         0.869679270099         0.867373047546         0.868969271333         0.872185809379         0.871869386579         0.869506755465         0.870885238096         0.875516145975         0.876988907388         0.874355386389         0.874524143177         0.880272121259         0.884661220955         0.882631221399         0.880481307561         0.885701213126         0.893560645960         0.894222015731         0.889805131991         0.891935348316         0.901994592826         0.907619077783         0.903090413523         0.900130883381         0.909008499437         0.920315477202         0.919402433495         0.911546783274         0.914672110931         0.929205118702         0.935559431409         0.926186642281         0.919971356845         0.931941560829         0.946591879648         0.941394214809         0.925343075974         0.926648158167         0.945623322618         0.950352694734         0.928194370864         0.910382628102         0.922908163621         0.939654888900         0.918526313689         0.872717503916         0.856319861950         0.872847837785         0.860318729807         0.766217180933         0.589422498965         0.000000000000
        0.828314558032         0.768088521979         0.848180876921         0.887046529467         0.944998278695         0.928576319878         0.906066337001         0.922265805851         0.951276983026         0.950640442468         0.928216726879         0.923484358580         0.941629529524         0.950490276064         0.935551051015         0.920761459736         0.926647559280         0.938510568633         0.933359983509         0.917196333322         0.912619343427         0.921509560689         0.924111810354         0.912433119505         0.901936428100         0.904798112647         0.910792627782         0.905711041594         0.894430573136         0.891390026317         0.896561499479         0.896933641000         0.888565656125         0.882141886109         0.884314254856         0.887408169416         0.883238899663         0.876415280445         0.875611987402         0.878950848564         0.878212525753         0.872958257140         0.870558386386         0.873049850272         0.874287508266         0.871070148459         0.868428520839         0.870243082729         0.872530293666         0.870906223564         0.868484038293         0.870123159308         0.873470213747         0.873157642772         0.870665578042         0.871995005841         0.876734607873         0.878291698450         0.875572295938         0.875627954079         0.881412745027         0.885919110914         0.883884905765         0.881603925143         0.886773428950         0.894730784439         0.895460240550         0.890955252549         0.892973558248         0.903060522081         0.908784706936         0.904240599196         0.901155021526         0.909981435843         0.921363864513         0.920498669923         0.912559067152         0.915574774334         0.930118087749         0.936540320302         0.927139561817         0.920804633515         0.932712474752         0.947403455193         0.942224923649         0.926084474937         0.927278581280         0.946232917100         0.950995205843         0.928796789573         0.910869989440         0.923319307630         0.940071058271         0.918936692750         0.873041257255         0.856535884887         0.873022529949         0.860494494711         0.766331776120         0.589435708241         0.000000000000
        0.828419393697         0.768223923137         0.848353145538         0.887252106115         0.945181096046         0.928750415724         0.906271974343         0.922522934702         0.951544755792         0.950883680132         0.928466117509         0.923787213057         0.941972288877         0.950817291245         0.935856822203         0.921101545708         0.927048791766         0.938925018628         0.933739785421         0.917574157133         0.913057100213         0.921992875470         0.924573298448         0.912858584120         0.902391949363         0.905319381426         0.911323555589         0.906191872132         0.894899478470         0.891921257578         0.897142476509         0.897482214026         0.889064467019         0.882670496446         0.884916903765         0.888018855769         0.883787372488         0.876944792818         0.876209034317         0.879601539805         0.878822769306         0.873508849226         0.871138731386         0.873708111213         0.874950482960         0.871662198427         0.868996489660         0.870880958923         0.873222269062         0.871550729176         0.869063436380         0.870728927528         0.874153153041         0.873842148866         0.871273732742         0.872574471718         0.877378724409         0.878985706502         0.876215698285         0.876204258357         0.882010667224         0.886586761996         0.884550676039         0.882192410764         0.887331309745         0.895345926705         0.896116410329         0.891560523734         0.893512368833         0.903614569858         0.909398195656         0.904846585124         0.901687331022         0.910482662421         0.921909798016         0.921075813373         0.913087670124         0.916036963635         0.930584124043         0.937050233637         0.927637478083         0.921234118961         0.933105737551         0.947823392249         0.942661004533         0.926471382379         0.927601304555         0.946545267796         0.951332604633         0.929116521385         0.911125261246         0.923531734997         0.940290943952         0.919160426668         0.873220665245         0.856657032622         0.873122067913         0.860592744150         0.766395013062         0.589437195672         0.000000000000
        0.831527705425         0.772487491715         0.854495473303         0.894700100686         0.953768197021         0.938541259381         0.917618958400         0.935311883625         0.965359214617         0.965732687739         0.944628432379         0.941391794188         0.960638125049         0.970217612966         0.956140404377         0.942555211473         0.949482411271         0.961926441307         0.957243900052         0.941852326038         0.938221215411         0.947748097122         0.950563478199         0.939151689786         0.929290705507         0.932751108430         0.938925189931         0.933772618031         0.922703813283         0.920172209452         0.925669550204         0.925910109440         0.917377425940         0.911184798043         0.913755146815         0.916842762528         0.912297983777         0.905364071617         0.904873433806         0.908413482286         0.907371890447         0.901748417867         0.899431966256         0.902249094545         0.903407852385         0.899735850414         0.896891148422         0.898976597516         0.901421901644         0.899447287577         0.896613970014         0.898306459710         0.901922012520         0.901480770411         0.898515446476         0.899628433977         0.904566122777         0.906201048347         0.903118704591         0.902739716846         0.908478580753         0.913118825523         0.910894198469         0.908110268314         0.912922057829         0.920821365853         0.921447375385         0.916524837812         0.917968795480         0.927708302703         0.933250728911         0.928343670373         0.924600322363         0.932731983761         0.943623026965         0.942360071991         0.933808562039         0.935950703584         0.949681472663         0.955498800162         0.945454255793         0.938173946992         0.948984992385         0.962753565277         0.956840423499         0.939801043069         0.939827108479         0.957627033518         0.961463698721         0.938331758311         0.919245655480         0.930463496420         0.946175944499         0.924167084802         0.877331474377         0.859852088995         0.875528151218         0.862371258891         0.767428440626         0.589877705481         0.000000000000
        0.833904453496         0.775704012933         0.858923430900         0.900023728017         0.959480126076         0.944774068457         0.924847394648         0.943698838658         0.974444128093         0.975206892838         0.954897131471         0.952884902535         0.973124639971         0.983141383600         0.969570992171         0.957063197934         0.965178876824         0.978235714843         0.973829620420         0.959117133028         0.956643811919         0.967045901160         0.970094257380         0.958962341782         0.949995936898         0.954496642120         0.961093272272         0.955936644978         0.945303993057         0.943743683867         0.949948735602         0.950169046020         0.941591923599         0.936015577351         0.939449132879         0.942775925054         0.937929150849         0.931101435622         0.931353391873         0.935459967661         0.934186608000         0.928213919123         0.926227364278         0.929751123767         0.931005642187         0.926784592930         0.923738528217         0.926358697093         0.929243837732         0.926890558147         0.923453374153         0.925228658993         0.929395633094         0.928942302956         0.925279839837         0.925954663809         0.931219630890         0.933148356546         0.929576661975         0.928397379571         0.933982021877         0.938958391446         0.936588321655         0.932974366819         0.937141857004         0.945128336995         0.945868802370         0.940329292885         0.940830500193         0.950176769842         0.955807974248         0.950578987976         0.945872614386         0.953155199944         0.963828187848         0.962413665657         0.953074082602         0.954098069352         0.967180387766         0.972778721020         0.962178787228         0.953784861557         0.963560457566         0.976816330317         0.970453908334         0.952436351196         0.951208342741         0.968140210921         0.971483433806         0.947600717341         0.927315733279         0.937419352279         0.952465555667         0.929858916805         0.882046413163         0.863444811417         0.878332095444         0.864655254423         0.768817227526         0.590337556393         0.000000000000
        0.835805916788         0.778238416802         0.862313613883         0.904075451610         0.963585447326         0.949088697268         0.929854223573         0.949608847709         0.980754790170         0.981593814264         0.961756892455         0.960725606466         0.981721214867         0.991887660068         0.978503829742         0.966778529155         0.975867698675         0.989334451370         0.984907225949         0.970636610133         0.969146250274         0.980266871359         0.983364715055         0.972290070009         0.964045008729         0.969499269409         0.976409288337         0.971085874329         0.960720244996         0.960065988800         0.966930399010         0.967055288074         0.958342009857         0.953337178715         0.957616977844         0.961145317247         0.955959255847         0.949191145029         0.950200127217         0.954855512002         0.953335578123         0.946997186229         0.945378691035         0.949625703768         0.950974248984         0.946237318952         0.943029765434         0.946218835937         0.949550294752         0.946823851395         0.942802336336         0.944714769896         0.949455123517         0.948991430409         0.944632502164         0.944915328374         0.950549727532         0.952802954614         0.948742277575         0.946803667758         0.952304873884         0.957688430252         0.955195402613         0.950738867738         0.954315051048         0.962459431148         0.963361322972         0.957214057886         0.956805007282         0.965867648177         0.971708574898         0.966237867023         0.960604448273         0.967158119835         0.977806475006         0.976392413798         0.966347939745         0.966367055806         0.978996461718         0.984614672628         0.973637348806         0.964243576807         0.973170174483         0.986215842266         0.979707252482         0.960926486329         0.958661301505         0.975049564871         0.978273080771         0.953942433005         0.932688235190         0.941959846820         0.956712950910         0.933854066439         0.885304630129         0.865783795471         0.880154136046         0.866287710152         0.769856420985         0.590570059490         0.000000000000
        0.837438968874         0.780405962692         0.865180237498         0.907489602198         0.966976850861         0.952607408154         0.933946204707         0.954451020808         0.985902194507         0.986717436606         0.967220066954         0.966991015912         0.988569407498         0.998776305544         0.985446124254         0.974336669755         0.984233731444         0.997990521690         0.993473872193         0.979495907056         0.978823881227         0.990549068040         0.993635809831         0.982546165217         0.974877825564         0.981134839236         0.988285383589         0.982769243217         0.972595579323         0.972709123264         0.980131807990         0.980146734687         0.971284038736         0.966765093329         0.971804674563         0.975509081619         0.970008811942         0.963295591116         0.964978393150         0.970123697435         0.968380876880         0.961709091566         0.960406358416         0.965290864581         0.966711811997         0.961496436051         0.958147328748         0.961858530948         0.965574940177         0.962518566278         0.958000299746         0.960060977307         0.965316026596         0.964829851151         0.959849685828         0.959799623350         0.965777169244         0.968300458927         0.963785700448         0.961176999252         0.966634841172         0.972382595747         0.969771184430         0.964581022385         0.967676326871         0.976004956304         0.977064153055         0.970368607089         0.969167071266         0.978027635613         0.984093242266         0.978410949079         0.971964211529         0.977920203530         0.988607769780         0.987239797441         0.976586056845         0.975752957499         0.988065029193         0.993783537302         0.982523058247         0.972289305047         0.980551917309         0.993524201650         0.986956941497         0.967539095675         0.964401515793         0.980378486748         0.983574865607         0.958897456226         0.936822110947         0.945422060503         0.960011523438         0.937008511619         0.887846210036         0.867545841058         0.881523704694         0.867562457934         0.770667642749         0.590686198657         0.000000000000
        0.838840223931         0.782260674577         0.867626714818         0.910402003503         0.969853939826         0.955582110648         0.937396536660         0.958530379793         0.990226632510         0.991007998711         0.971789092018         0.972231400792         0.994310450189         1.004552470592         0.991265106799         0.980679631338         0.991271672521         1.005262180280         1.000648410271         0.986891467167         0.986886412090         0.999095828582         1.002134180197         0.990983858480         0.983784370830         0.990714595191         0.998066538853         0.992370566158         0.982344188607         0.983099311154         0.990982755046         0.990878188986         0.981835452156         0.977708465990         0.983369718909         0.987206994934         0.981412191941         0.974732614704         0.976973210962         0.982516243898         0.980572860708         0.973609885884         0.972590527697         0.978016609297         0.979503930809         0.973883976486         0.970439110378         0.974601078736         0.978645930315         0.975297155488         0.970352524274         0.972541712851         0.978230838727         0.977723641723         0.972225348549         0.971928645057         0.978224437275         0.980993270226         0.976105522512         0.972959937371         0.978411445078         0.984490378479         0.981771208377         0.975965634626         0.978677471442         0.987196619834         0.988411881258         0.981274701285         0.979435421589         0.988157641090         0.994439411027         0.988573914026         0.981429464323         0.986877783879         0.997616676521         0.996301626995         0.985143196559         0.983599351346         0.995661705123         1.001483102423         0.989981150410         0.979030452962         0.986735058841         0.999654191891         0.993046519480         0.973088650798         0.969225967864         0.984889467045         0.988085445539         0.963111132933         0.940322919299         0.948352053286         0.962813822394         0.939694633900         0.890005848433         0.869034804027         0.882684900294         0.868652233539         0.771356744134         0.590767799085         0.000000000000
        0.840066186770         0.783889360419         0.869769139092         0.912943398462         0.972367820893         0.958181083241         0.940398685105         0.962071543650         0.993978724852         0.994722234542         0.975734441485         0.976744986274         0.999237198842         1.009493031334         0.996214042031         0.986052916974         0.997213436325         1.011398974447         1.006696866037         0.993126578499         0.993695951342         1.006329235675         1.009345687943         0.998143668504         0.991337196138         0.998825754996         1.006344884753         1.000487398860         0.990571577982         0.991845544262         1.000109414392         0.999894429263         0.990687074382         0.986862292635         0.993026585175         0.996957907777         0.990893770634         0.984220901479         0.986929300501         0.992825293471         0.990714966367         0.983509551366         0.982723223149         0.988616509368         0.990151966443         0.984186094129         0.980652598644         0.985198422373         0.989531708117         0.985932891672         0.980638998129         0.982951186468         0.989014846387         0.988486921440         0.982551108716         0.982050643115         0.988623432642         0.991589500632         0.986376052236         0.982776183174         0.988232138600         0.994601163134         0.991798772353         0.985483864297         0.987875152305         0.996551775653         0.997880022442         0.990349830350         0.987963234549         0.996572606612         1.003041164616         0.997026929800         0.989313261219         0.994366500255         1.005169244901         1.003900960231         0.992314967271         0.990181810633         1.002055087135         1.007975000118         0.996274124887         0.984724042665         0.991976294438         1.004872636453         0.998236778333         0.977819135273         0.973335597387         0.988733004181         0.991933693003         0.966714778755         0.943329448902         0.950882295606         0.965241906071         0.942023618478         0.891881840371         0.870334894800         0.883702327978         0.869606723731         0.771965073877         0.590852548013         0.000000000000
        0.841125008933         0.785291334889         0.871622518740         0.915149554319         0.974563629632         0.960462266777         0.943043984287         0.965190303936         0.997281183048         0.997994828027         0.979194166684         0.980685620022         1.003536835654         1.013803018515         1.000538561768         0.990742759993         1.002388634528         1.016744329617         1.011973760080         0.998562059423         0.999621271888         1.012612126090         1.015595431638         1.004345730854         0.997874012770         1.005842225126         1.013502374591         1.007511363731         0.997695047761         0.999425241841         1.008030198553         1.007746037228         0.998436322707         0.994895437262         1.001516074417         1.005558708040         0.999301551291         0.992653710022         0.995758562382         1.001940270593         0.999694558102         0.992280806919         0.991674527314         0.997943467029         0.999506927381         0.993250531930         0.989634113708         0.994488784260         0.999043057295         0.995233634049         0.989637220114         0.992043078374         0.998416097114         0.997861712629         0.991558178831         0.990878102725         0.997672321699         1.000796784417         0.995320581127         0.991339766914         0.996792340094         1.003386339733         1.000504702039         0.993751247758         0.995866475372         1.004670479381         1.006091756410         0.998240306096         0.995406366482         1.003917522123         1.010522703309         1.004360634669         0.996154101706         1.000856981792         1.011700215929         1.010461668999         0.998512685150         0.995874018961         1.007573249662         1.013563323209         1.001688030496         0.989636264686         0.996511525307         1.009382394123         1.002716437659         0.981905429612         0.976897614115         0.992067552611         0.995267801052         0.969833376789         0.945935952707         0.953081524535         0.967345928490         0.944034097312         0.893502484345         0.871465229759         0.884588525568         0.870430898471         0.772485161414         0.590922922941         0.000000000000
        0.842012083151         0.786462535702         0.873178340645         0.917004942540         0.976419757138         0.962383446500         0.945257539930         0.967797244574         1.000053741980         1.000753399557         0.982116559470         0.984012650076         1.007169135912         1.017458358099         1.004223765459         0.994733049233         1.006793381353         1.021295917204         1.016471074672         1.003189931257         1.004643467992         1.017929880214         1.020896013437         1.009604457358         1.003398496466         1.011760082304         1.019539511189         1.013435220752         1.003686412192         1.005784374747         1.014663365548         1.014314343744         1.004900054030         1.001575121183         1.008552319172         1.012669754883         1.006229702656         0.999582683564         1.003007935382         1.009429063099         1.007068169873         0.999488221854         0.999043232954         1.005637169693         1.007243575922         1.000740052522         0.997048273141         1.002163368025         1.006908483582         1.002930219005         0.997089386652         0.999574787163         1.006207090874         1.005642399978         0.999037978274         0.998207372063         1.005184136200         1.008447219693         1.002738776315         0.998439099136         1.003893819570         1.010683042304         1.007742125121         1.000633972691         1.002531533509         1.011444227182         1.012943663090         1.004818165104         1.001608849280         1.010050616540         1.016790842618         1.010527069573         1.001919423155         1.006336081607         1.017218994861         1.016010324000         1.003759699915         1.000708681554         1.012271255846         1.018322438247         1.006296917745         0.993817094438         1.000361912178         1.013205571047         1.006514562122         0.985378795707         0.979935374869         0.994921361023         0.998126061531         0.972510586936         0.948179324974         0.954981812749         0.969165988282         0.945771151209         0.894905350045         0.872447944947         0.885359072243         0.871144902284         0.772935995780         0.590986042168         0.000000000000
        0.842789519901         0.787486300802         0.874540689860         0.918629242518         0.978047075672         0.964071133840         0.947196889491         0.970080896868         1.002483383206         1.003177173189         0.984682611444         0.986932335070         1.010361502926         1.020676002075         1.007457963145         0.998229063877         1.010641922750         1.025277004476         1.020411479768         1.007250884813         1.009054261582         1.022609443298         1.025575123222         1.014265299601         1.008304308879         1.017008052669         1.024898629361         1.018706931264         1.009026071041         1.011440528059         1.020552631025         1.020146766943         1.010639051167         1.007495640273         1.014777476797         1.018955546251         1.012356834785         1.005718260153         1.009404398548         1.016021074391         1.013556624129         1.005834858117         1.005524436342         1.012385954586         1.014027098994         1.007327826091         1.003583762006         1.008912967284         1.013814146979         1.009682312484         1.003635111666         1.006186228702         1.013036023552         1.012457191354         1.005596342714         1.004636111618         1.011760175518         1.015126897852         1.009219089877         1.004643915433         1.010083070996         1.017024327332         1.014021708461         1.006612053580         1.008329562192         1.017341610227         1.018919172052         1.010571536179         1.007043581221         1.015424935804         1.022276023140         1.015932002651         1.007001044359         1.011193113135         1.022117433769         1.020934513892         1.008426627475         1.005020865579         1.016459922197         1.022559043881         1.010406716508         0.997561444534         1.003819962585         1.016630603244         1.009917295286         0.988511896342         0.982703182310         0.997531813359         1.000731044604         0.974944766689         0.950239322340         0.956736109230         0.970825633618         0.947337146366         0.896171544383         0.873342590856         0.886057541568         0.871780896530         0.773336669609         0.591050631545         0.000000000000
        0.843506186128         0.788432046695         0.875795191539         0.920126438695         0.979543993923         0.965624283039         0.948978685343         0.972186526653         1.004714147511         1.005403698570         0.987050802771         0.989607425370         1.013283036041         1.023624804151         1.010433072487         1.001448479195         1.014185910392         1.028949058435         1.024050204902         1.010987820156         1.013096857708         1.026889744526         1.029849575469         1.018518312807         1.012766041745         1.021773019200         1.029756368405         1.023480330482         1.013856618916         1.016548284925         1.025875901163         1.025426186967         1.015848935456         1.012881958812         1.020449073474         1.024702003556         1.017984890081         1.011363481390         1.015303008271         1.022108037714         1.019564013584         1.011712306208         1.011510238160         1.018603768967         1.020263457291         1.013382708789         1.009589609366         1.015112738954         1.020154873291         1.015898238533         1.009664024594         1.012265177341         1.019304672705         1.018717720938         1.011635353316         1.010572698382         1.017841899793         1.021308834814         1.015231092177         1.010419511583         1.015856390709         1.022929802261         1.019866018252         1.012179337792         1.013728830364         1.022821257927         1.024457079099         1.015907140021         1.012098050143         1.020418270279         1.027346463121         1.020901834724         1.011653547949         1.015620385954         1.026561548722         1.025385724528         1.012643799584         1.008924449721         1.020256380524         1.026398692077         1.014129892027         1.000957711517         1.006961629760         1.019740500919         1.012995572634         0.991337352910         0.985194712449         0.999872447311         1.003061717483         0.977128901290         0.952090132239         0.958312486306         0.972322622957         0.948756640553         0.897325751694         0.874166251460         0.886704240714         0.872366115270         0.773705265020         0.591117578479         0.000000000000
        0.844140932181         0.789267382270         0.876908921796         0.921454274962         0.980879825602         0.967011932014         0.950570035993         0.974055505955         1.006702745722         1.007391449851         0.989156951501         0.991997607197         1.015894179310         1.026262253783         1.013092755068         1.004324097233         1.017350381668         1.032227812778         1.027298493395         1.014326471846         1.016710303804         1.030710937238         1.033662498051         1.022309390733         1.016740814105         1.026018228981         1.034079907099         1.027732510212         1.018162411215         1.021107267696         1.030630321183         1.030148584031         1.020517251878         1.017706330455         1.025513011362         1.029814145879         1.022975878519         1.016353206683         1.020502846104         1.027463672524         1.024841879908         1.016881877869         1.016788908029         1.024095755967         1.025779845369         1.018740905213         1.014902336590         1.020596614951         1.025761993266         1.021394618499         1.015005312550         1.017658902858         1.024864926359         1.024270615471         1.016991875172         1.015835439872         1.023228139061         1.026787707450         1.020565826494         1.015546457625         1.020981278036         1.028182043775         1.025080124625         1.017159232058         1.018553529468         1.027707957596         1.029383004708         1.020649601729         1.016596984001         1.024869043309         1.031879686417         1.025358187117         1.015832292834         1.019595913558         1.030545669417         1.029368934491         1.016409881003         1.012402513763         1.023630750843         1.029802781036         1.017427456675         1.003968793021         1.009753818001         1.022507674600         1.015735301401         0.993850758282         0.987408359950         1.001949146414         1.005125046288         0.979059722344         0.953725690134         0.959706140306         0.973645882972         0.950006776817         0.898339755037         0.874890455837         0.887276429018         0.872885759950         0.774031246121         0.591175625323         0.000000000000
        0.844742429678         0.790060527198         0.877966774620         0.922714727351         0.982151473202         0.968337744273         0.952092321789         0.975841541714         1.008600722983         1.009295391818         0.991179243978         0.994293332364         1.018398386769         1.028791402468         1.015643819341         1.007076678296         1.020362256625         1.035343188594         1.030389382495         1.017510256237         1.020156694894         1.034356034659         1.037307248157         1.025935577065         1.020538565048         1.030067710180         1.038212583057         1.031811584936         1.022300913603         1.025479270239         1.035173758024         1.034658247689         1.024979374123         1.022306374404         1.030335326331         1.034683686856         1.027737880279         1.021116078865         1.025453951344         1.032551742848         1.029860363651         1.021799379188         1.021800377235         1.029297729015         1.031007653802         1.023829116654         1.019955212990         1.025796919122         1.031070699628         1.026598355886         1.020063999887         1.022768499853         1.030124263448         1.029508397395         1.022039055747         1.020789385060         1.028285412786         1.031917721504         1.025557208603         1.020342161526         1.025765680927         1.033062195864         1.029905255533         1.021760051659         1.023016038390         1.032226693555         1.033937025845         1.025027901799         1.020736058454         1.028945368941         1.036016168993         1.029418532564         1.019644327852         1.023231693970         1.034195088082         1.033022765233         1.019868543631         1.015596818165         1.026726673683         1.032920450189         1.020440625399         1.006713190893         1.012292325371         1.025020035751         1.018219917916         0.996127061291         0.989413404275         1.003833350827         1.006997884888         0.980808864756         0.955204425343         0.960969846162         0.974850697519         0.951147469721         0.899265560994         0.875554642358         0.887804290503         0.873364631270         0.774330740565         0.591229962430         0.000000000000
        0.845305619123         0.790802224116         0.878959271535         0.923898355630         0.983351321818         0.969589911199         0.953526238930         0.977519496443         1.010389505330         1.011092593837         0.993086774498         0.996452690940         1.020756290993         1.031182703156         1.018060933249         1.009687349476         1.023215825429         1.038296402757         1.033323944379         1.020534187220         1.023417678697         1.037801802725         1.040761528380         1.029384232500         1.024155059610         1.033919013454         1.042143175768         1.035695169531         1.026241991386         1.029637286801         1.039495978601         1.038961491694         1.029239186060         1.026701523104         1.034940242634         1.039348160988         1.032325235600         1.025718362801         1.030236576016         1.037466295698         1.034709939621         1.026552703270         1.026628629115         1.034282869901         1.036002540968         1.028689810502         1.024769026945         1.030734738491         1.036096656347         1.031516081672         1.024835039226         1.027564160906         1.035050851166         1.034422516510         1.026782446968         1.025440802153         1.033021490037         1.036708697299         1.030207138184         1.024801337810         1.030209399876         1.037597234465         1.034394880138         1.026043996971         1.027168918601         1.036430510389         1.038176621925         1.029111816767         1.024604904381         1.032764260011         1.039896088286         1.033230297888         1.023228529915         1.026653716967         1.037629457425         1.036458547909         1.023124525857         1.018611187572         1.029655999026         1.035875701256         1.023300113077         1.009318969100         1.014701513087         1.027403054773         1.020576270933         0.998289228776         0.991322076149         1.005627298508         1.008779194302         0.982473543049         0.956615624791         0.962177793879         0.976000843066         0.952237056445         0.900155225491         0.876200702702         0.888323424878         0.873832055386         0.774624509262         0.591292379123         0.000000000000
        0.845843914477         0.791512067615         0.879907991607         0.925028666775         0.984497018449         0.970786561469         0.954896290797         0.979120917100         1.012097629287         1.012810318769         0.994908667899         0.998510302770         1.022997394554         1.033446685793         1.020341365675         1.012133349232         1.025888505938         1.041059819460         1.036061812458         1.023343765192         1.026442549598         1.040993633083         1.043951534200         1.032561442650         1.027485051895         1.037469981172         1.045770115715         1.039272595080         1.029865125516         1.033461458542         1.043471193285         1.042910547449         1.033141366513         1.030724928632         1.039159111634         1.043617154282         1.036512918841         1.029915189989         1.034609915954         1.041970613763         1.039156481742         1.030912760777         1.031070155966         1.038888293600         1.040629611118         1.033200976613         1.029252998640         1.035354677834         1.040815842848         1.036147476362         1.029340230380         1.032105571998         1.039722414882         1.039089019503         1.031303011790         1.029889581992         1.037559966365         1.041310511507         1.034692005749         1.029122042006         1.034518568355         1.041992518516         1.038744857277         1.030199170632         1.031201297424         1.040508186863         1.042285623046         1.033079734329         1.028372380002         1.036472681587         1.043646322660         1.036913167202         1.026701447976         1.029976139277         1.040958718222         1.039784621852         1.026281760852         1.021545214806         1.032503548928         1.038735158541         1.026062071007         1.011841248236         1.017038103336         1.029708545802         1.022851848168         1.000380922437         0.993170033004         1.007359254756         1.010491095876         0.984074643774         0.957975385335         0.963341879354         0.977103422842         0.953276698054         0.901002007266         0.876814032145         0.888810547253         0.874268724391         0.774898430520         0.591350271513         0.000000000000
        0.846346016080         0.792174711150         0.880799640227         0.926092783882         0.985580957899         0.971916188347         0.956180153425         0.980621418133         1.013699487563         1.014422319779         0.996619021267         1.000442197110         1.025102656130         1.035581721600         1.022500752499         1.014459011338         1.028435911964         1.043694301177         1.038676784357         1.026041353320         1.029350365055         1.044055919117         1.047020151057         1.035619071540         1.030682527500         1.040866479441         1.049227740079         1.042681586344         1.033318820419         1.037097770616         1.047248943601         1.046666239872         1.036858433172         1.034557002098         1.043176918524         1.047678115323         1.040493156194         1.033903449610         1.038749697506         1.046220927368         1.043351932236         1.035028593986         1.035261541513         1.043230892061         1.044988521264         1.037450375533         1.033473552590         1.039700198897         1.045256046817         1.040514373896         1.033600035200         1.036404064706         1.044136860912         1.043496017158         1.035559974511         1.034073634638         1.041826933536         1.045634944128         1.038901677777         1.033180724953         1.038567977004         1.046127313213         1.042843451113         1.034120190079         1.035002894314         1.044348961298         1.046147028186         1.036802550042         1.031912019122         1.039971697977         1.047191951623         1.040387650731         1.029967945551         1.033093969180         1.044080281120         1.042904896740         1.029241961646         1.024292832371         1.035168535145         1.041411805824         1.028650248682         1.014206604617         1.019231187820         1.031873787302         1.024988754735         1.002344905633         0.994909403032         1.008995839773         1.012111881932         0.985587563642         0.959261074453         0.964444909652         0.978149683066         0.954262200788         0.901804952767         0.877396505201         0.889273869565         0.874683869685         0.775157923081         0.591403421770         0.000000000000
        0.846856240381         0.792852808777         0.881709502105         0.927178540392         0.986700413203         0.973093228471         0.957523413709         0.982176238798         1.015357706959         1.016092398992         0.998393515300         1.002437407183         1.027264382093         1.037776446944         1.024727179978         1.016849907023         1.031037243670         1.046382492853         1.041358661638         1.028801082232         1.032307366959         1.047162783087         1.050131373719         1.038725563406         1.033927904726         1.044304278607         1.052728117219         1.046139036920         1.036823985750         1.040788370017         1.051081270867         1.050486836606         1.040647918621         1.038455855429         1.047248209001         1.051786928852         1.044527266187         1.037951595987         1.042944315270         1.050524777869         1.047610465062         1.039210601925         1.039508250722         1.047621343111         1.049393576998         1.041743050228         1.037727539947         1.044066798416         1.049705933145         1.044885037007         1.037848556870         1.040685097772         1.048522620365         1.047861950172         1.039772504092         1.038208848588         1.046033213716         1.049896520366         1.043061604082         1.037193799568         1.042575857681         1.050212357108         1.046896575983         1.038005115390         1.038779392539         1.048160055365         1.049976989788         1.040491560078         1.035415498488         1.043423893677         1.050686246290         1.043813714565         1.033192220089         1.036171712720         1.047158112517         1.045978471582         1.032163915910         1.027010268550         1.037803016707         1.044051691663         1.031196775295         1.016534305303         1.021389821060         1.034000722259         1.027082716389         1.004268252682         0.996613593622         1.010595413102         1.013691321644         0.987061280648         0.960517077277         0.965524864886         0.979172464204         0.955223899489         0.902588785295         0.877967297692         0.889728648659         0.875089725302         0.775411035444         0.591456754331         0.000000000000
        0.847355311585         0.793512246675         0.882595471872         0.928235216225         0.987785220577         0.974234324449         0.958830180037         0.983699798548         1.016979152641         1.017725069779         1.000119024541         1.004364202464         1.029355790964         1.039897680378         1.026876136369         1.019161629798         1.033562425378         1.048999211498         1.043971883508         1.031495433221         1.035208295363         1.050226871973         1.053207800535         1.041808555712         1.037153826552         1.047728606547         1.056222821205         1.049593818639         1.040328474989         1.044476492965         1.054906246911         1.054283195649         1.044403620791         1.042315867230         1.051269324700         1.055845822138         1.048507170253         1.041938919130         1.047086387374         1.054776923731         1.051806602894         1.043317589909         1.043681450323         1.051929354697         1.053714679053         1.045959176560         1.041915046836         1.048371416585         1.054097473501         1.049200279123         1.042051888186         1.044919524540         1.052870079780         1.052204473314         1.043982527441         1.042348875981         1.050253077774         1.054174044072         1.047236241241         1.041220143372         1.046593676463         1.054298198383         1.050942875807         1.041882027030         1.042550144019         1.051969615348         1.053814786002         1.044193124748         1.038933777038         1.046889937540         1.054191679062         1.047254748581         1.036438660184         1.039272873888         1.050259069562         1.049073186510         1.035108402419         1.029753879683         1.040468821682         1.046729730115         1.033793857599         1.018926692941         1.023621065422         1.036201121751         1.029248020629         1.006256296220         0.998372055302         1.012237794314         1.015305099531         0.988565502298         0.961799441673         0.966626023445         0.980212009972         0.956199753745         0.903386750539         0.878550290167         0.890192798780         0.875502182828         0.775668228205         0.591512856195         0.000000000000
        0.847835349429         0.794143495595         0.883444911661         0.929249156042         0.988823556452         0.975321793467         0.960070864859         0.985145567619         1.018523537369         1.019283169706         1.001769733579         1.006222349526         1.031378516093         1.041951996326         1.028957610592         1.021398960582         1.036006512804         1.051529995378         1.046497099645         1.034097451308         1.038010401704         1.053185210942         1.056169304488         1.044766233700         1.040243884721         1.051005255999         1.059568416748         1.052904424122         1.043687291789         1.048009896368         1.058572364810         1.057935206287         1.048024684642         1.046041243078         1.055158306256         1.059783860412         1.052384947836         1.045830666237         1.051124256430         1.058923987288         1.055916914915         1.047370849434         1.047814532762         1.056197557055         1.057998079338         1.050141468350         1.046064478267         1.052617662344         1.058411488765         1.053434263377         1.046172018824         1.049059738633         1.057111203933         1.056432595292         1.048080020079         1.046379477892         1.054350746555         1.058315337925         1.051270197113         1.045106323831         1.050465731841         1.058242310401         1.054852421465         1.045629450880         1.046190428479         1.055640116067         1.057502680511         1.047750176486         1.042314380438         1.050223865300         1.057563374578         1.050562786099         1.039558149723         1.042253664924         1.053245110235         1.052054734124         1.037936946501         1.032376408592         1.043010509724         1.049277593527         1.036256165794         1.021182540696         1.025716837860         1.038268192355         1.031284503963         1.008129621630         1.000035595681         1.013801766559         1.016849376178         0.990007717425         0.963028933297         0.967683780067         0.981212320536         0.957138686664         0.904152910157         0.879110321575         0.890640175594         0.875900601744         0.775916409382         0.591566536930         0.000000000000
        0.848303911602         0.794759489184         0.884275358329         0.930240485669         0.989838369133         0.976382350282         0.961277883923         0.986549934667         1.020023798430         1.020795251224         1.003369011808         1.008019890700         1.033334978048         1.043937827059         1.030967525733         1.023558562916         1.038361709456         1.053972256927         1.048932354916         1.036606198588         1.040711655102         1.056036345359         1.059032750502         1.047632361059         1.043245730071         1.054195648487         1.062824326362         1.056120766009         1.046945438339         1.051435587897         1.062125627293         1.061474421978         1.051533663386         1.049658516968         1.058945084337         1.063617393624         1.056155513684         1.049614366077         1.055051524682         1.062959774294         1.059917125935         1.051309886851         1.051816439744         1.060332984767         1.062152538490         1.054199094492         1.050096254697         1.056755539193         1.062625859576         1.057579419791         1.050217548073         1.053135105621         1.061286862944         1.060598869370         1.052117265420         1.050345581609         1.058378759773         1.062393005145         1.055253465540         1.048953205310         1.054303065818         1.062147455510         1.058710688010         1.049317508179         1.049764136134         1.059239285573         1.061119546254         1.051243144794         1.045636783517         1.053495465423         1.060865975151         1.053802442514         1.042612186896         1.045169835720         1.056160211455         1.054965725953         1.040704561726         1.034950164033         1.045510413683         1.051790151564         1.038692190283         1.023422649194         1.027802107157         1.040325697692         1.033306708583         1.009985179651         1.001679678694         1.015343111176         1.018368468855         0.991424506655         0.964238414310         0.968724764975         0.982195901238         0.958061963898         0.904906752941         0.879661189008         0.891079630932         0.876291819855         0.776160251810         0.591618961650         0.000000000000
        0.848773620048         0.795382296894         0.885116280665         0.931238715071         0.990854825095         0.977437944232         0.962471975469         0.987935165865         1.021501428307         1.022284556802         1.004945064682         1.009788589587         1.035257096288         1.045887896334         1.032941800295         1.025681062220         1.040680009076         1.056375108536         1.051332772171         1.039080617397         1.043369016008         1.058834285187         1.061837655618         1.050434872652         1.046175432863         1.057309192993         1.066007064162         1.059271207149         1.050135476984         1.054784608442         1.065597226499         1.064934098811         1.054956780290         1.053173355314         1.062617928004         1.067329287529         1.059802344816         1.053267989391         1.058840214812         1.066847909512         1.063760398728         1.055087919326         1.055662162532         1.064315411860         1.066155992468         1.058102324211         1.053965461939         1.060721550391         1.066668892313         1.061557158863         1.054094165223         1.057033352899         1.065277396527         1.064573857287         1.055958157879         1.054116550843         1.062213862697         1.066271695762         1.059029136179         1.052588376598         1.057926211832         1.065836239110         1.062365518109         1.052817873419         1.053166568498         1.062678014650         1.064584751000         1.054597338622         1.048830975754         1.056646016362         1.064054928769         1.056939659086         1.045582905251         1.048017095955         1.059013738738         1.057816680130         1.043418206419         1.037479170865         1.047967549223         1.054255827532         1.041080462239         1.025617786381         1.029847813374         1.042338835429         1.035285112554         1.011805645176         1.003300032174         1.016865568280         1.019865445248         0.992816118208         0.965424471351         0.969743995732         0.983157026462         0.958962675921         0.905642946282         0.880201046549         0.891510696369         0.876674100226         0.776398256421         0.591671980976         0.000000000000
        0.849262736186         0.796033040267         0.885993561524         0.932285359936         0.991931844449         0.978570164383         0.963760786266         0.989423250257         1.023087082349         1.023890567967         1.006649131523         1.011690968148         1.037310217364         1.047963192947         1.035032034647         1.027919505929         1.043111170252         1.058884083701         1.053833628886         1.041655364136         1.046132172105         1.061745337139         1.064758945363         1.053352956978         1.049224634847         1.060538704363         1.069300593788         1.062531192365         1.053439587452         1.058255853250         1.069197774321         1.068521237782         1.058515092820         1.056832980895         1.066433990705         1.071179594445         1.063585509436         1.057058087138         1.062762741312         1.070868553745         1.067737126725         1.059001724133         1.059640875621         1.068423107180         1.070283050381         1.062140921858         1.057975783352         1.064837674137         1.070861703038         1.065676092450         1.058103896897         1.061067195641         1.069403793263         1.068690493533         1.059950563767         1.058038442713         1.066198556307         1.070305898744         1.062975059537         1.056405297204         1.061734976907         1.069712971668         1.066207890089         1.056509830333         1.056755650414         1.066297848046         1.068220473293         1.058119759528         1.052194993190         1.059969608385         1.067415581316         1.060241031620         1.048702760520         1.051000745976         1.061990341812         1.060787781075         1.046251095569         1.040127840130         1.050542614767         1.056839085982         1.043575270059         1.027899229032         1.031958661983         1.044404594402         1.037309768339         1.013669790963         1.004958166132         1.018418533399         1.021391675540         0.994239816739         0.966642556489         0.970792772829         0.984144291475         0.959886558826         0.906399285190         0.880757416366         0.891954591770         0.877066161099         0.776642462267         0.591728299749         0.000000000000
        0.849738368829         0.796660874193         0.886838385556         0.933292512498         0.992969051022         0.979661925370         0.965007450008         0.990873464583         1.024637020595         1.025454674212         1.008313963664         1.013553854955         1.039323698763         1.050004359131         1.037094656239         1.030128919696         1.045513988568         1.061368860262         1.056310341972         1.044202277844         1.048866377622         1.064625544831         1.067650592962         1.056247202999         1.052249266725         1.063746187108         1.072576103669         1.065777586111         1.056731633835         1.061708512627         1.072773295339         1.072079218786         1.062042760302         1.060463100698         1.070219708561         1.075006658848         1.067350981173         1.060830534643         1.066674163470         1.074879186430         1.071704577774         1.062890002821         1.063588743495         1.072494836827         1.074364575178         1.066129068564         1.061933190731         1.068899401397         1.075001050849         1.069748822052         1.062085649010         1.065081302473         1.073519620010         1.072799725745         1.063934801875         1.061959610128         1.070191615937         1.074353576527         1.066930407514         1.060226232381         1.065543964022         1.073586674120         1.070049024062         1.060199382841         1.060340605771         1.069907463672         1.071843424067         1.061618126539         1.055523654619         1.063248035747         1.070724769603         1.063491850337         1.051777644637         1.053945694157         1.064934128335         1.063728953034         1.049056155292         1.042746642975         1.053082517913         1.059380082306         1.046033355199         1.030159064057         1.034056090046         1.046460241983         1.039324623794         1.015522888634         1.006606835609         1.019965868249         1.022913285631         0.995657988090         0.967856083558         0.971840354610         0.985133359041         0.960812225678         0.907156626909         0.881315882624         0.892402150800         0.877461566352         0.776888263849         0.591785329768         0.000000000000
        0.861373670290         0.813190510365         0.909170580934         0.959490203424         1.021469761344         1.011321190492         1.001477191686         1.031852258512         1.068144397942         1.071170696732         1.058033759859         1.068030725608         1.096943256674         1.109421078688         1.099350514294         1.096750171883         1.115821456482         1.133543032403         1.130273779312         1.121524063286         1.130010097685         1.148071527726         1.152329655152         1.143082254232         1.142408567785         1.156565333703         1.166598709114         1.160957031964         1.154270354895         1.161888596788         1.174432669034         1.174405739796         1.165643110601         1.166130314357         1.177526615665         1.182952149013         1.175781606336         1.170457906658         1.177711461709         1.186681905559         1.183642952706         1.175164056697         1.176653721544         1.186257293716         1.188241633195         1.179768119007         1.175546113314         1.182767668979         1.188982784575         1.183326234592         1.174973113198         1.177496880779         1.185784911817         1.184688286147         1.174827697132         1.171624126649         1.179074073859         1.182788406724         1.174399655465         1.165990273554         1.169692921006         1.176865375300         1.172489619690         1.160868228682         1.158685589608         1.166594722541         1.167594777709         1.155812236709         1.147027192524         1.152152600547         1.158141726574         1.149570783809         1.135286815524         1.134151521656         1.142744223867         1.140104019698         1.123243440289         1.113377268580         1.120342022874         1.124629851058         1.109436910065         1.090275561367         1.090142764789         1.099663264922         1.090679706919         1.064125776212         1.051055886305         1.060619157912         1.061224553129         1.031648617248         1.000052665445         0.999781381239         1.010089917851         0.983606143981         0.926811106620         0.896885912040         0.904583616687         0.887449780122         0.783752286381         0.595298763513         0.000000000000
        0.866294251013         0.819811432381         0.918123753623         0.970119258924         1.032792071529         1.023580439844         1.015513479398         1.047919539221         1.085346856143         1.089025236309         1.077281821367         1.089397280315         1.119914858239         1.133076845905         1.123876727663         1.123104663985         1.144119860388         1.162835511050         1.160083910122         1.152605169826         1.163054933947         1.182539148628         1.187294066277         1.178721522789         1.179658948039         1.195545810136         1.206362680865         1.201010195961         1.195326751737         1.204649734185         1.218379854044         1.218607959756         1.210223425452         1.212006892081         1.224853386082         1.230813248935         1.223635229939         1.218951464607         1.227566154639         1.237448765389         1.234381744679         1.225905456937         1.228283515080         1.239003526377         1.241248584395         1.232417958351         1.228390038446         1.236557895672         1.243384453474         1.237392954018         1.228604221338         1.231526674787         1.240554776210         1.239429209186         1.228822191756         1.225289593190         1.233208545573         1.237209250876         1.228154425639         1.218808867622         1.222346660175         1.229844757930         1.225129586683         1.212326741812         1.209223751836         1.217077182031         1.218016477039         1.205206319439         1.194935918646         1.199292467959         1.205174194880         1.195936606040         1.180005338438         1.177327332609         1.185329785785         1.182273288700         1.163997382342         1.152075142955         1.157672782552         1.161426073625         1.145214413149         1.123924741524         1.121664448899         1.130112403432         1.120360037347         1.091993361196         1.076366762489         1.084094513888         1.083808082109         1.052864454088         1.018744820468         1.015998674769         1.024950955596         0.997371337975         0.938442687746         0.905821076564         0.911660850171         0.893509978499         0.787774546859         0.596846220996         0.000000000000
        0.866652510754         0.820291295768         0.918775997166         0.970893945848         1.033619555099         1.024475404779         1.016535605125         1.049087997623         1.086598918753         1.090324276050         1.078678884105         1.090945807905         1.121580138610         1.134791344034         1.125650764454         1.125008348629         1.146165029218         1.164952869650         1.162235759872         1.154845602181         1.165438916352         1.185029083351         1.189817974707         1.181290774711         1.182345586225         1.198361821390         1.209236814436         1.203900717028         1.198288441263         1.207741242442         1.221563298306         1.221806081852         1.213444812997         1.215327041812         1.228289496176         1.234290687602         1.227106569472         1.222470786274         1.231197299899         1.241156144413         1.238083004816         1.229602772140         1.232056636651         1.242875598440         1.245142707137         1.236277947467         1.232268802421         1.240526473162         1.247411112302         1.241388271598         1.232562586397         1.235530685205         1.244635006924         1.243508735723         1.232835738285         1.229284602910         1.237262914645         1.241298828053         1.232184395137         1.222763329631         1.226308297656         1.233853350609         1.229111526989         1.216207429581         1.213042050866         1.220916267403         1.221862047576         1.208963156196         1.198575395380         1.202892103296         1.208785868706         1.199494513061         1.183425933423         1.180637271759         1.188616618390         1.185537042545         1.167143102512         1.155059751098         1.160568445721         1.164297000441         1.148005127914         1.126543291272         1.124124863544         1.132506034414         1.122699269160         1.094184663125         1.078357260046         1.085952587986         1.085605678045         1.054553285987         1.020232070499         1.017296017899         1.026149424711         0.998485266513         0.939385087561         0.906549920276         0.912245147246         0.894013777626         0.788109463026         0.596975824501         0.000000000000
        0.866680071848         0.820328223430         0.918826848194         0.970953882189         1.033683629064         1.024544920269         1.016614987252         1.049178551058         1.086696056770         1.090425517501         1.078788217148         1.091067289977         1.121710848805         1.134926323091         1.125791185139         1.125159539212         1.146327591575         1.165121555619         1.162407934776         1.155025608033         1.165630629172         1.185229497191         1.190021674131         1.181498835466         1.182563416390         1.198590141685         1.209470096221         1.204135923906         1.198529878026         1.207993291788         1.221822969457         1.222067519087         1.213708786724         1.215599266326         1.228570950512         1.234575702667         1.227391743841         1.222760221852         1.231495585381         1.241460492913         1.238387148695         1.229907032434         1.232366827084         1.243193360909         1.245462199136         1.236595043193         1.232587305814         1.240851444704         1.247740088636         1.241714768590         1.232886094897         1.235857107675         1.244966493070         1.243839662283         1.233161350669         1.229608092074         1.237589743892         1.241627346738         1.232507863735         1.223080387086         1.226624631318         1.234171912959         1.229427024943         1.216514702518         1.213343517890         1.221217626091         1.222162498116         1.209256141585         1.198858706306         1.203170889331         1.209063721829         1.199767167047         1.183687644957         1.180889530984         1.188865350762         1.185782547934         1.167379169356         1.155283194932         1.160783838688         1.164508926289         1.148210243261         1.126735435164         1.124304705278         1.132679676230         1.122868033845         1.094342615886         1.078500664899         1.086085828788         1.085733751563         1.054673410561         1.020338075368         1.017388511247         1.026234452032         0.998564085698         0.939452115200         0.906602329705         0.912287354854         0.894050028472         0.788133885541         0.596986280780         0.000000000000
        0.866684580264         0.820334191642         0.918835315153         0.970963576795         1.033693946798         1.024556048242         1.016627446682         1.049192661660         1.086711256252         1.090441392998         1.078805280416         1.091086204523         1.121731268953         1.134947495526         1.125813272451         1.125183296619         1.146353168528         1.165148183567         1.162435164860         1.155054109173         1.165661030181         1.185261387537         1.190054157651         1.181532040140         1.182598185242         1.198626636723         1.209507430344         1.204173592138         1.198568535921         1.208033649663         1.221864576848         1.222109437682         1.213751083871         1.215642866263         1.228616013184         1.234621335615         1.227437386597         1.222806491468         1.231543205361         1.241509083121         1.238435698747         1.229955561183         1.232416255348         1.243243966857         1.245513062091         1.236645458423         1.232637864255         1.240902950200         1.247792168943         1.241766433097         1.232937221692         1.235908591865         1.245018687813         1.243891734509         1.233212567324         1.229658882403         1.237640929787         1.241678702940         1.232558383410         1.223129816779         1.226673786037         1.234221294150         1.229475862947         1.216562196439         1.213389986364         1.221263963521         1.222208632403         1.209301074813         1.198902063704         1.203213433561         1.209106029035         1.199808616666         1.183727358097         1.180927702202         1.188902895183         1.185819530436         1.167414636404         1.155316638514         1.160815954587         1.164540419677         1.148240600405         1.126763732102         1.124331047552         1.132705003333         1.122892567395         1.094365473599         1.078521308476         1.086104943868         1.085752116172         1.054690634663         1.020353224582         1.017401705659         1.026246603803         0.998575370588         0.939461679669         0.906609772542         0.912293376069         0.894055219339         0.788137316284         0.596987637139         0.000000000000
        0.866685616215         0.820335574483         0.918837369960         0.970965708125         1.033696190989         1.024558446970         1.016629977265         1.049195389033         1.086714178935         1.090444451469         1.078808517391         1.091089742450         1.121735125974         1.134951555144         1.125817523628         1.125187860206         1.146358102694         1.165153333224         1.162440443255         1.155059622404         1.165666890386         1.185267545095         1.190060464731         1.181538480906         1.182604915506         1.198633713060         1.209514679198         1.204180914178         1.198576042644         1.208041484545         1.221872664225         1.222117601352         1.213759316473         1.215651348115         1.228624779274         1.234630218647         1.227446268217         1.222815487071         1.231552459309         1.241518539339         1.238445150665         1.229964996777         1.232425867339         1.243253813164         1.245522966813         1.236655263471         1.232647684738         1.240912951643         1.247802288375         1.241776476148         1.232947144578         1.235918584392         1.245028816803         1.243901839443         1.233222498877         1.229668716378         1.237650845499         1.241688641773         1.232568151971         1.223139360180         1.226683266718         1.234230814852         1.229485270226         1.216571318248         1.213398889416         1.221272836921         1.222217463592         1.209309654018         1.198910309631         1.203221510158         1.209114063262         1.199816473266         1.183734858598         1.180934894365         1.188909962131         1.185826486586         1.167421270482         1.155322848102         1.160821887203         1.164546232024         1.148246179165         1.126768887341         1.124335812999         1.132709584764         1.122897029475         1.094369631957         1.078525042205         1.086108389605         1.085755434275         1.054693755647         1.020355958940         1.017404086487         1.026248838888         0.998577472167         0.939463450710         0.906611130792         0.912294476935         0.894056182808         0.788137941902         0.596987845856         0.000000000000
        0.866685921618         0.820335981935         0.918837960624         0.970966249326         1.033696788508         1.024559103201         1.016630638100         1.049196050688         1.086714877818         1.090445202056         1.078809308474         1.091090575005         1.121736009519         1.134952488574         1.125818503156         1.125188890339         1.146359201027         1.165154473728         1.162441625561         1.155060852710         1.165668179623         1.185268894712         1.190061867890         1.181539925043         1.182606420182         1.198635289152         1.209516298370         1.204182563522         1.198577732311         1.208043236516         1.221874471071         1.222119440448         1.213761176911         1.215653259247         1.228626745539         1.234632217920         1.227448276440         1.222817524689         1.231554549164         1.241520680385         1.238447303081         1.229967149648         1.232428060508         1.243256058194         1.245525231541         1.236657506256         1.232649928380         1.240915229262         1.247804595691         1.241778780936         1.232949429564         1.235920890296         1.245031146802         1.243904164972         1.233224786615         1.229670966130         1.237653104334         1.241690900420         1.232570376983         1.223141536406         1.226685421776         1.234232970994         1.229487400196         1.216573382271         1.213400896936         1.221274828888         1.222219442296         1.209311577131         1.198912152402         1.203223304770         1.209115845028         1.199818216788         1.183736526641         1.180936492160         1.188911525482         1.185828030168         1.167422747501         1.155324233913         1.160823206544         1.164547527291         1.148247429506         1.126770047024         1.124336886334         1.132710618669         1.122898038891         1.094370574219         1.078525887657         1.086109168210         1.085756185569         1.054694461573         1.020356572419         1.017404611921         1.026249322047         0.998577925688         0.939463831936         0.906611415673         0.912294701125         0.894056379675         0.788138068763         0.596987879361         0.000000000000
        0.866686058908         0.820336162472         0.918838190989         0.970966438375         1.033696973216         1.024559300216         1.016630834830         1.049196238059         1.086715064752         1.090445400364         1.078809517229         1.091090790424         1.121736233702         1.134952723090         1.125818752475         1.125189149158         1.146359473887         1.165154750107         1.162441918374         1.155061161493         1.165668497580         1.185269221797         1.190062217457         1.181540294663         1.182606808119         1.198635693918         1.209516716646         1.204182998433         1.198578181598         1.208043698414         1.221874945882         1.222119930965         1.213761679080         1.215653775880         1.228627271804         1.234632755972         1.227448823735         1.222818088890         1.231555127615         1.241521275770         1.238447909640         1.229967762709         1.232428687818         1.243256699863         1.245525882529         1.236658154006         1.232650578208         1.240915887834         1.247805265383         1.241779458292         1.232950111535         1.235921586603         1.245031842475         1.243904853554         1.233225463143         1.229671620542         1.237653751138         1.241691539063         1.232571006582         1.223142154710         1.226686030005         1.234233570489         1.229487987967         1.216573950655         1.213401445330         1.221275365863         1.222219969514         1.209312089615         1.198912640070         1.203223771436         1.209116302285         1.199818662501         1.183736955328         1.180936901196         1.188911918830         1.185828417200         1.167423119309         1.155324584892         1.160823537244         1.164547849884         1.148247742041         1.126770336898         1.124337152152         1.132710872677         1.122898286910         1.094370806038         1.078526094596         1.086109355651         1.085756364891         1.054694630305         1.020356717839         1.017404732985         1.026249431158         0.998578028477         0.939463918359         0.906611477881         0.912294747678         0.894056420931         0.788138095573         0.596987884019         0.000000000000
        0.866686105759         0.820336225296         0.918838268060         0.970966501661         1.033697033258         1.024559365936         1.016630902920         1.049196303919         1.086715130305         1.090445471469         1.078809594693         1.091090872090         1.121736320512         1.134952813664         1.125818855042         1.125189261620         1.146359594482         1.165154867675         1.162442048557         1.155061302674         1.165668641058         1.185269364780         1.190062372048         1.181540462202         1.182606983922         1.198635872591         1.209516898754         1.204183190044         1.198578380622         1.208043898119         1.221875146020         1.222120137349         1.213761892492         1.215653994921         1.228627488023         1.234632974852         1.227449049304         1.222818327570         1.231555370697         1.241521523357         1.238448164337         1.229968024467         1.232428955766         1.243256970293         1.245526156298         1.236658428735         1.232650855137         1.240916166484         1.247805548055         1.241779746000         1.232950404263         1.235921889572         1.245032134951         1.243905134023         1.233225740229         1.229671889239         1.237654011819         1.241691788538         1.232571251411         1.223142397857         1.226686267895         1.234233797476         1.229488206677         1.216574162041         1.213401647244         1.221275560002         1.222220154812         1.209312269501         1.198912809386         1.203223928506         1.209116450989         1.199818805539         1.183737095186         1.180937035377         1.188912043169         1.185828536885         1.167423235269         1.155324697635         1.160823643087         1.164547951070         1.148247840005         1.126770428533         1.124337235822         1.132710950977         1.122898361743         1.094370875658         1.078526157071         1.086109410824         1.085756415736         1.054694677455         1.020356758209         1.017404765441         1.026249458901         0.998578054151         0.939463940101         0.906611492916         0.912294757857         0.894056429760         0.788138101390         0.596987884324         0.000000000000
        0.866686121034         0.820336249544         0.918838300041         0.970966532992         1.033697073280         1.024559417759         1.016630963529         1.049196370136         1.086715206907         1.090445569429         1.078809716206         1.091090994982         1.121736424460         1.134952908360         1.125818947770         1.125189349573         1.146359676414         1.165154942554         1.162442127300         1.155061383414         1.165668716210         1.185269433305         1.190062445171         1.181540541748         1.182607064395         1.198635949947         1.209516976490         1.204183273515         1.198578466902         1.208043981140         1.221875227700         1.222120222194         1.213761980911         1.215654086012         1.228627574966         1.234633063928         1.227449144042         1.222818432281         1.231555478225         1.241521633961         1.238448281210         1.229968147434         1.232429082336         1.243257098154         1.245526287581         1.236658562079         1.232650989905         1.240916301927         1.247805688001         1.241779889272         1.232950544644         1.235922039004         1.245032273225         1.243905262054         1.233225866766         1.229672012727         1.237654130044         1.241691898016         1.232571357659         1.223142503175         1.226686370262         1.234233891893         1.229488298088         1.216574250817         1.213401730378         1.221275639934         1.222220228950         1.209312340785         1.198912872913         1.203223983785         1.209116501241         1.199818853245         1.183737142609         1.180937081814         1.188912084154         1.185828575476         1.167423273166         1.155324736498         1.160823680767         1.164547987470         1.148247875661         1.126770461716         1.124337265854         1.132710979133         1.122898388392         1.094370899804         1.078526178313         1.086109429050         1.085756432354         1.054694692707         1.020356770437         1.017404774033         1.026249465851         0.998578061125         0.939463945881         0.906611495574         0.912294758585         0.894056430994         0.788138102418         0.596987882979         0.000000000000
        0.866686123419         0.820336253300         0.918838305202         0.970966537639         1.033697079262         1.024559425667         1.016630970533         1.049196376326         1.086715213718         1.090445578063         1.078809724399         1.091091002487         1.121736435395         1.134952916922         1.125818959815         1.125189361000         1.146359687087         1.165154952925         1.162442142642         1.155061401054         1.165668732368         1.185269448155         1.190062464319         1.181540564930         1.182607088551         1.198635973472         1.209517001293         1.204183301862         1.198578497031         1.208044009613         1.221875256309         1.222120251701         1.213762012012         1.215654121210         1.228627607649         1.234633098491         1.227449183302         1.222818480760         1.231555530616         1.241521688808         1.238448340837         1.229968212880         1.232429151621         1.243257168725         1.245526360655         1.236658637399         1.232651067391         1.240916380451         1.247805770256         1.241779973232         1.232950621464         1.235922124665         1.245032348845         1.243905329425         1.233225932755         1.229672077786         1.237654191702         1.241691952500         1.232571409226         1.223142553988         1.226686418897         1.234233934407         1.229488341569         1.216574296245         1.213401773795         1.221275682599         1.222220266573         1.209312375787         1.198912901382         1.203224006296         1.209116520245         1.199818870435         1.183737159903         1.180937100248         1.188912099276         1.185828588852         1.167423286394         1.155324751707         1.160823697240         1.164548004075         1.148247891959         1.126770476453         1.124337279212         1.132710992009         1.122898400364         1.094370909946         1.078526186834         1.086109436213         1.085756439046         1.054694698768         1.020356774546         1.017404775863         1.026249467197         0.998578063269         0.939463947460         0.906611494839         0.912294756800         0.894056430422         0.788138102349         0.596987881128         0.000000000000
        0.866686123751         0.820336254173         0.918838306669         0.970966539093         1.033697081700         1.024559429287         1.016630972574         1.049196377363         1.086715214996         1.090445579916         1.078809724733         1.091091001241         1.121736436275         1.134952916556         1.125818961053         1.125189360657         1.146359685569         1.165154951638         1.162442144347         1.155061403199         1.165668732759         1.185269447672         1.190062466406         1.181540568523         1.182607091230         1.198635974967         1.209517003636         1.204183305986         1.198578500970         1.208044011080         1.221875258229         1.222120253049         1.213762012927         1.215654126351         1.228627610689         1.234633103724         1.227449192735         1.222818497978         1.231555551620         1.241521712199         1.238448368546         1.229968245522         1.232429187142         1.243257205415         1.245526399819         1.236658678840         1.232651110504         1.240916424404         1.247805817381         1.241780022162         1.232950663794         1.235922173662         1.245032390583         1.243905366403         1.233225969012         1.229672113599         1.237654225671         1.241691982126         1.232571437322         1.223142581310         1.226686443556         1.234233955007         1.229488365469         1.216574324631         1.213401801836         1.221275711365         1.222220291888         1.209312399041         1.198912919084         1.203224019556         1.209116531515         1.199818881021         1.183737170422         1.180937112004         1.188912108599         1.185828597406         1.167423295155         1.155324761659         1.160823708565         1.164548016376         1.148247904427         1.126770487013         1.124337288098         1.132711000708         1.122898408821         1.094370916781         1.078526191728         1.086109439933         1.085756443071         1.054694702764         1.020356776566         1.017404775486         1.026249466811         0.998578064392         0.939463948094         0.906611492804         0.912294753810         0.894056429281         0.788138102078         0.596987878796         0.000000000000
        0.866686123902         0.820336254654         0.918838307406         0.970966539883         1.033697082793         1.024559430972         1.016630972629         1.049196376537         1.086715213996         1.090445578594         1.078809721569         1.091090996508         1.121736432836         1.134952912136         1.125818956842         1.125189354582         1.146359678245         1.165154944395         1.162442138350         1.155061396373         1.165668724132         1.185269438340         1.190062458213         1.181540559961         1.182607080565         1.198635962806         1.209516991823         1.204183294500         1.198578487878         1.208043994940         1.221875242744         1.222120235689         1.213761993563         1.215654111828         1.228627594489         1.234633089865         1.227449182698         1.222818494970         1.231555552593         1.241521715732         1.238448376110         1.229968257328         1.232429201242         1.243257220784         1.245526417686         1.236658698868         1.232651131752         1.240916446432         1.247805842085         1.241780048951         1.232950686345         1.235922200844         1.245032413215         1.243905386933         1.233225989446         1.229672133887         1.237654245355         1.241691999720         1.232571454521         1.223142597995         1.226686457825         1.234233966927         1.229488380352         1.216574343014         1.213401820357         1.221275731248         1.222220309994         1.209312415944         1.198912932095         1.203224029846         1.209116541048         1.199818890975         1.183737180779         1.180937123774         1.188912118352         1.185828607028         1.167423305527         1.155324772709         1.160823720539         1.164548029464         1.148247917860         1.126770498263         1.124337297284         1.132711009379         1.122898417272         1.094370923690         1.078526196578         1.086109443528         1.085756446956         1.054694706724         1.020356778693         1.017404775246         1.026249466490         0.998578065544         0.939463948794         0.906611490911         0.912294750967         0.894056428218         0.788138101879         0.596987876637         0.000000000000
        0.866686124450         0.820336255567         0.918838308381         0.970966540907         1.033697083341         1.024559431615         1.016630971794         1.049196375041         1.086715211884         1.090445575383         1.078809716450         1.091090990119         1.121736427153         1.134952905476         1.125818949445         1.125189345387         1.146359667940         1.165154933798         1.162442127654         1.155061384090         1.165668710204         1.185269423797         1.190062443738         1.181540543862         1.182607061727         1.198635942358         1.209516971295         1.204183273242         1.198578464143         1.208043967853         1.221875216364         1.222120206414         1.213761961266         1.215654085023         1.228627566400         1.234633063948         1.227449160258         1.222818479115         1.231555541028         1.241521706967         1.238448371159         1.229968256137         1.232429202087         1.243257223075         1.245526422469         1.236658705661         1.232651139482         1.240916454960         1.247805852901         1.241780061929         1.232950697066         1.235922214770         1.245032424486         1.243905397609         1.233226000337         1.229672144798         1.237654256402         1.241692009967         1.232571464974         1.223142608258         1.226686466415         1.234233974306         1.229488389818         1.216574353883         1.213401831628         1.221275743910         1.222220322109         1.209312427757         1.198912941777         1.203224038317         1.209116549555         1.199818900669         1.183737191596         1.180937136406         1.188912129390         1.185828618325         1.167423318117         1.155324785898         1.160823734337         1.164548044314         1.148247933022         1.126770511093         1.124337307935         1.132711019051         1.122898426391         1.094370931269         1.078526202288         1.086109447990         1.085756451329         1.054694710989         1.020356781445         1.017404775924         1.026249466821         0.998578066909         0.939463949768         0.906611489721         0.912294748872         0.894056427468         0.788138101810         0.596987874987         0.000000000000
        0.866686125419         0.820336257007         0.918838309788         0.970966542364         1.033697083780         1.024559431855         1.016630970753         1.049196373528         1.086715209439         1.090445571374         1.078809710661         1.091090983413         1.121736420764         1.134952898173         1.125818940969         1.125189335388         1.146359657030         1.165154922299         1.162442115287         1.155061369886         1.165668694649         1.185269407737         1.190062427152         1.181540525062         1.182607040024         1.198635919108         1.209516947756         1.204183248443         1.198578436546         1.208043936897         1.221875186022         1.222120172707         1.213761924154         1.215654053533         1.228627533937         1.234633033220         1.227449132573         1.222818457323         1.231555523557         1.241521692451         1.238448360207         1.229968248481         1.232429196258         1.243257218799         1.245526420615         1.236658705640         1.232651140197         1.240916456471         1.247805856387         1.241780067494         1.232950701601         1.235922221571         1.245032429825         1.243905403117         1.233226006154         1.229672150679         1.237654262810         1.241692016233         1.232571471731         1.223142615053         1.226686472236         1.234233979540         1.229488396720         1.216574360525         1.213401838950         1.221275752520         1.222220330916         1.209312436968         1.198912950184         1.203224046503         1.209116558240         1.199818910966         1.183737203502         1.180937150378         1.188912142259         1.185828631775         1.167423333238         1.155324801639         1.160823750509         1.164548061550         1.148247950454         1.126770525980         1.124337320607         1.132711030210         1.122898436581         1.094370939841         1.078526209181         1.086109453636         1.085756456450         1.054694715755         1.020356784973         1.017404777627         1.026249467880         0.998578068550         0.939463951059         0.906611489237         0.912294747499         0.894056427017         0.788138101860         0.596987873798         0.000000000000
        0.866686126612         0.820336258763         0.918838311510         0.970966544154         1.033697084383         1.024559432214         1.016630970010         1.049196372424         1.086715207265         1.090445567558         1.078809705362         1.091090977506         1.121736414945         1.134952891695         1.125818933370         1.125189326695         1.146359647616         1.165154912185         1.162442104112         1.155061357102         1.165668680915         1.185269393648         1.190062412392         1.181540508136         1.182607020458         1.198635898210         1.209516926586         1.204183225998         1.198578411503         1.208043908795         1.221875158348         1.222120141827         1.213761890077         1.215654024488         1.228627504109         1.234633004597         1.227449106398         1.222818435887         1.231555505979         1.241521677736         1.238448348667         1.229968239647         1.232429188927         1.243257212959         1.245526417009         1.236658703628         1.232651138727         1.240916455719         1.247805857303         1.241780070302         1.232950704038         1.235922225637         1.245032433133         1.243905406942         1.233226010265         1.229672154825         1.237654267666         1.241692021239         1.232571477348         1.223142620799         1.226686477458         1.234233984396         1.229488403279         1.216574365670         1.213401844991         1.221275759717         1.222220338669         1.209312445597         1.198912958887         1.203224055559         1.209116568084         1.199818922647         1.183737217010         1.180937165967         1.188912157234         1.185828647648         1.167423351024         1.155324820043         1.160823769199         1.164548081459         1.148247970462         1.126770543187         1.124337335592         1.132711043029         1.122898448058         1.094370949607         1.078526217361         1.086109460504         1.085756462407         1.054694721151         1.020356789296         1.017404780230         1.026249469568         0.998578070487         0.939463952661         0.906611489274         0.912294746614         0.894056426770         0.788138101998         0.596987872895         0.000000000000
        0.866686127788         0.820336260535         0.918838313296         0.970966546027         1.033697085214         1.024559432919         1.016630969730         1.049196371804         1.086715205592         1.090445564443         1.078809701121         1.091090972876         1.121736410281         1.134952886770         1.125818927670         1.125189320371         1.146359640711         1.165154904619         1.162442095674         1.155061347552         1.165668670846         1.185269383382         1.190062401589         1.181540495612         1.182607005807         1.198635882513         1.209516910761         1.204183209204         1.198578392608         1.208043887341         1.221875137132         1.222120118011         1.213761863604         1.215654001974         1.228627480890         1.234632982166         1.227449085753         1.222818418594         1.231555491709         1.241521665994         1.238448339584         1.229968232585         1.232429182938         1.243257208264         1.245526414262         1.236658702176         1.232651137611         1.240916455192         1.247805858137         1.241780072782         1.232950706458         1.235922229243         1.245032436390         1.243905410831         1.233226014357         1.229672158899         1.237654272522         1.241692026338         1.232571483068         1.223142626569         1.226686482846         1.234233989334         1.229488410229         1.216574370337         1.213401850619         1.221275766287         1.222220345821         1.209312453832         1.198912967738         1.203224065076         1.209116578568         1.199818935050         1.183737231238         1.180937182071         1.188912173110         1.185828664678         1.167423370063         1.155324839599         1.160823788805         1.164548102556         1.148247991666         1.126770561514         1.124337351873         1.132711056460         1.122898459975         1.094370959859         1.078526226074         1.086109467851         1.085756468653         1.054694726774         1.020356793939         1.017404783191         1.026249471491         0.998578072528         0.939463954370         0.906611489480         0.912294745876         0.894056426580         0.788138102161         0.596987872068         0.000000000000
        0.866686128759         0.820336262062         0.918838314896         0.970966547726         1.033697086174         1.024559433923         1.016630969795         1.049196371493         1.086715204321         1.090445562029         1.078809697883         1.091090969357         1.121736406664         1.134952883289         1.125818923803         1.125189316260         1.146359636092         1.165154899437         1.162442089925         1.155061341188         1.165668664305         1.185269376773         1.190062394658         1.181540487477         1.182606996071         1.198635871996         1.209516900270         1.204183198105         1.198578379933         1.208043872634         1.221875122537         1.222120101544         1.213761845055         1.215653986234         1.228627464472         1.234632966296         1.227449071072         1.222818406006         1.231555481261         1.241521657624         1.238448333308         1.229968227670         1.232429178693         1.243257205086         1.245526412695         1.236658701571         1.232651137158         1.240916455228         1.247805859261         1.241780075255         1.232950708977         1.235922232666         1.245032439733         1.243905414782         1.233226018377         1.229672162852         1.237654277312         1.241692031374         1.232571488593         1.223142631795         1.226686487390         1.234233993126         1.229488416327         1.216574373455         1.213401854537         1.221275770821         1.222220350554         1.209312459402         1.198912974115         1.203224072284         1.209116586819         1.199818945057         1.183737242747         1.180937195030         1.188912186052         1.185828678788         1.167423385952         1.155324855660         1.160823804505         1.164548119975         1.148248009339         1.126770576796         1.124337365729         1.132711067179         1.122898469501         1.094370968114         1.078526232923         1.086109473491         1.085756473476         1.054694731200         1.020356797489         1.017404785236         1.026249472761         0.998578074085         0.939463955626         0.906611489274         0.912294744861         0.894056426252         0.788138102233         0.596987871114         0.000000000000
        0.866686129436         0.820336263195         0.918838316139         0.970966549066         1.033697087097         1.024559435030         1.016630969971         1.049196371246         1.086715203236         1.090445560074         1.078809695288         1.091090966500         1.121736403681         1.134952880721         1.125818921121         1.125189313551         1.146359632897         1.165154895772         1.162442085960         1.155061336941         1.165668660078         1.185269372562         1.190062390300         1.181540482317         1.182606989720         1.198635865070         1.209516893470         1.204183190960         1.198578371622         1.208043862760         1.221875112717         1.222120090456         1.213761832350         1.215653975401         1.228627453001         1.234632955238         1.227449060725         1.222818396847         1.231555473560         1.241521651552         1.238448328767         1.229968223964         1.232429175411         1.243257202692         1.245526411539         1.236658701037         1.232651136700         1.240916455261         1.247805860132         1.241780077128         1.232950710921         1.235922235424         1.245032442636         1.243905418170         1.233226021683         1.229672166138         1.237654281510         1.241692035825         1.232571493184         1.223142635491         1.226686489417         1.234233993999         1.229488419230         1.216574373110         1.213401854796         1.221275771466         1.222220350580         1.209312459387         1.198912974824         1.203224074084         1.209116589704         1.199818949203         1.183737247750         1.180937200985         1.188912192072         1.185828685661         1.167423393951         1.155324863268         1.160823811290         1.164548128375         1.148248018196         1.126770584343         1.124337372800         1.132711071689         1.122898473675         1.094370971748         1.078526235413         1.086109475185         1.085756475128         1.054694732958         1.020356798532         1.017404785170         1.026249472574         0.998578074578         0.939463955898         0.906611488239         0.912294743347         0.894056425678         0.788138102129         0.596987869982         0.000000000000
        0.866686129752         0.820336263816         0.918838316889         0.970966549899         1.033697087837         1.024559436063         1.016630970071         1.049196370889         1.086715202192         1.090445558392         1.078809693040         1.091090963928         1.121736400983         1.134952878596         1.125818919008         1.125189311441         1.146359630297         1.165154892793         1.162442082888         1.155061333714         1.165668656894         1.185269369447         1.190062387174         1.181540478632         1.182606985097         1.198635860013         1.209516888600         1.204183185896         1.198578365662         1.208043855608         1.221875105606         1.222120082506         1.213761823127         1.215653967389         1.228627444418         1.234632946959         1.227449052805         1.222818389565         1.231555467292         1.241521646491         1.238448324716         1.229968220390         1.232429172183         1.243257200197         1.245526409871         1.236658699692         1.232651135461         1.240916454561         1.247805859997         1.241780077633         1.232950711509         1.235922236829         1.245032444316         1.243905420140         1.233226023448         1.229672167964         1.237654284195         1.241692038819         1.232571495712         1.223142636797         1.226686487648         1.234233990650         1.229488417243         1.216574368338         1.213401850918         1.221275768357         1.222220346373         1.209312454293         1.198912970560         1.203224071569         1.209116588547         1.199818948864         1.183737247751         1.180937201667         1.188912192905         1.185828686966         1.167423395712         1.155324864189         1.160823811091         1.164548129291         1.148248019659         1.126770585420         1.124337373959         1.132711071278         1.122898473730         1.094370971888         1.078526234604         1.086109473859         1.085756474405         1.054694732780         1.020356797758         1.017404783582         1.026249471357         0.998578074327         0.939463955504         0.906611486725         0.912294741615         0.894056424996         0.788138101933         0.596987868837         0.000000000000
        0.866686129770         0.820336264004         0.918838317225         0.970966550304         1.033697088420         1.024559437032         1.016630970177         1.049196370559         1.086715201328         1.090445557083         1.078809691221         1.091090961725         1.121736398675         1.134952876911         1.125818917385         1.125189309764         1.146359628146         1.165154890345         1.162442080532         1.155061331226         1.165668654373         1.185269367022         1.190062384856         1.181540475914         1.182606981592         1.198635856166         1.209516884988         1.204183182196         1.198578361236         1.208043850252         1.221875100309         1.222120076695         1.213761816299         1.215653961282         1.228627437795         1.234632940601         1.227449046591         1.222818383600         1.231555461987         1.241521642077         1.238448320957         1.229968216823         1.232429168802         1.243257197375         1.245526407610         1.236658697530         1.232651133281         1.240916452795         1.247805858592         1.241780076642         1.232950710469         1.235922236354         1.245032444081         1.243905420081         1.233226023012         1.229672167329         1.237654284029         1.241692039000         1.232571495053         1.223142635287         1.226686482958         1.234233983781         1.229488413122         1.216574361773         1.213401845332         1.221275763806         1.222220341574         1.209312449137         1.198912966560         1.203224069636         1.209116588289         1.199818949523         1.183737248651         1.180937202931         1.188912194160         1.185828688464         1.167423397364         1.155324864754         1.160823810274         1.164548128914         1.148248019757         1.126770585422         1.124337373896         1.132711070202         1.122898473373         1.094370971848         1.078526233637         1.086109472297         1.085756473530         1.054694732574         1.020356796990         1.017404782015         1.026249470178         0.998578074101         0.939463955169         0.906611485388         0.912294740097         0.894056424417         0.788138101781         0.596987867858         0.000000000000
        0.866686129769         0.820336264149         0.918838317533         0.970966550682         1.033697089032         1.024559438069         1.016630970563         1.049196370648         1.086715200957         1.090445556335         1.078809690075         1.091090960281         1.121736397157         1.134952875906         1.125818916460         1.125189308822         1.146359626845         1.165154888758         1.162442079146         1.155061329781         1.165668652896         1.185269365638         1.190062383616         1.181540474431         1.182606979537         1.198635853871         1.209516882924         1.204183180135         1.198578358667         1.208043847006         1.221875097147         1.222120073272         1.213761812140         1.215653957569         1.228627433634         1.234632936731         1.227449042831         1.222818379893         1.231555458683         1.241521639487         1.238448318905         1.229968214837         1.232429166839         1.243257195843         1.245526406607         1.236658696607         1.232651132205         1.240916451958         1.247805858072         1.241780076557         1.232950710274         1.235922236444         1.245032444352         1.243905420549         1.233226023067         1.229672166927         1.237654283709         1.241692038937         1.232571494456         1.223142634186         1.226686479838         1.234233977945         1.229488412239         1.216574358486         1.213401842214         1.221275760915         1.222220339236         1.209312447367         1.198912965905         1.203224070458         1.209116590540         1.199818952810         1.183737252169         1.180937206377         1.188912197251         1.185828691644         1.167423400619         1.155324866875         1.160823810925         1.164548129528         1.148248020698         1.126770586248         1.124337374387         1.132711069926         1.122898473710         1.094370972483         1.078526233436         1.086109471450         1.085756473184         1.054694732794         1.020356796727         1.017404781010         1.026249469410         0.998578074079         0.939463955061         0.906611484465         0.912294738987         0.894056424012         0.788138101700         0.596987867136         0.000000000000
        0.866747279467         0.820449273235         0.918989749240         0.971140958855         1.033915384319         1.024840537664         1.016976168771         1.049570282107         1.087117222057         1.090915548144         1.079365278028         1.091698022457         1.122367783798         1.135639654875         1.126602607561         1.126052523044         1.147255446650         1.166088279314         1.163464349754         1.156184312208         1.166843845135         1.186470038555         1.191328651729         1.182911550622         1.184052380732         1.200105958609         1.211025022093         1.205781073865         1.200265961383         1.209766562997         1.223613449054         1.223919012351         1.215651104175         1.217593313675         1.230571007860         1.236602447165         1.229492038024         1.224922581170         1.233664994613         1.243626515469         1.240595961804         1.232177519863         1.234652839208         1.245456638993         1.247731078608         1.238910272480         1.234926609217         1.243161616965         1.250021483539         1.244014340034         1.235211845524         1.238158411900         1.247214310213         1.246069655055         1.235407722427         1.231839305238         1.239756674012         1.243741351157         1.234615849201         1.225180116190         1.228663513013         1.236131395214         1.231349613312         1.218427338145         1.215207520984         1.222990591477         1.223866629363         1.210936975559         1.200504477337         1.204729908227         1.210529857809         1.201187921028         1.185081953944         1.182214387680         1.190088003355         1.186935209265         1.168503752927         1.156360229096         1.161767300828         1.165405147476         1.149067820319         1.127564464262         1.125063309204         1.133348052088         1.123483755018         1.094938697032         1.079053994051         1.086561715916         1.086146670818         1.055063367904         1.020706104887         1.017702257170         1.026486769974         0.998785749744         0.939660822294         0.906781669194         0.912420559857         0.894149081626         0.788216367038         0.597056871444         0.000000000000
        0.866748809690         0.820452272384         0.918993954740         0.971145925811         1.033922321761         1.024849793388         1.016987721296         1.049582967600         1.087131231698         1.090932320516         1.079385275675         1.091720115569         1.122391262021         1.135665687195         1.126632509408         1.126085707674         1.147290598683         1.166125773967         1.163505813704         1.156230057823         1.166892517381         1.186521064758         1.191383370414         1.182971112630         1.184115936639         1.200172247602         1.211094608502         1.205855505232         1.200345208446         1.209849172103         1.223699059674         1.224008953204         1.215746172607         1.217692399064         1.230672985076         1.236707983799         1.229602416833         1.225037379760         1.233782703229         1.243746954475         1.240720386526         1.232306312724         1.234784600163         1.245590361203         1.247867544413         1.239050501134         1.235069765414         1.243306092827         1.250167265357         1.244162683416         1.235362763809         1.238310187232         1.247366009250         1.246222273678         1.235562129663         1.231994236755         1.239910371202         1.243894060348         1.234769028213         1.225333427847         1.228814822179         1.236279894563         1.231496759712         1.218573983030         1.215351849381         1.223130669988         1.224003263846         1.211072035186         1.200637220749         1.204857697120         1.210652230854         1.201307155300         1.185198903991         1.182326549516         1.190193406714         1.187035583373         1.168601518766         1.156454074399         1.161854129715         1.165485248465         1.149144446670         1.127638265012         1.125131127259         1.133408303002         1.123539289714         1.094992112271         1.079103361703         1.086604085943         1.086183335294         1.055097906691         1.020738642973         1.017729819548         1.026508764595         0.998805182882         0.939679489027         0.906798101514         0.912433281262         0.894159215358         0.788225546252         0.597065358778         0.000000000000
        0.866748880325         0.820452412200         0.918994154735         0.971146161648         1.033922657865         1.024850237119         1.016988275003         1.049583576713         1.087131905639         1.090933126331         1.079386230861         1.091721170706         1.122392390039         1.135666942393         1.126633949270         1.126087305584         1.147292300435         1.166127600908         1.163507834776         1.156232284935         1.166894897061         1.186523579110         1.191386075916         1.182974052367         1.184119080316         1.200175550538         1.211098096627         1.205859233287         1.200349177308         1.209853328535         1.223703394100         1.224013515612         1.215750987451         1.217697426850         1.230678183172         1.236713379053         1.229608050702         1.225043235449         1.233788726194         1.243753138586         1.240726775305         1.232312912642         1.234791357933         1.245597238487         1.247874563625         1.239057692913         1.235077094557         1.243313500372         1.250174747654         1.244170275054         1.235370457474         1.238317918113         1.247373744781         1.246230040078         1.235569949449         1.232002055179         1.239918127925         1.243901761090         1.234776709486         1.225341071428         1.228822352118         1.236287284062         1.231504048779         1.218581190008         1.215358909283         1.223137516797         1.224009921252         1.211078556812         1.200643575356         1.204863798355         1.210658066343         1.201312796415         1.185204374351         1.182331764062         1.190198303422         1.187040223835         1.168605983772         1.156458319570         1.161858053665         1.165488869182         1.149147880240         1.127641535453         1.125134127077         1.133410984261         1.123541762860         1.094994474959         1.079105544128         1.086605985436         1.086185006767         1.055099485787         1.020740131577         1.017731104550         1.026509826981         0.998806139069         0.939680401622         0.906798904980         0.912433918589         0.894159734774         0.788226008682         0.597065770104         0.000000000000
        0.866748887401         0.820452426665         0.918994175589         0.971146186391         1.033922694032         1.024850285655         1.016988335478         1.049583643340         1.087131980835         1.090933216833         1.079386337547         1.091721287601         1.122392515737         1.135667083127         1.126634109239         1.126087482494         1.147292489626         1.166127805301         1.163508060450         1.156232532396         1.166895161691         1.186523859829         1.191386378202         1.182974378986         1.184119429053         1.200175919037         1.211098487357         1.205859649838         1.200349619718         1.209853792701         1.223703880328         1.224014028020         1.215751526550         1.217697989625         1.230678767426         1.236713987785         1.229608686534         1.225043896214         1.233789409285         1.243753842373         1.240727502116         1.232313662536         1.234792126435         1.245598022806         1.247875364258         1.239058510817         1.235077926763         1.243314343764         1.250175602160         1.244171141324         1.235371334089         1.238318799240         1.247374628644         1.246230925733         1.235570837566         1.232002940561         1.239919005977         1.243902632403         1.234777574557         1.225341928094         1.228823195692         1.236288112294         1.231504863248         1.218581990740         1.215359691040         1.223138274505         1.224010656299         1.211079272527         1.200644268851         1.204864463503         1.210658703044         1.201313408948         1.185204964146         1.182332324710         1.190198830754         1.187040723481         1.168606461304         1.156458770839         1.161858471353         1.165489256276         1.149148246320         1.127641881895         1.125134444997         1.133411270933         1.123542028819         1.094994728572         1.079105778413         1.086606191654         1.086185191018         1.055099660636         1.020740296380         1.017731247789         1.026509947755         0.998806248974         0.939680505269         0.906798995251         0.912433990357         0.894159794581         0.788226061788         0.597065816255         0.000000000000
        0.866748888314         0.820452428731         0.918994178729         0.971146190134         1.033922699930         1.024850293769         1.016988345425         1.049583654170         1.087131993180         1.090933231901         1.079386355387         1.091721307310         1.122392537285         1.135667107587         1.126634137197         1.126087513649         1.147292523004         1.166127841974         1.163508101291         1.156232577240         1.166895209872         1.186523911631         1.191386434486         1.182974439870         1.184119494065         1.200175988420         1.211098561490         1.205859729082         1.200349704039         1.209853881580         1.223703973987         1.224014127202         1.215751630833         1.217698098944         1.230678881835         1.236714107292         1.229608809794         1.225044023204         1.233789539607         1.243753975575         1.240727639121         1.232313803176         1.234792269976         1.245598169486         1.247875514183         1.239058663917         1.235078082212         1.243314500720         1.250175759335         1.244171298740         1.235371490985         1.238318955161         1.247374784483         1.246231081484         1.235570993233         1.232003095204         1.239919159042         1.243902784010         1.234777724227         1.225342075267         1.228823340290         1.236288254044         1.231505001845         1.218582125929         1.215359822049         1.223138400851         1.224010778095         1.211079390364         1.200644382114         1.204864571714         1.210658806743         1.201313509013         1.185205060790         1.182332416723         1.190198917651         1.187040806140         1.168606540171         1.156458845264         1.161858540752         1.165489321306         1.149148307794         1.127641939712         1.125134498042         1.133411319127         1.123542073702         1.094994771110         1.079105817360         1.086606226023         1.086185222129         1.055099690155         1.020740323837         1.017731271444         1.026509967897         0.998806267583         0.939680522843         0.906799010442         0.912434002553         0.894159804958         0.788226071095         0.597065824191         0.000000000000
        0.866748888392         0.820452429010         0.918994179247         0.971146190780         1.033922701127         1.024850295495         1.016988347365         1.049583656182         1.087131995682         1.090933235050         1.079386359039         1.091721311268         1.122392541682         1.135667112693         1.126634142892         1.126087520046         1.147292529655         1.166127849461         1.163508109711         1.156232586433         1.166895219657         1.186523922237         1.191386446098         1.182974452331         1.184119507148         1.200176002519         1.211098576374         1.205859745070         1.200349721241         1.209853899818         1.223703993289         1.224014147732         1.215751652329         1.217698121541         1.230678905666         1.236714132526         1.229608836109         1.225044050541         1.233789567929         1.243754004765         1.240727669417         1.232313834476         1.234792302047         1.245598202337         1.247875547711         1.239058698031         1.235078116679         1.243314535820         1.250175795210         1.244171335316         1.235371527828         1.238318991878         1.247374821485         1.246231118644         1.235571030508         1.232003132464         1.239919196303         1.243902821325         1.234777761387         1.225342112073         1.228823376911         1.236288290499         1.231505037924         1.218582161464         1.215359856778         1.223138434845         1.224010811285         1.211079423235         1.200644414613         1.204864603654         1.210658837724         1.201313538208         1.185205087831         1.182332441734         1.190198940979         1.187040828006         1.168606560648         1.156458864243         1.161858558206         1.165489337494         1.149148322942         1.127641953726         1.125134510668         1.133411330480         1.123542084201         1.094994780953         1.079105826171         1.086606233633         1.086185228932         1.055099696680         1.020740329835         1.017731276440         1.026509972064         0.998806271459         0.939680526466         0.906799013466         0.912434004921         0.894159807004         0.788226072948         0.597065825725         0.000000000000
        0.866748888437         0.820452429118         0.918994179448         0.971146191023         1.033922701495         1.024850296049         1.016988347744         1.049583656428         1.087131996283         1.090933235842         1.079386359867         1.091721312108         1.122392542703         1.135667113974         1.126634144101         1.126087521594         1.147292531274         1.166127851340         1.163508111821         1.156232588685         1.166895222011         1.186523924873         1.191386449027         1.182974455425         1.184119510331         1.200176006042         1.211098580064         1.205859749020         1.200349725561         1.209853904435         1.223703998252         1.224014153029         1.215751657809         1.217698127358         1.230678911995         1.236714139228         1.229608843052         1.225044057709         1.233789575381         1.243754012424         1.240727677349         1.232313842610         1.234792310384         1.245598210883         1.247875556332         1.239058706620         1.235078125193         1.243314544503         1.250175804227         1.244171344502         1.235371537021         1.238319000918         1.247374830611         1.246231127773         1.235571039624         1.232003141596         1.239919205467         1.243902830492         1.234777770495         1.225342121039         1.228823385795         1.236288299314         1.231505046556         1.218582169864         1.215359864836         1.223138442676         1.224010818891         1.211079430628         1.200644421960         1.204864610960         1.210658845033         1.201313545410         1.185205094647         1.182332448131         1.190198947040         1.187040833712         1.168606565957         1.156458869175         1.161858562803         1.165489341756         1.149148326878         1.127641957384         1.125134514031         1.133411333534         1.123542087007         1.094994783613         1.079105828638         1.086606235819         1.086185230873         1.055099698551         1.020740331570         1.017731277913         1.026509973298         0.998806272582         0.939680527504         0.906799014362         0.912434005655         0.894159807636         0.788226073514         0.597065826220         0.000000000000
        0.866748888509         0.820452429238         0.918994179607         0.971146191203         1.033922701669         1.024850296289         1.016988347882         1.049583656501         1.087131996511         1.090933236113         1.079386360114         1.091721312355         1.122392543029         1.135667114434         1.126634144150         1.126087522078         1.147292531859         1.166127851973         1.163508112460         1.156232589298         1.166895222617         1.186523925605         1.191386449846         1.182974456261         1.184119511188         1.200176007050         1.211098581165         1.205859750164         1.200349726831         1.209853905803         1.223703999763         1.224014154635         1.215751659442         1.217698129131         1.230678914110         1.236714141401         1.229608845296         1.225044060023         1.233789577820         1.243754014927         1.240727679923         1.232313845215         1.234792313102         1.245598213699         1.247875559117         1.239058709273         1.235078127738         1.243314547118         1.250175807053         1.244171347350         1.235371539839         1.238319003648         1.247374833378         1.246231130523         1.235571042379         1.232003144432         1.239919208331         1.243902833327         1.234777773356         1.225342123845         1.228823388435         1.236288301793         1.231505048882         1.218582172102         1.215359866950         1.223138444757         1.224010821003         1.211079432549         1.200644424050         1.204864613219         1.210658847461         1.201313547930         1.185205097081         1.182332450418         1.190198949159         1.187040835655         1.168606567773         1.156458870867         1.161858564380         1.165489343153         1.149148328133         1.127641958573         1.125134515125         1.133411334480         1.123542087817         1.094994784348         1.079105829291         1.086606236385         1.086185231360         1.055099699035         1.020740332022         1.017731278293         1.026509973614         0.998806272872         0.939680527773         0.906799014591         0.912434005842         0.894159807798         0.788226073662         0.597065826357         0.000000000000
        0.866748888580         0.820452429346         0.918994179726         0.971146191334         1.033922701761         1.024850296391         1.016988347953         1.049583656554         1.087131996604         1.090933236199         1.079386360179         1.091721312430         1.122392543134         1.135667114628         1.126634143807         1.126087522212         1.147292532100         1.166127852180         1.163508112596         1.156232589351         1.166895222617         1.186523925662         1.191386449918         1.182974456302         1.184119511218         1.200176007147         1.211098581306         1.205859750278         1.200349726978         1.209853905973         1.223703999977         1.224014154851         1.215751659680         1.217698129419         1.230678914670         1.236714141877         1.229608845888         1.225044060652         1.233789578515         1.243754015654         1.240727680660         1.232313845940         1.234792313943         1.245598214658         1.247875560068         1.239058710121         1.235078128522         1.243314547963         1.250175808069         1.244171348367         1.235371540831         1.238319004595         1.247374834353         1.246231131490         1.235571043370         1.232003145511         1.239919209430         1.243902834398         1.234777774473         1.225342124939         1.228823389353         1.236288302543         1.231505049512         1.218582172700         1.215359867491         1.223138445317         1.224010821653         1.211079433052         1.200644424729         1.204864614065         1.210658848468         1.201313549057         1.185205098210         1.182332451461         1.190198950061         1.187040836437         1.168606568534         1.156458871541         1.161858564996         1.165489343652         1.149148328587         1.127641959022         1.125134515521         1.133411334755         1.123542087990         1.094994784464         1.079105829318         1.086606236319         1.086185231210         1.055099698892         1.020740331850         1.017731278122         1.026509973446         0.998806272713         0.939680527626         0.906799014458         0.912434005726         0.894159807698         0.788226073574         0.597065826286         0.000000000000
        0.866748888633         0.820452429424         0.918994179806         0.971146191420         1.033922701808         1.024850296430         1.016988347981         1.049583656579         1.087131996632         1.090933236208         1.079386360169         1.091721312425         1.122392543142         1.135667114689         1.126634143437         1.126087522192         1.147292532153         1.166127852191         1.163508112538         1.156232589209         1.166895222410         1.186523925482         1.191386449729         1.182974456074         1.184119510962         1.200176006913         1.211098581087         1.205859750010         1.200349726705         1.209853905692         1.223703999691         1.224014154525         1.215751659420         1.217698129145         1.230678914603         1.236714141674         1.229608845808         1.225044060599         1.233789578487         1.243754015640         1.240727680644         1.232313845909         1.234792314024         1.245598214863         1.247875560290         1.239058710302         1.235078128690         1.243314548195         1.250175808445         1.244171348749         1.235371541198         1.238319004937         1.247374834724         1.246231131872         1.235571043781         1.232003145989         1.239919209927         1.243902834891         1.234777775003         1.225342125462         1.228823389773         1.236288302870         1.231505049780         1.218582172959         1.215359867699         1.223138445540         1.224010821955         1.211079433268         1.200644425044         1.204864614480         1.210658848984         1.201313549661         1.185205098825         1.182332452010         1.190198950505         1.187040836816         1.168606568936         1.156458871866         1.161858565292         1.165489343898         1.149148328848         1.127641959300         1.125134515767         1.133411334919         1.123542088098         1.094994784544         1.079105829336         1.086606236305         1.086185231201         1.055099698901         1.020740331847         1.017731278109         1.026509973448         0.998806272728         0.939680527640         0.906799014476         0.912434005751         0.894159807722         0.788226073599         0.597065826322         0.000000000000
        0.866748888665         0.820452429470         0.918994179850         0.971146191468         1.033922701828         1.024850296440         1.016988347988         1.049583656587         1.087131996635         1.090933236194         1.079386360141         1.091721312404         1.122392543127         1.135667114698         1.126634143173         1.126087522135         1.147292532139         1.166127852151         1.163508112450         1.156232589060         1.166895222211         1.186523925304         1.191386449539         1.182974455851         1.184119510718         1.200176006676         1.211098580853         1.205859749722         1.200349726408         1.209853905399         1.223703999381         1.224014154150         1.215751659187         1.217698128827         1.230678914433         1.236714141377         1.229608845494         1.225044060312         1.233789578206         1.243754015354         1.240727680358         1.232313845624         1.234792313819         1.245598214739         1.247875560161         1.239058710194         1.235078128604         1.243314548171         1.250175808528         1.244171348827         1.235371541253         1.238319004974         1.247374834795         1.246231131958         1.235571043881         1.232003146126         1.239919210088         1.243902835067         1.234777775199         1.225342125649         1.228823389912         1.236288302983         1.231505049875         1.218582173040         1.215359867721         1.223138445580         1.224010822069         1.211079433338         1.200644425151         1.204864614635         1.210658849205         1.201313549945         1.185205099109         1.182332452245         1.190198950685         1.187040836974         1.168606569116         1.156458871986         1.161858565391         1.165489343990         1.149148328965         1.127641959427         1.125134515869         1.133411334982         1.123542088134         1.094994784571         1.079105829314         1.086606236270         1.086185231188         1.055099698914         1.020740331854         1.017731278106         1.026509973456         0.998806272751         0.939680527666         0.906799014501         0.912434005776         0.894159807748         0.788226073625         0.597065826355         0.000000000000
        0.866748888668         0.820452429470         0.918994179847         0.971146191465         1.033922701813         1.024850296416         1.016988347959         1.049583656559         1.087131996601         1.090933236145         1.079386360081         1.091721312349         1.122392543077         1.135667114653         1.126634142968         1.126087522038         1.147292532069         1.166127852070         1.163508112337         1.156232588902         1.166895222018         1.186523925134         1.191386449358         1.182974455642         1.184119510498         1.200176006456         1.211098580630         1.205859749450         1.200349726136         1.209853905156         1.223703999112         1.224014153792         1.215751659045         1.217698128541         1.230678914254         1.236714141090         1.229608845058         1.225044059930         1.233789577827         1.243754014947         1.240727679946         1.232313845222         1.234792313468         1.245598214427         1.247875559822         1.239058709890         1.235078128313         1.243314547941         1.250175808370         1.244171348645         1.235371541051         1.238319004774         1.247374834627         1.246231131794         1.235571043712         1.232003145982         1.239919209975         1.243902834976         1.234777775110         1.225342125550         1.228823389801         1.236288302878         1.231505049765         1.218582172910         1.215359867538         1.223138445428         1.224010821988         1.211079433239         1.200644425064         1.204864614580         1.210658849191         1.201313549974         1.185205099138         1.182332452252         1.190198950674         1.187040836962         1.168606569116         1.156458871952         1.161858565352         1.165489343964         1.149148328956         1.127641959426         1.125134515860         1.133411334967         1.123542088108         1.094994784545         1.079105829259         1.086606236217         1.086185231163         1.055099698913         1.020740331852         1.017731278097         1.026509973458         0.998806272767         0.939680527685         0.906799014518         0.912434005792         0.894159807765         0.788226073644         0.597065826379         0.000000000000
        0.866748888643         0.820452429430         0.918994179804         0.971146191419         1.033922701777         1.024850296377         1.016988347915         1.049583656513         1.087131996553         1.090933236094         1.079386360027         1.091721312302         1.122392543034         1.135667114611         1.126634142840         1.126087521970         1.147292532021         1.166127852026         1.163508112278         1.156232588819         1.166895221915         1.186523925063         1.191386449287         1.182974455559         1.184119510417         1.200176006377         1.211098580555         1.205859749349         1.200349726051         1.209853905135         1.223703999049         1.224014153661         1.215751659113         1.217698128454         1.230678914245         1.236714141010         1.229608844747         1.225044059703         1.233789577600         1.243754014673         1.240727679646         1.232313844921         1.234792313190         1.245598214150         1.247875559491         1.239058709555         1.235078127966         1.243314547642         1.250175808091         1.244171348312         1.235371540696         1.238319004438         1.247374834318         1.246231131467         1.235571043363         1.232003145661         1.239919209695         1.243902834709         1.234777774828         1.225342125261         1.228823389526         1.236288302616         1.231505049487         1.218582172606         1.215359867196         1.223138445133         1.224010821756         1.211079433002         1.200644424840         1.204864614388         1.210658849020         1.201313549823         1.185205098993         1.182332452111         1.190198950536         1.187040836823         1.168606568982         1.156458871808         1.161858565219         1.165489343847         1.149148328849         1.127641959326         1.125134515771         1.133411334894         1.123542088029         1.094994784470         1.079105829173         1.086606236148         1.086185231118         1.055099698887         1.020740331829         1.017731278076         1.026509973449         0.998806272769         0.939680527690         0.906799014525         0.912434005801         0.894159807775         0.788226073656         0.597065826397         0.000000000000
        0.866748888606         0.820452429373         0.918994179746         0.971146191359         1.033922701738         1.024850296343         1.016988347877         1.049583656472         1.087131996516         1.090933236063         1.079386360001         1.091721312283         1.122392543021         1.135667114601         1.126634142790         1.126087521960         1.147292532028         1.166127852046         1.163508112301         1.156232588835         1.166895221923         1.186523925110         1.191386449344         1.182974455617         1.184119510492         1.200176006459         1.211098580652         1.205859749442         1.200349726171         1.209853905347         1.223703999205         1.224014153803         1.215751659387         1.217698128605         1.230678914448         1.236714141182         1.229608844684         1.225044059725         1.233789577629         1.243754014659         1.240727679600         1.232313844862         1.234792313141         1.245598214089         1.247875559368         1.239058709407         1.235078127794         1.243314547498         1.250175807925         1.244171348070         1.235371540426         1.238319004191         1.247374834085         1.246231131198         1.235571043062         1.232003145388         1.239919209461         1.243902834476         1.234777774567         1.225342124992         1.228823389275         1.236288302370         1.231505049205         1.218582172289         1.215359866846         1.223138444838         1.224010821518         1.211079432772         1.200644424622         1.204864614198         1.210658848829         1.201313549630         1.185205098811         1.182332451946         1.190198950376         1.187040836652         1.168606568808         1.156458871641         1.161858565071         1.165489343709         1.149148328709         1.127641959195         1.125134515664         1.133411334806         1.123542087935         1.094994784378         1.079105829082         1.086606236081         1.086185231067         1.055099698847         1.020740331796         1.017731278051         1.026509973435         0.998806272762         0.939680527686         0.906799014526         0.912434005807         0.894159807781         0.788226073663         0.597065826410         0.000000000000
        0.866748888581         0.820452429337         0.918994179711         0.971146191323         1.033922701720         1.024850296332         1.016988347868         1.049583656463         1.087131996511         1.090933236067         1.079386360016         1.091721312309         1.122392543053         1.135667114636         1.126634142809         1.126087522011         1.147292532095         1.166127852126         1.163508112392         1.156232588932         1.166895222018         1.186523925246         1.191386449490         1.182974455769         1.184119510675         1.200176006655         1.211098580866         1.205859749661         1.200349726421         1.209853905695         1.223703999480         1.224014154114         1.215751659782         1.217698128920         1.230678914797         1.236714141515         1.229608844838         1.225044059950         1.233789577874         1.243754014878         1.240727679795         1.232313845049         1.234792313343         1.245598214285         1.247875559515         1.239058709540         1.235078127909         1.243314547635         1.250175808014         1.244171348081         1.235371540413         1.238319004196         1.247374834085         1.246231131151         1.235571042984         1.232003145336         1.239919209432         1.243902834429         1.234777774490         1.225342124906         1.228823389189         1.236288302267         1.231505049045         1.218582172082         1.215359866600         1.223138444645         1.224010821376         1.211079432646         1.200644424505         1.204864614100         1.210658848708         1.201313549489         1.185205098681         1.182332451835         1.190198950259         1.187040836508         1.168606568654         1.156458871501         1.161858564951         1.165489343589         1.149148328577         1.127641959073         1.125134515570         1.133411334731         1.123542087850         1.094994784292         1.079105829006         1.086606236032         1.086185231025         1.055099698809         1.020740331768         1.017731278035         1.026509973427         0.998806272754         0.939680527681         0.906799014531         0.912434005817         0.894159807787         0.788226073668         0.597065826424         0.000000000000
        0.866748888575         0.820452429330         0.918994179706         0.971146191321         1.033922701731         1.024850296351         1.016988347893         1.049583656492         1.087131996545         1.090933236111         1.079386360073         1.091721312379         1.122392543129         1.135667114717         1.126634142889         1.126087522116         1.147292532212         1.166127852258         1.163508112540         1.156232589088         1.166895222172         1.186523925444         1.191386449693         1.182974455977         1.184119510926         1.200176006924         1.211098581157         1.205859749958         1.200349726750         1.209853906109         1.223703999821         1.224014154522         1.215751660254         1.217698129341         1.230678915238         1.236714141939         1.229608845150         1.225044060310         1.233789578263         1.243754015261         1.240727680164         1.232313845416         1.234792313728         1.245598214673         1.247875559874         1.239058709904         1.235078128258         1.243314548008         1.250175808333         1.244171348333         1.235371540644         1.238319004441         1.247374834312         1.246231131332         1.235571043139         1.232003145511         1.239919209617         1.243902834590         1.234777774634         1.225342125040         1.228823389298         1.236288302349         1.231505049056         1.218582172037         1.215359866510         1.223138444599         1.224010821371         1.211079432661         1.200644424513         1.204864614116         1.210658848688         1.201313549439         1.185205098637         1.182332451801         1.190198950206         1.187040836420         1.168606568548         1.156458871404         1.161858564872         1.165489343503         1.149148328472         1.127641958973         1.125134515499         1.133411334676         1.123542087780         1.094994784218         1.079105828946         1.086606235999         1.086185230994         1.055099698776         1.020740331744         1.017731278026         1.026509973425         0.998806272746         0.939680527678         0.906799014540         0.912434005833         0.894159807798         0.788226073677         0.597065826443         0.000000000000
        0.866750606975         0.820455624720         0.918998449195         0.971151016088         1.033928853735         1.024858397592         1.016998422853         1.049594731411         1.087144076468         1.090947560402         1.079403505083         1.091740309627         1.122412633795         1.135689256393         1.126659606880         1.126115852508         1.147322419038         1.166159479180         1.163542970137         1.156271040644         1.166935932522         1.186566180338         1.191431404828         1.183023198069         1.184171208543         1.200229300303         1.211153856689         1.205918418340         1.200411750174         1.209917780814         1.223769210009         1.224081905571         1.215822705970         1.217771332049         1.230753022998         1.236789728646         1.229687130254         1.225124635656         1.233870887128         1.243835772546         1.240811103344         1.232399352504         1.234878558435         1.245684124956         1.247961902669         1.239146507655         1.235166659019         1.243402296355         1.250262766638         1.244258747507         1.235459495628         1.238406034946         1.247460120124         1.246315643805         1.235655631652         1.232086838230         1.240000615444         1.243982265814         1.234856487165         1.225419967730         1.228898834914         1.236360847188         1.231575879653         1.218651984710         1.215427512064         1.223202735233         1.224072415217         1.211139604413         1.200702796895         1.204919698936         1.210710503922         1.201363162841         1.185253196308         1.182377777452         1.190240597702         1.187079797858         1.168644078197         1.156494357695         1.161890691480         1.165518346463         1.149175692393         1.127667999506         1.125157991033         1.133431703212         1.123560539877         1.095012355830         1.079121846882         1.086619683770         1.086196620628         1.055110302217         1.020750203837         1.017739445484         1.026516268261         0.998811677524         0.939685595358         0.906803259012         0.912436979225         0.894161916941         0.788227841806         0.597067347473         0.000000000000
        0.866750709079         0.820455823975         0.918998729836         0.971151351674         1.033929328142         1.024859030935         1.016999214656         1.049595597115         1.087145021619         1.090948688058         1.079404846702         1.091741777927         1.122414172773         1.135690953029         1.126661553906         1.126118003617         1.147324675224         1.166161867161         1.163545609445         1.156273952489         1.166939013789         1.186569387493         1.191434832851         1.183026928007         1.184175175101         1.200233407545         1.211158145326         1.205923000295         1.200416622287         1.209922833558         1.223774412275         1.224087357918         1.215828467364         1.217777319146         1.230759148804         1.236796041953         1.229693728602         1.225131490143         1.233877884840         1.243842895494         1.240818447618         1.232406949632         1.234886308644         1.245691949747         1.247969858647         1.239154672489         1.235174977821         1.243410654769         1.250271161009         1.244267268411         1.235468148308         1.238414706065         1.247468744419         1.246324286949         1.235664352356         1.232095559792         1.240009227266         1.243990781794         1.234864996672         1.225428453621         1.228907173590         1.236368990123         1.231583910041         1.218659949041         1.215435314211         1.223210271904         1.224079727976         1.211146789654         1.200709818649         1.204926425983         1.210716912890         1.201369365519         1.185259233764         1.182383535146         1.190245984364         1.187084893640         1.168648994935         1.156499041787         1.161895006669         1.165522304754         1.149179439521         1.127671571052         1.125161255185         1.133434589866         1.123563172354         1.095014854980         1.079124139699         1.086621644291         1.086198300246         1.055111860340         1.020751659971         1.017740676945         1.026517241130         0.998812518737         0.939686394686         0.906803963080         0.912437517433         0.894162329755         0.788228205747         0.597067693847         0.000000000000
        0.866750716526         0.820455838656         0.918998751411         0.971151376916         1.033929364267         1.024859078734         1.016999274317         1.049595661926         1.087145092743         1.090948773153         1.079404947375         1.091741888561         1.122414289595         1.135691082332         1.126661701870         1.126118166848         1.147324847392         1.166162050381         1.163545811393         1.156274174143         1.166939248501         1.186569633100         1.191435095792         1.183027213131         1.184175478288         1.200233722868         1.211158475522         1.205923352305         1.200416995588         1.209923221780         1.223774813659         1.224087778066         1.215828909654         1.217777778847         1.230759620624         1.236796528624         1.229694235465         1.225132015109         1.233878421639         1.243843442893         1.240819010289         1.232407528974         1.234886899491         1.245692547057         1.247970465062         1.239155291703         1.235175606822         1.243411287170         1.250271795846         1.244267909593         1.235468796253         1.238415354834         1.247469389393         1.246324930803         1.235664997876         1.232096203354         1.240009862445         1.243991408271         1.234865618355         1.225429069945         1.228907778308         1.236369579452         1.231584487455         1.218660517297         1.215435869178         1.223210807171         1.224080244722         1.211147293014         1.200710307744         1.204926893601         1.210717357091         1.201369791836         1.185259645520         1.182383926814         1.190246350386         1.187085237946         1.168649324480         1.156499354563         1.161895294972         1.165522568772         1.149179687869         1.127671806900         1.125161471269         1.133434781823         1.123563347328         1.095015020725         1.079124292471         1.086621776530         1.086198414687         1.055111966655         1.020751759927         1.017740763316         1.026517311453         0.998812580383         0.939686453555         0.906804016483         0.912437560757         0.894162364441         0.788228236476         0.597067723628         0.000000000000
        0.866750717455         0.820455840499         0.918998754125         0.971151380105         1.033929368859         1.024859084816         1.016999281917         1.049595670226         1.087145101930         1.090948784155         1.079404960335         1.091741902885         1.122414304877         1.135691099310         1.126661721240         1.126118188237         1.147324870161         1.166162074784         1.163545838281         1.156274203569         1.166939279819         1.186569666124         1.191435131242         1.183027251530         1.184175519189         1.200233765737         1.211158520661         1.205923400417         1.200417046614         1.209923275125         1.223774869164         1.224087836303         1.215828970848         1.217777842654         1.230759686425         1.236796596723         1.229694306308         1.225132088448         1.233878496916         1.243843519950         1.240819089498         1.232407610393         1.234886982634         1.245692631410         1.247970550894         1.239155379141         1.235175695540         1.243411376514         1.250271885711         1.244268000257         1.235468887531         1.238415446261         1.247469480460         1.246325021697         1.235665088675         1.232096293714         1.240009951766         1.243991496382         1.234865705584         1.225429156167         1.228907862843         1.236369661911         1.231584568173         1.218660596364         1.215435946242         1.223210881595         1.224080316587         1.211147362735         1.200710375189         1.204926958120         1.210717418465         1.201369850633         1.185259702003         1.182383980530         1.190246400718         1.187085285329         1.168649369651         1.156499397369         1.161895334562         1.165522605213         1.149179722175         1.127671839307         1.125161501056         1.133434808505         1.123563371745         1.095015043763         1.079124313694         1.086621795068         1.086198430898         1.055111981735         1.020751774003         1.017740775546         1.026517321562         0.998812589323         0.939686462038         0.906804024133         0.912437567003         0.894162369505         0.788228240961         0.597067727897         0.000000000000
        0.866750717643         0.820455840872         0.918998754661         0.971151380736         1.033929369765         1.024859086018         1.016999283424         1.049595671883         1.087145103777         1.090948786363         1.079404962929         1.091741905767         1.122414308001         1.135691102753         1.126661725153         1.126118192562         1.147324874797         1.166162079777         1.163545843767         1.156274209570         1.166939286232         1.186569672927         1.191435138553         1.183027259428         1.184175527624         1.200233774623         1.211158530063         1.205923410428         1.200417057200         1.209923286209         1.223774880747         1.224087848463         1.215828983612         1.217777855966         1.230759700208         1.236796611019         1.229694321160         1.225132103823         1.233878512735         1.243843536182         1.240819106189         1.232407627528         1.234887000138         1.245692649216         1.247970569035         1.239155397615         1.235175714273         1.243411395393         1.250271904727         1.244268019440         1.235468906816         1.238415465567         1.247469499710         1.246325040914         1.235665107841         1.232096312775         1.240009970589         1.243991514971         1.234865723983         1.225429174283         1.228907880633         1.236369679274         1.231584585170         1.218660613015         1.215435962417         1.223210897240         1.224080331706         1.211147377384         1.200710389339         1.204926971672         1.210717431387         1.201369863013         1.185259713875         1.182383991819         1.190246411339         1.187085295352         1.168649379190         1.156499406394         1.161895342943         1.165522612961         1.149179729460         1.127671846182         1.125161507391         1.133434814217         1.123563376989         1.095015048698         1.079124318241         1.086621799068         1.086198434424         1.055111985008         1.020751777055         1.017740778207         1.026517323786         0.998812591299         0.939686463902         0.906804025804         0.912437568369         0.894162370619         0.788228241941         0.597067728812         0.000000000000
        0.866750717691         0.820455840967         0.918998754796         0.971151380896         1.033929369995         1.024859086324         1.016999283807         1.049595672305         1.087145104250         1.090948786926         1.079404963588         1.091741906502         1.122414308797         1.135691103639         1.126661726156         1.126118193671         1.147324875992         1.166162081067         1.163545845181         1.156274211114         1.166939287885         1.186569674687         1.191435140474         1.183027261469         1.184175529806         1.200233776953         1.211158532509         1.205923413033         1.200417059954         1.209923289102         1.223774883786         1.224087851659         1.215828986966         1.217777859471         1.230759703844         1.236796614799         1.229694325088         1.225132107891         1.233878516930         1.243843540522         1.240819110622         1.232407632083         1.234887004790         1.245692653958         1.247970573872         1.239155402541         1.235175719268         1.243411400421         1.250271909801         1.244268024558         1.235468911956         1.238415470713         1.247469504840         1.246325046036         1.235665112938         1.232096317827         1.240009975586         1.243991519905         1.234865728854         1.225429179078         1.228907885335         1.236369683905         1.231584589679         1.218660617421         1.215435966699         1.223210901385         1.224080335718         1.211147381274         1.200710393093         1.204926975275         1.210717434833         1.201369866318         1.185259717040         1.182383994833         1.190246414185         1.187085298049         1.168649381757         1.156499408826         1.161895345212         1.165522615070         1.149179731444         1.127671848052         1.125161509121         1.133434815788         1.123563378438         1.095015050061         1.079124319500         1.086621800186         1.086198435417         1.055111985929         1.020751777910         1.017740778953         1.026517324417         0.998812591864         0.939686464434         0.906804026280         0.912437568758         0.894162370938         0.788228242222         0.597067729071         0.000000000000
        0.866750717705         0.820455840995         0.918998754835         0.971151380942         1.033929370062         1.024859086412         1.016999283917         1.049595672429         1.087145104389         1.090948787091         1.079404963780         1.091741906718         1.122414309034         1.135691103901         1.126661726451         1.126118193998         1.147324876347         1.166162081451         1.163545845601         1.156274211571         1.166939288376         1.186569675213         1.191435141038         1.183027262076         1.184175530458         1.200233777641         1.211158533242         1.205923413811         1.200417060776         1.209923289969         1.223774884699         1.224087852621         1.215828987974         1.217777860528         1.230759704942         1.236796615944         1.229694326278         1.225132109125         1.233878518207         1.243843541835         1.240819111970         1.232407633498         1.234887006199         1.245692655400         1.247970575347         1.239155404041         1.235175720791         1.243411401950         1.250271911346         1.244268026119         1.235468913521         1.238415472281         1.247469506406         1.246325047599         1.235665114490         1.232096319361         1.240009977133         1.243991521406         1.234865730334         1.225429180530         1.228907886760         1.236369685305         1.231584591050         1.218660618759         1.215435967999         1.223210902646         1.224080336942         1.211147382464         1.200710394242         1.204926976381         1.210717435895         1.201369867338         1.185259718015         1.182383995761         1.190246415064         1.187085298886         1.168649382553         1.156499409579         1.161895345917         1.165522615728         1.149179732066         1.127671848636         1.125161509659         1.133434816280         1.123563378893         1.095015050488         1.079124319894         1.086621800536         1.086198435729         1.055111986218         1.020751778177         1.017740779188         1.026517324618         0.998812592045         0.939686464604         0.906804026431         0.912437568882         0.894162371041         0.788228242313         0.597067729154         0.000000000000
        0.866750717709         0.820455841004         0.918998754848         0.971151380958         1.033929370085         1.024859086443         1.016999283956         1.049595672472         1.087145104439         1.090948787151         1.079404963849         1.091741906796         1.122414309119         1.135691103997         1.126661726557         1.126118194114         1.147324876472         1.166162081587         1.163545845749         1.156274211731         1.166939288548         1.186569675399         1.191435141236         1.183027262288         1.184175530686         1.200233777881         1.211158533498         1.205923414081         1.200417061062         1.209923290271         1.223774885015         1.224087852957         1.215828988326         1.217777860897         1.230759705325         1.236796616342         1.229694326693         1.225132109555         1.233878518653         1.243843542295         1.240819112440         1.232407633984         1.234887006683         1.245692655901         1.247970575861         1.239155404562         1.235175721320         1.243411402477         1.250271911880         1.244268026659         1.235468914061         1.238415472823         1.247469506947         1.246325048139         1.235665115024         1.232096319889         1.240009977657         1.243991521924         1.234865730845         1.225429181027         1.228907887249         1.236369685790         1.231584591522         1.218660619218         1.215435968445         1.223210903079         1.224080337366         1.211147382879         1.200710394643         1.204926976769         1.210717436270         1.201369867700         1.185259718359         1.182383996117         1.190246415376         1.187085299185         1.168649382837         1.156499409849         1.161895346170         1.165522615967         1.149179732292         1.127671848848         1.125161509856         1.133434816464         1.123563379065         1.095015050650         1.079124320044         1.086621800671         1.086198435851         1.055111986331         1.020751778281         1.017740779278         1.026517324696         0.998812592118         0.939686464673         0.906804026491         0.912437568930         0.894162371081         0.788228242348         0.597067729183         0.000000000000
        0.866750741294         0.820455884078         0.918998810990         0.971151443401         1.033929449840         1.024859193642         1.016999419475         1.049595822353         1.087145269387         1.090948986058         1.079405205967         1.091742178933         1.122414600935         1.135691430650         1.126662107494         1.126118623790         1.147325336838         1.166162576257         1.163546397414         1.156274826450         1.166939947887         1.186570369759         1.191435887886         1.183028077482         1.184176402986         1.200234688511         1.211159488377         1.205924433259         1.200418144401         1.209924416818         1.223776047030         1.224089067266         1.215830265202         1.217779184426         1.230761057426         1.236798004097         1.229695766210         1.225133594680         1.233880027133         1.243845068660         1.240820672348         1.232409231975         1.234888623421         1.245694275004         1.247972206078         1.239157058475         1.235177388035         1.243413059898         1.250273557935         1.244269676449         1.235470567804         1.238417109411         1.247471113238         1.246326635587         1.235666694096         1.232097876565         1.240011491686         1.243992996017         1.234867181001         1.225430604439         1.228909262757         1.236371005399         1.231585870515         1.218661866795         1.215437168878         1.223212039673         1.224081418881         1.211148426585         1.200711395923         1.204927915568         1.210718310455         1.201370696756         1.185260510287         1.182384734368         1.190247087815         1.187085920095         1.168649970242         1.156499956913         1.161895835166         1.165523051094         1.149180134879         1.127672224576         1.125161842508         1.133435099195         1.123563629199         1.095015283740         1.079124527761         1.086621969569         1.086198573387         1.055112111029         1.020751891961         1.017740869132         1.026517388598         0.998812643975         0.939686512888         0.906804065463         0.912437593230         0.894162385984         0.788228254783         0.597067740817         0.000000000000
        0.866750752603         0.820455905924         0.918998840941         0.971151479063         1.033929495879         1.024859252661         1.016999491424         1.049595901343         1.087145355450         1.090949085175         1.079405320456         1.091742303578         1.122414731971         1.135691572614         1.126662265707         1.126118795767         1.147325516539         1.166162764548         1.163546600678         1.156275045898         1.166940177520         1.186570606398         1.191436136775         1.183028343010         1.184176681501         1.200234974102         1.211159782784         1.205924742529         1.200418468321         1.209924748969         1.223776385299         1.224089416987         1.215830629514         1.217779558467         1.230761435854         1.236798389761         1.229696164260         1.225134003471         1.233880440183         1.243845484900         1.240821097077         1.232409667011         1.234889063202         1.245694715058         1.247972649625         1.239157509984         1.235177844633         1.243413515296         1.250274012096         1.244270134577         1.235471030399         1.238417570382         1.247471569108         1.246327090182         1.235667151111         1.232098332046         1.240011939687         1.243993437572         1.234867621153         1.225431042767         1.228909692897         1.236371424654         1.231586283643         1.218662276730         1.215437570880         1.223212428403         1.224081796418         1.211148798281         1.200711760219         1.204928265997         1.210718645741         1.201371022459         1.185260828828         1.182385040248         1.190247376302         1.187086195002         1.168650237199         1.156500213379         1.161896074521         1.165523273613         1.149180347556         1.127672428983         1.125162032337         1.133435270875         1.123563788507         1.095015436142         1.079124669592         1.086622094638         1.086198684156         1.055112214849         1.020751989174         1.017740953487         1.026517458595         0.998812705885         0.939686570396         0.906804115155         0.912437631226         0.894162414867         0.788228278608         0.597067761080         0.000000000000
        0.866750753209         0.820455907134         0.918998842876         0.971151481412         1.033929499122         1.024859256758         1.016999496499         1.049595906860         1.087145361465         1.090949092101         1.079405328428         1.091742312243         1.122414741107         1.135691582486         1.126662276689         1.126118807678         1.147325528973         1.166162777568         1.163546614731         1.156275061136         1.166940193467         1.186570622897         1.191436154150         1.183028361566         1.184176701015         1.200234994179         1.211159803529         1.205924764388         1.200418491274         1.209924772591         1.223776409420         1.224089441995         1.215830655569         1.217779585339         1.230761463235         1.236798417758         1.229696193221         1.225134033295         1.233880470398         1.243845515529         1.240821128469         1.232409699302         1.234889095900         1.245694748037         1.247972683006         1.239157544096         1.235177879186         1.243413550049         1.250274046853         1.244270169760         1.235471066004         1.238417606088         1.247471604611         1.246327125707         1.235667186930         1.232098367773         1.240011975033         1.243993472532         1.234867656094         1.225431077598         1.228909727180         1.236371458285         1.231586316879         1.218662309632         1.215437603250         1.223212459868         1.224081827099         1.211148828446         1.200711789805         1.204928294581         1.210718673269         1.201371049169         1.185260854960         1.182385065415         1.190247400281         1.187086217993         1.168650259427         1.156500234801         1.161896094803         1.165523292606         1.149180365741         1.127672446529         1.125162048818         1.133435286076         1.123563802670         1.095015449718         1.079124682413         1.086622106272         1.086198694656         1.055112224755         1.020751998653         1.017740961994         1.026517465981         0.998812712670         0.939686576862         0.906804121039         0.912437636215         0.894162419159         0.788228282425         0.597067764497         0.000000000000
        0.866750753269         0.820455907244         0.918998843051         0.971151481612         1.033929499389         1.024859257091         1.016999496924         1.049595907311         1.087145361962         1.090949092667         1.079405329089         1.091742312961         1.122414741878         1.135691583319         1.126662277622         1.126118808709         1.147325530066         1.166162778726         1.163546615991         1.156275062536         1.166940194923         1.186570624410         1.191436155751         1.183028363284         1.184176702851         1.200234996077         1.211159805464         1.205924766429         1.200418493417         1.209924774801         1.223776411723         1.224089444357         1.215830658041         1.217779587888         1.230761465837         1.236798420433         1.229696196020         1.225134036161         1.233880473344         1.243845518527         1.240821131544         1.232409702461         1.234889099116         1.245694751258         1.247972686277         1.239157547458         1.235177882601         1.243413553457         1.250274050279         1.244270173223         1.235471069531         1.238417609625         1.247471608107         1.246327129209         1.235667190443         1.232098371281         1.240011978508         1.243993476007         1.234867659524         1.225431081006         1.228909730539         1.236371461612         1.231586320136         1.218662312874         1.215437606402         1.223212462938         1.224081830100         1.211148831412         1.200711792676         1.204928297384         1.210718675951         1.201371051830         1.185260857492         1.182385067851         1.190247402610         1.187086220232         1.168650261589         1.156500236873         1.161896096765         1.165523294460         1.149180367513         1.127672448223         1.125162050407         1.133435287550         1.123563804053         1.095015451036         1.079124683643         1.086622107384         1.086198695669         1.055112225714         1.020751999551         1.017740962787         1.026517466669         0.998812713310         0.939686577469         0.906804121563         0.912437636642         0.894162419537         0.788228282767         0.597067764776         0.000000000000
        0.866750753277         0.820455907260         0.918998843074         0.971151481639         1.033929499426         1.024859257138         1.016999496984         1.049595907375         1.087145362033         1.090949092750         1.079405329185         1.091742313066         1.122414741991         1.135691583443         1.126662277761         1.126118808862         1.147325530230         1.166162778903         1.163546616185         1.156275062746         1.166940195146         1.186570624645         1.191436156000         1.183028363551         1.184176703160         1.200234996371         1.211159805770         1.205924766752         1.200418493757         1.209924775152         1.223776412087         1.224089444737         1.215830658440         1.217779588299         1.230761466260         1.236798420869         1.229696196473         1.225134036630         1.233880473824         1.243845519017         1.240821132048         1.232409702978         1.234889099644         1.245694751822         1.247972686850         1.239157548014         1.235177883166         1.243413554028         1.250274050855         1.244270173805         1.235471070117         1.238417610214         1.247471608696         1.246327129828         1.235667191035         1.232098371871         1.240011979094         1.243993476589         1.234867660103         1.225431081579         1.228909731105         1.236371462197         1.231586320714         1.218662313415         1.215437606932         1.223212463455         1.224081830606         1.211148831908         1.200711793159         1.204928297853         1.210718676406         1.201371052272         1.185260857920         1.182385068263         1.190247403005         1.187086220612         1.168650261956         1.156500237223         1.161896097097         1.165523294775         1.149180367814         1.127672448509         1.125162050674         1.133435287798         1.123563804285         1.095015451257         1.079124683848         1.086622107568         1.086198695836         1.055112225872         1.020751999698         1.017740962915         1.026517466779         0.998812713413         0.939686577565         0.906804121643         0.912437636705         0.894162419593         0.788228282818         0.597067764814         0.000000000000
