        0.753641290369         0.582730108969         0.682287414868         0.680010724507         0.641368760505         0.661015599870         0.631614449675         0.674114489116         0.650955502971         0.676195961552         0.669479254785         0.675132551473         0.681148817475         0.673026939017         0.683049526503         0.674834417421         0.678358626715         0.676962330348         0.678307395974         0.678093375540         0.679013547116         0.679135365508         0.678172190920         0.679116403661         0.678104773149         0.678218158322         0.678604036210         0.677944635204         0.678024267671         0.678575505903         0.676887624434         0.678023070793         0.678251522320         0.677403547363         0.677440747313         0.676706659121         0.676919041668         0.676537188362         0.676665274175         0.678347256235         0.678465869193         0.679138470231         0.679993561683         0.679736253794         0.680767416652         0.679487281855         0.678952889677         0.679686653597         0.678425171673         0.679107952080         0.679593263197         0.677669291930         0.678687696366         0.680106460672         0.677668821107         0.680234642615         0.679238440110         0.677706562081         0.678633702420         0.677429314079         0.677341750995         0.677844150769         0.678103993330         0.677664829887         0.677089355482         0.677669149501         0.677903372064         0.677823687254         0.677698656494         0.677398913959         0.676634583766         0.676716419527         0.676915759923         0.677810133398         0.677683334675         0.677747558463         0.678604155361         0.677225243509         0.678691108883         0.677590402167         0.676809284919         0.678665015264         0.677006371718         0.676863506342         0.678048088308         0.675932480562         0.679228813044         0.679860599929         0.677046522536         0.683836137098         0.684342232877         0.680390719803         0.697699037662         0.694782154398         0.692948848218         0.728349543804         0.716281441752         0.703501943832         0.756678672245         0.652273071228         0.000000000000
        0.819398415238         0.577170379182         0.752436444902         0.812591389873         0.804457758327         0.812862786739         0.811807668192         0.794246130755         0.789510656088         0.794602547691         0.781988903838         0.781496314268         0.784785156879         0.776669411207         0.778105870096         0.779350117789         0.774843936623         0.776507053896         0.776753394035         0.774476108127         0.775678786608         0.775614849366         0.774404033524         0.775255077908         0.775025194082         0.774456625700         0.775028799368         0.774787830790         0.774548476039         0.774884177121         0.774653022932         0.774565010459         0.774741034861         0.774543315455         0.774498977109         0.774583643468         0.774476090671         0.774475752048         0.774546162607         0.774563345348         0.774587629807         0.774674535043         0.774660864556         0.774649043574         0.774733143778         0.774634871982         0.774608771661         0.774644697500         0.774500635519         0.774522890731         0.774528764289         0.774390181349         0.774416450406         0.774484822840         0.774329291104         0.774360056993         0.774375303642         0.774257942584         0.774318560531         0.774270934364         0.774284833756         0.774232683662         0.774287872077         0.774470162965         0.774200450806         0.774410469998         0.774691507016         0.774204394381         0.774655118666         0.775016021117         0.774217935150         0.775082082870         0.775588375049         0.774420837204         0.776079072533         0.776652610104         0.774934074946         0.777932668953         0.778350301620         0.776024087998         0.781225473223         0.781218241692         0.778320915192         0.787089350765         0.785931974011         0.782846597178         0.797044983636         0.793686265128         0.791342305624         0.813030859922         0.805449041112         0.804941119629         0.836256686755         0.819988330187         0.824271298386         0.861723445664         0.830450231142         0.813961118452         0.835064054086         0.699609672955         0.000000000000
        0.820036863323         0.574276929911         0.763572507261         0.832411106157         0.834223455614         0.844453913090         0.844870589670         0.826646776640         0.817557698539         0.825372543083         0.808973955469         0.804915517887         0.810780508305         0.798856496682         0.797873769884         0.801544908220         0.793382931806         0.793932870667         0.795951444620         0.790615314995         0.791694179062         0.792677166061         0.789288842744         0.790416507371         0.790802586768         0.788711996653         0.789686065964         0.789754954486         0.788497153320         0.789252767230         0.789171543308         0.788436124344         0.788991737704         0.788858068072         0.788435322066         0.788821184747         0.788688309761         0.788455960317         0.788718433276         0.788618581277         0.788494362896         0.788659327106         0.788584921029         0.788511423193         0.788615210664         0.788574728650         0.788524239438         0.788580192822         0.788574079511         0.788518986282         0.788546968288         0.788591983329         0.788501819953         0.788537741853         0.788644711157         0.788487898724         0.788549197460         0.788735877492         0.788483692391         0.788614423725         0.788898543412         0.788480194412         0.788767410908         0.789172569903         0.788506089873         0.789082395023         0.789603004388         0.788605335805         0.789683450367         0.790295244164         0.788867910744         0.790774311974         0.791424540811         0.789483579176         0.792731835195         0.793268418217         0.790770792555         0.796118944116         0.796249359340         0.793294864310         0.801772054031         0.800980726188         0.797874564114         0.810761365718         0.808199276118         0.805567194167         0.824273868971         0.818650541798         0.817415695835         0.843141023644         0.832652559391         0.833408742931         0.867200776582         0.847659421001         0.852420947985         0.889823661332         0.854645862006         0.836144129351         0.850443957897         0.705494353808         0.000000000000
        0.820140307898         0.573741110355         0.766096432160         0.837501147301         0.840594754981         0.851312142284         0.852442867138         0.833903672772         0.824126098336         0.832629748743         0.815331850487         0.810311413193         0.816957538696         0.803948307511         0.802186656595         0.806647418352         0.797344071798         0.797430012990         0.800113151166         0.793724819807         0.794637451702         0.796103071474         0.791848487766         0.792997457920         0.793701276897         0.790941228595         0.792032883464         0.792291298450         0.790542098850         0.791456154863         0.791475829826         0.790394648627         0.791105558899         0.791016185293         0.790362381378         0.790884089388         0.790761742325         0.790376858142         0.790742879771         0.790632748427         0.790407678079         0.790650304440         0.790572690199         0.790434468450         0.790589537062         0.790558793435         0.790456819281         0.790551781701         0.790577449818         0.790469380264         0.790531911796         0.790626295410         0.790472456700         0.790538764859         0.790713702425         0.790472965893         0.790583224717         0.790852486897         0.790476138480         0.790694002490         0.791070833544         0.790493197927         0.790921441750         0.791416951143         0.790556914701         0.791357077997         0.791962486147         0.790730782025         0.792155022830         0.792834776750         0.791141601750         0.793572915148         0.794242067584         0.792024890863         0.796032037580         0.796505657992         0.793773226257         0.800160417745         0.800100698894         0.797005975400         0.806813225057         0.805654331928         0.802595288081         0.817045149863         0.813869478827         0.811535325721         0.831851896073         0.825412942881         0.824640604795         0.851692023448         0.840227947043         0.841357381311         0.875938331876         0.855294519250         0.860205045806         0.897643786688         0.861257598067         0.842182874892         0.854599279110         0.706870352820         0.000000000000
        0.820212874635         0.573604508780         0.767195360852         0.839711310798         0.843139912092         0.854011679785         0.855504840082         0.836813374411         0.826790595791         0.835626987923         0.817922456991         0.812454386458         0.819368898683         0.805783366318         0.803665920469         0.808450328305         0.798615959914         0.798491035644         0.801455818014         0.794593908587         0.795422677611         0.797097522163         0.792456974730         0.793603943378         0.794450693618         0.791391261827         0.792525609048         0.792874514094         0.790902247751         0.791878654588         0.791950975740         0.790708059394         0.791483493621         0.791421062361         0.790654360051         0.791235243528         0.791124352444         0.790661146769         0.791076027017         0.790968355346         0.790689068256         0.790971305313         0.790895530798         0.790718357233         0.790903143153         0.790877182244         0.790742904677         0.790861902158         0.790898702210         0.790759139412         0.790843966104         0.790955777731         0.790766958912         0.790856194749         0.791055287026         0.790771096174         0.790913167845         0.791212565991         0.790778337375         0.791045668783         0.791457258272         0.790806111683         0.791311447746         0.791841313159         0.790892164886         0.791810938895         0.792446942351         0.791110933439         0.792713351466         0.793413278588         0.791606716186         0.794300187698         0.794966833957         0.792640839031         0.797019070062         0.797454246016         0.794641367593         0.801524421974         0.801373370891         0.798252662937         0.808674637090         0.807342626200         0.804344013576         0.819496824347         0.816079300526         0.813890414288         0.834880234297         0.828127131294         0.827470582151         0.855058134388         0.843124262441         0.844317720171         0.879121779025         0.857978133959         0.862939647734         0.900408034029         0.863568452692         0.844306911130         0.856060446869         0.707324135532         0.000000000000
        0.820254896903         0.573559119065         0.767723974433         0.840791392724         0.844350533523         0.855292150420         0.856971940845         0.838193818779         0.828074959961         0.837113497218         0.819242445477         0.813583283784         0.820632356982         0.806773237949         0.804465093105         0.809381037513         0.799255513011         0.799009683424         0.802106509730         0.794986897551         0.795763937588         0.797542467984         0.792694011469         0.793834740181         0.794753903130         0.791534908711         0.792687889224         0.793083517787         0.790993280696         0.791999167161         0.792099441874         0.790771241754         0.791578183242         0.791530799933         0.790704121010         0.791314375584         0.791210665419         0.790705315764         0.791145176420         0.791040189497         0.790731237620         0.791034234683         0.790960081613         0.790760915013         0.790962091585         0.790938672373         0.790786073951         0.790918703701         0.790960328215         0.790803365236         0.790901153671         0.791020445792         0.790812800875         0.790915888942         0.791125470390         0.790818500305         0.790979072280         0.791291820962         0.790828630269         0.791123505391         0.791550619711         0.790862994720         0.791410291304         0.791955953790         0.790962733275         0.791945197525         0.792595842289         0.791208886768         0.792906477052         0.793616835909         0.791755845388         0.794588598496         0.795256526172         0.792880153563         0.797455022609         0.797876438512         0.795027378909         0.802171899700         0.801988062876         0.798862202729         0.809608568969         0.808202737813         0.805239776927         0.820759050021         0.817242637393         0.815100341700         0.836436484309         0.829509108346         0.828853831204         0.856692935706         0.844545561445         0.845736087376         0.880606054247         0.859198692690         0.864158953134         0.901629177227         0.864570942450         0.845212901974         0.856690285898         0.707487757098         0.000000000000
        0.820280243358         0.573542028921         0.767996927769         0.841351906955         0.844971872274         0.855945965314         0.857732949456         0.838914801713         0.828759007033         0.837910234778         0.819960316584         0.814219244371         0.821354431556         0.807347568007         0.804928054690         0.809906339070         0.799616791018         0.799299484452         0.802464244313         0.795199849482         0.795945383486         0.797779501746         0.792814689259         0.793950127459         0.794908634772         0.791600749423         0.792762717197         0.793183926972         0.791028218800         0.792049329713         0.792165059789         0.790789680817         0.791613255872         0.791574360872         0.790714443763         0.791340334323         0.791240837077         0.790712054040         0.791165384440         0.791062200901         0.790736652030         0.791050934050         0.790977856520         0.790766277667         0.790976552198         0.790954581738         0.790791670943         0.790931947110         0.790976067509         0.790809426257         0.790914551990         0.791037723521         0.790819673637         0.790930739209         0.791145854443         0.790826395390         0.790997530297         0.791317528232         0.790838676607         0.791149132410         0.791584954763         0.790877553766         0.791448579174         0.792003753253         0.790986450078         0.792005133294         0.792665650267         0.791250724179         0.793003013310         0.793722375249         0.791831411906         0.794745109712         0.795419222677         0.793015307003         0.797705547584         0.798127160777         0.795257094581         0.802555922929         0.802365909969         0.799237494584         0.810177195319         0.808743497114         0.805800611093         0.821534670656         0.817965983085         0.815826727234         0.837368642208         0.830351598931         0.829665439480         0.857619372971         0.845353282473         0.846513019238         0.881404771736         0.859852238591         0.864791262260         0.902257947114         0.865080675554         0.845655741161         0.857001615105         0.707553511425         0.000000000000
        0.831553064270         0.593861094918         0.816050647779         0.903225654537         0.919134438804         0.936837969860         0.940708628784         0.924786334833         0.914977424454         0.924735575020         0.907538631700         0.899893287000         0.907636884022         0.892918150497         0.887683531267         0.893604792642         0.881422665384         0.878515585102         0.882719830655         0.873072574351         0.871892682187         0.874668714942         0.867327735315         0.867216287982         0.868940105791         0.863546001397         0.864021202165         0.865028408329         0.861163864117         0.861885873638         0.862420735538         0.859692607580         0.860472186609         0.860755332131         0.858869310366         0.859623640169         0.859788179589         0.858476373421         0.859156951450         0.859286238127         0.858344956001         0.858957638073         0.859115555361         0.858394339418         0.858981049219         0.859206367102         0.858570287728         0.859163919254         0.859474240874         0.858831800169         0.859491981014         0.859861362966         0.859098079345         0.859911546760         0.860358307816         0.859425537905         0.860531589844         0.861055400920         0.859901424983         0.861466314610         0.862042659119         0.860622740886         0.862856743437         0.863433523190         0.861718543065         0.864887932739         0.865374898907         0.863362598577         0.867792585139         0.868047971115         0.865778823933         0.871865734700         0.871681858791         0.869267440962         0.877463468957         0.876547446126         0.874161094761         0.884931258379         0.882876104025         0.880768881629         0.894563867881         0.890811059208         0.889246130880         0.906394303366         0.900193260207         0.899373474995         0.920066891108         0.910380196733         0.910232671833         0.934581166382         0.919637863523         0.919266017867         0.948012426632         0.922699649281         0.922601363587         0.950900467108         0.906489103970         0.877765964248         0.875903085282         0.719039344282         0.000000000000
        0.835923402685         0.600933912287         0.839555745313         0.937945290163         0.960193624642         0.982351430471         0.989579775192         0.975472335690         0.967170084243         0.979863915302         0.963533036452         0.956447772281         0.966748493951         0.951852851190         0.946085263312         0.954360242506         0.940983451181         0.936789573342         0.943334038842         0.931505631262         0.928820882462         0.933870857469         0.923632733125         0.922207169123         0.926014304743         0.917337806968         0.916880677836         0.919698248399         0.912475740765         0.912720380605         0.914783283553         0.908845127499         0.909567812768         0.911082169497         0.906227935853         0.907269037306         0.908406432353         0.904425190532         0.905686502208         0.906584816953         0.903272302658         0.904712684165         0.905477933954         0.902647095225         0.904276240056         0.904984080968         0.902469328783         0.904339688425         0.905037211040         0.902696291092         0.904900426626         0.905606281862         0.903321463620         0.905987229531         0.906693545322         0.904376581002         0.907670205887         0.908341739656         0.905935655617         0.910056146718         0.910625480666         0.908107003276         0.913281592118         0.913642229796         0.911023496262         0.917497920990         0.917496286187         0.914826282653         0.922855164013         0.922286598404         0.919660260252         0.929494480987         0.928100968339         0.925655960132         0.937517469373         0.934972649138         0.932867766203         0.946921818256         0.942819844833         0.941207312573         0.957548454001         0.951360752192         0.950324122566         0.968966743628         0.959941013692         0.959399263097         0.980295505538         0.967417618823         0.966972610815         0.990126354284         0.971573632221         0.970043064854         0.996198879100         0.966796745471         0.964754391156         0.988766707707         0.939306567939         0.906304705678         0.894542929312         0.730176559106         0.000000000000
        0.837395363705         0.603129423803         0.847285956109         0.949922826787         0.973745991228         0.997170635385         1.005718188605         0.991801472553         0.983887176071         0.997895267226         0.981587494673         0.974693850055         0.986290585114         0.971099735253         0.965325154817         0.974810653339         0.960764332964         0.956361354730         0.964062584005         0.951219736402         0.948211668406         0.954406810789         0.942849224052         0.941104105627         0.946033440552         0.935786197257         0.935094380013         0.938974326395         0.930011631191         0.930163162577         0.933196714834         0.925433607555         0.926243632427         0.928614435754         0.921918378193         0.923239638861         0.925111471862         0.919329433946         0.921061505067         0.922576343696         0.917545305405         0.919639134748         0.920908781213         0.916465134937         0.918921810465         0.920030954979         0.916023807615         0.918892030488         0.919893863657         0.916188205434         0.919557443415         0.920473242097         0.916956664387         0.920953695661         0.921773225185         0.918361698231         0.923146071997         0.923825062707         0.920466928018         0.926223754206         0.926680442245         0.923360105690         0.930291816619         0.930404118515         0.927142490084         0.935454900208         0.935057070796         0.931913845450         0.941801198397         0.940680037832         0.937748664752         0.949382852100         0.947275533154         0.944674249375         0.958186643049         0.954772907270         0.952623831470         0.968085912755         0.962966399002         0.961358324731         0.978771791256         0.971409801377         0.970353917409         0.989670485727         0.979356492287         0.978711342510         0.999846530046         0.985562275432         0.984867614139         1.007823052345         0.987771249269         0.985830450216         1.011394240555         0.980464180194         0.977883747760         1.000799529449         0.949662279694         0.915437767666         0.900707362122         0.733536147477         0.000000000000
        0.838057026848         0.604093172588         0.850772074602         0.955433748843         0.979835215258         1.003777244235         1.012938837610         0.998981875872         0.991178824675         1.005810203368         0.989393178606         0.982525418063         0.994759779819         0.979337503140         0.973547003252         0.983672185781         0.969249369383         0.964793910354         0.973120854411         0.959736494179         0.956649427590         0.963445591144         0.951204795431         0.949367838178         0.954887950565         0.943833063651         0.943095770597         0.947545200562         0.937673623472         0.937854938947         0.941421104067         0.932683406596         0.933613340066         0.936472794907         0.928773466657         0.930313835311         0.932624024671         0.925837142895         0.927893581099         0.929788176004         0.923772329300         0.926296721318         0.927884360794         0.922494721164         0.925484877447         0.926847598316         0.921945481151         0.925443402958         0.926633326426         0.922094207055         0.926182650665         0.927219789171         0.922939768063         0.927737343332         0.928608492471         0.924510028617         0.930165178083         0.930822064074         0.926859164266         0.933542927272         0.933900741268         0.930062494145         0.937957104504         0.937891123419         0.934202552790         0.943487797759         0.942832711081         0.939354660826         0.950196054473         0.948743500617         0.945565295586         0.958099154568         0.955591684074         0.952817021741         0.967131624119         0.963250539155         0.960975979468         0.977104606208         0.971446394100         0.969732522945         0.987647483770         0.979686714902         0.978519927300         0.998160380789         0.987206202211         0.986429065954         1.007711523176         0.992751802406         0.991890236052         1.014823240787         0.994076434845         0.991923271308         1.017310085041         0.985701604250         0.982868257905         1.005401017978         0.953571154823         0.918842500192         0.903037230155         0.734653993751         0.000000000000
        0.838412703269         0.604607843905         0.852626463759         0.958377652728         0.983038962030         1.007239972174         1.016741955339         1.002733426578         0.994980496363         1.009961563398         0.993460511685         0.986592138598         0.999177561280         0.983600193508         0.977795151367         0.988282143371         0.973632655264         0.969155517885         0.977850697699         0.964159612917         0.961042357419         0.968202921878         0.955585328824         0.953736416790         0.959605469152         0.948094014667         0.947357083913         0.952135118897         0.941755987442         0.941971567931         0.945851497457         0.936559956547         0.937573696774         0.940726292549         0.932449406199         0.934134223196         0.936707371611         0.929333663362         0.931595297706         0.933719960631         0.927122580283         0.929912424691         0.931695590451         0.925740641506         0.929055346444         0.930576393787         0.925134004574         0.929012950308         0.930321855129         0.925274712699         0.929796438255         0.930911519339         0.926161747412         0.931438903691         0.932345049451         0.927819834256         0.933992890148         0.934639892455         0.930296414007         0.937525398440         0.937826849907         0.933655960222         0.942108516159         0.941939882400         0.937969376492         0.947810538305         0.947010399371         0.943301600117         0.954679582183         0.953042547557         0.949679515236         0.962710759720         0.959980958036         0.957058162802         0.971812000304         0.967670880986         0.965271498938         0.981761828207         0.975804062273         0.973976648699         0.992171883770         0.983888127908         0.982613579668         1.002444850843         0.991142677643         0.990252489292         1.011638458785         0.996312089089         0.995323867832         1.018270962264         0.997152498441         0.994856015374         1.020176196491         0.988211577124         0.985217879987         1.007585922557         0.955411074587         0.920407181643         0.904122915471         0.735103108919         0.000000000000
        0.838634398210         0.604933952279         0.853733749538         0.960125714469         0.984911604324         1.009264698773         1.018972006858         1.004926565287         0.997206699387         1.012402333229         0.995850132959         0.988989123297         1.001791692346         0.986114844644         0.980304778191         0.991008591779         0.976215857215         0.971734559288         0.980654358798         0.966782532771         0.963667487433         0.971050489887         0.958181842488         0.956338064271         0.962415732083         0.950630727559         0.949908093443         0.954888208260         0.944194679683         0.944441325492         0.948506202767         0.938883651316         0.939953884696         0.943284543149         0.934654515245         0.936430905350         0.939166910162         0.931433424668         0.933824125575         0.936091565580         0.929135814423         0.932091670514         0.933996354562         0.927691365619         0.931207621034         0.932827740306         0.927049073043         0.931163140442         0.932547269949         0.927182025750         0.931969587365         0.933134787742         0.928088696113         0.933658519060         0.934588515647         0.929791562022         0.936279130671         0.936922860658         0.932334405633         0.939893697868         0.940165159152         0.935777291382         0.944567408179         0.944343031280         0.940186636863         0.950363280981         0.949484241187         0.945619208086         0.957320070635         0.955581812402         0.952088829965         0.965418144612         0.962562419831         0.959529549688         0.974545811129         0.970256652175         0.967760818187         0.984471331365         0.978343779540         0.976428235994         0.994795186562         0.986327706974         0.984969425008         1.004918834882         0.993410127825         0.992432941325         1.013885439017         0.998343383104         0.997260673874         1.020223487295         0.998891091359         0.996492713912         1.021783426951         0.989614528826         0.986511828094         1.008800591494         0.956437965138         0.921259543485         0.904713789195         0.735314478351         0.000000000000
        0.838779308155         0.605149806769         0.854419747552         0.961203765752         0.986044305492         1.010488233565         1.020322415388         1.006244536076         0.998544959523         1.013872006414         0.997283421887         0.990431273479         1.003368149127         0.987627257181         0.981819048898         0.992661596071         0.977775775649         0.973293880403         0.982353579227         0.968362996830         0.965249818573         0.972775901060         0.959763782384         0.957926572765         0.964142706136         0.952182567274         0.951476957897         0.956588020388         0.945698824242         0.945972557767         0.950160149435         0.940329961643         0.941444616065         0.944887623061         0.936035767088         0.937875512513         0.940716441816         0.932755683446         0.935231669362         0.937591621812         0.930408988019         0.933472496303         0.935456038056         0.928928609173         0.932574171930         0.934258983592         0.928265555731         0.932529492480         0.933963416640         0.928393915803         0.933350203520         0.934549557895         0.929312118249         0.935067061019         0.936014986783         0.931041549098         0.937727386688         0.938372273275         0.933623907180         0.941391491821         0.941648086171         0.937117285865         0.946120265925         0.945865786212         0.941586073000         0.951974152933         0.951051323405         0.947080600259         0.958984760084         0.957188262345         0.953605547611         0.967122000094         0.964194601699         0.961085505347         0.976267056107         0.971890074501         0.969325675419         0.986176436733         0.979948026893         0.977969561816         0.996438947112         0.987845132967         0.986418264378         1.006443394588         0.994803276969         0.993757844080         1.015252316090         0.999576184700         0.998423273953         1.021400514029         0.999936059648         0.997464694920         1.022741437821         0.990444039984         0.987262481944         1.009504820109         0.957025148190         0.921732281713         0.905050521262         0.735420009254         0.000000000000
        0.842856632511         0.612459924164         0.872317859854         0.985188232372         1.015577183967         1.043971504703         1.056225552445         1.044272031654         1.038379095905         1.055291034126         1.040131764522         1.034440599446         1.048605333130         1.033792637438         1.028637733527         1.040501027107         1.026048745466         1.021798359258         1.031798254111         1.017763496183         1.014589204865         1.023013730668         1.009503872533         1.007464993027         1.014550527434         1.001670151198         1.000726351700         1.006660072457         0.994498770714         0.994608382601         0.999580538950         0.988223427981         0.989348552398         0.993526746677         0.983009148949         0.985070639396         0.988573640657         0.978870724368         0.981803171993         0.984727951628         0.975793365288         0.979545116352         0.981971729598         0.973750254870         0.978312119256         0.980311378464         0.972736021967         0.978119795701         0.979728240089         0.972727536387         0.978961716187         0.980193956192         0.973707270133         0.980847765379         0.981677754630         0.975651230365         0.983749901998         0.984109045279         0.978503611533         0.987627265705         0.987438340707         0.982245258104         0.992472177888         0.991629072126         0.986857996751         0.998259963519         0.996626249408         0.992297288762         1.004922926616         1.002296108825         0.998405881029         1.012263700824         1.008398361017         1.004967729200         1.020069489981         1.014671182029         1.011691272096         1.027999645780         1.020663340211         1.018077565561         1.035546222161         1.025762520935         1.023460035101         1.042044580901         1.029120897260         1.026865955561         1.046525595359         1.029390883798         1.026621440504         1.047447986428         1.024289081022         1.019854023169         1.042699169276         1.008439927512         1.002949173848         1.022572672324         0.967895031734         0.929980352571         0.910195374406         0.738411344906         0.000000000000
        0.846811961938         0.619150851866         0.890326211488         1.010791012338         1.045459322240         1.077537596525         1.092686218684         1.082248713070         1.078360409129         1.097971630490         1.084069296429         1.080121543747         1.096942951788         1.083044038470         1.079482342882         1.093886224611         1.079954869213         1.077123758538         1.089548915661         1.075608448342         1.073689709159         1.084441767550         1.070566853685         1.069629350134         1.078938297155         1.065220438426         1.065299035535         1.073340993678         1.059889413372         1.061011714769         1.067944364114         1.054849462998         1.057021772957         1.062954701567         1.050295004741         1.053501705622         1.058519941129         1.046351900726         1.050585249688         1.054776361715         1.043172626789         1.048421000569         1.051843656100         1.040835385774         1.047073661700         1.049765417856         1.039372229232         1.046594359326         1.048577480935         1.038815372400         1.047004156892         1.048278638771         1.039145867382         1.048295165179         1.048845001278         1.040345717863         1.050446839939         1.050215249332         1.042329576851         1.053363596831         1.052282710793         1.045008305763         1.056973391732         1.054957119654         1.048286934012         1.061180761410         1.058116063794         1.052038277887         1.065831199417         1.061531065252         1.056006725080         1.070659519656         1.064918122425         1.059924836966         1.075407592519         1.067958497484         1.063440353126         1.079707193994         1.070187942189         1.066042385288         1.083036259887         1.070958643996         1.067020682444         1.084690210563         1.069366241216         1.065354285624         1.083709835432         1.064120788934         1.059485278924         1.078666609515         1.052999857216         1.046567757096         1.067447900259         1.030655637140         1.023060155566         1.040352489614         0.982977193645         0.942245388649         0.918358901997         0.742821961968         0.000000000000
        0.850915206611         0.625947766761         0.907816224871         1.035777992089         1.073672305607         1.109062741474         1.127042152232         1.117662651544         1.115766173558         1.138059975541         1.125094911630         1.122989587333         1.142516808554         1.129323393034         1.127551411626         1.144614359094         1.131122057271         1.130039754433         1.145048384686         1.131250911596         1.131019563728         1.144260961225         1.130211314765         1.130929856366         1.142616836357         1.128408617544         1.130131640711         1.140420739023         1.126153772456         1.128915621924         1.137920574783         1.123695503793         1.127503956839         1.135303243019         1.121210893720         1.126080785481         1.132740210596         1.118876215469         1.124793346696         1.130350770865         1.116797781860         1.123744074492         1.128230702003         1.115064671960         1.123018816595         1.126448685154         1.113737326179         1.122670918847         1.125045825371         1.112850851779         1.122731161386         1.124041723528         1.112414570433         1.123202038891         1.123431691618         1.112410178605         1.124057511182         1.123170719786         1.112782282707         1.125240259340         1.123178115561         1.113436704884         1.126651428323         1.123351163702         1.114272027675         1.128194789925         1.123551276536         1.115121237936         1.129692021335         1.123571907050         1.115764859049         1.130925808299         1.123153532284         1.115929877107         1.131616951159         1.121946414837         1.115234546653         1.131389807465         1.119506617394         1.113199268661         1.129774974226         1.115226109123         1.109144548104         1.126113556087         1.108245118569         1.102074600775         1.119434598304         1.097236884579         1.090422295270         1.108339830018         1.080040964275         1.071423307182         1.090785788913         1.051407961126         1.041599183175         1.057030764190         0.997057144504         0.953487406165         0.926071408873         0.746370576005         0.000000000000
        0.854702322769         0.632362117987         0.923240761103         1.057456518403         1.097949282848         1.136188332318         1.156501310718         1.148048398921         1.147962167812         1.172397305615         1.160290592239         1.159864681493         1.181519892386         1.169074860149         1.168963363628         1.188111296564         1.175234240556         1.175799378741         1.192832865677         1.179498916562         1.180898540291         1.196077089799         1.182326138976         1.184646910378         1.198167475191         1.184085344169         1.187378882269         1.199363514836         1.185038659819         1.189324578403         1.199869328264         1.185386323658         1.190664407371         1.199831502188         1.185289231484         1.191568411320         1.199407464940         1.184897863257         1.192163554056         1.198699339032         1.184302741133         1.192532988974         1.197763104224         1.183567538951         1.192731449567         1.196664123344         1.182747699170         1.192803007881         1.195432727735         1.181872149235         1.192769945083         1.194089789002         1.180960338952         1.192657846829         1.192643246399         1.180002661044         1.192439430861         1.191047694344         1.178932702727         1.192037787576         1.189213085888         1.177658216420         1.191368134122         1.187052015335         1.176077093418         1.190324885853         1.184436746725         1.174053150306         1.188772456752         1.181184053138         1.171366360752         1.186490119042         1.177059455254         1.167804774147         1.183287590959         1.171793663511         1.163024581812         1.178783545226         1.164930831519         1.156553158951         1.172539404832         1.155896341255         1.147721027700         1.163892028286         1.143823843974         1.135551242796         1.151934445750         1.127469716338         1.118543498053         1.135292547186         1.104687666617         1.093963955911         1.111980842713         1.070311754382         1.058388931903         1.072220154783         1.009947584670         0.963664613939         0.933114138287         0.749477832472         0.000000000000
        0.857019166449         0.636379649387         0.932189466892         1.069727426936         1.111727153450         1.151647066349         1.173209456437         1.165371233630         1.166414860754         1.191943239595         1.180424602311         1.181042646812         1.203748333413         1.191868045269         1.192799699822         1.212964595264         1.200610028339         1.202205697263         1.220193732691         1.207338173908         1.209749372954         1.225820715565         1.212528190910         1.215841140032         1.230182003170         1.216504777585         1.220730812524         1.233460696782         1.219466025139         1.224622287830         1.235833904520         1.221616153162         1.227702629275         1.237451502023         1.223098416671         1.230111853632         1.238446642209         1.224047834495         1.231966982021         1.238903073104         1.224537484552         1.233339149636         1.238886783391         1.224639838214         1.234290677350         1.238453689097         1.224402718582         1.234859681831         1.237620341494         1.223818334680         1.235023949354         1.236354562902         1.222861577945         1.234757087448         1.234631471972         1.221512562254         1.234056655539         1.232442928045         1.219737632517         1.232861451146         1.229704946365         1.217446592208         1.231084599924         1.226306639366         1.214520253474         1.228593199509         1.222107061668         1.210807671156         1.225252314108         1.216945583908         1.206132190813         1.220884481379         1.210618189819         1.200266118650         1.215265113747         1.202821791833         1.192883337277         1.208078080178         1.193188458780         1.183584316212         1.198934098651         1.181194286065         1.171755853251         1.187219650031         1.165979980835         1.156409703243         1.172026577484         1.146324354378         1.136066913082         1.151986110941         1.120089656709         1.108016639630         1.125121100694         1.082126421504         1.068824578621         1.081615258211         1.017974539368         0.969939404243         0.937459582306         0.751431377077         0.000000000000
        0.857937378350         0.638036315839         0.935689857982         1.074447130387         1.117108584056         1.157740694753         1.179773055854         1.172253532261         1.173781681889         1.199707415134         1.188488325990         1.189578718008         1.212647439818         1.201056957683         1.202429581399         1.222921492978         1.210861528286         1.212893028820         1.231171870052         1.218618055872         1.221457496657         1.237792907310         1.224802587352         1.228522042857         1.243104124016         1.229726614119         1.234335484358         1.247280154377         1.233582324659         1.239078396668         1.250464166290         1.236518341335         1.242903633984         1.252799665964         1.238702117555         1.245957249676         1.254401004481         1.240230871694         1.248341136142         1.255355154383         1.241190992635         1.250139566864         1.255740935546         1.241662237485         1.251400835903         1.255587603720         1.241655019695         1.252144306770         1.254903565791         1.241175954085         1.252359717350         1.253661174701         1.240189144369         1.252026145465         1.251842209410         1.238691075944         1.251124049122         1.249420884319         1.236629786539         1.249594547012         1.246308862627         1.233910027245         1.247344830196         1.242398082324         1.230410852612         1.244245071617         1.237556232064         1.225998882551         1.240160420221         1.231610674067         1.220484261055         1.234917870915         1.224370423039         1.213657340296         1.228312387928         1.215556129914         1.205205874879         1.220018239631         1.204769727595         1.194703017849         1.209648475790         1.191508290190         1.181571699951         1.196615994511         1.174966716312         1.164870875152         1.180065952521         1.153932365288         1.143140269849         1.158648973155         1.126297550842         1.113670458357         1.130355253402         1.086881743157         1.073015926581         1.085352040037         1.021194370418         0.972441479794         0.939172879317         0.752250580168         0.000000000000
        0.858258998612         0.638640340325         0.936879910366         1.076018889816         1.118927183288         1.159814206617         1.181999871926         1.174606216573         1.176331327550         1.202383990917         1.191300187739         1.192584036963         1.215757005270         1.204305274683         1.205859961021         1.226448211627         1.214535036110         1.216736373001         1.235102477199         1.222704830604         1.225715150874         1.242117599441         1.229276943736         1.233137103205         1.247765919540         1.234540347765         1.239274238033         1.252253470137         1.238708665370         1.244313464556         1.255733287059         1.241944948038         1.248413203858         1.258330585221         1.244385463461         1.251708523452         1.260167011634         1.246138208854         1.254290857293         1.261308288965         1.247269351238         1.256224739627         1.261819559333         1.247854788067         1.257593777705         1.261778594260         1.247953247682         1.258416835551         1.261162984526         1.247519617234         1.258651048638         1.259926269119         1.246527688307         1.258276075349         1.258055257126         1.244941363362         1.257257738074         1.255511078402         1.242740276255         1.255580034277         1.252245306405         1.239844561910         1.253134843188         1.248140511295         1.236131380719         1.249816568148         1.243074857416         1.231470658791         1.245472533344         1.236855708873         1.225642879516         1.239896617079         1.229257694313         1.218431224420         1.232889715699         1.220036331989         1.209550106137         1.224166773662         1.208814083358         1.198594564130         1.213344289302         1.195092625495         1.184989063779         1.199845703562         1.178073645911         1.167793661985         1.182795888224         1.156535278014         1.145552006541         1.160885605051         1.128407207230         1.115592938918         1.132117360204         1.088511068253         1.074455697024         1.086624951979         1.022296692707         0.973296487667         0.939746250478         0.752559327153         0.000000000000
        0.858383363008         0.638884630330         0.937306249533         1.076557002935         1.119553949390         1.160532583054         1.182768076813         1.175432591620         1.177231369451         1.203326240732         1.192303352997         1.193659344064         1.216866151846         1.205470244247         1.207086161253         1.227698052954         1.215853019748         1.218118753053         1.236504580742         1.224173051248         1.227242244882         1.243655991964         1.230887917835         1.234800069963         1.249432704464         1.236273064256         1.241045924932         1.254026172693         1.240552357197         1.246192300027         1.257615534104         1.243908812231         1.250399710352         1.260313863789         1.246439263573         1.253774278891         1.262225131210         1.248266817118         1.256422701592         1.263435110905         1.249466860917         1.258422012748         1.264014097825         1.250112972346         1.259834102142         1.264001277191         1.250227878225         1.260658821557         1.263384010930         1.249791237617         1.260885325045         1.262148519790         1.248790178111         1.260493288862         1.260263527327         1.247181240889         1.259438207553         1.257671246536         1.244913973597         1.257688526577         1.254336934164         1.241952157253         1.255177732491         1.250162122376         1.238152547192         1.251756972233         1.244991467125         1.233380253460         1.247306842746         1.238670000884         1.227448497345         1.241629231304         1.230975245045         1.220132289139         1.234513231371         1.221628633562         1.211102794630         1.225632851332         1.210249803284         1.199986157446         1.214648314267         1.196362038265         1.186206731247         1.200977263545         1.179170066697         1.168836233047         1.183761916867         1.157468232437         1.146421102841         1.161672755147         1.129147821042         1.116268531864         1.132718496553         1.089069445287         1.074949238952         1.087053231222         1.022671443767         0.973591046667         0.939939519046         0.752679654332         0.000000000000
        0.858426841035         0.638972334376         0.937450393382         1.076732845973         1.119760404921         1.160770979875         1.183022105644         1.175706342539         1.177532993828         1.203640237308         1.192639343315         1.194024663569         1.217242749383         1.205873187827         1.207517409409         1.228135778921         1.216318521905         1.218611089507         1.237003576540         1.224699325150         1.227793765127         1.244207065795         1.231464500541         1.235394141485         1.250023004481         1.236888202605         1.241672532074         1.254648188482         1.241198303536         1.246843873832         1.258262691572         1.244582901362         1.251080596124         1.260991198774         1.247143452899         1.254482324890         1.262926671094         1.248995364865         1.257151733085         1.264160423193         1.250220562246         1.259175779508         1.264763919971         1.250891428568         1.260608902421         1.264772422980         1.251024001305         1.261443593364         1.264164523650         1.250596212164         1.261678939776         1.262938941597         1.249604947481         1.261294535327         1.261064011613         1.248002269425         1.260243828499         1.258476914640         1.245733347795         1.258482291226         1.255124422151         1.242750285353         1.255947212708         1.250922740155         1.238921181458         1.252490701903         1.245711493200         1.234098654828         1.247986340476         1.239340447159         1.228117043386         1.242261885102         1.231597558771         1.220748054301         1.235094414032         1.222203746156         1.211670528727         1.226165992630         1.210769281391         1.200486506986         1.215108414104         1.196810265293         1.186637421085         1.201374027846         1.179554978459         1.169199782419         1.184090028139         1.157784354969         1.146716212011         1.161937749586         1.129402755848         1.116502896336         1.132925405922         1.089263703551         1.075121918353         1.087200966542         1.022802080999         0.973695275324         0.940006291977         0.752726497770         0.000000000000
        0.858437961292         0.638997024602         0.937508920213         1.076801706979         1.119868025230         1.160901231657         1.183159315364         1.175865310097         1.177709991931         1.203823818456         1.192846887757         1.194254681495         1.217484515667         1.206142689901         1.207804680977         1.228426861163         1.216625771593         1.218921989119         1.237310447550         1.225021045667         1.228121119936         1.244524722399         1.231786378883         1.235711478133         1.250325678404         1.237203749951         1.241986553700         1.254955797110         1.241522269748         1.247164040697         1.258575166204         1.244909285481         1.251399506883         1.261309780864         1.247477884530         1.254812406421         1.263254556346         1.249339878833         1.257492632722         1.264503819610         1.250582495932         1.259532147233         1.265117335154         1.251255121906         1.260957065591         1.265114784921         1.251374859547         1.261779364305         1.264495131949         1.250934282089         1.262003166969         1.263260217666         1.249934079905         1.261609781389         1.261378048948         1.248323652928         1.260551952192         1.258783276473         1.246045958212         1.258779573844         1.255420229532         1.243046393436         1.256226111339         1.251196913045         1.239195449172         1.252748508020         1.245966131311         1.234353637629         1.248226415001         1.239581340918         1.228358400312         1.242490592710         1.231826360958         1.220974299737         1.235306438416         1.222414698497         1.211877332367         1.226359621566         1.210961232537         1.200672728283         1.215279760950         1.196978429288         1.186799245771         1.201521841393         1.179699509585         1.169336091183         1.184213293775         1.157904986924         1.146829030066         1.162035380209         1.129495119008         1.116582922942         1.132994183879         1.089328625610         1.075177922771         1.087248686024         1.022844922808         0.973728123946         0.940027371192         0.752741478447         0.000000000000
        0.858438743594         0.638999837905         0.937527580639         1.076823750132         1.119911752554         1.160953374243         1.183213300116         1.175929702441         1.177779068098         1.203895697208         1.192929989049         1.194344168992         1.217576857492         1.206245577068         1.207912634826         1.228537310755         1.216745910698         1.219045034425         1.237432312508         1.225153424283         1.228257406238         1.244659667295         1.231925898850         1.235848069432         1.250457359738         1.237340951913         1.242119023850         1.255084505862         1.241657449801         1.247294291274         1.258703227395         1.245044697005         1.251529863084         1.261439553354         1.247613967223         1.254942752275         1.263385779193         1.249478250665         1.257626053521         1.264639731319         1.250726241394         1.259671728875         1.265259310202         1.251402340492         1.261095524236         1.265251909929         1.251513732452         1.261910320367         1.264626625364         1.251067997927         1.262129215947         1.263387721321         1.250063717609         1.261731856274         1.261502381327         1.248449552175         1.260671076811         1.258905560229         1.246170987084         1.258898375504         1.255541122530         1.243168188354         1.256339715933         1.251310735836         1.239308756278         1.252854340916         1.246073496954         1.234461258095         1.248327107978         1.239685255341         1.228463047363         1.242589754047         1.231929931937         1.221079511846         1.235407238528         1.222520531278         1.211984117591         1.226465376263         1.211071785913         1.200778029062         1.215373842442         1.197067829759         1.186883221407         1.201596952500         1.179772397270         1.169402204961         1.184270663743         1.157961053537         1.146877438467         1.162076415481         1.129535967686         1.116615370404         1.133020841063         1.089354585109         1.075195758887         1.087263350776         1.022858727236         0.973733599937         0.940030941145         0.752741864248         0.000000000000
        0.858439677744         0.639003749981         0.937546827873         1.076844686891         1.119956501138         1.161007349478         1.183269165340         1.175999222071         1.177854550895         1.203975046418         1.193023770020         1.194444475968         1.217680030152         1.206360997699         1.208033858855         1.228658448089         1.216876077159         1.219174905716         1.237558368519         1.225280528999         1.228373897634         1.244769278936         1.232036279514         1.235952721168         1.250556224163         1.237441040142         1.242212638835         1.255173171202         1.241749783993         1.247380263169         1.258786473394         1.245132254323         1.251611872817         1.261518911867         1.247696335989         1.255018072886         1.263460334854         1.249556012553         1.257697364547         1.264711254055         1.250801261381         1.259741308306         1.265329915695         1.251475320851         1.261161878236         1.265318301121         1.251581415863         1.261972327609         1.264689910416         1.251132749625         1.262188799278         1.263449187747         1.250126406478         1.261789557120         1.261562550940         1.248510563308         1.260727510245         1.258964869352         1.246231782701         1.258955189567         1.255600913218         1.243229125522         1.256396011641         1.251369409102         1.239367837703         1.252909500624         1.246132456275         1.234521105993         1.248383686872         1.239746756491         1.228525716764         1.242650577185         1.231996486290         1.221147773959         1.235474148141         1.222587338343         1.212049281912         1.226525210469         1.211133915229         1.200838326742         1.215430469922         1.197121945261         1.186929617059         1.201635660442         1.179810426094         1.169434778834         1.184298062464         1.157988183892         1.146898993441         1.162093957564         1.129553725967         1.116627807494         1.133030778917         1.089364529508         1.075200602558         1.087267236937         1.022862632160         0.973732368379         0.940030260498         0.752739380847         0.000000000000
        0.858438782687         0.639002749956         0.937551654437         1.076850119851         1.119971483986         1.161025471433         1.183287587968         1.176022186824         1.177878769212         1.203999769450         1.193052589641         1.194475159040         1.217712311724         1.206397982624         1.208071752435         1.228697193902         1.216918350710         1.219217482707         1.237601232596         1.225325790252         1.228418655809         1.244812366473         1.232081219989         1.235996206854         1.250597901012         1.237484288975         1.242254583994         1.255213467232         1.241792609441         1.247421144770         1.258826225114         1.245174576690         1.251652216092         1.261558559769         1.247738454353         1.255057620227         1.263499970214         1.249598506793         1.257737646072         1.264752548757         1.250846314154         1.259785090235         1.265375427199         1.251522025098         1.261208678236         1.265359336039         1.251620557778         1.262008543698         1.264725223652         1.251168870848         1.262222202055         1.263482752220         1.250160940438         1.261821344452         1.261595007028         1.248543848538         1.260758149511         1.258996508694         1.246264792467         1.258986070734         1.255632974644         1.243262491153         1.256426739599         1.251400999799         1.239400201116         1.252939630456         1.246164252863         1.234553997780         1.248414701942         1.239780008445         1.228560351841         1.242684029696         1.232032814889         1.221185944722         1.235512755539         1.222631223167         1.212094748395         1.226566036756         1.211169930087         1.200873183964         1.215461903506         1.197154995683         1.186960842503         1.201663391823         1.179837154022         1.169458727472         1.184318362115         1.158007914305         1.146915620721         1.162107451697         1.129567033972         1.116638659953         1.133039542409         1.089373200866         1.075207207336         1.087272549532         1.022867572603         0.973735233136         0.940031961455         0.752740798887         0.000000000000
        0.858437119537         0.639000057919         0.937553302943         1.076852182615         1.119981126477         1.161037318395         1.183299750071         1.176037679505         1.177895070915         1.204016685416         1.193072649805         1.194497167108         1.217735458629         1.206424476001         1.208099791656         1.228725511822         1.216949280578         1.219249187840         1.237633491998         1.225360245939         1.228454054859         1.244844173705         1.232113450436         1.236026787272         1.250626126206         1.237513120342         1.242282380368         1.255239477200         1.241820132848         1.247447323777         1.258851311265         1.245201562580         1.251678011093         1.261583906163         1.247765849303         1.255083717921         1.263526319467         1.249627758718         1.257766611971         1.264782436719         1.250878426254         1.259815509094         1.265405637776         1.251553827702         1.261238341069         1.265388724201         1.251651518645         1.262037533711         1.264754321945         1.251199919038         1.262251315315         1.263512347370         1.250192680890         1.261851131130         1.261625719970         1.248576854773         1.260789324622         1.259029159994         1.246300443706         1.259020668192         1.255670028543         1.243303484466         1.256466415107         1.251442321348         1.239444033881         1.252982395492         1.246209335895         1.234602978860         1.248462900264         1.239832859692         1.228617906938         1.242739820624         1.232086683946         1.221239462902         1.235562541130         1.222683547525         1.212148647644         1.226618820439         1.211224618421         1.200928921373         1.215516704244         1.197212669468         1.187021653428         1.201723723609         1.179898851022         1.169513261933         1.184360604636         1.158046431825         1.146948812720         1.162134219445         1.129593771210         1.116661930035         1.133058804319         1.089392286427         1.075222420262         1.087284996157         1.022878912608         0.973742271620         0.940036040993         0.752744950258         0.000000000000
        0.858435230990         0.638997769130         0.937560057441         1.076859538933         1.120003522690         1.161064268375         1.183327342364         1.176072848631         1.177932452671         1.204055547962         1.193118912250         1.194547679881         1.217788757774         1.206487322977         1.208168448610         1.228796180258         1.217021337814         1.219319543983         1.237702353356         1.225430599650         1.228521456335         1.244907208541         1.232174570627         1.236082820894         1.250677027021         1.237563289114         1.242328987239         1.255281992122         1.241864503527         1.247488600530         1.258889540247         1.245240902413         1.251713092467         1.261616705130         1.247799508488         1.255113330380         1.263554515153         1.249656950719         1.257792183419         1.264807291011         1.250904410781         1.259838233916         1.265428180039         1.251577267494         1.261258776504         1.265409329157         1.251672917163         1.262056316326         1.264773641155         1.251220026668         1.262269139802         1.263530987001         1.250212074402         1.261868444454         1.261644069415         1.248595899435         1.260806488739         1.259047589046         1.246319882201         1.259038844758         1.255689768770         1.243324356218         1.256485869049         1.251463384708         1.239465945707         1.253003376986         1.246232232339         1.234626865133         1.248486532322         1.239859689587         1.228645310907         1.242763977571         1.232110128385         1.221260839176         1.235582330172         1.222704330799         1.212168776226         1.226638160302         1.211245059809         1.200948934206         1.215536323977         1.197232962483         1.187041792985         1.201742488372         1.179915722423         1.169527090003         1.184372184645         1.158057962592         1.146958831193         1.162142982757         1.129602457697         1.116669860300         1.133065612658         1.089399061782         1.075228539288         1.087290055116         1.022883483644         0.973745936654         0.940038207956         0.752747328392         0.000000000000
        0.858433074468         0.638994662309         0.937564313414         1.076864161907         1.120020600703         1.161084542657         1.183347738460         1.176099481817         1.177959954411         1.204084080389         1.193153659047         1.194584404063         1.217829028982         1.206535415559         1.208220948004         1.228851768560         1.217084765434         1.219385320359         1.237766815268         1.225494942233         1.228580139820         1.244962114537         1.232227440023         1.236131736931         1.250722585524         1.237608556119         1.242370095899         1.255320382693         1.241903647037         1.247523334750         1.258922259320         1.245274829087         1.251742546186         1.261644956021         1.247828901762         1.255138169641         1.263578879487         1.249682260912         1.257813191661         1.264828485594         1.250926314123         1.259856127321         1.265446763743         1.251596171636         1.261274009755         1.265425602732         1.251689220955         1.262069345824         1.264787991063         1.251234153456         1.262280404776         1.263543772792         1.250224397661         1.261878219428         1.261655464742         1.248606580051         1.260814912575         1.259057706891         1.246329302274         1.259046661846         1.255699355106         1.243333180072         1.256493098531         1.251472340542         1.239473793703         1.253010024467         1.246240546638         1.234633923974         1.248492781699         1.239867743463         1.228652128715         1.242770047077         1.232117629049         1.221266756884         1.235587762907         1.222711128611         1.212174109203         1.226643493159         1.211251572488         1.200954019226         1.215541590125         1.197239018204         1.187046310882         1.201746798468         1.179919800069         1.169528164485         1.184372380283         1.158057814377         1.146956740590         1.162140649702         1.129599824352         1.116665577763         1.133061156163         1.089394132513         1.075223127530         1.087286206572         1.022880861471         0.973743184439         0.940036784572         0.752745620671         0.000000000000
        0.858431660364         0.638992230431         0.937564446120         1.076864447102         1.120025489157         1.161090301703         1.183353431018         1.176107073145         1.177967358227         1.204091635399         1.193162778185         1.194593577960         1.217838857573         1.206546984087         1.208232811067         1.228864253094         1.217099228625         1.219399930103         1.237781724522         1.225511085919         1.228595036778         1.244976377435         1.232242256820         1.236145497652         1.250735823455         1.237622045946         1.242382484220         1.255332231305         1.241915791659         1.247534220666         1.258932723290         1.245285710054         1.251752125727         1.261654309973         1.247838628515         1.255146478643         1.263587142624         1.249690834911         1.257820407723         1.264835857500         1.250933934903         1.259862441704         1.265453399831         1.251602898730         1.261279503820         1.265431518204         1.251695138754         1.262074113568         1.264793259780         1.251239312187         1.262284532439         1.263548475046         1.250228891107         1.261881737748         1.261659582741         1.248610355890         1.260817753563         1.259061183715         1.246332484108         1.259049279763         1.255702655274         1.243336152135         1.256495365596         1.251475349745         1.239476205752         1.253011875732         1.246243091557         1.234635763841         1.248494336165         1.239869962244         1.228653732727         1.242771337589         1.232119485235         1.221267851535         1.235588572880         1.222712558791         1.212174989851         1.226644469800         1.211253099019         1.200955022369         1.215542797171         1.197240673117         1.187047338517         1.201747917825         1.179921193653         1.169528534488         1.184372591273         1.158058053206         1.146956162111         1.162140175064         1.129599424793         1.116664519697         1.133060267740         1.089393226048         1.075221555318         1.087284867684         1.022879776527         0.973741633382         0.940035919424         0.752744481465         0.000000000000
        0.858430904552         0.638990889371         0.937564281326         1.076864356985         1.120027563649         1.161092769176         1.183355846097         1.176110374001         1.177970554198         1.204094867348         1.193166739940         1.194597551185         1.217843063063         1.206552094326         1.208237999624         1.228869719352         1.217105771020         1.219406569123         1.237788679186         1.225519153283         1.228602954144         1.244984657171         1.232252308841         1.236156329463         1.250746382495         1.237632606856         1.242392376838         1.255341666847         1.241925348878         1.247542903784         1.258940953684         1.245294187160         1.251759676513         1.261661512152         1.247846069294         1.255152918592         1.263593347581         1.249697241642         1.257825873622         1.264841224657         1.250939468437         1.259867097359         1.265458081064         1.251607635493         1.261283430621         1.265435535148         1.251699169037         1.262077392618         1.264796671011         1.251242653690         1.262287214535         1.263551332492         1.250231625324         1.261883851164         1.261661876457         1.248612444191         1.260819234276         1.259062864632         1.246334018974         1.259050492253         1.255704095083         1.243337417773         1.256496171595         1.251476524445         1.239476936741         1.253012186324         1.246243762726         1.234635938829         1.248494472849         1.239870266995         1.228653657905         1.242771017710         1.232119271633         1.221267140549         1.235587503428         1.222711759617         1.212174095964         1.226643690623         1.211252553971         1.200954394144         1.215542426324         1.197240551280         1.187047054696         1.201747820515         1.179921283557         1.169528343481         1.184372484827         1.158058002139         1.146955819697         1.162139953678         1.129599271337         1.116664130868         1.133060023208         1.089393031002         1.075221094060         1.087284522850         1.022879488412         0.973741066295         0.940035617912         0.752744061844         0.000000000000
        0.858430483246         0.638990120852         0.937564043369         1.076864156517         1.120028369114         1.161093718301         1.183356760616         1.176111655071         1.177971728851         1.204096042930         1.193168168632         1.194598943181         1.217844542794         1.206553938676         1.208239807149         1.228871620641         1.217108058708         1.219408855251         1.237791174457         1.225522087113         1.228605592300         1.244987259521         1.232255234481         1.236159329205         1.250749221366         1.237635539889         1.242395081344         1.255344288861         1.241927992153         1.247545301125         1.258943267871         1.245296568226         1.251761806803         1.261663587788         1.247848195977         1.255154741916         1.263595137899         1.249699068283         1.257827420888         1.264842775903         1.250941055129         1.259868428153         1.265459456868         1.251608986156         1.261284540771         1.265436687701         1.251700301870         1.262078284774         1.264797589217         1.251243505769         1.262287858124         1.263551995401         1.250232210447         1.261884218886         1.261662231874         1.248612684651         1.260819222399         1.259062829725         1.246333947417         1.259050356147         1.255703939332         1.243337202234         1.256495745928         1.251476288625         1.239476330847         1.253011281330         1.246243070809         1.234634890146         1.248493660607         1.239869333408         1.228652500493         1.242769684623         1.232117758861         1.221265285642         1.235585265129         1.222709585768         1.212172113261         1.226641886504         1.211250814785         1.200952839362         1.215541207863         1.197239473933         1.187046108896         1.201747129315         1.179920684947         1.169527801886         1.184372103964         1.158057637087         1.146955449516         1.162139697811         1.129599041098         1.116663900193         1.133059891621         1.089392925363         1.075220944058         1.087284428886         1.022879400038         0.973740888450         0.940035537658         0.752743939839         0.000000000000
        0.858429278978         0.638987943805         0.937563369201         1.076863559797         1.120030509781         1.161096212542         1.183359172821         1.176115141913         1.177974985750         1.204099321846         1.193172351152         1.194603056539         1.217848745970         1.206559269063         1.208245129890         1.228877200576         1.217114987742         1.219416377822         1.237799892950         1.225532356771         1.228615984641         1.244998259500         1.232268093443         1.236173322113         1.250763304070         1.237650710037         1.242409189706         1.255358116765         1.241941698932         1.247558264354         1.258955420439         1.245308872587         1.251773175214         1.261674170647         1.247859113194         1.255164489412         1.263604332803         1.249708650282         1.257835752967         1.264850849139         1.250949502465         1.259875633750         1.265466690104         1.251616495167         1.261290872971         1.265443269557         1.251707105195         1.262084016481         1.264803749051         1.251249783856         1.262293273942         1.263557992800         1.250238295383         1.261889696448         1.261668372878         1.248619064856         1.260825393179         1.259070124683         1.246341597233         1.259056843900         1.255710467104         1.243343039493         1.256500817061         1.251481541330         1.239480863166         1.253014843540         1.246246877341         1.234638039843         1.248496336613         1.239872042863         1.228654617521         1.242771038807         1.232119116256         1.221265939007         1.235585074700         1.222709634899         1.212171949920         1.226641527729         1.211250710562         1.200952516006         1.215540953341         1.197239523465         1.187045925952         1.201747036133         1.179920821381         1.169527669635         1.184372061446         1.158057734541         1.146955242401         1.162139586516         1.129599037868         1.116663614281         1.133059723236         1.089392831650         1.075220546910         1.087284143728         1.022879165191         0.973740325897         0.940035222608         0.752743508105         0.000000000000
        0.858428056268         0.638985752224         0.937562879296         1.076863177254         1.120033234888         1.161099631640         1.183362566429         1.176119777656         1.177979765924         1.204104058526         1.193178174101         1.194609269522         1.217854830885         1.206566813943         1.208252993611         1.228885350227         1.217125015996         1.219428291623         1.237814363585         1.225548137605         1.228631461120         1.245013752295         1.232284013641         1.236188384692         1.250776901980         1.237664288001         1.242420849498         1.255368524404         1.241951880218         1.247567061187         1.258963258771         1.245316694752         1.251779895774         1.261680253798         1.247865259237         1.255169684085         1.263609151796         1.249713551144         1.257839840394         1.264854775293         1.250953508098         1.259878939172         1.265470011105         1.251619835176         1.261293603793         1.265446133260         1.251709964125         1.262086340768         1.264806285663         1.251252231978         1.262295311080         1.263560299294         1.250240470299         1.261891567000         1.261670505895         1.248621113681         1.260827263144         1.259072302322         1.246343370449         1.259057737836         1.255711475837         1.243343699024         1.256501231015         1.251482226977         1.239481154240         1.253014883941         1.246247096409         1.234637877578         1.248496139575         1.239871893538         1.228654086200         1.242770294576         1.232118359346         1.221264751452         1.235583564186         1.222708261943         1.212170512726         1.226640181738         1.211249524551         1.200951277865         1.215539956095         1.197238714995         1.187045060758         1.201746378133         1.179920303979         1.169527066444         1.184371628844         1.158057384204         1.146954767547         1.162139250993         1.129598766906         1.116663222528         1.133059456781         1.089392610887         1.075220176965         1.087283874235         1.022878930730         0.973739916756         0.940034996498         0.752743205364         0.000000000000
        0.858426131225         0.638982255124         0.937561695856         1.076862130321         1.120036439137         1.161103513830         1.183366383857         1.176125196283         1.177985024947         1.204109304334         1.193184743548         1.194615952348         1.217861434166         1.206575043645         1.208261398668         1.228894091823         1.217135922383         1.219440951208         1.237829369569         1.225564493647         1.228646935583         1.245029555665         1.232301336610         1.236205367718         1.250791944172         1.237679398506         1.242434424261         1.255380946790         1.241964472831         1.247578356053         1.258973736017         1.245327618420         1.251789560688         1.261689460446         1.247875033753         1.255178249769         1.263617572620         1.249722607451         1.257847792628         1.264862855718         1.250962285360         1.259886733178         1.265478180247         1.251628734089         1.261301640026         1.265454760940         1.251719407355         1.262095046789         1.264815804842         1.251262621680         1.262305171638         1.263571258830         1.250252402846         1.261903273834         1.261683697119         1.248635589880         1.260842471713         1.259090132313         1.246363033521         1.259077303560         1.255729730847         1.243357063620         1.256512796745         1.251495006926         1.239493291705         1.253024772095         1.246257318267         1.234647043171         1.248503577735         1.239879466424         1.228660661703         1.242775442073         1.232123650166         1.221269083500         1.235586714351         1.222711692068         1.212173244721         1.226642242579         1.211251906596         1.200953014236         1.215541335682         1.197240421251         1.187046158478         1.201747275629         1.179921477624         1.169527659947         1.184372143196         1.158058102236         1.146954924930         1.162139419136         1.129599087178         1.116663035840         1.133059353118         1.089392606307         1.075219681728         1.087283503126         1.022878638513         0.973739142646         0.940034546357         0.752742597135         0.000000000000
        0.862272641292         0.647135240133         0.948622354325         1.088400680224         1.135181442599         1.178820286320         1.201759140104         1.196827498782         1.200664261232         1.226664022237         1.217820584438         1.221015833744         1.243818431148         1.234659122592         1.237913350803         1.257874722724         1.248341688192         1.251985281014         1.269514170333         1.259583682409         1.263732748308         1.279142966094         1.268843202973         1.273526439881         1.287057146039         1.276433688237         1.281655513240         1.293484478799         1.282588127285         1.288344173620         1.298602013046         1.287484234305         1.293766238381         1.302549214819         1.291258713272         1.298054468224         1.305430586960         1.294012232832         1.301310539048         1.307327552111         1.295824887371         1.303612081861         1.308299527224         1.296750813977         1.305009378217         1.308379756168         1.296818776006         1.305530681157         1.307585470567         1.296045532017         1.305189954393         1.305915661979         1.294426112227         1.303981832820         1.303350221758         1.291937684065         1.301881624599         1.299849737461         1.288536315403         1.298841309646         1.295348941541         1.284149716527         1.294787617650         1.289755232846         1.278679178812         1.289619724989         1.282943394674         1.271990532240         1.283202759773         1.274748889386         1.263911539394         1.275366256422         1.264963177658         1.254218371059         1.265890271863         1.253305645183         1.242606920590         1.254475519439         1.239392717589         1.228658463071         1.240712699971         1.222688198420         1.211774015415         1.224028518679         1.202414727211         1.191068643768         1.203586109304         1.177384211098         1.165108778711         1.178098086729         1.145534241547         1.131238241050         1.145591959034         1.101673519432         1.085951917601         1.096011002753         1.030638373066         0.979537631247         0.943284103856         0.756021248694         0.000000000000
        0.862906434486         0.648514462093         0.950609365318         1.090491253605         1.138114210162         1.182352498684         1.205510949875         1.201172866409         1.205502527568         1.231613106247         1.223334826549         1.227030486754         1.249922161164         1.241357427289         1.245092344808         1.265127852517         1.256218094218         1.260310896555         1.277898255113         1.268616730374         1.273174454862         1.288621156622         1.278994888237         1.284038392014         1.297579796467         1.287650159053         1.293174847882         1.304986992724         1.294798031504         1.300789239660         1.311005002236         1.300600646086         1.307041063396         1.315759558042         1.305180145573         1.312051247442         1.319345246013         1.308627731474         1.315910165181         1.321831102509         1.311008588131         1.318683448431         1.323264929201         1.312366957097         1.320415406826         1.323675253192         1.312728412956         1.321132163516         1.323073766110         1.312101561383         1.320841873411         1.321454764321         1.310478069785         1.319536673465         1.318796412072         1.307832616439         1.317190703895         1.315057316909         1.304120562144         1.313759293181         1.310175805589         1.299276478183         1.309176932477         1.304065672073         1.293208342513         1.303351477238         1.296610006561         1.285793227441         1.296161075218         1.287655263260         1.276868432110         1.287444405914         1.276998157888         1.266218372299         1.276989825932         1.264369311853         1.253553631575         1.264513629526         1.249401162292         1.238474073830         1.249628757576         1.231580261731         1.220407911595         1.231787926230         1.210154905811         1.198497691053         1.210182435843         1.183963108799         1.171337293185         1.183551270690         1.150962051340         1.136291632193         1.149946361155         1.105956004743         1.089839943885         1.099241287736         1.033526105743         0.981890742806         0.944650936567         0.757541533242         0.000000000000
        0.862974588228         0.648662551369         0.950824236661         1.090716929416         1.138433643236         1.182735149469         1.205916877902         1.201643400315         1.206022749568         1.232144919047         1.223926768569         1.227674008940         1.250577799782         1.242076937670         1.245863530555         1.265911876053         1.257070076374         1.261213132902         1.278813995375         1.269603998159         1.274209988328         1.289671350637         1.280119392464         1.285207878748         1.298764186400         1.288910244065         1.294475061073         1.306301518294         1.296188760017         1.302214318327         1.312442635751         1.302113680633         1.308581197959         1.317309673721         1.306803476445         1.313693444472         1.320994920187         1.310347691176         1.317640301824         1.323565736552         1.312809879625         1.320485461248         1.325068447243         1.314232781706         1.322271917624         1.325530174019         1.314640441818         1.323023805190         1.324960901695         1.314039549524         1.322748181692         1.323353713222         1.312420766611         1.321436535896         1.320686271448         1.309758148768         1.319062174685         1.316916227205         1.306006742431         1.315580797043         1.311982858371         1.301101768682         1.310927559767         1.305800424123         1.294952375184         1.305012437823         1.298254365070         1.287438270686         1.297716270710         1.289193798088         1.278398804508         1.288879065115         1.278415922292         1.267619098785         1.278291013369         1.265654160349         1.254813727783         1.265672817975         1.250544947996         1.239586347339         1.250640810551         1.232578406738         1.221369369926         1.232652540089         1.211007636934         1.199310227999         1.210903923250         1.184674731964         1.172007363473         1.184138260136         1.151540279849         1.136828673146         1.150410029438         1.106406633152         1.090248634334         1.099580592504         1.033823263172         0.982134204115         0.944791131742         0.757695371704         0.000000000000
        0.862986195945         0.648687892001         0.950860638296         1.090755290917         1.138487612286         1.182799771929         1.205985921757         1.201723353717         1.206111160546         1.232235698634         1.224027749783         1.227783808000         1.250690121540         1.242200016457         1.245995694235         1.266046779912         1.257216371186         1.261368224316         1.278971859323         1.269773803352         1.274388255647         1.289852782322         1.280313202409         1.285409648453         1.298969322825         1.289127792564         1.294699848018         1.306529891134         1.296429702360         1.302461673538         1.312693371060         1.302376400406         1.308848758437         1.317579847312         1.307084884344         1.313978326110         1.321281898505         1.310645146587         1.317940060050         1.323867115692         1.313120947804         1.320797243494         1.325380996085         1.314554062599         1.322592330754         1.325850749195         1.314968792927         1.323349601702         1.325286209765         1.314371595645         1.323075938353         1.323680317402         1.312752820906         1.321762453828         1.321010268260         1.310086123400         1.319382115739         1.317233586878         1.306326782476         1.315891047855         1.312290065218         1.301410168528         1.311224682735         1.306094118944         1.295245907485         1.305293221563         1.298531283644         1.287713549737         1.297977551070         1.289451058764         1.278653214844         1.289118617272         1.278651411195         1.267850659776         1.278507072232         1.265866200837         1.255020759956         1.265864106219         1.250732495553         1.239768061439         1.250806845425         1.232741051018         1.221525646164         1.232793707162         1.211145866789         1.199441813673         1.211021285679         1.184789694269         1.172115758613         1.184233648673         1.151633588381         1.136915801321         1.150485641602         1.106479565784         1.090315431764         1.099636241522         1.033871494345         0.982174584586         0.944814462921         0.757721019940         0.000000000000
        0.862988859474         0.648693655948         0.950868733323         1.090763858500         1.138499468822         1.182813996319         1.206001196813         1.201741015304         1.206130799933         1.232255944119         1.224050288501         1.227808424109         1.250715386989         1.242227712563         1.246025562421         1.266077348454         1.257249561013         1.261403531732         1.279007891328         1.269812572828         1.274429062955         1.289894428894         1.280357717776         1.285456122673         1.299016686459         1.289178056571         1.294751938014         1.306582973267         1.296485699356         1.302519289492         1.312751942426         1.302437678566         1.308911288757         1.317643223370         1.307150806385         1.314045246203         1.321349519627         1.310715027920         1.318010366497         1.323937660017         1.313193200703         1.320869586400         1.325453422094         1.314628089061         1.322666166043         1.325924575755         1.315044010235         1.323424290479         1.325360796872         1.314447393668         1.323150858865         1.323754942173         1.312828383865         1.321836723516         1.321084122209         1.310160603312         1.319454959430         1.317305894540         1.306399457461         1.315961727226         1.312360052535         1.301480257488         1.311292462152         1.306161141727         1.295312715525         1.305357372989         1.298594543619         1.287776263316         1.298037312027         1.289509787776         1.278711098416         1.289173363355         1.278705105217         1.267903314217         1.278556442549         1.265914510059         1.255067802782         1.265907817586         1.250775211805         1.239809365319         1.250844791672         1.232778052879         1.221561131983         1.232825883596         1.211177156640         1.199471673765         1.211048099491         1.184815824736         1.172140546825         1.184255608300         1.151654998705         1.136936020130         1.150503339967         1.106496586719         1.090331313108         1.099649562942         1.033882971171         0.982184530531         0.944820256892         0.757727442286         0.000000000000
        0.862989603330         0.648695256670         0.950870952768         1.090766221371         1.138502708506         1.182817887566         1.206005395950         1.201745855341         1.206136203669         1.232261533201         1.224056502661         1.227815223807         1.250722371806         1.242235357008         1.246033829039         1.266085825945         1.257258765842         1.261413326601         1.279017912866         1.269823330448         1.274440369417         1.289905972420         1.280370056675         1.285469004604         1.299029807906         1.289191988103         1.294766375562         1.306597695079         1.296501237124         1.302535265805         1.312768220635         1.302454693070         1.308928654797         1.317660885313         1.307169218050         1.314063973340         1.321368592366         1.310734827534         1.318030410622         1.323957984515         1.313214130634         1.320890608325         1.325474552032         1.314649635904         1.322687743419         1.325946234708         1.315066015500         1.323446190976         1.325382719847         1.314469603453         1.323172824561         1.323776801508         1.312850400969         1.321858254460         1.321105559916         1.310182115759         1.319475998707         1.317326804621         1.306420434005         1.315982153743         1.312380300670         1.301500528203         1.311312078122         1.306180580096         1.295332033733         1.305375930287         1.298612866213         1.287794365353         1.298054566677         1.289526736558         1.278727729004         1.289189097392         1.278720557786         1.267918395551         1.278570602974         1.265928341060         1.255081236613         1.265920354499         1.250787450514         1.239821173700         1.250855692322         1.232788673448         1.221571333011         1.232835206582         1.211186224570         1.199480340459         1.211055899487         1.184823395760         1.172147756407         1.184262001243         1.151661206770         1.136941935705         1.150508528365         1.106501558077         1.090336047278         1.099653559200         1.033886420049         0.982187629471         0.944822075368         0.757729487558         0.000000000000
        0.862989899183         0.648695885181         0.950871788230         1.090767110649         1.138503885722         1.182819308155         1.206006929526         1.201747613089         1.206138188728         1.232263584849         1.224058783340         1.227817738350         1.250724951341         1.242238182882         1.246036905538         1.266088985400         1.257262203477         1.261417001622         1.279021669613         1.269827373587         1.274444646263         1.289910332144         1.280374734176         1.285473901381         1.299034796099         1.289197304877         1.294771911283         1.306603347821         1.296507222517         1.302541450557         1.312774558013         1.302461344607         1.308935487160         1.317667882300         1.307176549098         1.314071415952         1.321375982829         1.310742272920         1.318037825810         1.323965437072         1.313221767574         1.320898240772         1.325482195838         1.314657357479         1.322695474516         1.325953987533         1.315073875345         1.323453985458         1.325390510815         1.314477471172         1.323180588300         1.323784512350         1.312858154525         1.321865830467         1.321113082107         1.310189648767         1.319483363046         1.317334128001         1.306427758832         1.315989291823         1.312387377519         1.301507611656         1.311318932612         1.306187397432         1.295338792217         1.305382426029         1.298619305297         1.287800707614         1.298060619018         1.289532691048         1.278733535099         1.289194611971         1.278725978964         1.267923668650         1.278575596087         1.265933231527         1.255085984821         1.265924822111         1.250791818013         1.239825377490         1.250859605151         1.232792477054         1.221574991386         1.232838577161         1.211189494782         1.199483489307         1.211058760536         1.184826167054         1.172150430071         1.184264390904         1.151663535240         1.136944191776         1.150510526794         1.106503453318         1.090337889549         1.099655100658         1.033887740947         0.982188845915         0.944822797746         0.757730300973         0.000000000000
        0.862990048903         0.648696194554         0.950872152175         1.090767498127         1.138504336557         1.182819849576         1.206007519556         1.201748270100         1.206138941400         1.232264362585         1.224059636010         1.227818684214         1.250725921090         1.242239231540         1.246038050784         1.266090159879         1.257263466226         1.261418358664         1.279023051568         1.269828846684         1.274446214659         1.289911922129         1.280376427725         1.285475672584         1.299036593047         1.289199208319         1.294773894853         1.306605365735         1.296509344004         1.302543649152         1.312776818377         1.302463703295         1.308937903067         1.317670339036         1.307179115145         1.314074057586         1.321378665525         1.310745032675         1.318040602971         1.323968264655         1.313224674660         1.320901162053         1.325485137165         1.314660337328         1.322698468711         1.325956996622         1.315076924067         1.323457018949         1.325393545482         1.314480533234         1.323183629864         1.323787533502         1.312861199607         1.321868830504         1.321116055189         1.310192629506         1.319486302042         1.317337053651         1.306430689697         1.315992169526         1.312390225156         1.301510475449         1.311321720056         1.306190176304         1.295341561156         1.305385107748         1.298621978188         1.287803354665         1.298063164104         1.289535203792         1.278735997330         1.289196976644         1.278728310018         1.267925952670         1.278577792871         1.265935390189         1.255088098638         1.265926834793         1.250793782010         1.239827275717         1.250861391293         1.232794190015         1.221576644057         1.232840099249         1.211190946661         1.199484900557         1.211060047579         1.184827395931         1.172151630072         1.184265454210         1.151664554285         1.136945191851         1.150511408526         1.106504292920         1.090338727978         1.099655813187         1.033888351866         0.982189432886         0.944823145359         0.757730700553         0.000000000000
        0.862990151504         0.648696401517         0.950872367450         1.090767726818         1.138504559501         1.182820114029         1.206007811065         1.201748578751         1.206139300103         1.232264730938         1.224060033788         1.227819128133         1.250726377990         1.242239716606         1.246038580343         1.266090699062         1.257264035202         1.261418971606         1.279023671698         1.269829496195         1.274446912401         1.289912622716         1.280377163811         1.285476440661         1.299037365145         1.289200016940         1.294774734365         1.306606213980         1.296510223382         1.302544570970         1.312777785700         1.302464719293         1.308938929096         1.317671366754         1.307180183271         1.314075161319         1.321379771410         1.310746169484         1.318041727274         1.323969416260         1.313225849464         1.320902343564         1.325486320764         1.314661544408         1.322699687283         1.325958215190         1.315078161632         1.323458256552         1.325394785753         1.314481791505         1.323184893303         1.323788790157         1.312862482921         1.321870105778         1.321117311547         1.310193890318         1.319487562082         1.317338320228         1.306431969996         1.315993442892         1.312391492862         1.301511761707         1.311322988443         1.306191448953         1.295342854446         1.305386400554         1.298623298535         1.287804669974         1.298064430486         1.289536445359         1.278737205949         1.289198126689         1.278729441948         1.267927064816         1.278578862026         1.265936443301         1.255089136404         1.265927831671         1.250794757747         1.239828227558         1.250862290039         1.232795050123         1.221577474632         1.232840867733         1.211191672845         1.199485610860         1.211060705794         1.184828025374         1.172152251187         1.184266006001         1.151665078587         1.136945710731         1.150511864675         1.106504726146         1.090339166644         1.099656185601         1.033888671886         0.982189744855         0.944823330189         0.757730913655         0.000000000000
        0.862990232202         0.648696562917         0.950872527131         1.090767895663         1.138504708808         1.182820289229         1.206008004498         1.201748775735         1.206139528805         1.232264962534         1.224060285033         1.227819408837         1.250726671658         1.242240026440         1.246038916867         1.266091042148         1.257264393927         1.261419354627         1.279024058175         1.269829895621         1.274447343626         1.289913054162         1.280377612342         1.285476907229         1.299037831056         1.289200501717         1.294775235154         1.306606719650         1.296510743545         1.302545122262         1.312778372277         1.302465338772         1.308939542821         1.317671968498         1.307180800805         1.314075796093         1.321380395216         1.310746812132         1.318042358415         1.323970062180         1.313226501688         1.320902997695         1.325486971294         1.314662208915         1.322700354940         1.325958875574         1.315078832929         1.323458926216         1.325395454955         1.314482475006         1.323185582040         1.323789473913         1.312863195106         1.321870814418         1.321118000101         1.310194579600         1.319488258153         1.317339029600         1.306432697896         1.315994176036         1.312392231665         1.301512522946         1.311323751077         1.306192224052         1.295343663412         1.305387236310         1.298624164145         1.287805541870         1.298065275546         1.289537265798         1.278737996822         1.289198867692         1.278730165319         1.267927767703         1.278579527551         1.265937096062         1.255089774700         1.265928442993         1.250795354426         1.239828808464         1.250862833760         1.232795570016         1.221577975457         1.232841331304         1.211192110967         1.199486041397         1.211061110956         1.184828416402         1.172152640736         1.184266353723         1.151665408646         1.136946039244         1.150512152222         1.106505004367         1.090339453027         1.099656430044         1.033888884022         0.982189950431         0.944823452144         0.757731053672         0.000000000000
        0.862990288532         0.648696676203         0.950872642592         1.090768017919         1.138504822359         1.182820421918         1.206008149908         1.201748924606         1.206139697379         1.232265131223         1.224060472888         1.227819615765         1.250726891933         1.242240262022         1.246039169182         1.266091302131         1.257264668640         1.261419643140         1.279024349372         1.269830197882         1.274447667077         1.289913380425         1.280377952269         1.285477256757         1.299038182090         1.289200868546         1.294775612277         1.306607104281         1.296511143391         1.302545540298         1.312778808410         1.302465790596         1.308939990873         1.317672410376         1.307181251125         1.314076256924         1.321380849878         1.310747280176         1.318042819055         1.323970536033         1.313226972903         1.320903465784         1.325487436746         1.314662678097         1.322700816569         1.325959329012         1.315079286983         1.323459372011         1.325395897586         1.314482922246         1.323186027712         1.323789914676         1.312863653215         1.321871266566         1.321118435300         1.310195010095         1.319488690613         1.317339470297         1.306433149699         1.315994627531         1.312392685814         1.301512992932         1.311324218629         1.306192700506         1.295344159876         1.305387745024         1.298624690360         1.287806078919         1.298065800268         1.289537780166         1.278738494954         1.289199339339         1.278730626800         1.267928214898         1.278579953682         1.265937515375         1.255090182655         1.265928837381         1.250795739841         1.239829182045         1.250863182876         1.232795905451         1.221578296059         1.232841629648         1.211192395816         1.199486320708         1.211061376775         1.184828674625         1.172152902641         1.184266598133         1.151665648329         1.136946278290         1.150512360743         1.106505208774         1.090339658238         1.099656607872         1.033889038838         0.982190097714         0.944823540705         0.757731154242         0.000000000000
        0.862990320817         0.648696742319         0.950872717147         1.090768097565         1.138504908726         1.182820522734         1.206008259293         1.201749040611         1.206139824104         1.232265257460         1.224060617542         1.227819771346         1.250727059148         1.242240444481         1.246039361192         1.266091501850         1.257264883302         1.261419865166         1.279024573198         1.269830432989         1.274447914998         1.289913632574         1.280378217034         1.285477524967         1.299038452929         1.289201153621         1.294775903100         1.306607402113         1.296511456315         1.302545862482         1.312779141363         1.302466133021         1.308940333960         1.317672755210         1.307181606955         1.314076624947         1.321381221644         1.310747669135         1.318043208256         1.323970944882         1.313227378990         1.320903870265         1.325487840288         1.314663079410         1.322701203337         1.325959707772         1.315079658468         1.323459730321         1.325396249908         1.314483271390         1.323186369105         1.323790250268         1.312863995202         1.321871598432         1.321118755022         1.310195323354         1.319488998716         1.317339781849         1.306433464495         1.315994932708         1.312392990263         1.301513304870         1.311324520627         1.306193006528         1.295344473604         1.305388056408         1.298625011625         1.287806404146         1.298066112477         1.289538090726         1.278738796149         1.289199624728         1.278730911348         1.267928489725         1.278580216968         1.265937779828         1.255090438503         1.265929087585         1.250795987634         1.239829420532         1.250863405385         1.232796122261         1.221578499543         1.232841820139         1.211192581348         1.199486502069         1.211061551924         1.184828848543         1.172153076344         1.184266765191         1.151665813878         1.136946438433         1.150512500355         1.106505345768         1.090339791469         1.099656726201         1.033889142081         0.982190191613         0.944823598673         0.757731218776         0.000000000000
        0.862990330363         0.648696764724         0.950872759796         1.090768144349         1.138504986452         1.182820613100         1.206008355066         1.201749151350         1.206139938455         1.232265372082         1.224060753887         1.227819911806         1.250727209624         1.242240614793         1.246039535156         1.266091683904         1.257265085465         1.261420070006         1.279024781049         1.269830658096         1.274448146322         1.289913870369         1.280378473308         1.285477780852         1.299038713886         1.289201434945         1.294776186901         1.306607694602         1.296511771471         1.302546182505         1.312779476042         1.302466485318         1.308940692333         1.317673128411         1.307182005733         1.314077046032         1.321381667368         1.310748155061         1.318043711338         1.323971491900         1.313227942961         1.320904443761         1.325488416032         1.314663647479         1.322701739647         1.325960235776         1.315080165031         1.323460211162         1.325396719605         1.314483725709         1.323186803150         1.323790673016         1.312864411974         1.321871993020         1.321119136240         1.310195693687         1.319489350584         1.317340131671         1.306433809888         1.315995254157         1.312393307753         1.301513622228         1.311324814827         1.306193300804         1.295344764226         1.305388328558         1.298625290739         1.287806678729         1.298066365212         1.289538347486         1.278739041489         1.289199851639         1.278731144528         1.267928710128         1.278580424255         1.265937994769         1.255090640772         1.265929282924         1.250796186423         1.239829605654         1.250863575685         1.232796292991         1.221578651864         1.232841961372         1.211192724649         1.199486637728         1.211061684686         1.184828985544         1.172153202625         1.184266887483         1.151665936078         1.136946547680         1.150512597716         1.106505442081         1.090339877851         1.099656804916         1.033889211263         0.982190244747         0.944823632401         0.757731254871         0.000000000000
        0.862990314829         0.648696739836         0.950872773072         1.090768161983         1.138505069763         1.182820709865         1.206008455419         1.201749279453         1.206140063224         1.232265498859         1.224060909702         1.227820065222         1.250727372854         1.242240805928         1.246039724535         1.266091882817         1.257265312754         1.261420296353         1.279025013195         1.269830916363         1.274448406549         1.289914139561         1.280378769868         1.285478076301         1.299039016343         1.289201767091         1.294776521207         1.306608038170         1.296512148428         1.302546564246         1.312779877587         1.302466915415         1.308941135937         1.317673597943         1.307182514271         1.314077587396         1.321382244393         1.310748781980         1.318044355682         1.323972178847         1.313228632977         1.320905134169         1.325489097769         1.314664308418         1.322702349411         1.325960827143         1.315080723474         1.323460733080         1.325397221156         1.314484207468         1.323187253517         1.323791106854         1.312864835983         1.321872383758         1.321119514244         1.310196060594         1.319489688982         1.317340468377         1.306434138998         1.315995550745         1.312393603533         1.301513914542         1.311325076787         1.306193564084         1.295345014442         1.305388552494         1.298625522258         1.287806899538         1.298066561360         1.289538553314         1.278739232212         1.289200024179         1.278731328876         1.267928878302         1.278580580421         1.265938163051         1.255090793131         1.265929429376         1.250796340302         1.239829742791         1.250863701050         1.232796422223         1.221578760049         1.232842060844         1.211192829930         1.199486733583         1.211061781300         1.184829088666         1.172153291610         1.184266975876         1.151666025554         1.136946622163         1.150512666089         1.106505510180         1.090339933044         1.099656856405         1.033889256679         0.982190272739         0.944823650548         0.757731273115         0.000000000000
        0.862990226444         0.648696579609         0.950872715296         1.090768112408         1.138505208555         1.182820874182         1.206008622482         1.201749519623         1.206140283394         1.232265725825         1.224061199521         1.227820338746         1.250727661394         1.242241155667         1.246040062349         1.266092237093         1.257265728901         1.261420706482         1.279025436918         1.269831401217         1.274448891974         1.289914639866         1.280379334876         1.285478645347         1.299039596541         1.289202418302         1.294777181653         1.306608711399         1.296512901454         1.302547330265         1.312780679021         1.302467792128         1.308942045240         1.317674565354         1.307183570465         1.314078715141         1.321383462708         1.310750114244         1.318045744579         1.323973578597         1.313230070336         1.320906514143         1.325490454431         1.314665612778         1.322703542286         1.325961966292         1.315081802645         1.323461728348         1.325398162472         1.314485112858         1.323188081695         1.323791894261         1.312865600969         1.321873070909         1.321120176481         1.310196702181         1.319490261172         1.317341033877         1.306434684771         1.315996028014         1.312394083292         1.301514377755         1.311325477963         1.306193971972         1.295345387763         1.305388871903         1.298625855066         1.287807201966         1.298066818799         1.289538832493         1.278739476391         1.289200235258         1.278731564426         1.267929077613         1.278580757189         1.265938363938         1.255090958004         1.265929581097         1.250796510999         1.239829876610         1.250863820803         1.232796555878         1.221578853610         1.232842145420         1.211192928547         1.199486803319         1.211061854209         1.184829174078         1.172153345327         1.184267034039         1.151666089686         1.136946655161         1.150512700755         1.106505547801         1.090339941206         1.099656868714         1.033889268749         0.982190253506         0.944823640168         0.757731255431         0.000000000000
        0.862990159585         0.648696457425         0.950872668856         1.090768071223         1.138505308238         1.182820991752         1.206008740877         1.201749692427         1.206140439791         1.232265887069         1.224061406718         1.227820531486         1.250727865202         1.242241404161         1.246040299190         1.266092486602         1.257266023283         1.261420993770         1.279025735210         1.269831743180         1.274449230285         1.289914990443         1.280379731498         1.285479040708         1.299040000727         1.289202873220         1.294777636989         1.306609174957         1.296513424247         1.302547855686         1.312781234739         1.302468403861         1.308942678326         1.317675241785         1.307184319085         1.314079511393         1.321384324727         1.310751054256         1.318046689692         1.323974503505         1.313231013224         1.320907417695         1.325491341137         1.314666475875         1.322704340294         1.325962737064         1.315082546365         1.323462424189         1.325398830328         1.314485764775         1.323188686612         1.323792475159         1.312866172200         1.321873589873         1.321120680568         1.310197197928         1.319490709556         1.317341478929         1.306435120537         1.315996414057         1.312394472414         1.301514760273         1.311325812940         1.306194312200         1.295345699935         1.305389141087         1.298626132074         1.287807455333         1.298067035664         1.289539068649         1.278739683761         1.289200414854         1.278731766650         1.267929248942         1.278580909266         1.265938538734         1.255091100912         1.265929712161         1.250796660792         1.239829991920         1.250863923822         1.232796672660         1.221578932194         1.232842215601         1.211193012015         1.199486856727         1.211061910887         1.184829242435         1.172153381564         1.184267075575         1.151666137337         1.136946671113         1.150512720340         1.106505570545         1.090339933046         1.099656866286         1.033889267776         0.982190220788         0.944823621302         0.757731227522         0.000000000000
        0.862990131610         0.648696406076         0.950872649977         1.090768054623         1.138505352547         1.182821043121         1.206008792592         1.201749767373         1.206140506532         1.232265956237         1.224061495193         1.227820612002         1.250727951792         1.242241509020         1.246040397017         1.266092591320         1.257266145618         1.261421111728         1.279025858785         1.269831882082         1.274449364924         1.289915131683         1.280379888366         1.285479193997         1.299040157240         1.289203046800         1.294777805137         1.306609342755         1.296513615109         1.302548040670         1.312781436202         1.302468626111         1.308942907305         1.317675489132         1.307184599140         1.314079808916         1.321384645812         1.310751408744         1.318047035471         1.323974832657         1.313231355807         1.320907759702         1.325491681977         1.314666816440         1.322704659873         1.325963050628         1.315082857296         1.323462721806         1.325399123520         1.314486055295         1.323188961384         1.323792743029         1.312866438271         1.321873833565         1.321120920615         1.310197438618         1.319490931960         1.317341702394         1.306435344037         1.315996615777         1.312394676025         1.301514966619         1.311325997490         1.306194499697         1.295345873008         1.305389294152         1.298626285657         1.287807598928         1.298067162156         1.289539206138         1.278739807880         1.289200525469         1.278731891005         1.267929358811         1.278581010475         1.265938653584         1.255091200541         1.265929806494         1.250796765867         1.239830078541         1.250864003111         1.232796758437         1.221578996391         1.232842273261         1.211193075761         1.199486904143         1.211061960947         1.184829297795         1.172153419559         1.184267116883         1.151666180612         1.136946697555         1.150512747566         1.106505598224         1.090339944525         1.099656878765         1.033889278857         0.982190214828         0.944823618067         0.757731220744         0.000000000000
        0.862990119372         0.648696383842         0.950872644041         1.090768050110         1.138505378503         1.182821073080         1.206008823285         1.201749809829         1.206140545462         1.232265996977         1.224061545502         1.227820658789         1.250728002612         1.242241568734         1.246040453715         1.266092652422         1.257266214888         1.261421180303         1.279025930799         1.269831959899         1.274449441002         1.289915212053         1.280379974158         1.285479279058         1.299040243712         1.289203138111         1.294777892615         1.306609425896         1.296513706915         1.302548126885         1.312781530233         1.302468729013         1.308943012650         1.317675601063         1.307184725969         1.314079943817         1.321384786751         1.310751566050         1.318047189889         1.323974978831         1.313231511268         1.320907919370         1.325491843088         1.314666979825         1.322704817015         1.325963205359         1.315083015963         1.323462878582         1.325399281945         1.314486213994         1.323189112818         1.323792891604         1.312866586023         1.321873967024         1.321121053872         1.310197574916         1.319491058909         1.317341831818         1.306435476171         1.315996736286         1.312394797267         1.301515091744         1.311326111834         1.306194617472         1.295345982973         1.305389394773         1.298626385026         1.287807694172         1.298067250243         1.289539301371         1.278739897186         1.289200608412         1.278731983101         1.267929445070         1.278581093529         1.265938744720         1.255091285312         1.265929888457         1.250796853500         1.239830156011         1.250864075948         1.232796833731         1.221579059921         1.232842331395         1.211193135900         1.199486954723         1.211062013597         1.184829351216         1.172153464005         1.184267163325         1.151666226129         1.136946735469         1.150512784327         1.106505633564         1.090339973255         1.099656905054         1.033889301384         0.982190229894         0.944823627225         0.757731230376         0.000000000000
        0.862990112430         0.648696371599         0.950872643702         1.090768050953         1.138505401350         1.182821100028         1.206008851265         1.201749846739         1.206140581460         1.232266034604         1.224061590365         1.227820702876         1.250728049808         1.242241622882         1.246040507588         1.266092709548         1.257266278531         1.261421246068         1.279025999163         1.269832032843         1.274449514673         1.289915289222         1.280380055675         1.285479363255         1.299040329373         1.289203226464         1.294777979992         1.306609507000         1.296513792668         1.302548209223         1.312781614597         1.302468821466         1.308943106787         1.317675695674         1.307184829862         1.314080053676         1.321384896128         1.310751686641         1.318047310722         1.323975095076         1.313231634999         1.320908046942         1.325491971544         1.314667112719         1.322704949014         1.325963336509         1.315083154722         1.323463019915         1.325399427016         1.314486360949         1.323189254119         1.323793030158         1.312866724226         1.321874091367         1.321121178222         1.310197703304         1.319491178411         1.317341953561         1.306435601570         1.315996851544         1.312394912374         1.301515209529         1.311326221271         1.306194731242         1.295346091318         1.305389496160         1.298626485627         1.287807792305         1.298067344093         1.289539401067         1.278739993408         1.289200699895         1.278732082049         1.267929541743         1.278581187981         1.265938843411         1.255091380185         1.265929978160         1.250796944978         1.239830238597         1.250864153797         1.232796912469         1.221579130301         1.232842396689         1.211193201755         1.199487010584         1.211062069963         1.184829404849         1.172153509965         1.184267209673         1.151666268878         1.136946772699         1.150512818555         1.106505663738         1.090339998447         1.099656923446         1.033889310085         0.982190231870         0.944823621767         0.757731229640         0.000000000000
        0.862990108678         0.648696365384         0.950872647012         1.090768055272         1.138505423184         1.182821126609         1.206008879133         1.201749882154         1.206140618096         1.232266072669         1.224061634593         1.227820748653         1.250728097950         1.242241677237         1.246040564072         1.266092768311         1.257266343412         1.261421315557         1.279026070439         1.269832108808         1.274449593809         1.289915371035         1.280380142404         1.285479456088         1.299040423732         1.289203323826         1.294778079504         1.306609598826         1.296513887881         1.302548303907         1.312781707229         1.302468923225         1.308943211290         1.317675796704         1.307184938334         1.314080168331         1.321385006845         1.310751807018         1.318047433048         1.323975212901         1.313231760103         1.320908175992         1.325492099986         1.314667247808         1.322705085606         1.325963472642         1.315083301142         1.323463170998         1.325399582157         1.314486519702         1.323189408398         1.323793181405         1.312866876523         1.321874229957         1.321121316501         1.310197846856         1.319491312768         1.317342089917         1.306435742837         1.315996983143         1.312395043929         1.301515343454         1.311326347814         1.306194863130         1.295346219521         1.305389618236         1.298626608193         1.287807914110         1.298067463128         1.289539526118         1.278740117359         1.289200820220         1.278732210050         1.267929672015         1.278581316493         1.265938971246         1.255091505159         1.265930091916         1.250797055728         1.239830340213         1.250864249296         1.232797009150         1.221579220661         1.232842483188         1.211193289781         1.199487087747         1.211062146501         1.184829477456         1.172153576085         1.184267275392         1.151666330719         1.136946831931         1.150512874424         1.106505716179         1.090340050275         1.099656968964         1.033889348346         0.982190268745         0.944823644123         0.757731256102         0.000000000000
        0.862990109933         0.648696368511         0.950872655312         1.090768064294         1.138505441682         1.182821150305         1.206008904453         1.201749912226         1.206140652181         1.232266107790         1.224061673678         1.227820792295         1.250728142946         1.242241726571         1.246040618645         1.266092823766         1.257266403456         1.261421383347         1.279026138515         1.269832180585         1.274449671991         1.289915450170         1.280380226104         1.285479549871         1.299040518020         1.289203421398         1.294778183311         1.306609693525         1.296513985179         1.302548404959         1.312781802926         1.302469028000         1.308943321868         1.317675900658         1.307185048922         1.314080287282         1.321385118915         1.310751928193         1.318047558703         1.323975332120         1.313231886950         1.320908308353         1.325492229109         1.314667385219         1.322705226754         1.325963611850         1.315083452346         1.323463328550         1.325399741968         1.314486684924         1.323189571847         1.323793341122         1.312867039681         1.321874381564         1.321121466886         1.310198004328         1.319491462524         1.317342241067         1.306435900796         1.315997133533         1.312395194478         1.301515497510         1.311326496717         1.306195017669         1.295346372731         1.305389767336         1.298626758498         1.287808066706         1.298067615396         1.289539684661         1.278740278611         1.289200980423         1.278732378296         1.267929851009         1.278581494929         1.265939137188         1.255091666335         1.265930229196         1.250797181138         1.239830458248         1.250864357587         1.232797119207         1.221579325620         1.232842585965         1.211193394604         1.199487182725         1.211062241038         1.184829566658         1.172153661574         1.184267359943         1.151666409717         1.136946912790         1.150512950831         1.106505787822         1.090340126340         1.099657036074         1.033889404966         0.982190328219         0.944823679961         0.757731298775         0.000000000000
        0.862990116759         0.648696381957         0.950872668659         1.090768078035         1.138505455144         1.182821168948         1.206008925013         1.201749933991         1.206140680597         1.232266136778         1.224061703814         1.227820829786         1.250728180732         1.242241766145         1.246040666303         1.266092870828         1.257266452836         1.261421443243         1.279026196992         1.269832240985         1.274449741691         1.289915518800         1.280380298086         1.285479635150         1.299040602245         1.289203508819         1.294778280725         1.306609780959         1.296514074515         1.302548502240         1.312781892473         1.302469125422         1.308943428386         1.317675998422         1.307185152712         1.314080402036         1.321385224620         1.310752042553         1.318047680261         1.323975445095         1.313232007777         1.320908436742         1.325492351568         1.314667516788         1.322705364194         1.325963745189         1.315083598433         1.323463482577         1.325399895651         1.314486845317         1.323189733894         1.323793498530         1.312867203001         1.321874536687         1.321121619443         1.310198165790         1.319491618941         1.317342397780         1.306436066317         1.315997294619         1.312395355443         1.301515663970         1.311326660990         1.306195186878         1.295346543430         1.305389936629         1.298626928774         1.287808242935         1.298067794231         1.289539869141         1.278740470020         1.289201173829         1.278732578911         1.267930070373         1.278581716405         1.265939335637         1.255091856902         1.265930385782         1.250797319755         1.239830597154         1.250864481998         1.232797245074         1.221579448753         1.232842707257         1.211193516660         1.199487298931         1.211062356712         1.184829675254         1.172153771296         1.184267467315         1.151666509247         1.136947020619         1.150513052063         1.106505882609         1.090340232301         1.099657129158         1.033889483442         0.982190415396         0.944823732402         0.757731361911         0.000000000000
        0.863327591464         0.649410819127         0.951854436265         1.091806222493         1.139922166705         1.184517901481         1.207834846167         1.203862809644         1.208502434292         1.234707479215         1.226782541352         1.230786746553         1.253756832545         1.245561398367         1.249591319923         1.269694036146         1.261168987458         1.265534646957         1.283180023269         1.274292869161         1.279095785890         1.294591962848         1.285363903242         1.290619269555         1.304200750530         1.294666423017         1.300364357652         1.312206136259         1.302403835283         1.308525879776         1.318758947867         1.308726155869         1.315251294128         1.323973522462         1.313745228032         1.320652247933         1.327935742931         1.317544068759         1.324812481247         1.330708593298         1.320182656024         1.327792814421         1.332335452479         1.321701586893         1.329634907137         1.332842714662         1.322124624037         1.330363388004         1.332240833643         1.321459695695         1.329986982415         1.330524789577         1.319699239350         1.328498805543         1.327673656032         1.316819684533         1.325875966454         1.323649416341         1.312780183106         1.322078345573         1.318394922994         1.307520298509         1.317046374079         1.311830507783         1.300956236221         1.310697237277         1.303848559478         1.292974629329         1.302919005724         1.294305459992         1.283423860415         1.293562509008         1.283010047742         1.272100844680         1.282428825181         1.269705460561         1.258729822501         1.269249359687         1.254039562898         1.242927102652         1.253653508137         1.235515313961         1.224139581262         1.235113656242         1.213400645434         1.201529580461         1.212840670248         1.186552593104         1.173712051014         1.185595072432         1.152948428357         1.138073227377         1.151450126858         1.107403221186         1.091095138881         1.100260089480         1.034419569598         0.982571216585         0.945036692150         0.757951697969         0.000000000000
        0.863354332362         0.649468812965         0.951940265094         1.091898854807         1.140057614815         1.184681598094         1.208012746453         1.204070783723         1.208733098318         1.234947547138         1.227051408184         1.231079147372         1.254059530111         1.245894884066         1.249949276389         1.270063561994         1.261571143729         1.265961231864         1.283619114647         1.274766048461         1.279592735777         1.295102316411         1.285909292483         1.291187430093         1.304783106814         1.295284214101         1.301003592752         1.312860119028         1.303093054033         1.309234761856         1.319482661534         1.309484311258         1.316026816586         1.324763404482         1.314568169147         1.321489696210         1.328786531879         1.318425928717         1.325705416639         1.331613297270         1.321115921374         1.328733253519         1.333285617260         1.322677349290         1.330613422770         1.333828466063         1.323132596539         1.331369261795         1.333251140389         1.322488496341         1.331008452154         1.331547696870         1.320736636256         1.329523396047         1.328696665643         1.317853030540         1.326890900610         1.324659875280         1.313796705318         1.323070805303         1.319380227026         1.308507274405         1.318003671268         1.312778272244         1.301901160275         1.311607131254         1.304746964986         1.293865737333         1.303770269171         1.295143813304         1.284250608530         1.294345330153         1.283779108659         1.272854200712         1.283135044756         1.270397634106         1.259402571556         1.269872867016         1.254649386677         1.243514289324         1.254190713130         1.236039813482         1.224638899497         1.235563721335         1.213839437137         1.201941413446         1.213205587782         1.186907920889         1.174039618403         1.185879776959         1.153225170767         1.138322650735         1.151662457574         1.107607588218         1.091273047798         1.100405556885         1.034547147206         0.982668851387         0.945092551700         0.758011933909         0.000000000000
        0.863356775577         0.649474111294         0.951948085113         1.091907317400         1.140069905648         1.184696327532         1.208028842043         1.204089541059         1.208753705272         1.234969022032         1.227075301910         1.231104914826         1.254086206872         1.245924072696         1.249980421252         1.270095772194         1.261605981874         1.265998056100         1.283657127824         1.274806789191         1.279635433730         1.295146297185         1.285956032015         1.291236050100         1.304833062283         1.295336914129         1.301058061943         1.312915945228         1.303151557529         1.309294884012         1.319544118941         1.309548322967         1.316092257273         1.324830127159         1.314637273452         1.321560011733         1.328858007331         1.318499566338         1.325779992911         1.331688871807         1.321193396154         1.328811360502         1.333364534722         1.322757877799         1.330694247912         1.333909855436         1.323215269577         1.331451857532         1.333334028492         1.322572320912         1.331091808196         1.331631051651         1.320820579152         1.329606456559         1.328779427620         1.317936024286         1.326972592701         1.324740977695         1.313877693015         1.323150082354         1.319458650991         1.308585235102         1.318079516210         1.312853021358         1.301975113747         1.311678582906         1.304817132042         1.293934804705         1.303836490135         1.295208612517         1.284314032099         1.294405614860         1.283837895247         1.272911377247         1.283188864501         1.270449943004         1.259453074348         1.269919878677         1.254694936489         1.243557889607         1.254230782556         1.236078537482         1.224675574515         1.235596933944         1.213871464910         1.201971345575         1.213232239251         1.186933575704         1.174063202360         1.185900385370         1.153244972479         1.138340486295         1.151677733484         1.107622117352         1.091285712529         1.100415966906         1.034556125071         0.982675753505         0.945096499928         0.758016135991         0.000000000000
        0.863357146761         0.649474915662         0.951949261291         1.091908597705         1.140071758013         1.184698543336         1.208031297047         1.204092399946         1.208756842656         1.234972320944         1.227078965072         1.231108861275         1.254090322201         1.245928566643         1.249985214569         1.270100762958         1.261611365470         1.266003748582         1.283663036667         1.274813102069         1.279642057013         1.295153158562         1.285963299961         1.291243621765         1.304840878553         1.295345131337         1.301066565943         1.312924695781         1.303160693056         1.309304284108         1.319553758968         1.309558325685         1.316102498239         1.324840599320         1.314648090473         1.321571047209         1.328869261634         1.318511128283         1.325791728111         1.331700789966         1.321205574360         1.328823661415         1.333376972107         1.322770517984         1.330706955297         1.333922661317         1.323228230246         1.331464827034         1.333347043764         1.322585428510         1.331104864788         1.331644106905         1.320833669554         1.329619432500         1.328792349073         1.317948925774         1.326985317157         1.324753594563         1.313890233449         1.323162377774         1.319470787980         1.308597240540         1.318091219628         1.312864529055         1.301986446606         1.311689561907         1.304827885689         1.293945345381         1.303846630127         1.295218507592         1.284323679739         1.294414820722         1.283846847017         1.272920055513         1.283197070090         1.270457891444         1.259460726293         1.269927035397         1.254701844328         1.243564487568         1.254236876624         1.236084401165         1.224681119883         1.235601984834         1.213876313477         1.201975876349         1.213236301215         1.186937466726         1.174066785441         1.185903540633         1.153247987424         1.138343213263         1.151680089677         1.107624344850         1.091287668959         1.100417587671         1.034557509245         0.982676836084         0.945097123676         0.758016800435         0.000000000000
        0.863357228734         0.649475092409         0.951949518557         1.091908879524         1.140072166007         1.184699031362         1.208031843625         1.204093035848         1.208757540408         1.234973059967         1.227079784307         1.231109743587         1.254091247280         1.245929575397         1.249986290444         1.270101888616         1.261612576972         1.266005031636         1.283664376568         1.274814531690         1.279643559407         1.295154723421         1.285964954500         1.291245347319         1.304842668152         1.295347007872         1.301068508653         1.312926701549         1.303162781951         1.309306435761         1.319555972094         1.309560616434         1.316104847217         1.324843003872         1.314650560529         1.321573559746         1.328871821075         1.318513744490         1.325794381344         1.331703483184         1.321208315470         1.328826431328         1.333379775043         1.322773358086         1.330709813212         1.333925541905         1.323231137052         1.331467738934         1.333349965576         1.322588363069         1.331107790274         1.331647031374         1.320836591828         1.329622331740         1.328795233236         1.317951795698         1.326988150085         1.324756398843         1.313893011017         1.323165105472         1.319473478496         1.308599894044         1.318093810904         1.312867073233         1.301988944159         1.311691986204         1.304830256975         1.293947661311         1.303848864085         1.295220684708         1.284325795425         1.294416846502         1.283848814556         1.272921958032         1.283198876337         1.270459639345         1.259462404889         1.269928613140         1.254703365183         1.243565938006         1.254238223174         1.236085694547         1.224682341936         1.235603104736         1.213877387283         1.201976879908         1.213237207409         1.186938332679         1.174067584410         1.185904249759         1.153248663464         1.138343827391         1.151680624777         1.107624849178         1.091288115205         1.100417960330         1.034557825477         0.982677087428         0.945097269494         0.758016956075         0.000000000000
        0.863357246777         0.649475131756         0.951949578019         1.091908945273         1.140072264910         1.184699151239         1.208031979841         1.204093195150         1.208757715772         1.234973246622         1.227079991452         1.231109966820         1.254091482158         1.245929831705         1.249986564070         1.270102176623         1.261612887500         1.266005362206         1.283664723977         1.274814903033         1.279643951771         1.295155132783         1.285965386546         1.291245800989         1.304843140717         1.295347502425         1.301069020052         1.312927230249         1.303163331054         1.309307001882         1.319556555735         1.309561219081         1.316105466731         1.324843640106         1.314651215090         1.321574229748         1.328872507318         1.318514446352         1.325795096228         1.331704211844         1.321209057405         1.328827184323         1.333380539560         1.322774132583         1.330710595564         1.333926331152         1.323231933267         1.331468538792         1.333350769344         1.322589170438         1.331108597173         1.331647838973         1.320837397602         1.329623133084         1.328796031166         1.317952588907         1.326988935155         1.324757176100         1.313893779077         1.323165861602         1.319474224678         1.308600628324         1.318094529198         1.312867776885         1.301989633095         1.311692655561         1.304830911080         1.293948297666         1.303849479240         1.295221283539         1.284326375256         1.294417403423         1.283849355021         1.272922479212         1.283199372816         1.270460119753         1.259462864840         1.269929047787         1.254703783925         1.243566336759         1.254238595492         1.236086052301         1.224682679982         1.235603416976         1.213877686921         1.201977160237         1.213237462523         1.186938576213         1.174067809701         1.185904451387         1.153248855502         1.138344002691         1.151680778869         1.107624994193         1.091288244585         1.100418069243         1.034557917429         0.982677161691         0.945097312823         0.758017002427         0.000000000000
        0.863357252996         0.649475145148         0.951949597784         1.091908967106         1.140072297310         1.184699190289         1.208032024524         1.204093247192         1.208757772939         1.234973307644         1.227080058888         1.231110039397         1.254091558639         1.245929914956         1.249986652885         1.270102270324         1.261612988109         1.266005469441         1.283664837007         1.274815023473         1.279644079358         1.295155266421         1.285965527499         1.291245948864         1.304843295021         1.295347662952         1.301069185245         1.312927400630         1.303163507302         1.309307183381         1.319556742860         1.309561411473         1.316105664707         1.324843843546         1.314651424020         1.321574444163         1.328872727556         1.318514671174         1.325795325890         1.331704446001         1.321209295381         1.328827426612         1.333380785582         1.322774381347         1.330710847876         1.333926584996         1.323232189189         1.331468796269         1.333351028847         1.322589431174         1.331108858423         1.331648100436         1.320837658212         1.329623393080         1.328796290448         1.317952846656         1.326989190883         1.324757428866         1.313894028306         1.323166108262         1.319474467580         1.308600867247         1.318094762425         1.312868003953         1.301989854094         1.311692868823         1.304831118923         1.293948498682         1.303849673307         1.295221472025         1.284326556673         1.294417577717         1.283849523754         1.272922641069         1.283199527001         1.270460268715         1.259463006592         1.269929182610         1.254703913677         1.243566460458         1.254238712058         1.236086164429         1.224682785957         1.235603515895         1.213877781852         1.201977249239         1.213237544463         1.186938654050         1.174067881986         1.185904516771         1.153248917513         1.138344059791         1.151680829604         1.107625041756         1.091288287550         1.100418105700         1.034557947978         0.982677186881         0.945097327586         0.758017018256         0.000000000000
        0.863357255837         0.649475151149         0.951949606139         1.091908976284         1.140072310299         1.184699205770         1.208032042245         1.204093267696         1.208757795380         1.234973331573         1.227080085258         1.231110067722         1.254091588309         1.245929947179         1.249986687187         1.270102306561         1.261613026951         1.266005510767         1.283664880836         1.274815069835         1.279644128415         1.295155317868         1.285965581576         1.291246005331         1.304843353859         1.295347723527         1.301069247158         1.312927464383         1.303163573003         1.309307251068         1.319556813074         1.309561483265         1.316105738886         1.324843920280         1.314651502892         1.321574525655         1.328872811968         1.318514757249         1.325795414439         1.331704536430         1.321209387158         1.328827520523         1.333380880913         1.322774477126         1.330710945490         1.333926682433         1.323232286958         1.331468894501         1.333351128381         1.322589531243         1.331108958487         1.331648200573         1.320837757983         1.329623492992         1.328796390474         1.317952946184         1.326989289885         1.324757526605         1.313894124582         1.323166204238         1.319474562022         1.308600960371         1.318094853196         1.312868092142         1.301989939573         1.311692950623         1.304831198125         1.293948574701         1.303849746207         1.295221542408         1.284326623967         1.294417642201         1.283849585763         1.272922699917         1.283199582650         1.270460322132         1.259463056903         1.269929230950         1.254703959972         1.243566504777         1.254238754242         1.236086205042         1.224682824255         1.235603552069         1.213877816496         1.201977281678         1.213237574761         1.186938682553         1.174067908396         1.185904540923         1.153248940205         1.138344080771         1.151680848461         1.107625059288         1.091288303497         1.100418119307         1.034557959286         0.982677196312         0.945097333130         0.758017024190         0.000000000000
        0.863357258256         0.649475156094         0.951949611985         1.091908982493         1.140072317664         1.184699214444         1.208032052021         1.204093278759         1.208757807705         1.234973344604         1.227080099580         1.231110083341         1.254091604476         1.245929964767         1.249986706065         1.270102326381         1.261613048206         1.266005533498         1.283664904838         1.274815095378         1.279644155443         1.295155346126         1.285965611481         1.291246036485         1.304843386296         1.295347756890         1.301069281214         1.312927499516         1.303163609462         1.309307288655         1.319556852454         1.309561523596         1.316105780728         1.324843964036         1.314651548103         1.321574572765         1.328872861250         1.318514807768         1.325795466929         1.331704590240         1.321209442216         1.328827577093         1.333380938506         1.322774534373         1.330711003876         1.333926739987         1.323232343757         1.331468950853         1.333351185768         1.322589588346         1.331109014206         1.331648255865         1.320837812601         1.329623547215         1.328796444699         1.317952999735         1.326989342597         1.324757578322         1.313894175103         1.323166254899         1.319474611852         1.308601009493         1.318094900786         1.312868138423         1.301989984274         1.311692993024         1.304831239009         1.293948613824         1.303849783396         1.295221578119         1.284326658080         1.294417674962         1.283849617096         1.272922729576         1.283199610619         1.270460349157         1.259463082589         1.269929256145         1.254703983926         1.243566527695         1.254238776108         1.236086226041         1.224682844120         1.235603570867         1.213877834357         1.201977298465         1.213237590443         1.186938697203         1.174067922027         1.185904553282         1.153248951719         1.138344091427         1.151680857973         1.107625068052         1.091288311466         1.100418126022         1.034557964911         0.982677201044         0.945097335911         0.758017027178         0.000000000000
        0.863357259602         0.649475158869         0.951949615392         1.091908986098         1.140072322124         1.184699219701         1.208032057915         1.204093285504         1.208757815198         1.234973352532         1.227080108385         1.231110092925         1.254091614398         1.245929975659         1.249986717739         1.270102338616         1.261613061358         1.266005547522         1.283664919592         1.274815111259         1.279644172136         1.295155363583         1.285965630092         1.291246055760         1.304843406610         1.295347777530         1.301069302246         1.312927521090         1.303163631921         1.309307311772         1.319556876672         1.309561548423         1.316105806476         1.324843991060         1.314651576061         1.321574601979         1.328872891923         1.318514839302         1.325795499768         1.331704624022         1.321209476958         1.328827612918         1.333380975225         1.322774570816         1.330711041075         1.333926776688         1.323232379786         1.331468986604         1.333351221575         1.322589623348         1.331109047464         1.331648288708         1.320837844704         1.329623579127         1.328796476726         1.317953031044         1.326989373317         1.324757608295         1.313894204030         1.323166284716         1.319474641181         1.308601038455         1.318094928767         1.312868165813         1.301990010588         1.311693017965         1.304831263103         1.293948636745         1.303849805157         1.295221598952         1.284326677849         1.294417694137         1.283849635338         1.272922746753         1.283199626936         1.270460364992         1.259463097777         1.269929271097         1.254703998369         1.243566541392         1.254238789163         1.236086238421         1.224682855663         1.235603581695         1.213877844601         1.201977307843         1.213237599287         1.186938705618         1.174067929807         1.185904560328         1.153248958224         1.138344097296         1.151680863207         1.107625072815         1.091288315684         1.100418129556         1.034557967865         0.982677203436         0.945097337308         0.758017028648         0.000000000000
        0.863357259881         0.649475159532         0.951949616746         1.091908987586         1.140072324792         1.184699222892         1.208032061523         1.204093289855         1.208757819884         1.234973357542         1.227080114100         1.231110099007         1.254091620758         1.245929982767         1.249986725239         1.270102346511         1.261613069906         1.266005556496         1.283664929058         1.274815121660         1.279644182926         1.295155374956         1.285965642365         1.291246068332         1.304843420466         1.295347790994         1.301069315888         1.312927534677         1.303163645980         1.309307326216         1.319556891577         1.309561563757         1.316105822294         1.324844007570         1.314651593172         1.321574619813         1.328872910574         1.318514858543         1.325795519639         1.331704644520         1.321209498168         1.328827634801         1.333380997842         1.322774593399         1.330711064067         1.333926799721         1.323232402339         1.331469008650         1.333351243095         1.322589644107         1.331109066932         1.331648308010         1.320837863511         1.329623597991         1.328796495840         1.317953049718         1.326989391817         1.324757626574         1.313894221697         1.323166303073         1.319474659185         1.308601056309         1.318094945987         1.312868182902         1.301990026825         1.311693033342         1.304831278143         1.293948650825         1.303849818478         1.295221611758         1.284326689734         1.294417705726         1.283849646388         1.272922756974         1.283199636737         1.270460374615         1.259463106906         1.269929280146         1.254704007235         1.243566549623         1.254238797066         1.236086245908         1.224682862382         1.235603587930         1.213877850530         1.201977312827         1.213237604113         1.186938710646         1.174067934389         1.185904564544         1.153248962049         1.138344100519         1.151680866086         1.107625075372         1.091288317785         1.100418131331         1.034557969304         0.982677204447         0.945097337883         0.758017029210         0.000000000000
        0.863357259612         0.649475159106         0.951949617013         1.091908987950         1.140072326463         1.184699224953         1.208032063881         1.204093292884         1.208757823053         1.234973360966         1.227080118127         1.231110103208         1.254091625198         1.245929987840         1.249986730524         1.270102352095         1.261613076026         1.266005562843         1.283664935772         1.274815129227         1.279644190716         1.295155383238         1.285965651424         1.291246077584         1.304843431014         1.295347800956         1.301069326004         1.312927544519         1.303163656135         1.309307336631         1.319556902135         1.309561574667         1.316105833423         1.324844019137         1.314651605107         1.321574632236         1.328872923397         1.318514871750         1.325795533074         1.331704658441         1.321209512698         1.328827649793         1.333381013475         1.322774609200         1.330711080173         1.333926816218         1.323232418210         1.331469023630         1.333351257083         1.322589657397         1.331109079458         1.331648320435         1.320837875551         1.329623610085         1.328796508005         1.317953061635         1.326989403763         1.324757638624         1.313894233513         1.323166315009         1.319474670760         1.308601067792         1.318094957033         1.312868193964         1.301990037193         1.311693043069         1.304831287799         1.293948659675         1.303849826715         1.295221619685         1.284326696827         1.294417712600         1.283849652941         1.272922762860         1.283199642434         1.270460380287         1.259463112196         1.269929285474         1.254704012536         1.243566554450         1.254238801775         1.236086250408         1.224682866266         1.235603591476         1.213877853919         1.201977315355         1.213237606622         1.186938713589         1.174067937011         1.185904567068         1.153248964324         1.138344102322         1.151680867719         1.107625076811         1.091288318836         1.100418132228         1.034557970007         0.982677204779         0.945097338054         0.758017029328         0.000000000000
        0.863357258974         0.649475157944         0.951949616526         1.091908987535         1.140072327429         1.184699226238         1.208032065388         1.204093295007         1.208757825206         1.234973363325         1.227080121009         1.231110106166         1.254091628368         1.245929991559         1.249986734367         1.270102356180         1.261613080565         1.266005567541         1.283664940777         1.274815134983         1.279644196631         1.295155389527         1.285965658319         1.291246084675         1.304843439043         1.295347808664         1.301069333964         1.312927552317         1.303163664261         1.309307344908         1.319556910421         1.309561583212         1.316105841881         1.324844027995         1.314651614068         1.321574641518         1.328872932591         1.318514880986         1.325795542165         1.331704667852         1.321209522540         1.328827659924         1.333381024129         1.322774620105         1.330711091341         1.333926827888         1.323232429235         1.331469033724         1.333351266123         1.322589665823         1.331109087539         1.331648328536         1.320837883384         1.329623618021         1.328796515745         1.317953069240         1.326989411469         1.324757646521         1.313894241392         1.323166322730         1.319474678056         1.308601075041         1.318094963951         1.312868200921         1.301990043580         1.311693048917         1.304831293704         1.293948664872         1.303849831360         1.295221624110         1.284326700454         1.294417716032         1.283849656181         1.272922765517         1.283199645044         1.270460382979         1.259463114552         1.269929287973         1.254704015112         1.243566556660         1.254238804020         1.236086252632         1.224682868012         1.235603593084         1.213877855473         1.201977316256         1.213237607597         1.186938714849         1.174067937925         1.185904568065         1.153248965240         1.138344102850         1.151680868266         1.107625077305         1.091288318950         1.100418132355         1.034557970080         0.982677204470         0.945097337852         0.758017029015         0.000000000000
        0.863357258084         0.649475156281         0.951949615522         1.091908986590         1.140072327928         1.184699227037         1.208032066368         1.204093296576         1.208757826760         1.234973365056         1.227080123218         1.231110108417         1.254091630827         1.245929994520         1.249986737433         1.270102359469         1.261613084271         1.266005571409         1.283664944943         1.274815139839         1.279644201638         1.295155394789         1.285965664043         1.291246090636         1.304843445648         1.295347815237         1.301069340951         1.312927559256         1.303163671589         1.309307352326         1.319556917790         1.309561590799         1.316105849153         1.324844035622         1.314651621594         1.321574649271         1.328872939833         1.318514887998         1.325795548739         1.331704674548         1.321209529460         1.328827666916         1.333381031470         1.322774627642         1.330711099036         1.333926835990         1.323232436843         1.331469040641         1.333351272297         1.322589671570         1.331109093137         1.331648334293         1.320837889032         1.329623623822         1.328796521123         1.317953074540         1.326989416793         1.324757651969         1.313894246900         1.323166327973         1.319474682788         1.308601079765         1.318094968373         1.312868205339         1.301990047518         1.311693052367         1.304831297246         1.293948667777         1.303849833742         1.295221626279         1.284326701841         1.294417717233         1.283849657239         1.272922766043         1.283199645612         1.270460383682         1.259463114945         1.269929288565         1.254704015831         1.243566557068         1.254238804546         1.236086253244         1.224682868241         1.235603593340         1.213877855756         1.201977316058         1.213237607548         1.186938714978         1.174067937676         1.185904567983         1.153248965175         1.138344102418         1.151680867975         1.107625077043         1.091288318307         1.100418131854         1.034557969632         0.982677203651         0.945097337357         0.758017028361         0.000000000000
        0.863357257111         0.649475154440         0.951949614263         1.091908985373         1.140072328061         1.184699227427         1.208032066907         1.204093297632         1.208757827771         1.234973366219         1.227080124782         1.231110109997         1.254091632602         1.245929996727         1.249986739720         1.270102361957         1.261613087119         1.266005574407         1.283664948225         1.274815143714         1.279644205639         1.295155398935         1.285965668495         1.291246095318         1.304843450791         1.295347820458         1.301069346668         1.312927564937         1.303163677632         1.309307358437         1.319556923879         1.309561597060         1.316105855128         1.324844041826         1.314651627599         1.321574655538         1.328872945611         1.318514893539         1.325795553818         1.331704679702         1.321209534735         1.328827672137         1.333381036943         1.322774633245         1.330711104709         1.333926841947         1.323232442490         1.331469045860         1.333351277109         1.322589676163         1.331109097636         1.331648338968         1.320837893710         1.329623628610         1.328796525410         1.317953078716         1.326989420840         1.324757656022         1.313894251007         1.323166331771         1.319474686052         1.308601083051         1.318094971394         1.312868208291         1.301990050086         1.311693054518         1.304831299476         1.293948669468         1.303849834949         1.295221627230         1.284326702061         1.294417717287         1.283849657132         1.272922765491         1.283199645158         1.270460383362         1.259463114383         1.269929288217         1.254704015597         1.243566556585         1.254238804195         1.236086253017         1.224682867714         1.235603592925         1.213877855387         1.201977315350         1.213237606993         1.186938714586         1.174067936921         1.185904567427         1.153248964655         1.138344101574         1.151680867297         1.107625076413         1.091288317334         1.100418131057         1.034557968941         0.982677202633         0.945097336746         0.758017027581         0.000000000000
        0.863357256187         0.649475152680         0.951949612979         1.091908984111         1.140072327954         1.184699227518         1.208032067112         1.204093298260         1.208757828334         1.234973366898         1.227080125775         1.231110110977         1.254091633746         1.245929998224         1.249986741257         1.270102363664         1.261613089115         1.266005576516         1.283664950591         1.274815146547         1.279644208555         1.295155401920         1.285965671636         1.291246098637         1.304843454449         1.295347824193         1.301069350854         1.312927569087         1.303163682060         1.309307362920         1.319556928379         1.309561601675         1.316105859555         1.324844046401         1.314651631983         1.321574660189         1.328872949968         1.318514897759         1.325795557682         1.331704683671         1.321209538793         1.328827676116         1.333381041133         1.322774637538         1.330711109026         1.333926846473         1.323232446842         1.331469049960         1.333351281028         1.322589680013         1.331109101394         1.331648342842         1.320837897633         1.329623632526         1.328796528881         1.317953082005         1.326989423890         1.324757658996         1.313894254002         1.323166334453         1.319474688279         1.308601085316         1.318094973460         1.312868210264         1.301990051761         1.311693055873         1.304831300919         1.293948670480         1.303849835532         1.295221627527         1.284326701693         1.294417716788         1.283849656446         1.272922764452         1.283199644268         1.270460382606         1.259463113476         1.269929287533         1.254704015000         1.243566555812         1.254238803540         1.236086252497         1.224682866971         1.235603592332         1.213877854833         1.201977314563         1.213237606332         1.186938714099         1.174067936106         1.185904566807         1.153248964062         1.138344100703         1.151680866567         1.107625075723         1.091288316350         1.100418130233         1.034557968234         0.982677201650         0.945097336155         0.758017026836         0.000000000000
        0.863372672663         0.649507573250         0.951993326624         1.091955717894         1.140135398662         1.184774800393         1.208114636301         1.204189223025         1.208865768061         1.235086914021         1.227207340611         1.231249866017         1.254236964865         1.246089918134         1.250159078747         1.270280198298         1.261806141410         1.266210429327         1.283875133436         1.275040844222         1.279880740338         1.295396979790         1.286222689706         1.291512715176         1.305114701747         1.295634091809         1.301363753250         1.313226022947         1.303476427634         1.309626585855         1.319879483318         1.309897456417         1.316446381907         1.325187057311         1.315006741609         1.321932505429         1.329232365473         1.318885025560         1.326166417680         1.332076146944         1.321590198331         1.329207010034         1.333759945944         1.323161100484         1.331094172904         1.334308443416         1.323619875095         1.331851043210         1.333730792637         1.322973256784         1.331485279620         1.332021089494         1.321212942141         1.329989430602         1.329158020134         1.318315129521         1.327340522387         1.325103685828         1.314239165851         1.323498768705         1.319801410837         1.308925125089         1.318405237340         1.313172281163         1.302289982176         1.311978156363         1.305109894277         1.294221811235         1.304107378282         1.295472549895         1.284571032884         1.294646008682         1.284071406882         1.273136991678         1.283397738733         1.270652204020         1.259646693073         1.270096999741         1.254865895571         1.243719711952         1.254376752226         1.236218963640         1.224806641305         1.235713200600         1.213982963567         1.202073560247         1.213321114204         1.187018570616         1.174139308969         1.185965025126         1.153306647392         1.138394013578         1.151722060883         1.107664149353         1.091320470198         1.100443606756         1.034580270744         0.982692589583         0.945105912117         0.758025847100         0.000000000000
        0.863376263998         0.649515355514         0.952004635595         1.091967937788         1.140152993986         1.184795961455         1.208137769726         1.204216018602         1.208895330867         1.235117643145         1.227241397867         1.231286615143         1.254274744715         1.246131097671         1.250202858596         1.270325021816         1.261854456391         1.266261234387         1.283926990480         1.275096234491         1.279938459955         1.295455749015         1.286285004764         1.291577152023         1.305180183116         1.295703079228         1.301434621962         1.313297913544         1.303551728631         1.309703492175         1.319957366909         1.309978597669         1.316528823999         1.325270398812         1.315093122545         1.322019854257         1.329320490162         1.318975919713         1.326257907678         1.332168249413         1.321684746043         1.329301748342         1.333855092260         1.323258322026         1.331191149054         1.334405592330         1.323718694190         1.331949162458         1.333828822838         1.323072525030         1.331583379018         1.332118824565         1.321311472016         1.330086323531         1.329254273545         1.318411732761         1.327435034524         1.325197290677         1.314332684978         1.323589763408         1.319891252578         1.309014463747         1.318491646139         1.313257326447         1.302374135813         1.312059021326         1.305189228828         1.294299900103         1.304181867841         1.295545395447         1.284642326746         1.294713455561         1.284137153742         1.273200923620         1.283457652456         1.270710428090         1.259702888795         1.270149093019         1.254916372444         1.243767998951         1.254420949190         1.236261674557         1.224847060365         1.235749650266         1.214018104264         1.202106369398         1.213350189909         1.187046542668         1.174164984675         1.185987321957         1.153328053089         1.138413235525         1.151738384139         1.107679678235         1.091333946020         1.100454586400         1.034589803763         0.982699883086         0.945110065564         0.758030293743         0.000000000000
        0.863376820968         0.649516567733         0.952006429977         1.091969899220         1.140155875261         1.184799420812         1.208141570251         1.204220429195         1.208900153483         1.235122656944         1.227246929813         1.231292528995         1.254280823099         1.246137678594         1.250209805935         1.270332135166         1.261862073737         1.266269205399         1.283935131694         1.275104880374         1.279947438007         1.295464895286         1.286294651424         1.291587100490         1.305190296667         1.295713681506         1.301445489277         1.313308939652         1.303563223423         1.309715210347         1.319969233340         1.309990904570         1.316541308707         1.325283015534         1.315106143204         1.322033003715         1.329333749469         1.318989539697         1.326271603254         1.332182027220         1.321698834489         1.329315854791         1.333869247063         1.323272731955         1.331205516860         1.334419970690         1.323733267530         1.331963630031         1.333843259786         1.323087094192         1.331597778363         1.332133150766         1.321325867015         1.330100484841         1.329268318842         1.318425784190         1.327448789850         1.325210889519         1.314346230624         1.323602954830         1.319904251219         1.309027353606         1.318504128972         1.313269586451         1.302386236501         1.312070668293         1.305200629587         1.294311096933         1.304192571439         1.295555837669         1.284652528491         1.294723132586         1.284146562712         1.273210063185         1.283466246284         1.270718757511         1.259710927759         1.270156576893         1.254923605494         1.243774928487         1.254427326846         1.236267823836         1.224852901659         1.235754956186         1.214023210695         1.202111171700         1.213354487211         1.187050672117         1.174168822447         1.185990698471         1.153331291381         1.138416202703         1.151740945683         1.107682107630         1.091336118025         1.100456380653         1.034591340815         0.982701117871         0.945110768779         0.758031054393         0.000000000000
        0.863376933750         0.649516811732         0.952006785798         1.091970288354         1.140156443457         1.184800101028         1.208142322678         1.204221306132         1.208901110876         1.235123657155         1.227248035456         1.231293708598         1.254282041111         1.246138997672         1.250211197449         1.270333567861         1.261863606975         1.266270811112         1.283936780972         1.275106630503         1.279949258201         1.295466759581         1.286296615805         1.291589130188         1.305192370240         1.295715852828         1.301447719626         1.313311212373         1.303565589589         1.309717627694         1.319971690147         1.309993448535         1.316543894930         1.325285636785         1.315108843343         1.322035736134         1.329336510958         1.318992370466         1.326274455235         1.332184901140         1.321701766808         1.329318796414         1.333872202217         1.323275733516         1.331208514986         1.334422973001         1.323736303524         1.331966649468         1.333846273281         1.323090128245         1.331600782256         1.332136138733         1.321328862294         1.330103436755         1.329271244832         1.318428704645         1.327451654094         1.325213718529         1.314349041774         1.323605697505         1.319906950332         1.309030023712         1.318506719748         1.313272126526         1.302388737573         1.312073080420         1.305202985611         1.294313405456         1.304194783208         1.295557989614         1.284654626405         1.294725127517         1.284148496245         1.273211937950         1.283468013912         1.270720464432         1.259712573074         1.270158113288         1.254925083978         1.243776344168         1.254428634347         1.236269078288         1.224854094144         1.235756043844         1.214024251692         1.202112153341         1.213355369809         1.187051515235         1.174169610651         1.185991395760         1.153331955978         1.138416817800         1.151741479622         1.107682610194         1.091336573750         1.100456758160         1.034591660440         0.982701380711         0.945110918370         0.758031216120         0.000000000000
        0.863376962594         0.649516873610         0.952006874675         1.091970385611         1.140156583763         1.184800268219         1.208142509225         1.204221524044         1.208901348754         1.235123907457         1.227248312531         1.231294004101         1.254282348099         1.246139330267         1.250211548466         1.270333931494         1.261863996065         1.266271219175         1.283937202699         1.275107077786         1.279949724276         1.295467239636         1.286297121297         1.291589653623         1.305192907805         1.295716415252         1.301448298723         1.313311805258         1.303566206234         1.309718259258         1.319972334643         1.309994115025         1.316544574210         1.325286327572         1.315109553898         1.322036456912         1.329337241428         1.318993117999         1.326275210063         1.332185663390         1.321702543208         1.329319576849         1.333872987557         1.323276529532         1.331209311766         1.334423771786         1.323737109631         1.331967452733         1.333847075545         1.323090934229         1.331601581777         1.332136934245         1.321329657842         1.330104222214         1.329272023254         1.318429479730         1.327452415661         1.325214470296         1.314349786915         1.323606425930         1.319907666481         1.309030730228         1.318507406600         1.313272799014         1.302389397899         1.312073718463         1.305203607576         1.294314013253         1.304195366781         1.295558555978         1.284655177037         1.294725652362         1.284149003379         1.273212428403         1.283468477511         1.270720910514         1.259713002057         1.270158514961         1.254925468776         1.243776711918         1.254428975052         1.236269403498         1.224854402950         1.235756326429         1.214024520616         1.202112406973         1.213355598687         1.187051732503         1.174169814185         1.185991576530         1.153332127134         1.138416976888         1.151741618152         1.107682739676         1.091336691896         1.100456856151         1.034591742796         0.982701449401         0.945110957615         0.758031258682         0.000000000000
        0.863376971402         0.649516892421         0.952006901560         1.091970415303         1.140156626424         1.184800319037         1.208142566513         1.204221591011         1.208901421923         1.235123985030         1.227248398407         1.231294095725         1.254282443827         1.246139433974         1.250211658002         1.270334045574         1.261864118111         1.266271347259         1.283937335696         1.275107218735         1.279949871361         1.295467391795         1.286297281347         1.291589819643         1.305193078967         1.295716594175         1.301448483278         1.313311994849         1.303566403258         1.309718461527         1.319972541575         1.309994328889         1.316544792540         1.325286550159         1.315109782637         1.322036689365         1.329337477505         1.318993359327         1.326275454156         1.332185910357         1.321702794388         1.329319829751         1.333873242392         1.323276787411         1.331209570279         1.334424031236         1.323737370995         1.331967713579         1.333847336184         1.323091195662         1.331601841471         1.332137192707         1.321329915878         1.330104477304         1.329272276063         1.318429730939         1.327452662890         1.325214714261         1.314350028283         1.323606662217         1.319907898691         1.309030958871         1.318507629190         1.313273016769         1.302389611268         1.312073924968         1.305203808661         1.294314209326         1.304195555358         1.295558738765         1.284655354307         1.294725821677         1.284149166694         1.273212586016         1.283468626854         1.270721053914         1.259713139677         1.270158644159         1.254925592232         1.243776829679         1.254429084454         1.236269507608         1.224854501665         1.235756417063         1.214024606578         1.202112487961         1.213355672027         1.187051801852         1.174169879154         1.185991634442         1.153332181747         1.138417027688         1.151741662536         1.107682780985         1.091336729630         1.100456887529         1.034591769059         0.982701471435         0.945110970271         0.758031272400         0.000000000000
        0.863376974607         0.649516899241         0.952006911219         1.091970426024         1.140156641746         1.184800337262         1.208142587217         1.204221615181         1.208901448360         1.235124013195         1.227248429548         1.231294128955         1.254282478709         1.246139471730         1.250211697890         1.270334087281         1.261864162691         1.266271394095         1.283937384492         1.275107270403         1.279949925316         1.295467447776         1.286297340155         1.291589880756         1.305193142082         1.295716660080         1.301448551331         1.313312064911         1.303566476029         1.309718536277         1.319972618241         1.309994408036         1.316544873445         1.325286632813         1.315109867507         1.322036775730         1.329337565368         1.318993449081         1.326275545077         1.332186002472         1.321702888000         1.329319924117         1.333873337586         1.323276883577         1.331209666795         1.334424128139         1.323737468493         1.331967810949         1.333847433511         1.323091293165         1.331601938423         1.332137289217         1.321330012105         1.330104572526         1.329272370441         1.318429824581         1.327452755149         1.325214805266         1.314350118269         1.323606750352         1.319907985290         1.309031044034         1.318507712169         1.313273097888         1.302389690624         1.312074001870         1.305203883519         1.294314282190         1.304195625541         1.295558806767         1.284655420120         1.294725884665         1.284149227407         1.273212644516         1.283468682419         1.270721107226         1.259713190762         1.270158692245         1.254925638130         1.243776873400         1.254429125177         1.236269546303         1.224854538312         1.235756450817         1.214024638522         1.202112518045         1.213355699371         1.187051827663         1.174169903319         1.185991656096         1.153332202098         1.138417046611         1.151741679136         1.107682796402         1.091336743708         1.100456899278         1.034591778868         0.982701479681         0.945110975032         0.758031277557         0.000000000000
        0.863376975910         0.649516902005         0.952006915109         1.091970430357         1.140156647913         1.184800344586         1.208142595592         1.204221624940         1.208901459022         1.235124024619         1.227248442158         1.231294142413         1.254282492893         1.246139487066         1.250211714107         1.270334104295         1.261864180865         1.266271413200         1.283937404449         1.275107291510         1.279949947368         1.295467470707         1.286297364199         1.291589905734         1.305193167947         1.295716687052         1.301448579199         1.313312093637         1.303566505828         1.309718566930         1.319972649727         1.309994440513         1.316544906671         1.325286666817         1.315109902409         1.322036811285         1.329337601574         1.318993486048         1.326275582574         1.332186040509         1.321702926595         1.329319963082         1.333873376896         1.323276923245         1.331209706649         1.334424168150         1.323737508702         1.331967851116         1.333847473649         1.323091333326         1.331601978391         1.332137328996         1.321330051736         1.330104611782         1.329272409369         1.318429863154         1.327452793188         1.325214842768         1.314350155285         1.323606786682         1.319908020912         1.309031079037         1.318507746276         1.313273131226         1.302389723215         1.312074033459         1.305203914272         1.294314312069         1.304195654385         1.295558834674         1.284655447099         1.294725910536         1.284149252347         1.273212668521         1.283468705277         1.270721129151         1.259713211754         1.270158712054         1.254925657034         1.243776891399         1.254429141975         1.236269562259         1.224854553412         1.235756464763         1.214024651713         1.202112530466         1.213355710701         1.187051838357         1.174169913327         1.185991665088         1.153332210552         1.138417054471         1.151741686059         1.107682802829         1.091336749577         1.100456904195         1.034591782966         0.982701483132         0.945110977034         0.758031279724         0.000000000000
        0.863377434788         0.649517861830         0.952008196831         1.091971810512         1.140158507981         1.184802575164         1.208145052919         1.204224483668         1.208904682144         1.235127446802         1.227252289320         1.231298386190         1.254286955957         1.246144418286         1.250217056022         1.270339682756         1.261870258490         1.266277896599         1.283944133964         1.275114535450         1.279957579778         1.295475350787         1.286305760023         1.291598661704         1.305202163849         1.295726185553         1.301458399253         1.313322135552         1.303577024581         1.309729358714         1.319983636362         1.310005866733         1.316556548695         1.325298468872         1.315122097488         1.322049157668         1.329350067234         1.319006289835         1.326288467779         1.332198999120         1.321716161905         1.329333205876         1.333886643649         1.323290401085         1.331223116011         1.334437550494         1.323751033771         1.331981232237         1.333860777257         1.323104711271         1.331615138625         1.332150363556         1.321343093819         1.330117366524         1.329284994909         1.318442392436         1.327464971797         1.325226814070         1.314362011399         1.323618236959         1.319919232761         1.309042123061         1.318518338260         1.313283461573         1.302399840632         1.312083662937         1.305213268794         1.294323416428         1.304204246285         1.295567147094         1.284663480980         1.294733420044         1.284156487389         1.273219605619         1.283475119179         1.270727283067         1.259719057533         1.270164048385         1.254930756775         1.243781682252         1.254433450082         1.236273664324         1.224858353713         1.235759822053         1.214027839088         1.202115432056         1.213358220652         1.187054217709         1.174172029722         1.185993452082         1.153333905940         1.138418516640         1.151742890567         1.107683942698         1.091337684971         1.100457644985         1.034592431057         0.982701928441         0.945111225861         0.758031537352         0.000000000000
        0.863377591861         0.649518200926         0.952008678781         1.091972333585         1.140159238418         1.184803442884         1.208146009038         1.204225588288         1.208905900263         1.235128725916         1.227253703925         1.231299913368         1.254288539323         1.246146139598         1.250218885781         1.270341567570         1.261872282771         1.266280024986         1.283946316052         1.275116857007         1.279959997793         1.295477819532         1.286308365795         1.291601354083         1.305204902956         1.295729057981         1.301461346610         1.313325125496         1.303580141964         1.309732538403         1.319986853868         1.310009204129         1.316559934584         1.325301887057         1.315125625972         1.322052719809         1.329353654833         1.319009976467         1.326292172423         1.332202721428         1.321719970628         1.329337016223         1.333890463006         1.323294292623         1.331226992439         1.334441426425         1.323754966492         1.331985132650         1.333864667239         1.323108641697         1.331619019651         1.332154224018         1.321346977979         1.330121184379         1.329288781894         1.318446186163         1.327468682718         1.325230484368         1.314365671886         1.323621799027         1.319922745321         1.309045609735         1.318521712263         1.313286778288         1.302403116634         1.312086813733         1.305216355777         1.294326449201         1.304207143175         1.295569975487         1.284666243580         1.294736038445         1.284159034943         1.273222077324         1.283477441373         1.270729534152         1.259721225029         1.270166064100         1.254932703500         1.243783539828         1.254435156926         1.236275306486         1.224859903767         1.235761225912         1.214029184477         1.202116684625         1.213359335605         1.187055281819         1.174173003308         1.185994300941         1.153334712319         1.138419237643         1.151743504383         1.107684519280         1.091338181433         1.100458048652         1.034592776461         0.982702188919         0.945111373219         0.758031691188         0.000000000000
        0.863377613312         0.649518247163         0.952008747121         1.091972409042         1.140159347804         1.184803573634         1.208146155263         1.204225757934         1.208906085715         1.235128921021         1.227253918671         1.231300142544         1.254288776442         1.246146395445         1.250219155656         1.270341845230         1.261872578742         1.266280334419         1.283946633266         1.275117192532         1.279960346053         1.295478175441         1.286308739779         1.291601739791         1.305205295863         1.295729468336         1.301461767420         1.313325553005         1.303580586256         1.309732991456         1.319987312871         1.310009678870         1.316560416408         1.325302373905         1.315126127143         1.322053226185         1.329354165164         1.319010499608         1.326292698552         1.332203250535         1.321720510592         1.329337557117         1.333891005465         1.323294843946         1.331227542514         1.334441976700         1.323755523529         1.331985686209         1.333865219499         1.323109198479         1.331619570776         1.332154772204         1.321347528503         1.330121727007         1.329289320126         1.318446724630         1.327469211056         1.325231006885         1.314366192459         1.323622307496         1.319923246586         1.309046107227         1.318522195661         1.313287253248         1.302403585903         1.312087267200         1.305216799807         1.294326885966         1.304207562489         1.295570384677         1.284666643946         1.294736420149         1.284159406166         1.273222438585         1.283477782977         1.270729865239         1.259721545196         1.270166364096         1.254932993306         1.243783818014         1.254435414757         1.236275554745         1.224860140087         1.235761442333         1.214029392169         1.202116880321         1.213359512319         1.187055450943         1.174173160734         1.185994440821         1.153334845540         1.138419359808         1.151743610633         1.107684619004         1.091338270195         1.100458122187         1.034592838651         0.982702238936         0.945111401774         0.758031721575         0.000000000000
        0.863377616980         0.649518255108         0.952008758889         1.091972422099         1.140159367005         1.184803596681         1.208146181269         1.204225788413         1.208906119063         1.235128956272         1.227253957665         1.231300184047         1.254288819655         1.246146442021         1.250219204772         1.270341895924         1.261872632713         1.266280390870         1.283946691445         1.275117254003         1.279960409983         1.295478241149         1.286308808731         1.291601811090         1.305205368855         1.295729544544         1.301461845768         1.313325632873         1.303580669197         1.309733076263         1.319987399095         1.310009767933         1.316560507060         1.325302465752         1.315126221552         1.322053321719         1.329354261739         1.319010598387         1.326292798078         1.332203350784         1.321720612641         1.329337659493         1.333891108345         1.323294948246         1.331227646680         1.334442081012         1.323755628836         1.331985790979         1.333865323972         1.323109303560         1.331619674880         1.332154875756         1.321347632235         1.330121829278         1.329289421486         1.318446825720         1.327469310359         1.325231104932         1.314366289898         1.323622402671         1.319923340243         1.309046199860         1.318522285727         1.313287341539         1.302403672846         1.312087351314         1.305216881867         1.294326966420         1.304207639752         1.295570459864         1.284666717236         1.294736490056         1.284159473937         1.273222504296         1.283477845152         1.270729925262         1.259721603123         1.270166418378         1.254933045527         1.243783868095         1.254435461251         1.236275599341         1.224860182494         1.235761481193         1.214029429350         1.202116915435         1.213359544081         1.187055481266         1.174173189086         1.185994466121         1.153334869663         1.138419382043         1.151743630106         1.107684637226         1.091338286615         1.100458135860         1.034592850120         0.982702248349         0.945111407141         0.758031727342         0.000000000000
        0.863377617854         0.649518256964         0.952008761530         1.091972425012         1.140159371229         1.184803601746         1.208146187027         1.204225795199         1.208906126499         1.235128964191         1.227253966461         1.231300193407         1.254288829442         1.246146452584         1.250219215928         1.270341907502         1.261872645037         1.266280403785         1.283946704823         1.275117268135         1.279960424759         1.295478256388         1.286308824734         1.291601827705         1.305205385956         1.295729562400         1.301461864199         1.313325651764         1.303580688819         1.309733096457         1.319987419657         1.310009789182         1.316560528751         1.325302487817         1.315126244265         1.322053344757         1.329354285086         1.319010622272         1.326292822215         1.332203375183         1.321720637453         1.329337684446         1.333891133447         1.323294973681         1.331227672170         1.334442106527         1.323755654573         1.331985816629         1.333865349579         1.323109329299         1.331619700415         1.332154901125         1.321347657622         1.330121854321         1.329289446325         1.318446850409         1.327469334627         1.325231128909         1.314366313624         1.323622425931         1.319923363048         1.309046222377         1.318522307635         1.313287362949         1.302403693891         1.312087371645         1.305216901678         1.294326985771         1.304207658382         1.295570477939         1.284666734802         1.294736506798         1.284159490110         1.273222519932         1.283477859989         1.270729939506         1.259721616820         1.270166431264         1.254933057847         1.243783879872         1.254435472194         1.236275609793         1.224860192445         1.235761490311         1.214029438038         1.202116923622         1.213359551513         1.187055488331         1.174173195686         1.185994472030         1.153334875256         1.138419387206         1.151743634639         1.107684641437         1.091338290402         1.100458139012         1.034592852737         0.982702250489         0.945111408357         0.758031728640         0.000000000000
