        0.750906826634         0.711322285758         0.691483092009         0.677182430701         0.681418895966         0.675680340612         0.676534849066         0.677517393268         0.678653743733         0.679303112505         0.679676966598         0.679838771760         0.679903447233         0.679965439181         0.679982185464         0.680101903458         0.680087078540         0.680087508047         0.680103349385         0.680053187343         0.680246325158         0.680188692638         0.680235509141         0.680198235667         0.680151473558         0.680134020133         0.680054339379         0.680101844324         0.680009460155         0.680099452244         0.680007259905         0.680066063304         0.680049302190         0.680097914747         0.680070471733         0.680118741252         0.680141577863         0.680141852001         0.680120415616         0.680118378007         0.680097485349         0.680102890574         0.680050995979         0.680092206144         0.680089005539         0.680124176991         0.680201913865         0.680317607866         0.680276905946         0.680250556242         0.680158703107         0.680159769232         0.680065444336         0.680054303654         0.679968080579         0.680130744396         0.680210548141         0.680292158484         0.680301571920         0.680152102884         0.680065762629         0.679975110629         0.680083441935         0.680056177603         0.680134759205         0.679994036128         0.680086324175         0.679946908335         0.680093479701         0.680094498818         0.680191351528         0.680110714389         0.680038675869         0.680008715313         0.680036917784         0.679936619051         0.680072143395         0.680078994669         0.680224829459         0.680191208306         0.680230608512         0.680153474494         0.680193042305         0.680189405340         0.680208602457         0.680174904216         0.680097029360         0.680100474179         0.679886484477         0.680047470733         0.680077227181         0.679995166837         0.679635152364         0.678452135353         0.675649556477         0.668969055912         0.653116656311         0.615798261048         0.512678537942         0.000000000000
        0.752931512621         0.715763179389         0.700129137403         0.688053779467         0.683729165396         0.681976652446         0.681473873851         0.681346653749         0.681342441029         0.681358547122         0.681370761928         0.681375524910         0.681377178101         0.681379291695         0.681383025639         0.681385467407         0.681381512340         0.681379418322         0.681383691539         0.681379886654         0.681378903591         0.681378715125         0.681379880763         0.681379604214         0.681380240447         0.681377955706         0.681378450999         0.681377179412         0.681377873685         0.681376238704         0.681377410531         0.681376261075         0.681377373442         0.681378080101         0.681374912775         0.681374649340         0.681374096475         0.681374471934         0.681373040304         0.681374849943         0.681377033360         0.681373945246         0.681374079186         0.681372304304         0.681371925368         0.681371609067         0.681373276655         0.681372229928         0.681371363679         0.681372752460         0.681374740415         0.681373297885         0.681372097039         0.681373173169         0.681370971444         0.681371798751         0.681371876252         0.681371904241         0.681371480015         0.681371470317         0.681370563215         0.681369041813         0.681370124302         0.681373875127         0.681369640972         0.681369787444         0.681368862618         0.681368409153         0.681371489235         0.681373722125         0.681372466376         0.681368271507         0.681369333204         0.681372746282         0.681373600739         0.681369023377         0.681368284222         0.681369151722         0.681369226048         0.681369401797         0.681369486967         0.681372167029         0.681372626624         0.681371700888         0.681369713884         0.681370338121         0.681370844630         0.681366021385         0.681357491289         0.681332635691         0.681263243492         0.681072298189         0.680576089301         0.679338762407         0.676363806250         0.669431437735         0.653446752768         0.616069128709         0.512939486952         0.000000000000
        0.752952906552         0.715798701385         0.700184922080         0.688114882372         0.683793325489         0.682021788475         0.681505768144         0.681372999210         0.681363988350         0.681378250429         0.681391411035         0.681399386078         0.681403465864         0.681405313170         0.681405985943         0.681405891515         0.681405663091         0.681405601582         0.681405256739         0.681404748049         0.681404536676         0.681404233741         0.681403948052         0.681403653386         0.681403318397         0.681403016616         0.681402751548         0.681402461290         0.681402211323         0.681401945125         0.681401690498         0.681401398934         0.681401241236         0.681400868321         0.681400616788         0.681400408326         0.681400222381         0.681399986726         0.681399814498         0.681399705881         0.681399390058         0.681399128557         0.681398970326         0.681398769603         0.681398629618         0.681398513734         0.681398360716         0.681398162715         0.681398074821         0.681398018655         0.681397831019         0.681397617186         0.681397547100         0.681397426952         0.681397352831         0.681397272982         0.681397160559         0.681397099059         0.681397053671         0.681396979723         0.681396891592         0.681396872957         0.681397002721         0.681396896210         0.681396736639         0.681396749527         0.681396738154         0.681396868663         0.681396965919         0.681396937659         0.681396778384         0.681396812329         0.681397019716         0.681397163012         0.681397072726         0.681397030723         0.681397168467         0.681397305272         0.681397445101         0.681397576745         0.681397768210         0.681397910693         0.681397964617         0.681398023146         0.681398141556         0.681398161600         0.681397499925         0.681394908008         0.681386527834         0.681361457910         0.681290519841         0.681098882857         0.680601489149         0.679360758928         0.676376865353         0.669436819788         0.653448751961         0.616073334566         0.512941201605         0.000000000000
        0.752952234069         0.715798016779         0.700184077051         0.688114035350         0.683793740355         0.682023473669         0.681506253025         0.681373311775         0.681364290770         0.681378659547         0.681392014626         0.681400055799         0.681404118038         0.681405884483         0.681406483997         0.681406517285         0.681406337911         0.681406101553         0.681405783821         0.681405452433         0.681405149304         0.681404844705         0.681404536828         0.681404238952         0.681403934446         0.681403647295         0.681403361200         0.681403086184         0.681402810861         0.681402549986         0.681402283436         0.681402028774         0.681401786103         0.681401527533         0.681401290065         0.681401061845         0.681400843618         0.681400622259         0.681400418591         0.681400225355         0.681400007938         0.681399813643         0.681399629036         0.681399452173         0.681399283127         0.681399127787         0.681398969152         0.681398815583         0.681398681025         0.681398558779         0.681398420843         0.681398293017         0.681398188237         0.681398080352         0.681397989024         0.681397900635         0.681397817225         0.681397744297         0.681397683941         0.681397625338         0.681397573380         0.681397536735         0.681397529300         0.681397483840         0.681397460041         0.681397452464         0.681397455733         0.681397480116         0.681397507255         0.681397522501         0.681397533280         0.681397581365         0.681397652746         0.681397720033         0.681397764166         0.681397833001         0.681397925253         0.681398022689         0.681398128198         0.681398242427         0.681398376095         0.681398505629         0.681398638826         0.681398772664         0.681398888130         0.681398845980         0.681398196467         0.681395621323         0.681387222418         0.681362125911         0.681291191058         0.681099541694         0.680602088941         0.679361230136         0.676377225933         0.669436836380         0.653448738759         0.616073475177         0.512941271643         0.000000000000
        0.752951988543         0.715797715522         0.700183664809         0.688113571148         0.683793754744         0.682023893979         0.681506247298         0.681373256046         0.681364261825         0.681378660807         0.681392044403         0.681400093355         0.681404150880         0.681405903913         0.681406497512         0.681406551017         0.681406375413         0.681406111443         0.681405806307         0.681405491150         0.681405178316         0.681404869192         0.681404562787         0.681404262450         0.681403965372         0.681403675913         0.681403390791         0.681403112813         0.681402838916         0.681402572876         0.681402310297         0.681402055301         0.681401806396         0.681401561253         0.681401324110         0.681401093662         0.681400870377         0.681400651988         0.681400441934         0.681400238864         0.681400038224         0.681399846868         0.681399662230         0.681399485384         0.681399315114         0.681399153332         0.681398996940         0.681398847796         0.681398707360         0.681398575243         0.681398447213         0.681398327259         0.681398216806         0.681398112614         0.681398017477         0.681397929247         0.681397848815         0.681397776298         0.681397712588         0.681397655947         0.681397607284         0.681397567571         0.681397539230         0.681397512007         0.681397495823         0.681397488097         0.681397489823         0.681397501186         0.681397520385         0.681397545065         0.681397576401         0.681397620319         0.681397674599         0.681397735715         0.681397800736         0.681397876925         0.681397963429         0.681398058238         0.681398161641         0.681398274158         0.681398397921         0.681398529683         0.681398670756         0.681398813790         0.681398926606         0.681398877525         0.681398231800         0.681395657608         0.681387257095         0.681362156398         0.681291225503         0.681099577605         0.680602123756         0.679361257604         0.676377272777         0.669436843843         0.653448736033         0.616073548779         0.512941339820         0.000000000000
        0.752951929796         0.715797641374         0.700183564084         0.688113457098         0.683793769255         0.682024010467         0.681506243187         0.681373237422         0.681364251423         0.681378657581         0.681392046463         0.681400097095         0.681404153989         0.681405904979         0.681406497737         0.681406554074         0.681406379177         0.681406111351         0.681405808087         0.681405494720         0.681405181102         0.681404870815         0.681404564752         0.681404263943         0.681403968125         0.681403678117         0.681403393434         0.681403114677         0.681402841340         0.681402574186         0.681402312512         0.681402057118         0.681401807733         0.681401564214         0.681401327160         0.681401096472         0.681400872325         0.681400654412         0.681400443340         0.681400238956         0.681400040691         0.681399849602         0.681399665325         0.681399488196         0.681399317988         0.681399155136         0.681398999188         0.681398850525         0.681398709370         0.681398575772         0.681398449154         0.681398330165         0.681398219031         0.681398115374         0.681398019648         0.681397931567         0.681397851361         0.681397779035         0.681397714807         0.681397658450         0.681397610157         0.681397570076         0.681397538648         0.681397514358         0.681397498782         0.681397491430         0.681397492624         0.681397502310         0.681397520325         0.681397546333         0.681397580512         0.681397623743         0.681397675709         0.681397735954         0.681397804036         0.681397881058         0.681397966876         0.681398061308         0.681398164508         0.681398276823         0.681398399057         0.681398531265         0.681398673263         0.681398817667         0.681398930056         0.681398880062         0.681398234938         0.681395660837         0.681387260156         0.681362158723         0.681291228452         0.681099580819         0.680602127291         0.679361261379         0.676377283635         0.669436855070         0.653448753478         0.616073627097         0.512941424490         0.000000000000
        0.752951916195         0.715797623984         0.700183540790         0.688113430606         0.683793775089         0.682024040715         0.681506242178         0.681373232626         0.681364248761         0.681378656608         0.681392046570         0.681400097564         0.681404154389         0.681405905076         0.681406497699         0.681406554426         0.681406379649         0.681406111278         0.681405808282         0.681405495128         0.681405181455         0.681404870962         0.681404564959         0.681404264069         0.681403968450         0.681403678342         0.681403393750         0.681403114849         0.681402841626         0.681402574279         0.681402312764         0.681402057284         0.681401807859         0.681401564552         0.681401327514         0.681401096803         0.681400872519         0.681400654684         0.681400443458         0.681400238888         0.681400040960         0.681399849896         0.681399665703         0.681399488508         0.681399318332         0.681399155311         0.681398999437         0.681398850832         0.681398709584         0.681398575766         0.681398449350         0.681398330488         0.681398219267         0.681398115689         0.681398019872         0.681397931825         0.681397851636         0.681397779347         0.681397715041         0.681397658728         0.681397610481         0.681397570358         0.681397538470         0.681397514624         0.681397499097         0.681397491835         0.681397492929         0.681397502391         0.681397520229         0.681397546419         0.681397581004         0.681397624135         0.681397675779         0.681397735892         0.681397804421         0.681397881550         0.681397967283         0.681398061660         0.681398164835         0.681398277127         0.681398399129         0.681398531409         0.681398673523         0.681398818132         0.681398930456         0.681398880333         0.681398235298         0.681395661193         0.681387260470         0.681362158871         0.681291228615         0.681099580924         0.680602127481         0.679361262277         0.676377288232         0.669436867551         0.653448777303         0.616073701454         0.512941510462         0.000000000000
        0.753107288277         0.716117270102         0.700674510371         0.688678563997         0.684290394000         0.682480717343         0.681943078485         0.681795944244         0.681781616939         0.681794287732         0.681807381151         0.681815543256         0.681819768107         0.681821651351         0.681822334825         0.681822452900         0.681822319912         0.681822077139         0.681821780706         0.681821448393         0.681821092329         0.681820770919         0.681820710677         0.681821556445         0.681824550232         0.681829888752         0.681830940906         0.681834013621         0.681829471989         0.681826884471         0.681825762502         0.681825116853         0.681824634562         0.681824203611         0.681823793537         0.681823396683         0.681823011844         0.681822639212         0.681822279133         0.681821931900         0.681821597672         0.681821276487         0.681820968217         0.681820672275         0.681820387412         0.681820111730         0.681819845233         0.681819605478         0.681819487889         0.681819919949         0.681822514126         0.681836435903         0.681851094609         0.681856127416         0.681855460375         0.681855758847         0.681855838356         0.681855889489         0.681855902779         0.681855906069         0.681855910864         0.681855923632         0.681855947169         0.681855982653         0.681856030486         0.681856090849         0.681856163690         0.681856248971         0.681856346602         0.681856456471         0.681856578476         0.681856712520         0.681856858513         0.681857016330         0.681857185860         0.681857367009         0.681857559741         0.681857764042         0.681857980096         0.681858208433         0.681858450243         0.681858707696         0.681858983394         0.681859275657         0.681859557700         0.681859704217         0.681859258917         0.681856749083         0.681847787555         0.681820047836         0.681740769049         0.681524297623         0.680999159049         0.679708184555         0.676670697198         0.669623063469         0.653518514191         0.616093074472         0.512942897522         0.000000000000
        0.753108858566         0.716122171154         0.700692725095         0.688690196240         0.684300608418         0.682491692765         0.681953911384         0.681811593671         0.681799471428         0.681812919716         0.681826206199         0.681834341459         0.681838470606         0.681840282251         0.681841141173         0.681842284414         0.681845158835         0.681849907697         0.681849460156         0.681851072058         0.681845324405         0.681842927173         0.681844542679         0.681857533845         0.681871284600         0.681874457435         0.681872299516         0.681872510777         0.681872424756         0.681872138562         0.681871769962         0.681871394297         0.681871021929         0.681870659992         0.681870310052         0.681869973032         0.681869649336         0.681869339220         0.681869042838         0.681868760298         0.681868491674         0.681868237030         0.681867996447         0.681867770036         0.681867557976         0.681867360516         0.681867177818         0.681867009608         0.681866853199         0.681866704764         0.681866543971         0.681866737155         0.681866575027         0.681865990752         0.681865987667         0.681865991902         0.681865973135         0.681865948025         0.681865926682         0.681865914635         0.681865914098         0.681865925956         0.681865950488         0.681865987744         0.681866037667         0.681866100179         0.681866175174         0.681866262548         0.681866362188         0.681866473982         0.681866597815         0.681866733572         0.681866881140         0.681867040403         0.681867211250         0.681867393582         0.681867587329         0.681867792492         0.681868009232         0.681868238048         0.681868480058         0.681868737263         0.681869011900         0.681869301437         0.681869577333         0.681869710799         0.681869239549         0.681866682244         0.681857648174         0.681829835024         0.681750616209         0.681534292893         0.681012776037         0.679720378027         0.676677258286         0.669627302192         0.653519968090         0.616093055583         0.512942332559         0.000000000000
        0.753108847373         0.716122134878         0.700692924749         0.688690192295         0.684300582886         0.682491676972         0.681953785614         0.681811440818         0.681799323245         0.681812776101         0.681826064348         0.681834199047         0.681838326639         0.681840136586         0.681840995923         0.681842146269         0.681845033201         0.681849774795         0.681848968267         0.681851227154         0.681848230995         0.681858804631         0.681871706844         0.681874713453         0.681872468014         0.681872005167         0.681871833330         0.681871622805         0.681871301130         0.681870933397         0.681870551037         0.681870170310         0.681869798103         0.681869437455         0.681869089612         0.681868755128         0.681868434259         0.681868127143         0.681867833861         0.681867554465         0.681867288990         0.681867037456         0.681866799875         0.681866576249         0.681866366574         0.681866170842         0.681865989037         0.681865821134         0.681865666988         0.681865526472         0.681865397292         0.681865292646         0.681865186294         0.681865078617         0.681865005120         0.681864946039         0.681864899741         0.681864866593         0.681864846426         0.681864839219         0.681864844889         0.681864863356         0.681864894528         0.681864938310         0.681864994601         0.681865063296         0.681865144288         0.681865237471         0.681865342732         0.681865459963         0.681865589049         0.681865729879         0.681865882338         0.681866046316         0.681866221702         0.681866408401         0.681866606343         0.681866815532         0.681867036132         0.681867268642         0.681867514185         0.681867774762         0.681868052618         0.681868345217         0.681868624016         0.681868760194         0.681868291416         0.681865736324         0.681856705035         0.681828899747         0.681749716378         0.681533533157         0.681012468249         0.679720065404         0.676676952772         0.669627500311         0.653520049363         0.616093016091         0.512942149202         0.000000000000
        0.753108846599         0.716122125637         0.700692927523         0.688690188443         0.684300576118         0.682491670343         0.681953778308         0.681811432117         0.681799314678         0.681812767946         0.681826056405         0.681834191215         0.681838318953         0.681840129242         0.681840989338         0.681842141000         0.681845028305         0.681849763202         0.681848883404         0.681851103873         0.681848078815         0.681858953324         0.681871841809         0.681874099237         0.681871946546         0.681871964806         0.681871755520         0.681871489623         0.681871143509         0.681870767213         0.681870382623         0.681870001972         0.681869630703         0.681869271265         0.681868924725         0.681868591567         0.681868272025         0.681867966227         0.681867674248         0.681867396139         0.681867131931         0.681866881643         0.681866645281         0.681866422844         0.681866214318         0.681866019684         0.681865838915         0.681865671976         0.681865518825         0.681865379423         0.681865253620         0.681865141958         0.681865043306         0.681864957522         0.681864885849         0.681864827415         0.681864782176         0.681864750093         0.681864731075         0.681864725031         0.681864731863         0.681864751474         0.681864783763         0.681864828630         0.681864885970         0.681864955678         0.681865037648         0.681865131773         0.681865237941         0.681865356044         0.681865485969         0.681865627604         0.681865780836         0.681865945555         0.681866121651         0.681866309028         0.681866507619         0.681866717428         0.681866938618         0.681867171691         0.681867417770         0.681867678859         0.681867957206         0.681868250285         0.681868529565         0.681868666246         0.681868198015         0.681865643518         0.681856612860         0.681828808333         0.681749627390         0.681533457242         0.681012423344         0.679719998047         0.676676868560         0.669627499529         0.653520025405         0.616092977969         0.512942057891         0.000000000000
        0.753108846630         0.716122124638         0.700692927411         0.688690188160         0.684300575570         0.682491669824         0.681953777910         0.681811431670         0.681799314226         0.681812767521         0.681826055993         0.681834190808         0.681838318554         0.681840128865         0.681840989007         0.681842140728         0.681845027885         0.681849761637         0.681848871989         0.681851086620         0.681848056167         0.681858935772         0.681871821282         0.681874054086         0.681871905959         0.681871942657         0.681871735193         0.681871469445         0.681871124143         0.681870748299         0.681870364023         0.681869983642         0.681869612636         0.681869253460         0.681868907183         0.681868574287         0.681868255004         0.681867949461         0.681867657733         0.681867379869         0.681867115900         0.681866865845         0.681866629711         0.681866407494         0.681866199182         0.681866004755         0.681865824182         0.681865657428         0.681865504450         0.681865365200         0.681865239619         0.681865127683         0.681865029282         0.681864944307         0.681864872752         0.681864814493         0.681864769459         0.681864737570         0.681864718738         0.681864712869         0.681864719870         0.681864739643         0.681864772089         0.681864817106         0.681864874590         0.681864944437         0.681865026541         0.681865120793         0.681865227083         0.681865345303         0.681865475340         0.681865617082         0.681865770417         0.681865935233         0.681866111422         0.681866298888         0.681866497563         0.681866707452         0.681866928718         0.681867161862         0.681867408010         0.681867669164         0.681867947574         0.681868240715         0.681868520060         0.681868656813         0.681868188667         0.681865634272         0.681856603723         0.681828799279         0.681749618450         0.681533449388         0.681012417294         0.679719986754         0.676676851401         0.669627488809         0.653520004429         0.616092954345         0.512942010281         0.000000000000
        0.753108846663         0.716122124471         0.700692927383         0.688690188143         0.684300575529         0.682491669787         0.681953777885         0.681811431645         0.681799314200         0.681812767496         0.681826055969         0.681834190785         0.681838318532         0.681840128844         0.681840988990         0.681842140717         0.681845027849         0.681849761450         0.681848870521         0.681851084364         0.681848053285         0.681858932965         0.681871818588         0.681874050727         0.681871902747         0.681871939956         0.681871732592         0.681871466950         0.681871121812         0.681870746070         0.681870361862         0.681869981535         0.681869610577         0.681869251447         0.681868905215         0.681868572362         0.681868253122         0.681867947619         0.681867655931         0.681867378106         0.681867114174         0.681866864156         0.681866628056         0.681866405874         0.681866197594         0.681866003198         0.681865822655         0.681865655930         0.681865502978         0.681865363749         0.681865238189         0.681865126239         0.681865027830         0.681864942886         0.681864871336         0.681864813098         0.681864768090         0.681864736227         0.681864717419         0.681864711574         0.681864718597         0.681864738392         0.681864770858         0.681864815894         0.681864873397         0.681864943261         0.681865025382         0.681865119650         0.681865225956         0.681865344190         0.681865474241         0.681865615997         0.681865769344         0.681865934172         0.681866110373         0.681866297850         0.681866496535         0.681866706433         0.681866927708         0.681867160861         0.681867407017         0.681867668179         0.681867946597         0.681868239746         0.681868519099         0.681868655863         0.681868187731         0.681865633356         0.681856602833         0.681828798413         0.681749617600         0.681533448632         0.681012416528         0.679719984633         0.676676846891         0.669627481923         0.653519992347         0.616092941247         0.512941985287         0.000000000000
        0.753108846676         0.716122124543         0.700692927390         0.688690188137         0.684300575521         0.682491669781         0.681953777881         0.681811431643         0.681799314198         0.681812767495         0.681826055968         0.681834190783         0.681838318530         0.681840128843         0.681840988990         0.681842140717         0.681845027846         0.681849761428         0.681848870334         0.681851084072         0.681848052912         0.681858932589         0.681871818262         0.681874050403         0.681871902421         0.681871939634         0.681871732274         0.681871466645         0.681871121528         0.681870745801         0.681870361603         0.681869981285         0.681869610335         0.681869251212         0.681868904986         0.681868572140         0.681868252906         0.681867947410         0.681867655727         0.681867377907         0.681867113982         0.681866863968         0.681866627874         0.681866405696         0.681866197421         0.681866003029         0.681865822491         0.681865655769         0.681865502821         0.681865363596         0.681865238038         0.681865126087         0.681865027676         0.681864942733         0.681864871184         0.681864812948         0.681864767944         0.681864736084         0.681864717279         0.681864711437         0.681864718463         0.681864738260         0.681864770728         0.681864815767         0.681864873272         0.681864943139         0.681865025261         0.681865119531         0.681865225839         0.681865344076         0.681865474128         0.681865615885         0.681865769234         0.681865934064         0.681866110266         0.681866297744         0.681866496431         0.681866706330         0.681866927606         0.681867160760         0.681867406916         0.681867668080         0.681867946498         0.681868239648         0.681868519003         0.681868655768         0.681868187640         0.681865633272         0.681856602758         0.681828798353         0.681749617555         0.681533448603         0.681012416434         0.679719984072         0.676676845175         0.669627478106         0.653519985841         0.616092934190         0.512941972099         0.000000000000
        0.753326629482         0.716148445133         0.700705140246         0.688691328983         0.684298714059         0.682489827167         0.681952711459         0.681810946408         0.681799133494         0.681812714030         0.681826046368         0.681834192697         0.681838321750         0.681840131075         0.681840990212         0.681842141309         0.681845028108         0.681849761534         0.681848870351         0.681851084047         0.681848052866         0.681858932539         0.681871818219         0.681874050364         0.681871902380         0.681871939593         0.681871732233         0.681871466605         0.681871121491         0.681870745766         0.681870361570         0.681869981253         0.681869610304         0.681869251182         0.681868904958         0.681868572112         0.681868252879         0.681867947384         0.681867655703         0.681867377884         0.681867113959         0.681866863946         0.681866627852         0.681866405675         0.681866197401         0.681866003010         0.681865822472         0.681865655751         0.681865502803         0.681865363578         0.681865238021         0.681865126070         0.681865027659         0.681864942716         0.681864871167         0.681864812932         0.681864767928         0.681864736068         0.681864717264         0.681864711422         0.681864718449         0.681864738246         0.681864770715         0.681864815754         0.681864873259         0.681864943127         0.681865025249         0.681865119520         0.681865225828         0.681865344064         0.681865474117         0.681865615875         0.681865769224         0.681865934053         0.681866110256         0.681866297734         0.681866496421         0.681866706322         0.681866927602         0.681867160767         0.681867406958         0.681867668217         0.681867946898         0.681868240737         0.681868521840         0.681868662874         0.681868204743         0.681865672661         0.681856688783         0.681828973396         0.681749937917         0.681533927942         0.681012795663         0.679718987327         0.676670746641         0.669598817181         0.653450101184         0.616005773523         0.512842091607         0.000000000000
        0.753326534934         0.716148174742         0.700705054350         0.688691271763         0.684298641567         0.682489768639         0.681952677522         0.681810930779         0.681799127501         0.681812712218         0.681826046061         0.681834192796         0.681838321891         0.681840131173         0.681840990267         0.681842141336         0.681845028121         0.681849761539         0.681848870350         0.681851084043         0.681848052860         0.681858932532         0.681871818214         0.681874050359         0.681871902375         0.681871939587         0.681871732228         0.681871466601         0.681871121487         0.681870745762         0.681870361566         0.681869981249         0.681869610300         0.681869251179         0.681868904954         0.681868572109         0.681868252876         0.681867947381         0.681867655700         0.681867377881         0.681867113956         0.681866863943         0.681866627850         0.681866405673         0.681866197399         0.681866003008         0.681865822470         0.681865655749         0.681865502801         0.681865363576         0.681865238019         0.681865126068         0.681865027657         0.681864942715         0.681864871166         0.681864812930         0.681864767926         0.681864736066         0.681864717262         0.681864711421         0.681864718447         0.681864738245         0.681864770714         0.681864815752         0.681864873258         0.681864943125         0.681865025248         0.681865119518         0.681865225827         0.681865344063         0.681865474116         0.681865615873         0.681865769223         0.681865934052         0.681866110254         0.681866297733         0.681866496420         0.681866706321         0.681866927601         0.681867160766         0.681867406957         0.681867668217         0.681867946901         0.681868240747         0.681868521867         0.681868662947         0.681868204924         0.681865673083         0.681856689705         0.681828975255         0.681749941288         0.681533932808         0.681012799208         0.679718972968         0.676670699503         0.669598286949         0.653449126563         0.616002346021         0.512837633818         0.000000000000
        0.753326531756         0.716148161153         0.700705052098         0.688691271106         0.684298638452         0.682489765532         0.681952675649         0.681810929910         0.681799127162         0.681812712113         0.681826046041         0.681834192801         0.681838321899         0.681840131179         0.681840990270         0.681842141337         0.681845028121         0.681849761539         0.681848870350         0.681851084042         0.681848052859         0.681858932531         0.681871818213         0.681874050359         0.681871902375         0.681871939587         0.681871732227         0.681871466600         0.681871121487         0.681870745761         0.681870361566         0.681869981249         0.681869610300         0.681869251179         0.681868904954         0.681868572109         0.681868252876         0.681867947381         0.681867655699         0.681867377881         0.681867113956         0.681866863943         0.681866627850         0.681866405672         0.681866197399         0.681866003007         0.681865822470         0.681865655749         0.681865502801         0.681865363576         0.681865238019         0.681865126068         0.681865027657         0.681864942714         0.681864871165         0.681864812930         0.681864767926         0.681864736066         0.681864717262         0.681864711420         0.681864718447         0.681864738244         0.681864770713         0.681864815752         0.681864873258         0.681864943125         0.681865025248         0.681865119518         0.681865225827         0.681865344063         0.681865474116         0.681865615873         0.681865769222         0.681865934052         0.681866110254         0.681866297733         0.681866496420         0.681866706321         0.681866927600         0.681867160766         0.681867406957         0.681867668217         0.681867946900         0.681868240747         0.681868521868         0.681868662948         0.681868204930         0.681865673102         0.681856689761         0.681828975406         0.681749941673         0.681533933709         0.681012801175         0.679718976448         0.676670706278         0.669598265784         0.653449043727         0.616001887528         0.512837244387         0.000000000000
        0.753326531109         0.716148160407         0.700705052217         0.688691271243         0.684298638300         0.682489765346         0.681952675536         0.681810929858         0.681799127142         0.681812712107         0.681826046040         0.681834192801         0.681838321899         0.681840131179         0.681840990271         0.681842141337         0.681845028121         0.681849761539         0.681848870350         0.681851084042         0.681848052859         0.681858932531         0.681871818213         0.681874050359         0.681871902375         0.681871939587         0.681871732227         0.681871466600         0.681871121486         0.681870745761         0.681870361566         0.681869981248         0.681869610300         0.681869251178         0.681868904954         0.681868572109         0.681868252876         0.681867947381         0.681867655699         0.681867377881         0.681867113956         0.681866863943         0.681866627850         0.681866405673         0.681866197399         0.681866003008         0.681865822470         0.681865655748         0.681865502801         0.681865363576         0.681865238019         0.681865126068         0.681865027657         0.681864942715         0.681864871165         0.681864812930         0.681864767926         0.681864736066         0.681864717262         0.681864711420         0.681864718447         0.681864738244         0.681864770713         0.681864815752         0.681864873258         0.681864943125         0.681865025248         0.681865119518         0.681865225827         0.681865344063         0.681865474116         0.681865615873         0.681865769222         0.681865934052         0.681866110254         0.681866297733         0.681866496420         0.681866706320         0.681866927600         0.681867160766         0.681867406957         0.681867668217         0.681867946900         0.681868240747         0.681868521868         0.681868662949         0.681868204932         0.681865673108         0.681856689775         0.681828975439         0.681749941751         0.681533933878         0.681012801502         0.679718976951         0.676670706796         0.669598262876         0.653449026240         0.616001818540         0.512837180376         0.000000000000
        0.753326531569         0.716148160400         0.700705052263         0.688691271272         0.684298638294         0.682489765334         0.681952675529         0.681810929855         0.681799127141         0.681812712106         0.681826046040         0.681834192801         0.681838321899         0.681840131179         0.681840990271         0.681842141338         0.681845028121         0.681849761539         0.681848870350         0.681851084042         0.681848052859         0.681858932531         0.681871818213         0.681874050359         0.681871902375         0.681871939587         0.681871732227         0.681871466600         0.681871121486         0.681870745761         0.681870361566         0.681869981249         0.681869610300         0.681869251178         0.681868904954         0.681868572109         0.681868252876         0.681867947381         0.681867655699         0.681867377881         0.681867113956         0.681866863943         0.681866627850         0.681866405672         0.681866197399         0.681866003007         0.681865822470         0.681865655749         0.681865502801         0.681865363576         0.681865238019         0.681865126068         0.681865027657         0.681864942715         0.681864871165         0.681864812930         0.681864767926         0.681864736066         0.681864717262         0.681864711420         0.681864718447         0.681864738244         0.681864770713         0.681864815752         0.681864873258         0.681864943125         0.681865025248         0.681865119518         0.681865225826         0.681865344063         0.681865474116         0.681865615873         0.681865769222         0.681865934052         0.681866110254         0.681866297733         0.681866496420         0.681866706321         0.681866927600         0.681867160766         0.681867406957         0.681867668217         0.681867946900         0.681868240747         0.681868521868         0.681868662949         0.681868204933         0.681865673109         0.681856689778         0.681828975447         0.681749941768         0.681533933910         0.681012801558         0.679718977019         0.676670706780         0.669598262356         0.653449022252         0.616001806123         0.512837169730         0.000000000000
        0.753326531575         0.716148160475         0.700705052281         0.688691271276         0.684298638292         0.682489765333         0.681952675528         0.681810929855         0.681799127141         0.681812712106         0.681826046040         0.681834192801         0.681838321899         0.681840131179         0.681840990270         0.681842141337         0.681845028121         0.681849761539         0.681848870350         0.681851084042         0.681848052859         0.681858932531         0.681871818213         0.681874050359         0.681871902375         0.681871939587         0.681871732227         0.681871466600         0.681871121486         0.681870745761         0.681870361566         0.681869981249         0.681869610300         0.681869251178         0.681868904954         0.681868572109         0.681868252876         0.681867947381         0.681867655699         0.681867377881         0.681867113956         0.681866863943         0.681866627850         0.681866405672         0.681866197399         0.681866003008         0.681865822470         0.681865655749         0.681865502801         0.681865363576         0.681865238019         0.681865126068         0.681865027657         0.681864942714         0.681864871165         0.681864812930         0.681864767926         0.681864736066         0.681864717262         0.681864711420         0.681864718447         0.681864738244         0.681864770713         0.681864815752         0.681864873258         0.681864943125         0.681865025248         0.681865119518         0.681865225827         0.681865344063         0.681865474116         0.681865615873         0.681865769222         0.681865934052         0.681866110254         0.681866297733         0.681866496420         0.681866706320         0.681866927600         0.681867160766         0.681867406957         0.681867668217         0.681867946900         0.681868240747         0.681868521868         0.681868662949         0.681868204933         0.681865673109         0.681856689779         0.681828975449         0.681749941771         0.681533933917         0.681012801569         0.679718977030         0.676670706763         0.669598262261         0.653449021318         0.616001803731         0.512837168054         0.000000000000
        0.753326530336         0.716148160152         0.700705052205         0.688691271259         0.684298638291         0.682489765334         0.681952675530         0.681810929856         0.681799127141         0.681812712106         0.681826046040         0.681834192801         0.681838321899         0.681840131179         0.681840990271         0.681842141338         0.681845028122         0.681849761539         0.681848870350         0.681851084042         0.681848052859         0.681858932531         0.681871818213         0.681874050359         0.681871902375         0.681871939587         0.681871732227         0.681871466600         0.681871121486         0.681870745761         0.681870361566         0.681869981249         0.681869610300         0.681869251178         0.681868904954         0.681868572109         0.681868252876         0.681867947381         0.681867655699         0.681867377881         0.681867113956         0.681866863943         0.681866627850         0.681866405672         0.681866197399         0.681866003007         0.681865822470         0.681865655748         0.681865502801         0.681865363576         0.681865238019         0.681865126068         0.681865027657         0.681864942715         0.681864871165         0.681864812930         0.681864767926         0.681864736066         0.681864717262         0.681864711420         0.681864718447         0.681864738244         0.681864770713         0.681864815752         0.681864873258         0.681864943125         0.681865025248         0.681865119518         0.681865225826         0.681865344063         0.681865474116         0.681865615873         0.681865769222         0.681865934052         0.681866110254         0.681866297733         0.681866496420         0.681866706320         0.681866927600         0.681867160766         0.681867406957         0.681867668217         0.681867946900         0.681868240747         0.681868521868         0.681868662949         0.681868204933         0.681865673109         0.681856689779         0.681828975449         0.681749941772         0.681533933918         0.681012801572         0.679718977032         0.676670706758         0.669598262243         0.653449021094         0.616001803251         0.512837167811         0.000000000000
        0.753326531292         0.716148160321         0.700705052253         0.688691271272         0.684298638294         0.682489765335         0.681952675529         0.681810929855         0.681799127141         0.681812712106         0.681826046040         0.681834192801         0.681838321899         0.681840131179         0.681840990271         0.681842141338         0.681845028121         0.681849761539         0.681848870350         0.681851084042         0.681848052859         0.681858932531         0.681871818213         0.681874050359         0.681871902375         0.681871939587         0.681871732227         0.681871466600         0.681871121486         0.681870745761         0.681870361566         0.681869981249         0.681869610300         0.681869251179         0.681868904954         0.681868572109         0.681868252876         0.681867947381         0.681867655699         0.681867377881         0.681867113956         0.681866863943         0.681866627850         0.681866405672         0.681866197399         0.681866003007         0.681865822470         0.681865655748         0.681865502801         0.681865363576         0.681865238019         0.681865126068         0.681865027657         0.681864942715         0.681864871165         0.681864812930         0.681864767926         0.681864736066         0.681864717262         0.681864711420         0.681864718447         0.681864738244         0.681864770713         0.681864815752         0.681864873258         0.681864943125         0.681865025248         0.681865119518         0.681865225827         0.681865344063         0.681865474116         0.681865615873         0.681865769222         0.681865934052         0.681866110254         0.681866297733         0.681866496420         0.681866706320         0.681866927600         0.681867160766         0.681867406957         0.681867668217         0.681867946900         0.681868240747         0.681868521868         0.681868662949         0.681868204933         0.681865673109         0.681856689779         0.681828975449         0.681749941772         0.681533933919         0.681012801572         0.679718977033         0.676670706756         0.669598262239         0.653449021039         0.616001803151         0.512837167782         0.000000000000
        0.753326530916         0.716148160088         0.700705052201         0.688691271259         0.684298638292         0.682489765335         0.681952675530         0.681810929856         0.681799127141         0.681812712107         0.681826046040         0.681834192801         0.681838321899         0.681840131179         0.681840990270         0.681842141337         0.681845028121         0.681849761539         0.681848870350         0.681851084042         0.681848052859         0.681858932531         0.681871818213         0.681874050359         0.681871902375         0.681871939587         0.681871732227         0.681871466600         0.681871121486         0.681870745761         0.681870361566         0.681869981249         0.681869610300         0.681869251178         0.681868904954         0.681868572109         0.681868252876         0.681867947381         0.681867655699         0.681867377881         0.681867113956         0.681866863943         0.681866627850         0.681866405672         0.681866197399         0.681866003007         0.681865822470         0.681865655749         0.681865502801         0.681865363576         0.681865238019         0.681865126068         0.681865027657         0.681864942715         0.681864871165         0.681864812930         0.681864767926         0.681864736066         0.681864717262         0.681864711420         0.681864718447         0.681864738244         0.681864770713         0.681864815752         0.681864873258         0.681864943125         0.681865025248         0.681865119518         0.681865225827         0.681865344063         0.681865474116         0.681865615873         0.681865769222         0.681865934052         0.681866110254         0.681866297733         0.681866496420         0.681866706320         0.681866927600         0.681867160766         0.681867406957         0.681867668217         0.681867946900         0.681868240747         0.681868521868         0.681868662949         0.681868204933         0.681865673109         0.681856689779         0.681828975449         0.681749941772         0.681533933919         0.681012801572         0.679718977033         0.676670706756         0.669598262238         0.653449021026         0.616001803129         0.512837167780         0.000000000000
        0.753326531906         0.716148160573         0.700705052300         0.688691271277         0.684298638290         0.682489765331         0.681952675527         0.681810929854         0.681799127141         0.681812712106         0.681826046040         0.681834192801         0.681838321899         0.681840131179         0.681840990271         0.681842141338         0.681845028122         0.681849761539         0.681848870350         0.681851084042         0.681848052859         0.681858932531         0.681871818213         0.681874050359         0.681871902375         0.681871939587         0.681871732227         0.681871466600         0.681871121486         0.681870745761         0.681870361566         0.681869981249         0.681869610300         0.681869251179         0.681868904954         0.681868572109         0.681868252876         0.681867947381         0.681867655699         0.681867377881         0.681867113956         0.681866863943         0.681866627850         0.681866405672         0.681866197399         0.681866003008         0.681865822470         0.681865655749         0.681865502801         0.681865363576         0.681865238019         0.681865126068         0.681865027657         0.681864942715         0.681864871165         0.681864812930         0.681864767926         0.681864736066         0.681864717262         0.681864711420         0.681864718447         0.681864738244         0.681864770713         0.681864815752         0.681864873258         0.681864943125         0.681865025248         0.681865119518         0.681865225827         0.681865344063         0.681865474116         0.681865615873         0.681865769222         0.681865934052         0.681866110254         0.681866297733         0.681866496420         0.681866706320         0.681866927600         0.681867160766         0.681867406957         0.681867668217         0.681867946901         0.681868240747         0.681868521868         0.681868662949         0.681868204933         0.681865673109         0.681856689779         0.681828975449         0.681749941772         0.681533933919         0.681012801572         0.679718977033         0.676670706756         0.669598262238         0.653449021023         0.616001803124         0.512837167780         0.000000000000
        0.753326530979         0.716148160260         0.700705052235         0.688691271267         0.684298638293         0.682489765334         0.681952675530         0.681810929855         0.681799127141         0.681812712106         0.681826046040         0.681834192801         0.681838321899         0.681840131179         0.681840990271         0.681842141338         0.681845028122         0.681849761539         0.681848870350         0.681851084042         0.681848052859         0.681858932531         0.681871818213         0.681874050359         0.681871902375         0.681871939587         0.681871732227         0.681871466600         0.681871121486         0.681870745761         0.681870361566         0.681869981249         0.681869610300         0.681869251179         0.681868904954         0.681868572109         0.681868252876         0.681867947381         0.681867655699         0.681867377880         0.681867113956         0.681866863943         0.681866627850         0.681866405672         0.681866197399         0.681866003008         0.681865822470         0.681865655749         0.681865502801         0.681865363576         0.681865238019         0.681865126068         0.681865027657         0.681864942715         0.681864871165         0.681864812930         0.681864767926         0.681864736066         0.681864717262         0.681864711420         0.681864718447         0.681864738244         0.681864770713         0.681864815752         0.681864873258         0.681864943125         0.681865025248         0.681865119518         0.681865225827         0.681865344063         0.681865474116         0.681865615873         0.681865769222         0.681865934052         0.681866110254         0.681866297733         0.681866496420         0.681866706320         0.681866927600         0.681867160766         0.681867406957         0.681867668217         0.681867946900         0.681868240747         0.681868521868         0.681868662949         0.681868204933         0.681865673109         0.681856689779         0.681828975449         0.681749941772         0.681533933919         0.681012801572         0.679718977033         0.676670706756         0.669598262238         0.653449021022         0.616001803123         0.512837167781         0.000000000000
        0.753326531871         0.716148160536         0.700705052294         0.688691271277         0.684298638291         0.682489765331         0.681952675527         0.681810929854         0.681799127141         0.681812712106         0.681826046040         0.681834192801         0.681838321899         0.681840131179         0.681840990270         0.681842141337         0.681845028122         0.681849761539         0.681848870349         0.681851084042         0.681848052859         0.681858932531         0.681871818213         0.681874050359         0.681871902375         0.681871939587         0.681871732227         0.681871466600         0.681871121486         0.681870745761         0.681870361566         0.681869981249         0.681869610300         0.681869251178         0.681868904954         0.681868572109         0.681868252876         0.681867947381         0.681867655699         0.681867377880         0.681867113956         0.681866863943         0.681866627849         0.681866405672         0.681866197399         0.681866003008         0.681865822470         0.681865655749         0.681865502801         0.681865363576         0.681865238019         0.681865126068         0.681865027657         0.681864942715         0.681864871165         0.681864812930         0.681864767926         0.681864736066         0.681864717262         0.681864711421         0.681864718447         0.681864738244         0.681864770713         0.681864815752         0.681864873258         0.681864943125         0.681865025248         0.681865119518         0.681865225827         0.681865344063         0.681865474116         0.681865615873         0.681865769222         0.681865934052         0.681866110254         0.681866297733         0.681866496420         0.681866706320         0.681866927600         0.681867160766         0.681867406957         0.681867668217         0.681867946900         0.681868240747         0.681868521868         0.681868662949         0.681868204933         0.681865673109         0.681856689779         0.681828975449         0.681749941772         0.681533933919         0.681012801572         0.679718977033         0.676670706756         0.669598262238         0.653449021021         0.616001803123         0.512837167781         0.000000000000
        0.753326531098         0.716148160356         0.700705052254         0.688691271271         0.684298638292         0.682489765333         0.681952675529         0.681810929855         0.681799127141         0.681812712106         0.681826046040         0.681834192801         0.681838321899         0.681840131179         0.681840990270         0.681842141337         0.681845028121         0.681849761539         0.681848870349         0.681851084042         0.681848052859         0.681858932531         0.681871818213         0.681874050359         0.681871902375         0.681871939587         0.681871732227         0.681871466600         0.681871121486         0.681870745761         0.681870361566         0.681869981249         0.681869610300         0.681869251179         0.681868904954         0.681868572109         0.681868252876         0.681867947381         0.681867655699         0.681867377881         0.681867113956         0.681866863943         0.681866627850         0.681866405672         0.681866197399         0.681866003007         0.681865822470         0.681865655749         0.681865502801         0.681865363576         0.681865238019         0.681865126068         0.681865027657         0.681864942715         0.681864871165         0.681864812930         0.681864767926         0.681864736066         0.681864717262         0.681864711420         0.681864718447         0.681864738244         0.681864770713         0.681864815752         0.681864873258         0.681864943125         0.681865025248         0.681865119518         0.681865225827         0.681865344063         0.681865474116         0.681865615873         0.681865769222         0.681865934052         0.681866110254         0.681866297732         0.681866496420         0.681866706321         0.681866927600         0.681867160766         0.681867406957         0.681867668217         0.681867946900         0.681868240747         0.681868521868         0.681868662949         0.681868204933         0.681865673109         0.681856689779         0.681828975449         0.681749941772         0.681533933919         0.681012801572         0.679718977033         0.676670706756         0.669598262238         0.653449021021         0.616001803123         0.512837167781         0.000000000000
        0.753326531235         0.716148160330         0.700705052252         0.688691271272         0.684298638293         0.682489765334         0.681952675529         0.681810929855         0.681799127141         0.681812712106         0.681826046040         0.681834192801         0.681838321899         0.681840131179         0.681840990270         0.681842141337         0.681845028121         0.681849761539         0.681848870350         0.681851084042         0.681848052859         0.681858932531         0.681871818213         0.681874050359         0.681871902375         0.681871939587         0.681871732227         0.681871466600         0.681871121486         0.681870745761         0.681870361566         0.681869981249         0.681869610300         0.681869251179         0.681868904954         0.681868572109         0.681868252876         0.681867947381         0.681867655699         0.681867377880         0.681867113956         0.681866863943         0.681866627850         0.681866405672         0.681866197399         0.681866003008         0.681865822470         0.681865655749         0.681865502801         0.681865363576         0.681865238019         0.681865126068         0.681865027657         0.681864942715         0.681864871165         0.681864812930         0.681864767926         0.681864736066         0.681864717262         0.681864711420         0.681864718447         0.681864738244         0.681864770713         0.681864815752         0.681864873258         0.681864943125         0.681865025248         0.681865119518         0.681865225827         0.681865344063         0.681865474116         0.681865615873         0.681865769222         0.681865934052         0.681866110254         0.681866297733         0.681866496420         0.681866706321         0.681866927600         0.681867160766         0.681867406957         0.681867668217         0.681867946900         0.681868240747         0.681868521868         0.681868662949         0.681868204933         0.681865673109         0.681856689779         0.681828975449         0.681749941772         0.681533933919         0.681012801572         0.679718977033         0.676670706756         0.669598262238         0.653449021022         0.616001803123         0.512837167781         0.000000000000
        0.753326531222         0.716148160308         0.700705052247         0.688691271270         0.684298638293         0.682489765334         0.681952675529         0.681810929855         0.681799127141         0.681812712106         0.681826046040         0.681834192801         0.681838321899         0.681840131179         0.681840990271         0.681842141338         0.681845028121         0.681849761539         0.681848870350         0.681851084042         0.681848052859         0.681858932531         0.681871818213         0.681874050359         0.681871902375         0.681871939587         0.681871732227         0.681871466600         0.681871121486         0.681870745761         0.681870361566         0.681869981249         0.681869610300         0.681869251178         0.681868904954         0.681868572109         0.681868252876         0.681867947381         0.681867655700         0.681867377881         0.681867113956         0.681866863943         0.681866627850         0.681866405672         0.681866197399         0.681866003008         0.681865822470         0.681865655749         0.681865502801         0.681865363576         0.681865238019         0.681865126068         0.681865027657         0.681864942715         0.681864871166         0.681864812930         0.681864767926         0.681864736066         0.681864717262         0.681864711420         0.681864718447         0.681864738244         0.681864770713         0.681864815752         0.681864873258         0.681864943125         0.681865025248         0.681865119518         0.681865225827         0.681865344063         0.681865474116         0.681865615873         0.681865769222         0.681865934052         0.681866110254         0.681866297733         0.681866496420         0.681866706321         0.681866927600         0.681867160766         0.681867406957         0.681867668217         0.681867946900         0.681868240747         0.681868521868         0.681868662949         0.681868204933         0.681865673109         0.681856689779         0.681828975449         0.681749941772         0.681533933919         0.681012801572         0.679718977033         0.676670706756         0.669598262238         0.653449021021         0.616001803123         0.512837167781         0.000000000000
        0.753326531455         0.716148160361         0.700705052261         0.688691271275         0.684298638294         0.682489765334         0.681952675529         0.681810929855         0.681799127141         0.681812712106         0.681826046040         0.681834192801         0.681838321899         0.681840131179         0.681840990270         0.681842141338         0.681845028122         0.681849761539         0.681848870350         0.681851084042         0.681848052859         0.681858932531         0.681871818213         0.681874050359         0.681871902375         0.681871939587         0.681871732227         0.681871466600         0.681871121486         0.681870745761         0.681870361566         0.681869981249         0.681869610300         0.681869251178         0.681868904954         0.681868572109         0.681868252876         0.681867947381         0.681867655699         0.681867377881         0.681867113956         0.681866863943         0.681866627850         0.681866405672         0.681866197399         0.681866003008         0.681865822470         0.681865655749         0.681865502801         0.681865363576         0.681865238019         0.681865126068         0.681865027657         0.681864942714         0.681864871165         0.681864812930         0.681864767926         0.681864736066         0.681864717262         0.681864711420         0.681864718447         0.681864738244         0.681864770713         0.681864815752         0.681864873258         0.681864943125         0.681865025248         0.681865119518         0.681865225826         0.681865344063         0.681865474116         0.681865615873         0.681865769222         0.681865934052         0.681866110254         0.681866297732         0.681866496420         0.681866706320         0.681866927600         0.681867160766         0.681867406957         0.681867668217         0.681867946900         0.681868240747         0.681868521868         0.681868662949         0.681868204933         0.681865673109         0.681856689779         0.681828975449         0.681749941772         0.681533933919         0.681012801572         0.679718977033         0.676670706756         0.669598262238         0.653449021021         0.616001803123         0.512837167781         0.000000000000
        0.753326530604         0.716148160025         0.700705052187         0.688691271257         0.684298638293         0.682489765336         0.681952675531         0.681810929856         0.681799127142         0.681812712107         0.681826046040         0.681834192801         0.681838321899         0.681840131179         0.681840990271         0.681842141337         0.681845028121         0.681849761539         0.681848870350         0.681851084042         0.681848052859         0.681858932531         0.681871818213         0.681874050359         0.681871902375         0.681871939587         0.681871732227         0.681871466600         0.681871121486         0.681870745761         0.681870361566         0.681869981249         0.681869610300         0.681869251178         0.681868904954         0.681868572109         0.681868252876         0.681867947381         0.681867655700         0.681867377881         0.681867113956         0.681866863943         0.681866627850         0.681866405672         0.681866197399         0.681866003008         0.681865822470         0.681865655749         0.681865502801         0.681865363576         0.681865238019         0.681865126068         0.681865027657         0.681864942715         0.681864871165         0.681864812930         0.681864767926         0.681864736066         0.681864717262         0.681864711421         0.681864718447         0.681864738244         0.681864770713         0.681864815752         0.681864873258         0.681864943125         0.681865025248         0.681865119518         0.681865225827         0.681865344063         0.681865474116         0.681865615873         0.681865769222         0.681865934052         0.681866110254         0.681866297733         0.681866496420         0.681866706320         0.681866927600         0.681867160766         0.681867406957         0.681867668217         0.681867946900         0.681868240747         0.681868521868         0.681868662949         0.681868204933         0.681865673109         0.681856689779         0.681828975449         0.681749941772         0.681533933919         0.681012801572         0.679718977033         0.676670706756         0.669598262238         0.653449021021         0.616001803123         0.512837167781         0.000000000000
        0.753326531665         0.716148160462         0.700705052281         0.688691271274         0.684298638291         0.682489765332         0.681952675528         0.681810929855         0.681799127141         0.681812712106         0.681826046040         0.681834192801         0.681838321899         0.681840131179         0.681840990271         0.681842141338         0.681845028121         0.681849761539         0.681848870350         0.681851084042         0.681848052859         0.681858932531         0.681871818213         0.681874050359         0.681871902375         0.681871939587         0.681871732227         0.681871466600         0.681871121486         0.681870745761         0.681870361566         0.681869981249         0.681869610300         0.681869251179         0.681868904954         0.681868572109         0.681868252876         0.681867947381         0.681867655700         0.681867377881         0.681867113956         0.681866863943         0.681866627850         0.681866405672         0.681866197399         0.681866003008         0.681865822470         0.681865655748         0.681865502801         0.681865363576         0.681865238019         0.681865126068         0.681865027657         0.681864942715         0.681864871165         0.681864812930         0.681864767926         0.681864736066         0.681864717262         0.681864711420         0.681864718447         0.681864738244         0.681864770713         0.681864815752         0.681864873258         0.681864943125         0.681865025248         0.681865119518         0.681865225827         0.681865344063         0.681865474116         0.681865615873         0.681865769222         0.681865934052         0.681866110254         0.681866297733         0.681866496420         0.681866706320         0.681866927600         0.681867160766         0.681867406957         0.681867668217         0.681867946900         0.681868240747         0.681868521868         0.681868662949         0.681868204933         0.681865673109         0.681856689779         0.681828975449         0.681749941772         0.681533933919         0.681012801572         0.679718977033         0.676670706756         0.669598262238         0.653449021021         0.616001803123         0.512837167781         0.000000000000
        0.753326531037         0.716148160266         0.700705052238         0.688691271269         0.684298638293         0.682489765335         0.681952675530         0.681810929856         0.681799127141         0.681812712106         0.681826046040         0.681834192801         0.681838321899         0.681840131179         0.681840990270         0.681842141337         0.681845028121         0.681849761539         0.681848870349         0.681851084042         0.681848052859         0.681858932531         0.681871818213         0.681874050359         0.681871902375         0.681871939587         0.681871732227         0.681871466600         0.681871121486         0.681870745761         0.681870361566         0.681869981249         0.681869610300         0.681869251178         0.681868904954         0.681868572109         0.681868252876         0.681867947381         0.681867655699         0.681867377881         0.681867113956         0.681866863943         0.681866627850         0.681866405672         0.681866197399         0.681866003008         0.681865822470         0.681865655749         0.681865502801         0.681865363576         0.681865238019         0.681865126068         0.681865027657         0.681864942714         0.681864871165         0.681864812930         0.681864767926         0.681864736066         0.681864717262         0.681864711420         0.681864718447         0.681864738244         0.681864770713         0.681864815752         0.681864873258         0.681864943125         0.681865025248         0.681865119518         0.681865225826         0.681865344063         0.681865474116         0.681865615873         0.681865769222         0.681865934052         0.681866110254         0.681866297733         0.681866496420         0.681866706320         0.681866927600         0.681867160766         0.681867406957         0.681867668217         0.681867946900         0.681868240747         0.681868521868         0.681868662949         0.681868204933         0.681865673109         0.681856689779         0.681828975449         0.681749941772         0.681533933919         0.681012801572         0.679718977033         0.676670706756         0.669598262238         0.653449021021         0.616001803123         0.512837167781         0.000000000000
        0.753326531900         0.716148160308         0.700705052259         0.688691271277         0.684298638297         0.682489765336         0.681952675530         0.681810929856         0.681799127141         0.681812712106         0.681826046040         0.681834192801         0.681838321899         0.681840131179         0.681840990270         0.681842141338         0.681845028122         0.681849761539         0.681848870350         0.681851084042         0.681848052859         0.681858932531         0.681871818213         0.681874050359         0.681871902375         0.681871939587         0.681871732227         0.681871466600         0.681871121486         0.681870745761         0.681870361566         0.681869981249         0.681869610300         0.681869251179         0.681868904954         0.681868572109         0.681868252876         0.681867947381         0.681867655700         0.681867377881         0.681867113956         0.681866863943         0.681866627850         0.681866405673         0.681866197399         0.681866003008         0.681865822470         0.681865655749         0.681865502801         0.681865363576         0.681865238019         0.681865126068         0.681865027657         0.681864942715         0.681864871165         0.681864812930         0.681864767926         0.681864736066         0.681864717262         0.681864711421         0.681864718447         0.681864738244         0.681864770713         0.681864815752         0.681864873258         0.681864943125         0.681865025248         0.681865119518         0.681865225827         0.681865344063         0.681865474116         0.681865615873         0.681865769222         0.681865934052         0.681866110254         0.681866297733         0.681866496420         0.681866706321         0.681866927600         0.681867160766         0.681867406957         0.681867668217         0.681867946900         0.681868240747         0.681868521868         0.681868662949         0.681868204933         0.681865673109         0.681856689779         0.681828975449         0.681749941772         0.681533933919         0.681012801572         0.679718977033         0.676670706756         0.669598262238         0.653449021021         0.616001803123         0.512837167781         0.000000000000
        0.753326531505         0.716148160420         0.700705052269         0.688691271272         0.684298638291         0.682489765332         0.681952675528         0.681810929855         0.681799127141         0.681812712106         0.681826046040         0.681834192801         0.681838321899         0.681840131179         0.681840990271         0.681842141338         0.681845028122         0.681849761539         0.681848870350         0.681851084042         0.681848052859         0.681858932531         0.681871818213         0.681874050358         0.681871902375         0.681871939587         0.681871732227         0.681871466600         0.681871121486         0.681870745761         0.681870361566         0.681869981249         0.681869610300         0.681869251178         0.681868904954         0.681868572109         0.681868252876         0.681867947381         0.681867655699         0.681867377880         0.681867113956         0.681866863943         0.681866627850         0.681866405672         0.681866197399         0.681866003007         0.681865822470         0.681865655749         0.681865502801         0.681865363576         0.681865238019         0.681865126068         0.681865027657         0.681864942715         0.681864871165         0.681864812930         0.681864767926         0.681864736066         0.681864717262         0.681864711420         0.681864718447         0.681864738244         0.681864770713         0.681864815752         0.681864873258         0.681864943125         0.681865025248         0.681865119518         0.681865225827         0.681865344063         0.681865474116         0.681865615873         0.681865769222         0.681865934052         0.681866110254         0.681866297733         0.681866496420         0.681866706321         0.681866927600         0.681867160766         0.681867406957         0.681867668217         0.681867946900         0.681868240747         0.681868521868         0.681868662949         0.681868204933         0.681865673109         0.681856689779         0.681828975449         0.681749941772         0.681533933919         0.681012801572         0.679718977033         0.676670706756         0.669598262238         0.653449021021         0.616001803123         0.512837167781         0.000000000000
        0.753326530645         0.716148160134         0.700705052205         0.688691271261         0.684298638293         0.682489765335         0.681952675530         0.681810929856         0.681799127142         0.681812712106         0.681826046040         0.681834192801         0.681838321899         0.681840131179         0.681840990271         0.681842141338         0.681845028121         0.681849761539         0.681848870350         0.681851084042         0.681848052859         0.681858932531         0.681871818213         0.681874050359         0.681871902375         0.681871939587         0.681871732227         0.681871466600         0.681871121486         0.681870745761         0.681870361566         0.681869981249         0.681869610300         0.681869251179         0.681868904954         0.681868572109         0.681868252876         0.681867947381         0.681867655699         0.681867377881         0.681867113956         0.681866863943         0.681866627850         0.681866405672         0.681866197399         0.681866003008         0.681865822470         0.681865655749         0.681865502801         0.681865363576         0.681865238019         0.681865126068         0.681865027657         0.681864942715         0.681864871165         0.681864812930         0.681864767926         0.681864736066         0.681864717262         0.681864711420         0.681864718447         0.681864738244         0.681864770713         0.681864815752         0.681864873258         0.681864943125         0.681865025248         0.681865119518         0.681865225827         0.681865344063         0.681865474116         0.681865615873         0.681865769222         0.681865934052         0.681866110254         0.681866297733         0.681866496420         0.681866706321         0.681866927600         0.681867160766         0.681867406957         0.681867668217         0.681867946901         0.681868240747         0.681868521868         0.681868662949         0.681868204933         0.681865673109         0.681856689779         0.681828975449         0.681749941772         0.681533933919         0.681012801572         0.679718977033         0.676670706756         0.669598262238         0.653449021022         0.616001803123         0.512837167781         0.000000000000
        0.753386478134         0.716702190843         0.701406237019         0.689443971849         0.685057941674         0.683194638535         0.682608030577         0.682439383146         0.682415369993         0.682424702017         0.682437104638         0.682445500923         0.682450182869         0.682452514950         0.682453597297         0.682454080091         0.682454303993         0.682454502795         0.682454724420         0.682455092697         0.682455731265         0.682455970373         0.682456009253         0.682455955775         0.682455951145         0.682455939176         0.682455925053         0.682455910769         0.682455896748         0.682455883072         0.682455869639         0.682455856358         0.682455843169         0.682455830040         0.682455816955         0.682455803909         0.682455790901         0.682455777928         0.682455764993         0.682455752096         0.682455739237         0.682455726418         0.682455713638         0.682455700897         0.682455688197         0.682455675538         0.682455662918         0.682455650340         0.682455637803         0.682455625307         0.682455612852         0.682455600438         0.682455588065         0.682455575733         0.682455563442         0.682455551192         0.682455538983         0.682455526815         0.682455514687         0.682455502599         0.682455490552         0.682455478546         0.682455466579         0.682455454652         0.682455442764         0.682455430917         0.682455419109         0.682455407340         0.682455395611         0.682455383920         0.682455372269         0.682455360656         0.682455349083         0.682455337551         0.682455326065         0.682455314642         0.682455303329         0.682455292249         0.682455281705         0.682455272398         0.682455265818         0.682455264743         0.682455273134         0.682455292253         0.682455301734         0.682455190421         0.682454533743         0.682451940080         0.682443182173         0.682416436323         0.682340150612         0.682134977582         0.681607222524         0.680305457611         0.677208882692         0.670086143615         0.653880107958         0.616300398748         0.513027551203         0.000000000000
        0.753394572160         0.716719519195         0.701429022395         0.689469893858         0.685086878346         0.683224924481         0.682636037610         0.682463888423         0.682436895382         0.682444310500         0.682455732322         0.682463733893         0.682468297633         0.682470604944         0.682471708502         0.682472191474         0.682472389613         0.682472467404         0.682472493417         0.682472500398         0.682472503626         0.682472496549         0.682472485740         0.682472473331         0.682472463109         0.682472452848         0.682472442905         0.682472433133         0.682472423476         0.682472413888         0.682472404339         0.682472394813         0.682472385303         0.682472375803         0.682472366315         0.682472356836         0.682472347367         0.682472337907         0.682472328458         0.682472319020         0.682472309591         0.682472300173         0.682472290765         0.682472281367         0.682472271982         0.682472262613         0.682472253275         0.682472244005         0.682472234884         0.682472226067         0.682472217602         0.682472209610         0.682472193240         0.682472172104         0.682472148496         0.682472129642         0.682472099468         0.682472081342         0.682472068113         0.682472057321         0.682472047505         0.682472038094         0.682472028828         0.682472019616         0.682472010424         0.682472001244         0.682471992075         0.682471982918         0.682471973772         0.682471964639         0.682471955519         0.682471946411         0.682471937315         0.682471928231         0.682471919163         0.682471910130         0.682471901195         0.682471892533         0.682471884605         0.682471878493         0.682471876522         0.682471883340         0.682471906508         0.682471968421         0.682472061094         0.682471987601         0.682471117374         0.682468320106         0.682459418122         0.682432473911         0.682355936996         0.682150256190         0.681621612659         0.680318732720         0.677220867194         0.670096289960         0.653888492386         0.616307381689         0.513033355638         0.000000000000
        0.753395260524         0.716720931907         0.701430819764         0.689471795962         0.685088823440         0.683227116192         0.682638119247         0.682465613071         0.682438496509         0.682445768836         0.682457113065         0.682465058194         0.682469584681         0.682471878573         0.682472955189         0.682473428091         0.682473622386         0.682473695208         0.682473717347         0.682473719598         0.682473714407         0.682473706145         0.682473696915         0.682473687361         0.682473677850         0.682473668337         0.682473658852         0.682473649387         0.682473639939         0.682473630503         0.682473621079         0.682473611665         0.682473602261         0.682473592865         0.682473583479         0.682473574102         0.682473564734         0.682473555375         0.682473546026         0.682473536687         0.682473527357         0.682473518037         0.682473508726         0.682473499426         0.682473490135         0.682473480855         0.682473471587         0.682473462332         0.682473453095         0.682473443884         0.682473434703         0.682473425561         0.682473415514         0.682473405954         0.682473396316         0.682473386571         0.682473377035         0.682473367776         0.682473358580         0.682473349429         0.682473340299         0.682473331186         0.682473322086         0.682473312999         0.682473303925         0.682473294862         0.682473285811         0.682473276773         0.682473267747         0.682473258732         0.682473249731         0.682473240742         0.682473231765         0.682473222803         0.682473213861         0.682473204956         0.682473196136         0.682473187533         0.682473179474         0.682473172720         0.682473168888         0.682473171013         0.682473183481         0.682473208844         0.682473227173         0.682473120204         0.682472459698         0.682469833039         0.682461011831         0.682434148115         0.682357717137         0.682151777155         0.681622902011         0.680319836853         0.677221784010         0.670096882397         0.653888876866         0.616307714334         0.513033619747         0.000000000000
        0.753395312249         0.716721030458         0.701430941871         0.689471911864         0.685088931132         0.683227225766         0.682638225849         0.682465709539         0.682438582231         0.682445854172         0.682457177815         0.682465112208         0.682469632761         0.682471923769         0.682472998917         0.682473471342         0.682473665514         0.682473738123         0.682473760188         0.682473762226         0.682473756710         0.682473748476         0.682473739343         0.682473729943         0.682473720486         0.682473711027         0.682473701578         0.682473692141         0.682473682715         0.682473673299         0.682473663891         0.682473654493         0.682473645103         0.682473635722         0.682473626350         0.682473616986         0.682473607632         0.682473598287         0.682473588951         0.682473579624         0.682473570307         0.682473560999         0.682473551701         0.682473542412         0.682473533133         0.682473523864         0.682473514604         0.682473505355         0.682473496116         0.682473486888         0.682473477671         0.682473468465         0.682473459206         0.682473450026         0.682473440830         0.682473431633         0.682473422485         0.682473413360         0.682473404240         0.682473395125         0.682473386018         0.682473376920         0.682473367833         0.682473358757         0.682473349692         0.682473340639         0.682473331598         0.682473322569         0.682473313552         0.682473304547         0.682473295554         0.682473286574         0.682473277606         0.682473268652         0.682473259719         0.682473250822         0.682473242011         0.682473233414         0.682473225351         0.682473218567         0.682473214657         0.682473216609         0.682473228763         0.682473252926         0.682473268990         0.682473164043         0.682472506950         0.682469883619         0.682461064026         0.682434206757         0.682357790712         0.682151870696         0.681623022346         0.680319930087         0.677221858359         0.670096950988         0.653888916155         0.616307747864         0.513033643762         0.000000000000
        0.753395316241         0.716721037952         0.701430951128         0.689471920579         0.685088938685         0.683227233366         0.682638234066         0.682465715849         0.682438587497         0.682445858118         0.682457181030         0.682465114868         0.682469635043         0.682471925843         0.682473000910         0.682473473321         0.682473667496         0.682473740100         0.682473762165         0.682473764192         0.682473758657         0.682473750424         0.682473741297         0.682473731905         0.682473722450         0.682473712993         0.682473703546         0.682473694110         0.682473684685         0.682473675270         0.682473665863         0.682473656465         0.682473647076         0.682473637695         0.682473628324         0.682473618961         0.682473609607         0.682473600262         0.682473590927         0.682473581600         0.682473572283         0.682473562976         0.682473553678         0.682473544390         0.682473535111         0.682473525842         0.682473516583         0.682473507334         0.682473498096         0.682473488867         0.682473479649         0.682473470441         0.682473461239         0.682473452054         0.682473442877         0.682473433710         0.682473424556         0.682473415415         0.682473406284         0.682473397164         0.682473388054         0.682473378955         0.682473369868         0.682473360792         0.682473351728         0.682473342676         0.682473333635         0.682473324606         0.682473315589         0.682473306585         0.682473297592         0.682473288612         0.682473279644         0.682473270691         0.682473261758         0.682473252862         0.682473244051         0.682473235453         0.682473227389         0.682473220604         0.682473216687         0.682473218625         0.682473230750         0.682473254832         0.682473270760         0.682473165840         0.682472508718         0.682469885402         0.682461065963         0.682434210295         0.682357798344         0.682151894742         0.681623076758         0.680320116180         0.677222126977         0.670097215337         0.653888979330         0.616307756863         0.513033646743         0.000000000000
        0.753395316599         0.716721038611         0.701430951949         0.689471921385         0.685088939341         0.683227234038         0.682638234820         0.682465716385         0.682438587895         0.682445858379         0.682457181230         0.682465115023         0.682469635168         0.682471925952         0.682473001013         0.682473473423         0.682473667599         0.682473740203         0.682473762269         0.682473764294         0.682473758759         0.682473750526         0.682473741399         0.682473732006         0.682473722553         0.682473713095         0.682473703648         0.682473694213         0.682473684787         0.682473675372         0.682473665965         0.682473656567         0.682473647178         0.682473637798         0.682473628426         0.682473619063         0.682473609709         0.682473600365         0.682473591029         0.682473581703         0.682473572386         0.682473563078         0.682473553781         0.682473544492         0.682473535214         0.682473525945         0.682473516686         0.682473507437         0.682473498198         0.682473488970         0.682473479751         0.682473470544         0.682473461346         0.682473452159         0.682473442983         0.682473433818         0.682473424663         0.682473415520         0.682473406387         0.682473397266         0.682473388156         0.682473379057         0.682473369970         0.682473360894         0.682473351830         0.682473342778         0.682473333737         0.682473324708         0.682473315692         0.682473306687         0.682473297694         0.682473288714         0.682473279746         0.682473270793         0.682473261860         0.682473252964         0.682473244153         0.682473235555         0.682473227491         0.682473220706         0.682473216789         0.682473218726         0.682473230850         0.682473254927         0.682473270847         0.682473165924         0.682472508784         0.682469885431         0.682461065925         0.682434210233         0.682357798291         0.682151896182         0.681623080550         0.680320126664         0.677222137355         0.670097232680         0.653889016049         0.616307762455         0.513033649561         0.000000000000
        0.753395316634         0.716721038674         0.701430952030         0.689471921469         0.685088939404         0.683227234104         0.682638234896         0.682465716437         0.682438587929         0.682445858401         0.682457181245         0.682465115034         0.682469635176         0.682471925958         0.682473001018         0.682473473429         0.682473667605         0.682473740209         0.682473762274         0.682473764300         0.682473758764         0.682473750531         0.682473741404         0.682473732012         0.682473722558         0.682473713101         0.682473703654         0.682473694218         0.682473684793         0.682473675378         0.682473665971         0.682473656573         0.682473647184         0.682473637803         0.682473628432         0.682473619069         0.682473609715         0.682473600370         0.682473591035         0.682473581708         0.682473572392         0.682473563084         0.682473553786         0.682473544498         0.682473535219         0.682473525950         0.682473516692         0.682473507443         0.682473498204         0.682473488975         0.682473479757         0.682473470549         0.682473461352         0.682473452165         0.682473442989         0.682473433824         0.682473424669         0.682473415526         0.682473406393         0.682473397272         0.682473388162         0.682473379063         0.682473369975         0.682473360900         0.682473351835         0.682473342783         0.682473333742         0.682473324714         0.682473315697         0.682473306692         0.682473297700         0.682473288719         0.682473279752         0.682473270799         0.682473261865         0.682473252969         0.682473244158         0.682473235561         0.682473227497         0.682473220711         0.682473216794         0.682473218731         0.682473230855         0.682473254932         0.682473270851         0.682473165926         0.682472508780         0.682469885415         0.682461065883         0.682434210158         0.682357798168         0.682151896287         0.681623080965         0.680320127311         0.677222137825         0.670097233136         0.653889016886         0.616307762495         0.513033649499         0.000000000000
        0.753395316637         0.716721038680         0.701430952039         0.689471921478         0.685088939410         0.683227234110         0.682638234904         0.682465716442         0.682438587933         0.682445858403         0.682457181247         0.682465115035         0.682469635177         0.682471925959         0.682473001019         0.682473473429         0.682473667605         0.682473740209         0.682473762275         0.682473764300         0.682473758765         0.682473750532         0.682473741405         0.682473732012         0.682473722559         0.682473713101         0.682473703654         0.682473694219         0.682473684794         0.682473675378         0.682473665971         0.682473656573         0.682473647184         0.682473637804         0.682473628432         0.682473619069         0.682473609715         0.682473600371         0.682473591035         0.682473581709         0.682473572392         0.682473563084         0.682473553787         0.682473544498         0.682473535220         0.682473525951         0.682473516692         0.682473507443         0.682473498205         0.682473488976         0.682473479758         0.682473470550         0.682473461352         0.682473452166         0.682473442989         0.682473433824         0.682473424670         0.682473415526         0.682473406394         0.682473397272         0.682473388162         0.682473379063         0.682473369976         0.682473360900         0.682473351836         0.682473342783         0.682473333743         0.682473324714         0.682473315697         0.682473306693         0.682473297700         0.682473288720         0.682473279752         0.682473270799         0.682473261866         0.682473252969         0.682473244158         0.682473235561         0.682473227497         0.682473220712         0.682473216795         0.682473218731         0.682473230856         0.682473254932         0.682473270851         0.682473165925         0.682472508777         0.682469885404         0.682461065858         0.682434210110         0.682357798087         0.682151896242         0.681623081036         0.680320127431         0.677222137998         0.670097233239         0.653889016672         0.616307762650         0.513033649424         0.000000000000
        0.753395316638         0.716721038681         0.701430952040         0.689471921479         0.685088939410         0.683227234111         0.682638234905         0.682465716442         0.682438587933         0.682445858403         0.682457181247         0.682465115035         0.682469635177         0.682471925959         0.682473001019         0.682473473429         0.682473667605         0.682473740209         0.682473762275         0.682473764301         0.682473758765         0.682473750532         0.682473741405         0.682473732013         0.682473722559         0.682473713101         0.682473703654         0.682473694219         0.682473684793         0.682473675378         0.682473665971         0.682473656573         0.682473647184         0.682473637804         0.682473628432         0.682473619069         0.682473609715         0.682473600371         0.682473591035         0.682473581709         0.682473572392         0.682473563084         0.682473553787         0.682473544498         0.682473535220         0.682473525951         0.682473516692         0.682473507443         0.682473498204         0.682473488976         0.682473479758         0.682473470550         0.682473461352         0.682473452166         0.682473442989         0.682473433824         0.682473424669         0.682473415526         0.682473406393         0.682473397272         0.682473388162         0.682473379063         0.682473369976         0.682473360900         0.682473351836         0.682473342783         0.682473333743         0.682473324714         0.682473315697         0.682473306692         0.682473297700         0.682473288720         0.682473279752         0.682473270799         0.682473261866         0.682473252970         0.682473244159         0.682473235561         0.682473227497         0.682473220712         0.682473216795         0.682473218732         0.682473230856         0.682473254933         0.682473270850         0.682473165924         0.682472508774         0.682469885397         0.682461065840         0.682434210074         0.682357798028         0.682151896186         0.681623081058         0.680320127478         0.677222138130         0.670097233295         0.653889016428         0.616307762777         0.513033649358         0.000000000000
        0.753395316638         0.716721038681         0.701430952040         0.689471921479         0.685088939410         0.683227234111         0.682638234905         0.682465716442         0.682438587933         0.682445858403         0.682457181247         0.682465115035         0.682469635177         0.682471925959         0.682473001019         0.682473473429         0.682473667605         0.682473740209         0.682473762275         0.682473764300         0.682473758765         0.682473750532         0.682473741405         0.682473732012         0.682473722559         0.682473713101         0.682473703654         0.682473694219         0.682473684794         0.682473675378         0.682473665971         0.682473656573         0.682473647184         0.682473637804         0.682473628432         0.682473619069         0.682473609715         0.682473600371         0.682473591035         0.682473581709         0.682473572392         0.682473563084         0.682473553786         0.682473544498         0.682473535220         0.682473525951         0.682473516692         0.682473507443         0.682473498204         0.682473488976         0.682473479758         0.682473470550         0.682473461352         0.682473452165         0.682473442989         0.682473433824         0.682473424670         0.682473415526         0.682473406393         0.682473397272         0.682473388162         0.682473379063         0.682473369976         0.682473360900         0.682473351836         0.682473342783         0.682473333743         0.682473324714         0.682473315697         0.682473306692         0.682473297700         0.682473288720         0.682473279752         0.682473270799         0.682473261866         0.682473252969         0.682473244158         0.682473235561         0.682473227497         0.682473220712         0.682473216795         0.682473218732         0.682473230856         0.682473254932         0.682473270850         0.682473165924         0.682472508772         0.682469885391         0.682461065826         0.682434210046         0.682357797981         0.682151896137         0.681623081071         0.680320127508         0.677222138249         0.670097233340         0.653889016213         0.616307762879         0.513033649301         0.000000000000
        0.753395316638         0.716721038681         0.701430952040         0.689471921479         0.685088939410         0.683227234111         0.682638234905         0.682465716442         0.682438587933         0.682445858403         0.682457181247         0.682465115035         0.682469635177         0.682471925958         0.682473001019         0.682473473429         0.682473667605         0.682473740209         0.682473762275         0.682473764301         0.682473758765         0.682473750532         0.682473741405         0.682473732012         0.682473722558         0.682473713101         0.682473703654         0.682473694219         0.682473684794         0.682473675378         0.682473665971         0.682473656573         0.682473647184         0.682473637804         0.682473628432         0.682473619069         0.682473609715         0.682473600371         0.682473591035         0.682473581709         0.682473572392         0.682473563085         0.682473553787         0.682473544498         0.682473535220         0.682473525951         0.682473516692         0.682473507443         0.682473498204         0.682473488976         0.682473479758         0.682473470550         0.682473461352         0.682473452166         0.682473442989         0.682473433824         0.682473424670         0.682473415526         0.682473406393         0.682473397272         0.682473388162         0.682473379063         0.682473369976         0.682473360900         0.682473351836         0.682473342783         0.682473333743         0.682473324714         0.682473315697         0.682473306692         0.682473297700         0.682473288720         0.682473279752         0.682473270799         0.682473261866         0.682473252969         0.682473244158         0.682473235561         0.682473227497         0.682473220712         0.682473216795         0.682473218732         0.682473230856         0.682473254932         0.682473270850         0.682473165923         0.682472508770         0.682469885386         0.682461065815         0.682434210022         0.682357797943         0.682151896096         0.681623081083         0.680320127530         0.677222138358         0.670097233380         0.653889016027         0.616307762961         0.513033649253         0.000000000000
        0.753395316638         0.716721038682         0.701430952040         0.689471921479         0.685088939410         0.683227234111         0.682638234905         0.682465716442         0.682438587933         0.682445858403         0.682457181247         0.682465115035         0.682469635177         0.682471925959         0.682473001019         0.682473473429         0.682473667605         0.682473740209         0.682473762275         0.682473764301         0.682473758765         0.682473750532         0.682473741405         0.682473732012         0.682473722558         0.682473713101         0.682473703654         0.682473694219         0.682473684794         0.682473675378         0.682473665971         0.682473656573         0.682473647184         0.682473637804         0.682473628432         0.682473619069         0.682473609715         0.682473600371         0.682473591035         0.682473581709         0.682473572392         0.682473563084         0.682473553787         0.682473544498         0.682473535220         0.682473525951         0.682473516692         0.682473507443         0.682473498204         0.682473488976         0.682473479758         0.682473470550         0.682473461352         0.682473452166         0.682473442989         0.682473433824         0.682473424669         0.682473415526         0.682473406393         0.682473397272         0.682473388162         0.682473379063         0.682473369976         0.682473360900         0.682473351836         0.682473342783         0.682473333743         0.682473324714         0.682473315697         0.682473306693         0.682473297700         0.682473288720         0.682473279752         0.682473270799         0.682473261866         0.682473252969         0.682473244158         0.682473235561         0.682473227497         0.682473220712         0.682473216795         0.682473218732         0.682473230856         0.682473254932         0.682473270850         0.682473165923         0.682472508768         0.682469885382         0.682461065805         0.682434210002         0.682357797911         0.682151896062         0.681623081095         0.680320127548         0.677222138459         0.670097233416         0.653889015866         0.616307763029         0.513033649213         0.000000000000
        0.753395316639         0.716721038682         0.701430952040         0.689471921479         0.685088939411         0.683227234111         0.682638234905         0.682465716442         0.682438587933         0.682445858403         0.682457181247         0.682465115035         0.682469635177         0.682471925959         0.682473001019         0.682473473429         0.682473667605         0.682473740209         0.682473762275         0.682473764301         0.682473758765         0.682473750532         0.682473741405         0.682473732012         0.682473722559         0.682473713101         0.682473703654         0.682473694219         0.682473684794         0.682473675378         0.682473665971         0.682473656573         0.682473647184         0.682473637804         0.682473628432         0.682473619069         0.682473609715         0.682473600371         0.682473591035         0.682473581709         0.682473572392         0.682473563084         0.682473553786         0.682473544498         0.682473535220         0.682473525951         0.682473516692         0.682473507443         0.682473498205         0.682473488976         0.682473479758         0.682473470550         0.682473461352         0.682473452166         0.682473442989         0.682473433824         0.682473424670         0.682473415526         0.682473406394         0.682473397272         0.682473388162         0.682473379063         0.682473369976         0.682473360900         0.682473351836         0.682473342783         0.682473333743         0.682473324714         0.682473315697         0.682473306692         0.682473297700         0.682473288720         0.682473279752         0.682473270799         0.682473261866         0.682473252969         0.682473244158         0.682473235561         0.682473227497         0.682473220712         0.682473216795         0.682473218732         0.682473230856         0.682473254933         0.682473270850         0.682473165922         0.682472508767         0.682469885378         0.682461065797         0.682434209986         0.682357797883         0.682151896034         0.681623081107         0.680320127563         0.677222138550         0.670097233449         0.653889015727         0.616307763087         0.513033649178         0.000000000000
        0.753395316638         0.716721038681         0.701430952040         0.689471921479         0.685088939410         0.683227234111         0.682638234905         0.682465716442         0.682438587933         0.682445858403         0.682457181247         0.682465115035         0.682469635177         0.682471925959         0.682473001019         0.682473473430         0.682473667605         0.682473740209         0.682473762275         0.682473764301         0.682473758765         0.682473750532         0.682473741405         0.682473732012         0.682473722558         0.682473713101         0.682473703654         0.682473694219         0.682473684794         0.682473675378         0.682473665971         0.682473656573         0.682473647184         0.682473637803         0.682473628432         0.682473619069         0.682473609715         0.682473600371         0.682473591035         0.682473581709         0.682473572392         0.682473563085         0.682473553787         0.682473544498         0.682473535220         0.682473525951         0.682473516692         0.682473507443         0.682473498204         0.682473488976         0.682473479758         0.682473470550         0.682473461352         0.682473452166         0.682473442989         0.682473433824         0.682473424670         0.682473415526         0.682473406393         0.682473397272         0.682473388162         0.682473379063         0.682473369976         0.682473360900         0.682473351836         0.682473342783         0.682473333743         0.682473324714         0.682473315697         0.682473306692         0.682473297700         0.682473288720         0.682473279752         0.682473270799         0.682473261866         0.682473252969         0.682473244159         0.682473235561         0.682473227497         0.682473220712         0.682473216795         0.682473218732         0.682473230856         0.682473254933         0.682473270850         0.682473165922         0.682472508766         0.682469885375         0.682461065790         0.682434209971         0.682357797860         0.682151896010         0.681623081118         0.680320127575         0.677222138632         0.670097233479         0.653889015606         0.616307763135         0.513033649148         0.000000000000
        0.753395316638         0.716721038682         0.701430952040         0.689471921479         0.685088939410         0.683227234111         0.682638234905         0.682465716442         0.682438587933         0.682445858403         0.682457181247         0.682465115035         0.682469635177         0.682471925958         0.682473001019         0.682473473429         0.682473667605         0.682473740209         0.682473762275         0.682473764301         0.682473758765         0.682473750532         0.682473741405         0.682473732012         0.682473722558         0.682473713101         0.682473703654         0.682473694219         0.682473684794         0.682473675378         0.682473665971         0.682473656573         0.682473647184         0.682473637804         0.682473628432         0.682473619069         0.682473609715         0.682473600371         0.682473591035         0.682473581709         0.682473572392         0.682473563084         0.682473553787         0.682473544498         0.682473535220         0.682473525951         0.682473516692         0.682473507443         0.682473498204         0.682473488976         0.682473479757         0.682473470550         0.682473461352         0.682473452166         0.682473442989         0.682473433824         0.682473424670         0.682473415526         0.682473406394         0.682473397272         0.682473388162         0.682473379063         0.682473369976         0.682473360900         0.682473351836         0.682473342783         0.682473333743         0.682473324714         0.682473315697         0.682473306693         0.682473297700         0.682473288720         0.682473279752         0.682473270799         0.682473261866         0.682473252969         0.682473244158         0.682473235561         0.682473227497         0.682473220712         0.682473216795         0.682473218732         0.682473230856         0.682473254933         0.682473270850         0.682473165922         0.682472508765         0.682469885373         0.682461065783         0.682434209959         0.682357797840         0.682151895990         0.681623081128         0.680320127585         0.677222138707         0.670097233505         0.653889015501         0.616307763177         0.513033649122         0.000000000000
        0.753395316638         0.716721038681         0.701430952040         0.689471921479         0.685088939410         0.683227234111         0.682638234905         0.682465716442         0.682438587933         0.682445858403         0.682457181247         0.682465115035         0.682469635177         0.682471925959         0.682473001019         0.682473473429         0.682473667605         0.682473740209         0.682473762275         0.682473764301         0.682473758765         0.682473750532         0.682473741405         0.682473732012         0.682473722558         0.682473713101         0.682473703654         0.682473694219         0.682473684794         0.682473675378         0.682473665971         0.682473656573         0.682473647184         0.682473637804         0.682473628432         0.682473619069         0.682473609715         0.682473600371         0.682473591035         0.682473581709         0.682473572392         0.682473563084         0.682473553787         0.682473544498         0.682473535220         0.682473525951         0.682473516692         0.682473507443         0.682473498204         0.682473488976         0.682473479758         0.682473470550         0.682473461352         0.682473452166         0.682473442989         0.682473433824         0.682473424669         0.682473415526         0.682473406393         0.682473397272         0.682473388162         0.682473379063         0.682473369976         0.682473360900         0.682473351836         0.682473342783         0.682473333743         0.682473324714         0.682473315697         0.682473306692         0.682473297700         0.682473288720         0.682473279752         0.682473270799         0.682473261866         0.682473252969         0.682473244158         0.682473235561         0.682473227497         0.682473220712         0.682473216795         0.682473218732         0.682473230856         0.682473254933         0.682473270850         0.682473165921         0.682472508764         0.682469885370         0.682461065778         0.682434209948         0.682357797824         0.682151895973         0.681623081138         0.680320127594         0.677222138773         0.670097233530         0.653889015409         0.616307763212         0.513033649099         0.000000000000
        0.753395316638         0.716721038681         0.701430952040         0.689471921479         0.685088939410         0.683227234111         0.682638234905         0.682465716442         0.682438587933         0.682445858403         0.682457181247         0.682465115035         0.682469635177         0.682471925959         0.682473001019         0.682473473429         0.682473667605         0.682473740209         0.682473762275         0.682473764301         0.682473758765         0.682473750532         0.682473741405         0.682473732012         0.682473722558         0.682473713101         0.682473703654         0.682473694219         0.682473684794         0.682473675378         0.682473665971         0.682473656573         0.682473647184         0.682473637804         0.682473628432         0.682473619069         0.682473609715         0.682473600371         0.682473591035         0.682473581709         0.682473572392         0.682473563084         0.682473553786         0.682473544498         0.682473535220         0.682473525951         0.682473516692         0.682473507443         0.682473498204         0.682473488976         0.682473479758         0.682473470550         0.682473461352         0.682473452166         0.682473442989         0.682473433824         0.682473424669         0.682473415526         0.682473406393         0.682473397272         0.682473388162         0.682473379063         0.682473369976         0.682473360900         0.682473351836         0.682473342783         0.682473333743         0.682473324714         0.682473315697         0.682473306692         0.682473297700         0.682473288720         0.682473279752         0.682473270799         0.682473261866         0.682473252969         0.682473244159         0.682473235561         0.682473227497         0.682473220712         0.682473216795         0.682473218732         0.682473230856         0.682473254933         0.682473270850         0.682473165921         0.682472508763         0.682469885368         0.682461065773         0.682434209939         0.682357797809         0.682151895959         0.681623081147         0.680320127601         0.677222138832         0.670097233552         0.653889015329         0.616307763243         0.513033649080         0.000000000000
        0.753395316638         0.716721038681         0.701430952040         0.689471921479         0.685088939410         0.683227234111         0.682638234905         0.682465716442         0.682438587933         0.682445858403         0.682457181247         0.682465115035         0.682469635177         0.682471925959         0.682473001019         0.682473473429         0.682473667605         0.682473740209         0.682473762275         0.682473764300         0.682473758765         0.682473750532         0.682473741405         0.682473732012         0.682473722558         0.682473713101         0.682473703654         0.682473694219         0.682473684794         0.682473675378         0.682473665971         0.682473656573         0.682473647184         0.682473637804         0.682473628432         0.682473619069         0.682473609715         0.682473600371         0.682473591035         0.682473581709         0.682473572392         0.682473563084         0.682473553786         0.682473544498         0.682473535220         0.682473525951         0.682473516692         0.682473507443         0.682473498204         0.682473488976         0.682473479758         0.682473470550         0.682473461352         0.682473452166         0.682473442989         0.682473433824         0.682473424669         0.682473415526         0.682473406393         0.682473397272         0.682473388162         0.682473379063         0.682473369976         0.682473360900         0.682473351836         0.682473342783         0.682473333743         0.682473324714         0.682473315697         0.682473306692         0.682473297700         0.682473288720         0.682473279752         0.682473270799         0.682473261866         0.682473252969         0.682473244158         0.682473235561         0.682473227497         0.682473220712         0.682473216795         0.682473218732         0.682473230856         0.682473254933         0.682473270850         0.682473165921         0.682472508763         0.682469885367         0.682461065770         0.682434209931         0.682357797797         0.682151895947         0.681623081155         0.680320127607         0.677222138885         0.670097233571         0.653889015260         0.616307763270         0.513033649063         0.000000000000
        0.753395316639         0.716721038682         0.701430952040         0.689471921479         0.685088939410         0.683227234111         0.682638234905         0.682465716442         0.682438587933         0.682445858403         0.682457181247         0.682465115035         0.682469635177         0.682471925959         0.682473001019         0.682473473429         0.682473667605         0.682473740209         0.682473762275         0.682473764301         0.682473758764         0.682473750532         0.682473741405         0.682473732013         0.682473722559         0.682473713101         0.682473703654         0.682473694219         0.682473684793         0.682473675378         0.682473665971         0.682473656573         0.682473647184         0.682473637804         0.682473628432         0.682473619069         0.682473609715         0.682473600371         0.682473591035         0.682473581709         0.682473572392         0.682473563084         0.682473553786         0.682473544498         0.682473535220         0.682473525951         0.682473516692         0.682473507443         0.682473498204         0.682473488976         0.682473479758         0.682473470550         0.682473461352         0.682473452165         0.682473442989         0.682473433824         0.682473424669         0.682473415526         0.682473406394         0.682473397272         0.682473388162         0.682473379063         0.682473369976         0.682473360900         0.682473351836         0.682473342783         0.682473333743         0.682473324714         0.682473315697         0.682473306692         0.682473297700         0.682473288720         0.682473279752         0.682473270799         0.682473261866         0.682473252969         0.682473244158         0.682473235561         0.682473227497         0.682473220712         0.682473216795         0.682473218732         0.682473230856         0.682473254933         0.682473270850         0.682473165921         0.682472508762         0.682469885365         0.682461065766         0.682434209924         0.682357797785         0.682151895936         0.681623081162         0.680320127612         0.677222138933         0.670097233589         0.653889015198         0.616307763293         0.513033649048         0.000000000000
        0.753395316638         0.716721038681         0.701430952040         0.689471921479         0.685088939411         0.683227234111         0.682638234905         0.682465716442         0.682438587933         0.682445858403         0.682457181247         0.682465115035         0.682469635177         0.682471925959         0.682473001019         0.682473473429         0.682473667605         0.682473740209         0.682473762275         0.682473764301         0.682473758765         0.682473750532         0.682473741405         0.682473732012         0.682473722558         0.682473713101         0.682473703654         0.682473694219         0.682473684794         0.682473675378         0.682473665971         0.682473656573         0.682473647184         0.682473637804         0.682473628432         0.682473619069         0.682473609715         0.682473600371         0.682473591035         0.682473581709         0.682473572392         0.682473563084         0.682473553787         0.682473544498         0.682473535220         0.682473525951         0.682473516692         0.682473507443         0.682473498205         0.682473488976         0.682473479758         0.682473470550         0.682473461352         0.682473452166         0.682473442990         0.682473433824         0.682473424669         0.682473415526         0.682473406393         0.682473397272         0.682473388162         0.682473379063         0.682473369976         0.682473360900         0.682473351836         0.682473342783         0.682473333743         0.682473324714         0.682473315697         0.682473306692         0.682473297700         0.682473288720         0.682473279752         0.682473270799         0.682473261866         0.682473252969         0.682473244158         0.682473235561         0.682473227497         0.682473220712         0.682473216795         0.682473218732         0.682473230856         0.682473254932         0.682473270850         0.682473165921         0.682472508762         0.682469885364         0.682461065763         0.682434209918         0.682357797776         0.682151895927         0.681623081169         0.680320127616         0.677222138975         0.670097233604         0.653889015145         0.616307763313         0.513033649035         0.000000000000
        0.753395316638         0.716721038681         0.701430952040         0.689471921479         0.685088939410         0.683227234111         0.682638234905         0.682465716442         0.682438587933         0.682445858403         0.682457181247         0.682465115035         0.682469635177         0.682471925959         0.682473001019         0.682473473429         0.682473667605         0.682473740209         0.682473762275         0.682473764301         0.682473758765         0.682473750532         0.682473741405         0.682473732012         0.682473722558         0.682473713101         0.682473703654         0.682473694219         0.682473684794         0.682473675378         0.682473665971         0.682473656573         0.682473647184         0.682473637804         0.682473628432         0.682473619069         0.682473609715         0.682473600371         0.682473591035         0.682473581709         0.682473572392         0.682473563084         0.682473553787         0.682473544498         0.682473535219         0.682473525951         0.682473516692         0.682473507443         0.682473498204         0.682473488976         0.682473479758         0.682473470550         0.682473461352         0.682473452166         0.682473442989         0.682473433824         0.682473424670         0.682473415526         0.682473406394         0.682473397272         0.682473388162         0.682473379063         0.682473369976         0.682473360900         0.682473351836         0.682473342783         0.682473333743         0.682473324714         0.682473315697         0.682473306692         0.682473297700         0.682473288720         0.682473279752         0.682473270799         0.682473261866         0.682473252970         0.682473244158         0.682473235561         0.682473227497         0.682473220712         0.682473216795         0.682473218732         0.682473230856         0.682473254933         0.682473270850         0.682473165920         0.682472508761         0.682469885363         0.682461065760         0.682434209913         0.682357797768         0.682151895919         0.681623081174         0.680320127620         0.677222139012         0.670097233618         0.653889015097         0.616307763331         0.513033649024         0.000000000000
        0.753395316638         0.716721038681         0.701430952040         0.689471921479         0.685088939410         0.683227234111         0.682638234905         0.682465716442         0.682438587933         0.682445858403         0.682457181247         0.682465115035         0.682469635177         0.682471925959         0.682473001019         0.682473473429         0.682473667605         0.682473740209         0.682473762275         0.682473764301         0.682473758765         0.682473750532         0.682473741405         0.682473732012         0.682473722558         0.682473713101         0.682473703654         0.682473694219         0.682473684794         0.682473675378         0.682473665971         0.682473656573         0.682473647184         0.682473637804         0.682473628432         0.682473619069         0.682473609715         0.682473600371         0.682473591035         0.682473581709         0.682473572392         0.682473563084         0.682473553787         0.682473544498         0.682473535220         0.682473525951         0.682473516692         0.682473507443         0.682473498204         0.682473488976         0.682473479757         0.682473470550         0.682473461352         0.682473452166         0.682473442989         0.682473433824         0.682473424670         0.682473415526         0.682473406393         0.682473397272         0.682473388162         0.682473379063         0.682473369976         0.682473360900         0.682473351836         0.682473342783         0.682473333743         0.682473324714         0.682473315697         0.682473306693         0.682473297700         0.682473288720         0.682473279752         0.682473270799         0.682473261866         0.682473252969         0.682473244158         0.682473235561         0.682473227497         0.682473220712         0.682473216795         0.682473218732         0.682473230856         0.682473254933         0.682473270850         0.682473165920         0.682472508761         0.682469885362         0.682461065758         0.682434209908         0.682357797760         0.682151895912         0.681623081180         0.680320127623         0.677222139046         0.670097233631         0.653889015056         0.616307763346         0.513033649014         0.000000000000
        0.753400709569         0.716735109668         0.701450307817         0.689491409528         0.685107433392         0.683244965582         0.682655648646         0.682482500573         0.682454624198         0.682461405363         0.682472445429         0.682480227304         0.682484677351         0.682486942854         0.682488014348         0.682488492351         0.682488695374         0.682488777676         0.682488809484         0.682488821109         0.682488825037         0.682488826178         0.682488826372         0.682488826270         0.682488826089         0.682488825892         0.682488825694         0.682488825500         0.682488825307         0.682488825116         0.682488824925         0.682488824734         0.682488824544         0.682488824353         0.682488824163         0.682488823973         0.682488823783         0.682488823593         0.682488823403         0.682488823213         0.682488823023         0.682488822833         0.682488822644         0.682488822454         0.682488822265         0.682488822075         0.682488821886         0.682488821697         0.682488821508         0.682488821319         0.682488821130         0.682488820941         0.682488820752         0.682488820564         0.682488820375         0.682488820187         0.682488819998         0.682488819810         0.682488819622         0.682488819434         0.682488819246         0.682488819058         0.682488818870         0.682488818682         0.682488818494         0.682488818307         0.682488818119         0.682488817932         0.682488817745         0.682488817558         0.682488817370         0.682488817183         0.682488816996         0.682488816810         0.682488816631         0.682488816476         0.682488816392         0.682488816508         0.682488817148         0.682488819062         0.682488823844         0.682488834454         0.682488855075         0.682488886924         0.682488908268         0.682488802352         0.682488128316         0.682485455281         0.682476526254         0.682449470330         0.682372826583         0.682166935409         0.681638054577         0.680334532979         0.677235494033         0.670109177573         0.653899121127         0.616315269819         0.513037828192         0.000000000000
        0.753400815756         0.716735353003         0.701450662162         0.689491823509         0.685107871760         0.683245425962         0.682656123001         0.682482962873         0.682455076836         0.682461837435         0.682472848290         0.682480599184         0.682485025387         0.682487274879         0.682488336964         0.682488809945         0.682489010524         0.682489091738         0.682489123111         0.682489134592         0.682489138494         0.682489139654         0.682489139881         0.682489139817         0.682489139673         0.682489139513         0.682489139352         0.682489139194         0.682489139038         0.682489138883         0.682489138728         0.682489138573         0.682489138419         0.682489138264         0.682489138110         0.682489137956         0.682489137802         0.682489137647         0.682489137493         0.682489137339         0.682489137185         0.682489137031         0.682489136877         0.682489136722         0.682489136568         0.682489136415         0.682489136261         0.682489136107         0.682489135953         0.682489135799         0.682489135645         0.682489135492         0.682489135338         0.682489135184         0.682489135031         0.682489134877         0.682489134724         0.682489134570         0.682489134417         0.682489134263         0.682489134110         0.682489133957         0.682489133804         0.682489133650         0.682489133497         0.682489133344         0.682489133191         0.682489133038         0.682489132885         0.682489132731         0.682489132578         0.682489132425         0.682489132271         0.682489132120         0.682489131977         0.682489131859         0.682489131818         0.682489131985         0.682489132688         0.682489134675         0.682489139541         0.682489150253         0.682489171259         0.682489203623         0.682489224375         0.682489116330         0.682488437779         0.682485757072         0.682476816790         0.682449748691         0.682373091319         0.682167189049         0.681638296370         0.680334756964         0.677235704586         0.670109379732         0.653899338271         0.616315517339         0.513038029842         0.000000000000
        0.753400819839         0.716735360607         0.701450671282         0.689491834787         0.685107882725         0.683245436840         0.682656135420         0.682482976983         0.682455092084         0.682461852211         0.682472863709         0.682480614194         0.682485040015         0.682487289120         0.682488350873         0.682488823617         0.682489024048         0.682489105180         0.682489136513         0.682489147975         0.682489151870         0.682489153029         0.682489153256         0.682489153193         0.682489153051         0.682489152893         0.682489152735         0.682489152579         0.682489152425         0.682489152272         0.682489152119         0.682489151967         0.682489151814         0.682489151662         0.682489151510         0.682489151358         0.682489151206         0.682489151053         0.682489150901         0.682489150749         0.682489150597         0.682489150445         0.682489150293         0.682489150142         0.682489149990         0.682489149838         0.682489149686         0.682489149535         0.682489149383         0.682489149231         0.682489149080         0.682489148928         0.682489148777         0.682489148625         0.682489148474         0.682489148322         0.682489148171         0.682489148020         0.682489147869         0.682489147717         0.682489147566         0.682489147415         0.682489147264         0.682489147113         0.682489146962         0.682489146811         0.682489146660         0.682489146509         0.682489146359         0.682489146208         0.682489146057         0.682489145905         0.682489145754         0.682489145605         0.682489145462         0.682489145343         0.682489145296         0.682489145452         0.682489146134         0.682489148092         0.682489152914         0.682489163529         0.682489184177         0.682489215871         0.682489236426         0.682489129044         0.682488451695         0.682485772462         0.682476833698         0.682449765478         0.682373105964         0.682167200696         0.681638305133         0.680334764969         0.677235712188         0.670109386219         0.653899344882         0.616315526958         0.513038039148         0.000000000000
        0.753400820052         0.716735361013         0.701450671723         0.689491835368         0.685107883271         0.683245437372         0.682656136015         0.682482977740         0.682455093135         0.682461853177         0.682472864658         0.682480615087         0.682485040885         0.682487289966         0.682488351697         0.682488824424         0.682489024843         0.682489105968         0.682489137296         0.682489148755         0.682489152649         0.682489153806         0.682489154033         0.682489153970         0.682489153827         0.682489153668         0.682489153510         0.682489153353         0.682489153198         0.682489153045         0.682489152891         0.682489152738         0.682489152585         0.682489152432         0.682489152279         0.682489152126         0.682489151974         0.682489151821         0.682489151668         0.682489151516         0.682489151363         0.682489151210         0.682489151058         0.682489150905         0.682489150753         0.682489150600         0.682489150448         0.682489150296         0.682489150143         0.682489149991         0.682489149839         0.682489149687         0.682489149535         0.682489149382         0.682489149230         0.682489149078         0.682489148926         0.682489148775         0.682489148623         0.682489148471         0.682489148319         0.682489148167         0.682489148016         0.682489147864         0.682489147712         0.682489147561         0.682489147409         0.682489147258         0.682489147106         0.682489146954         0.682489146803         0.682489146651         0.682489146499         0.682489146349         0.682489146205         0.682489146086         0.682489146039         0.682489146195         0.682489146879         0.682489148838         0.682489153664         0.682489164281         0.682489184928         0.682489216579         0.682489237111         0.682489129740         0.682488452437         0.682485773391         0.682476834808         0.682449766759         0.682373107450         0.682167202262         0.681638306544         0.680334766075         0.677235712316         0.670109386505         0.653899345432         0.616315527684         0.513038039936         0.000000000000
        0.753400820071         0.716735361053         0.701450671768         0.689491835427         0.685107883329         0.683245437429         0.682656136082         0.682482977863         0.682455093340         0.682461853333         0.682472864786         0.682480615196         0.682485040991         0.682487290070         0.682488351800         0.682488824525         0.682489024943         0.682489106067         0.682489137395         0.682489148854         0.682489152748         0.682489153905         0.682489154132         0.682489154068         0.682489153925         0.682489153766         0.682489153607         0.682489153451         0.682489153296         0.682489153142         0.682489152988         0.682489152835         0.682489152682         0.682489152529         0.682489152376         0.682489152223         0.682489152070         0.682489151917         0.682489151764         0.682489151611         0.682489151458         0.682489151305         0.682489151153         0.682489151000         0.682489150848         0.682489150695         0.682489150542         0.682489150390         0.682489150237         0.682489150085         0.682489149933         0.682489149780         0.682489149628         0.682489149476         0.682489149323         0.682489149171         0.682489149019         0.682489148867         0.682489148715         0.682489148563         0.682489148411         0.682489148259         0.682489148107         0.682489147955         0.682489147804         0.682489147652         0.682489147500         0.682489147348         0.682489147197         0.682489147045         0.682489146893         0.682489146741         0.682489146589         0.682489146439         0.682489146295         0.682489146175         0.682489146129         0.682489146285         0.682489146968         0.682489148928         0.682489153754         0.682489164371         0.682489185018         0.682489216664         0.682489237195         0.682489129826         0.682488452528         0.682485773503         0.682476834972         0.682449766972         0.682373107940         0.682167203248         0.681638307963         0.680334767374         0.677235712753         0.670109386666         0.653899345540         0.616315527765         0.513038040002         0.000000000000
        0.753400820074         0.716735361060         0.701450671778         0.689491835440         0.685107883343         0.683245437441         0.682656136097         0.682482977900         0.682455093407         0.682461853375         0.682472864813         0.682480615215         0.682485041008         0.682487290086         0.682488351817         0.682488824542         0.682489024960         0.682489106084         0.682489137411         0.682489148870         0.682489152764         0.682489153921         0.682489154148         0.682489154084         0.682489153941         0.682489153782         0.682489153623         0.682489153466         0.682489153311         0.682489153157         0.682489153004         0.682489152851         0.682489152697         0.682489152544         0.682489152391         0.682489152238         0.682489152085         0.682489151932         0.682489151779         0.682489151626         0.682489151473         0.682489151321         0.682489151168         0.682489151015         0.682489150863         0.682489150710         0.682489150557         0.682489150405         0.682489150253         0.682489150100         0.682489149948         0.682489149795         0.682489149643         0.682489149490         0.682489149338         0.682489149186         0.682489149034         0.682489148882         0.682489148730         0.682489148578         0.682489148426         0.682489148274         0.682489148122         0.682489147970         0.682489147818         0.682489147666         0.682489147514         0.682489147363         0.682489147211         0.682489147059         0.682489146907         0.682489146755         0.682489146603         0.682489146453         0.682489146309         0.682489146190         0.682489146143         0.682489146299         0.682489146982         0.682489148942         0.682489153768         0.682489164385         0.682489185032         0.682489216679         0.682489237216         0.682489129857         0.682488452578         0.682485773581         0.682476835086         0.682449767179         0.682373108230         0.682167203882         0.681638309042         0.680334768086         0.677235712775         0.670109386658         0.653899345549         0.616315527776         0.513038040013         0.000000000000
        0.753400820076         0.716735361063         0.701450671782         0.689491835445         0.685107883347         0.683245437446         0.682656136102         0.682482977914         0.682455093433         0.682461853390         0.682472864821         0.682480615219         0.682485041011         0.682487290089         0.682488351819         0.682488824545         0.682489024963         0.682489106087         0.682489137414         0.682489148873         0.682489152767         0.682489153924         0.682489154151         0.682489154087         0.682489153944         0.682489153785         0.682489153626         0.682489153469         0.682489153314         0.682489153161         0.682489153007         0.682489152854         0.682489152700         0.682489152547         0.682489152394         0.682489152241         0.682489152088         0.682489151935         0.682489151782         0.682489151629         0.682489151476         0.682489151324         0.682489151171         0.682489151018         0.682489150866         0.682489150713         0.682489150560         0.682489150408         0.682489150255         0.682489150103         0.682489149950         0.682489149798         0.682489149646         0.682489149493         0.682489149341         0.682489149189         0.682489149037         0.682489148884         0.682489148732         0.682489148580         0.682489148428         0.682489148276         0.682489148124         0.682489147973         0.682489147821         0.682489147669         0.682489147517         0.682489147365         0.682489147213         0.682489147062         0.682489146910         0.682489146758         0.682489146606         0.682489146455         0.682489146312         0.682489146192         0.682489146145         0.682489146301         0.682489146985         0.682489148944         0.682489153770         0.682489164388         0.682489185035         0.682489216683         0.682489237221         0.682489129866         0.682488452592         0.682485773602         0.682476835112         0.682449767179         0.682373108113         0.682167203631         0.681638308624         0.680334767712         0.677235712632         0.670109386632         0.653899345537         0.616315527767         0.513038040008         0.000000000000
        0.753400820076         0.716735361064         0.701450671783         0.689491835446         0.685107883349         0.683245437447         0.682656136104         0.682482977920         0.682455093444         0.682461853397         0.682472864824         0.682480615221         0.682485041012         0.682487290090         0.682488351820         0.682488824545         0.682489024963         0.682489106087         0.682489137415         0.682489148874         0.682489152767         0.682489153924         0.682489154151         0.682489154088         0.682489153945         0.682489153786         0.682489153627         0.682489153470         0.682489153315         0.682489153161         0.682489153007         0.682489152854         0.682489152701         0.682489152548         0.682489152395         0.682489152242         0.682489152089         0.682489151936         0.682489151783         0.682489151630         0.682489151477         0.682489151324         0.682489151171         0.682489151019         0.682489150866         0.682489150713         0.682489150561         0.682489150408         0.682489150256         0.682489150103         0.682489149951         0.682489149798         0.682489149646         0.682489149494         0.682489149342         0.682489149189         0.682489149037         0.682489148885         0.682489148733         0.682489148581         0.682489148429         0.682489148277         0.682489148125         0.682489147973         0.682489147821         0.682489147669         0.682489147518         0.682489147366         0.682489147214         0.682489147062         0.682489146910         0.682489146758         0.682489146606         0.682489146456         0.682489146312         0.682489146192         0.682489146145         0.682489146302         0.682489146985         0.682489148945         0.682489153771         0.682489164389         0.682489185036         0.682489216684         0.682489237222         0.682489129867         0.682488452595         0.682485773605         0.682476835116         0.682449767181         0.682373108105         0.682167203633         0.681638308641         0.680334767709         0.677235712652         0.670109386643         0.653899345543         0.616315527768         0.513038040009         0.000000000000
        0.753400820076         0.716735361064         0.701450671784         0.689491835447         0.685107883350         0.683245437448         0.682656136105         0.682482977922         0.682455093449         0.682461853399         0.682472864825         0.682480615221         0.682485041012         0.682487290090         0.682488351820         0.682488824546         0.682489024963         0.682489106087         0.682489137415         0.682489148874         0.682489152768         0.682489153924         0.682489154151         0.682489154088         0.682489153945         0.682489153786         0.682489153627         0.682489153470         0.682489153315         0.682489153161         0.682489153008         0.682489152854         0.682489152701         0.682489152548         0.682489152395         0.682489152242         0.682489152089         0.682489151936         0.682489151783         0.682489151630         0.682489151477         0.682489151324         0.682489151172         0.682489151019         0.682489150866         0.682489150714         0.682489150561         0.682489150408         0.682489150256         0.682489150104         0.682489149951         0.682489149799         0.682489149646         0.682489149494         0.682489149342         0.682489149189         0.682489149037         0.682489148885         0.682489148733         0.682489148581         0.682489148429         0.682489148277         0.682489148125         0.682489147973         0.682489147821         0.682489147669         0.682489147518         0.682489147366         0.682489147214         0.682489147062         0.682489146910         0.682489146758         0.682489146606         0.682489146456         0.682489146312         0.682489146192         0.682489146146         0.682489146302         0.682489146985         0.682489148945         0.682489153771         0.682489164389         0.682489185036         0.682489216684         0.682489237222         0.682489129868         0.682488452595         0.682485773606         0.682476835117         0.682449767181         0.682373108104         0.682167203636         0.681638308648         0.680334767714         0.677235712659         0.670109386647         0.653899345544         0.616315527769         0.513038040009         0.000000000000
        0.753400820077         0.716735361065         0.701450671784         0.689491835447         0.685107883350         0.683245437448         0.682656136105         0.682482977923         0.682455093451         0.682461853400         0.682472864826         0.682480615221         0.682485041012         0.682487290090         0.682488351820         0.682488824546         0.682489024963         0.682489106087         0.682489137415         0.682489148874         0.682489152768         0.682489153925         0.682489154151         0.682489154088         0.682489153945         0.682489153786         0.682489153627         0.682489153470         0.682489153315         0.682489153161         0.682489153008         0.682489152854         0.682489152701         0.682489152548         0.682489152395         0.682489152242         0.682489152089         0.682489151936         0.682489151783         0.682489151630         0.682489151477         0.682489151324         0.682489151171         0.682489151019         0.682489150866         0.682489150713         0.682489150561         0.682489150408         0.682489150256         0.682489150103         0.682489149951         0.682489149799         0.682489149646         0.682489149494         0.682489149342         0.682489149189         0.682489149037         0.682489148885         0.682489148733         0.682489148581         0.682489148429         0.682489148277         0.682489148125         0.682489147973         0.682489147821         0.682489147669         0.682489147518         0.682489147366         0.682489147214         0.682489147062         0.682489146910         0.682489146758         0.682489146606         0.682489146456         0.682489146312         0.682489146193         0.682489146146         0.682489146302         0.682489146985         0.682489148945         0.682489153771         0.682489164389         0.682489185036         0.682489216684         0.682489237222         0.682489129868         0.682488452595         0.682485773606         0.682476835118         0.682449767181         0.682373108103         0.682167203638         0.681638308651         0.680334767716         0.677235712661         0.670109386647         0.653899345544         0.616315527769         0.513038040009         0.000000000000
        0.753400820076         0.716735361065         0.701450671784         0.689491835448         0.685107883351         0.683245437448         0.682656136105         0.682482977924         0.682455093451         0.682461853401         0.682472864826         0.682480615222         0.682485041012         0.682487290090         0.682488351820         0.682488824546         0.682489024963         0.682489106087         0.682489137415         0.682489148874         0.682489152768         0.682489153925         0.682489154151         0.682489154088         0.682489153945         0.682489153786         0.682489153627         0.682489153470         0.682489153315         0.682489153161         0.682489153008         0.682489152854         0.682489152701         0.682489152548         0.682489152395         0.682489152242         0.682489152089         0.682489151936         0.682489151783         0.682489151630         0.682489151477         0.682489151324         0.682489151172         0.682489151019         0.682489150866         0.682489150714         0.682489150561         0.682489150408         0.682489150256         0.682489150104         0.682489149951         0.682489149799         0.682489149646         0.682489149494         0.682489149342         0.682489149189         0.682489149037         0.682489148885         0.682489148733         0.682489148581         0.682489148429         0.682489148277         0.682489148125         0.682489147973         0.682489147821         0.682489147670         0.682489147518         0.682489147366         0.682489147214         0.682489147062         0.682489146910         0.682489146758         0.682489146606         0.682489146456         0.682489146312         0.682489146193         0.682489146146         0.682489146302         0.682489146985         0.682489148945         0.682489153771         0.682489164389         0.682489185036         0.682489216684         0.682489237222         0.682489129868         0.682488452595         0.682485773606         0.682476835118         0.682449767181         0.682373108103         0.682167203638         0.681638308652         0.680334767717         0.677235712662         0.670109386648         0.653899345544         0.616315527769         0.513038040009         0.000000000000
        0.753400820076         0.716735361065         0.701450671784         0.689491835448         0.685107883351         0.683245437448         0.682656136105         0.682482977924         0.682455093452         0.682461853401         0.682472864826         0.682480615221         0.682485041012         0.682487290090         0.682488351820         0.682488824546         0.682489024963         0.682489106087         0.682489137415         0.682489148874         0.682489152768         0.682489153925         0.682489154151         0.682489154088         0.682489153945         0.682489153786         0.682489153627         0.682489153470         0.682489153315         0.682489153161         0.682489153008         0.682489152854         0.682489152701         0.682489152548         0.682489152395         0.682489152242         0.682489152089         0.682489151936         0.682489151783         0.682489151630         0.682489151477         0.682489151324         0.682489151172         0.682489151019         0.682489150866         0.682489150714         0.682489150561         0.682489150408         0.682489150256         0.682489150103         0.682489149951         0.682489149799         0.682489149646         0.682489149494         0.682489149342         0.682489149189         0.682489149037         0.682489148885         0.682489148733         0.682489148581         0.682489148429         0.682489148277         0.682489148125         0.682489147973         0.682489147821         0.682489147669         0.682489147518         0.682489147366         0.682489147214         0.682489147063         0.682489146910         0.682489146758         0.682489146606         0.682489146456         0.682489146312         0.682489146193         0.682489146146         0.682489146302         0.682489146985         0.682489148945         0.682489153771         0.682489164389         0.682489185036         0.682489216684         0.682489237222         0.682489129868         0.682488452595         0.682485773607         0.682476835118         0.682449767181         0.682373108103         0.682167203638         0.681638308653         0.680334767718         0.677235712662         0.670109386648         0.653899345545         0.616315527769         0.513038040009         0.000000000000
        0.753400820076         0.716735361065         0.701450671784         0.689491835448         0.685107883351         0.683245437448         0.682656136105         0.682482977924         0.682455093452         0.682461853401         0.682472864826         0.682480615222         0.682485041012         0.682487290090         0.682488351820         0.682488824546         0.682489024964         0.682489106087         0.682489137415         0.682489148874         0.682489152768         0.682489153925         0.682489154151         0.682489154088         0.682489153945         0.682489153786         0.682489153627         0.682489153470         0.682489153315         0.682489153161         0.682489153008         0.682489152854         0.682489152701         0.682489152548         0.682489152395         0.682489152242         0.682489152089         0.682489151936         0.682489151783         0.682489151630         0.682489151477         0.682489151324         0.682489151172         0.682489151019         0.682489150866         0.682489150714         0.682489150561         0.682489150408         0.682489150256         0.682489150104         0.682489149951         0.682489149799         0.682489149646         0.682489149494         0.682489149342         0.682489149190         0.682489149037         0.682489148885         0.682489148733         0.682489148581         0.682489148429         0.682489148277         0.682489148125         0.682489147973         0.682489147821         0.682489147669         0.682489147518         0.682489147366         0.682489147214         0.682489147062         0.682489146910         0.682489146758         0.682489146606         0.682489146456         0.682489146312         0.682489146193         0.682489146146         0.682489146302         0.682489146985         0.682489148945         0.682489153771         0.682489164389         0.682489185036         0.682489216684         0.682489237222         0.682489129868         0.682488452595         0.682485773606         0.682476835118         0.682449767181         0.682373108103         0.682167203638         0.681638308653         0.680334767718         0.677235712662         0.670109386648         0.653899345544         0.616315527769         0.513038040009         0.000000000000
        0.753400820076         0.716735361065         0.701450671784         0.689491835448         0.685107883351         0.683245437448         0.682656136105         0.682482977924         0.682455093452         0.682461853401         0.682472864826         0.682480615222         0.682485041012         0.682487290091         0.682488351820         0.682488824546         0.682489024964         0.682489106087         0.682489137415         0.682489148874         0.682489152768         0.682489153924         0.682489154151         0.682489154088         0.682489153945         0.682489153786         0.682489153627         0.682489153470         0.682489153315         0.682489153161         0.682489153008         0.682489152854         0.682489152701         0.682489152548         0.682489152395         0.682489152242         0.682489152089         0.682489151936         0.682489151783         0.682489151630         0.682489151477         0.682489151324         0.682489151172         0.682489151019         0.682489150866         0.682489150714         0.682489150561         0.682489150408         0.682489150256         0.682489150104         0.682489149951         0.682489149799         0.682489149646         0.682489149494         0.682489149342         0.682489149190         0.682489149037         0.682489148885         0.682489148733         0.682489148581         0.682489148429         0.682489148277         0.682489148125         0.682489147973         0.682489147821         0.682489147669         0.682489147518         0.682489147366         0.682489147214         0.682489147062         0.682489146910         0.682489146758         0.682489146606         0.682489146456         0.682489146312         0.682489146193         0.682489146146         0.682489146302         0.682489146985         0.682489148945         0.682489153771         0.682489164389         0.682489185036         0.682489216684         0.682489237222         0.682489129868         0.682488452595         0.682485773606         0.682476835118         0.682449767181         0.682373108103         0.682167203638         0.681638308653         0.680334767717         0.677235712662         0.670109386648         0.653899345544         0.616315527769         0.513038040009         0.000000000000
        0.753400820076         0.716735361065         0.701450671784         0.689491835448         0.685107883351         0.683245437448         0.682656136105         0.682482977924         0.682455093452         0.682461853401         0.682472864826         0.682480615222         0.682485041012         0.682487290090         0.682488351820         0.682488824546         0.682489024964         0.682489106087         0.682489137415         0.682489148874         0.682489152768         0.682489153925         0.682489154151         0.682489154088         0.682489153945         0.682489153786         0.682489153627         0.682489153470         0.682489153315         0.682489153161         0.682489153008         0.682489152854         0.682489152701         0.682489152548         0.682489152395         0.682489152242         0.682489152089         0.682489151936         0.682489151783         0.682489151630         0.682489151477         0.682489151324         0.682489151171         0.682489151019         0.682489150866         0.682489150713         0.682489150561         0.682489150408         0.682489150256         0.682489150104         0.682489149951         0.682489149799         0.682489149646         0.682489149494         0.682489149342         0.682489149189         0.682489149037         0.682489148885         0.682489148733         0.682489148581         0.682489148429         0.682489148277         0.682489148125         0.682489147973         0.682489147821         0.682489147669         0.682489147518         0.682489147366         0.682489147214         0.682489147062         0.682489146910         0.682489146759         0.682489146607         0.682489146456         0.682489146312         0.682489146193         0.682489146146         0.682489146302         0.682489146985         0.682489148945         0.682489153771         0.682489164389         0.682489185036         0.682489216684         0.682489237222         0.682489129868         0.682488452595         0.682485773607         0.682476835118         0.682449767181         0.682373108103         0.682167203638         0.681638308653         0.680334767717         0.677235712662         0.670109386648         0.653899345544         0.616315527769         0.513038040009         0.000000000000
        0.753400820076         0.716735361065         0.701450671784         0.689491835448         0.685107883351         0.683245437448         0.682656136105         0.682482977924         0.682455093452         0.682461853401         0.682472864826         0.682480615222         0.682485041012         0.682487290090         0.682488351820         0.682488824546         0.682489024963         0.682489106087         0.682489137415         0.682489148874         0.682489152768         0.682489153925         0.682489154151         0.682489154088         0.682489153945         0.682489153786         0.682489153627         0.682489153470         0.682489153315         0.682489153161         0.682489153008         0.682489152854         0.682489152701         0.682489152548         0.682489152395         0.682489152242         0.682489152089         0.682489151936         0.682489151783         0.682489151630         0.682489151477         0.682489151324         0.682489151172         0.682489151019         0.682489150866         0.682489150713         0.682489150561         0.682489150408         0.682489150256         0.682489150103         0.682489149951         0.682489149799         0.682489149646         0.682489149494         0.682489149342         0.682489149189         0.682489149037         0.682489148885         0.682489148733         0.682489148581         0.682489148429         0.682489148277         0.682489148125         0.682489147973         0.682489147821         0.682489147670         0.682489147518         0.682489147366         0.682489147214         0.682489147062         0.682489146910         0.682489146758         0.682489146606         0.682489146456         0.682489146312         0.682489146193         0.682489146146         0.682489146302         0.682489146985         0.682489148945         0.682489153771         0.682489164389         0.682489185036         0.682489216684         0.682489237222         0.682489129868         0.682488452595         0.682485773607         0.682476835118         0.682449767181         0.682373108103         0.682167203638         0.681638308653         0.680334767718         0.677235712662         0.670109386648         0.653899345544         0.616315527769         0.513038040009         0.000000000000
        0.753400924228         0.716735678719         0.701451090678         0.689492242946         0.685108270841         0.683245829882         0.682656524867         0.682483357341         0.682455462338         0.682462214482         0.682473218724         0.682480965083         0.682485386835         0.682487633048         0.682488692913         0.682489164630         0.682489364595         0.682489445592         0.682489476961         0.682489488542         0.682489492589         0.682489493911         0.682489494305         0.682489494407         0.682489494428         0.682489494432         0.682489494435         0.682489494439         0.682489494445         0.682489494452         0.682489494460         0.682489494467         0.682489494475         0.682489494482         0.682489494490         0.682489494497         0.682489494505         0.682489494513         0.682489494520         0.682489494528         0.682489494535         0.682489494543         0.682489494550         0.682489494558         0.682489494565         0.682489494573         0.682489494581         0.682489494588         0.682489494596         0.682489494603         0.682489494611         0.682489494619         0.682489494626         0.682489494634         0.682489494641         0.682489494649         0.682489494656         0.682489494664         0.682489494672         0.682489494679         0.682489494687         0.682489494694         0.682489494702         0.682489494709         0.682489494717         0.682489494725         0.682489494732         0.682489494740         0.682489494747         0.682489494755         0.682489494762         0.682489494769         0.682489494776         0.682489494784         0.682489494798         0.682489494833         0.682489494934         0.682489495227         0.682489496023         0.682489498057         0.682489502897         0.682489513440         0.682489533851         0.682489565018         0.682489584860         0.682489476136         0.682488797643         0.682486116945         0.682477176558         0.682450106183         0.682373442674         0.682167529646         0.681638622675         0.680335064730         0.677235983006         0.670109617764         0.653899531597         0.616315656026         0.513038107007         0.000000000000
        0.753400931171         0.716735692652         0.701451112815         0.689492271845         0.685108298881         0.683245857606         0.682656549692         0.682483380274         0.682455483276         0.682462234028         0.682473237248         0.682480983344         0.682485405469         0.682487651629         0.682488711439         0.682489182987         0.682489382776         0.682489463623         0.682489494889         0.682489506405         0.682489510413         0.682489511709         0.682489512085         0.682489512174         0.682489512183         0.682489512176         0.682489512169         0.682489512163         0.682489512158         0.682489512154         0.682489512151         0.682489512148         0.682489512145         0.682489512141         0.682489512138         0.682489512135         0.682489512132         0.682489512129         0.682489512126         0.682489512122         0.682489512119         0.682489512116         0.682489512113         0.682489512110         0.682489512107         0.682489512104         0.682489512101         0.682489512097         0.682489512094         0.682489512091         0.682489512088         0.682489512085         0.682489512082         0.682489512079         0.682489512075         0.682489512072         0.682489512069         0.682489512066         0.682489512063         0.682489512060         0.682489512057         0.682489512053         0.682489512050         0.682489512047         0.682489512044         0.682489512041         0.682489512038         0.682489512035         0.682489512031         0.682489512028         0.682489512025         0.682489512021         0.682489512017         0.682489512015         0.682489512017         0.682489512040         0.682489512130         0.682489512409         0.682489513193         0.682489515213         0.682489520035         0.682489530553         0.682489550848         0.682489581941         0.682489601776         0.682489492984         0.682488814262         0.682486133186         0.682477192523         0.682450121785         0.682373457867         0.682167544075         0.681638636541         0.680335078855         0.677235998247         0.670109635882         0.653899554364         0.616315681145         0.513038125103         0.000000000000
        0.753400932264         0.716735694193         0.701451114945         0.689492274480         0.685108301255         0.683245859892         0.682656551400         0.682483381789         0.682455484620         0.682462235150         0.682473238206         0.682480984151         0.682485406152         0.682487652487         0.682488712285         0.682489183812         0.682489383573         0.682489464404         0.682489495659         0.682489507167         0.682489511171         0.682489512465         0.682489512840         0.682489512928         0.682489512937         0.682489512930         0.682489512922         0.682489512916         0.682489512911         0.682489512908         0.682489512904         0.682489512901         0.682489512898         0.682489512895         0.682489512892         0.682489512888         0.682489512885         0.682489512882         0.682489512879         0.682489512876         0.682489512872         0.682489512869         0.682489512866         0.682489512863         0.682489512860         0.682489512857         0.682489512853         0.682489512850         0.682489512847         0.682489512844         0.682489512841         0.682489512837         0.682489512834         0.682489512831         0.682489512828         0.682489512825         0.682489512822         0.682489512818         0.682489512815         0.682489512812         0.682489512809         0.682489512806         0.682489512803         0.682489512799         0.682489512796         0.682489512793         0.682489512790         0.682489512787         0.682489512783         0.682489512780         0.682489512777         0.682489512773         0.682489512769         0.682489512766         0.682489512768         0.682489512791         0.682489512879         0.682489513157         0.682489513939         0.682489515957         0.682489520772         0.682489531282         0.682489551563         0.682489582647         0.682489602476         0.682489493687         0.682488814948         0.682486133870         0.682477193216         0.682450122508         0.682373458636         0.682167544896         0.681638637441         0.680335079910         0.677235999561         0.670109637851         0.653899557240         0.616315684858         0.513038128171         0.000000000000
        0.753400932428         0.716735694404         0.701451115188         0.689492274806         0.685108301550         0.683245860168         0.682656551598         0.682483381967         0.682455484781         0.682462235288         0.682473238318         0.682480984234         0.682485406205         0.682487652544         0.682488712351         0.682489183888         0.682489383659         0.682489464494         0.682489495750         0.682489507259         0.682489511262         0.682489512556         0.682489512931         0.682489513019         0.682489513028         0.682489513021         0.682489513013         0.682489513007         0.682489513003         0.682489512999         0.682489512996         0.682489512993         0.682489512989         0.682489512986         0.682489512983         0.682489512980         0.682489512977         0.682489512974         0.682489512971         0.682489512967         0.682489512964         0.682489512961         0.682489512958         0.682489512955         0.682489512952         0.682489512949         0.682489512946         0.682489512942         0.682489512939         0.682489512936         0.682489512933         0.682489512930         0.682489512927         0.682489512924         0.682489512921         0.682489512917         0.682489512914         0.682489512911         0.682489512908         0.682489512905         0.682489512902         0.682489512899         0.682489512895         0.682489512892         0.682489512889         0.682489512886         0.682489512883         0.682489512880         0.682489512877         0.682489512873         0.682489512870         0.682489512866         0.682489512862         0.682489512859         0.682489512862         0.682489512884         0.682489512973         0.682489513252         0.682489514034         0.682489516054         0.682489520873         0.682489531392         0.682489551679         0.682489582765         0.682489602586         0.682489493785         0.682488815034         0.682486133953         0.682477193306         0.682450122613         0.682373458759         0.682167545042         0.681638637609         0.680335080106         0.677235999816         0.670109638255         0.653899557880         0.616315685714         0.513038128924         0.000000000000
        0.753400932454         0.716735694436         0.701451115220         0.689492274856         0.685108301596         0.683245860208         0.682656551626         0.682483381993         0.682455484804         0.682462235308         0.682473238334         0.682480984246         0.682485406214         0.682487652551         0.682488712360         0.682489183900         0.682489383668         0.682489464502         0.682489495757         0.682489507265         0.682489511268         0.682489512562         0.682489512937         0.682489513025         0.682489513034         0.682489513027         0.682489513019         0.682489513013         0.682489513009         0.682489513005         0.682489513002         0.682489512999         0.682489512995         0.682489512992         0.682489512989         0.682489512986         0.682489512983         0.682489512980         0.682489512977         0.682489512974         0.682489512971         0.682489512967         0.682489512964         0.682489512961         0.682489512958         0.682489512955         0.682489512952         0.682489512949         0.682489512946         0.682489512942         0.682489512939         0.682489512936         0.682489512933         0.682489512930         0.682489512927         0.682489512924         0.682489512921         0.682489512918         0.682489512915         0.682489512911         0.682489512908         0.682489512905         0.682489512902         0.682489512899         0.682489512896         0.682489512893         0.682489512890         0.682489512886         0.682489512883         0.682489512880         0.682489512877         0.682489512873         0.682489512869         0.682489512866         0.682489512869         0.682489512891         0.682489512981         0.682489513260         0.682489514043         0.682489516064         0.682489520885         0.682489531408         0.682489551704         0.682489582794         0.682489602612         0.682489493808         0.682488815057         0.682486133975         0.682477193334         0.682450122654         0.682373458817         0.682167545119         0.681638637693         0.680335080230         0.677235999899         0.670109638362         0.653899558058         0.616315685945         0.513038129128         0.000000000000
        0.753400932458         0.716735694441         0.701451115225         0.689492274865         0.685108301604         0.683245860215         0.682656551630         0.682483381997         0.682455484808         0.682462235311         0.682473238336         0.682480984247         0.682485406214         0.682487652550         0.682488712360         0.682489183900         0.682489383668         0.682489464502         0.682489495757         0.682489507265         0.682489511268         0.682489512562         0.682489512937         0.682489513025         0.682489513034         0.682489513027         0.682489513020         0.682489513014         0.682489513009         0.682489513005         0.682489513002         0.682489512999         0.682489512996         0.682489512993         0.682489512990         0.682489512986         0.682489512983         0.682489512980         0.682489512977         0.682489512974         0.682489512971         0.682489512968         0.682489512965         0.682489512962         0.682489512958         0.682489512955         0.682489512952         0.682489512949         0.682489512946         0.682489512943         0.682489512940         0.682489512937         0.682489512934         0.682489512931         0.682489512927         0.682489512924         0.682489512921         0.682489512918         0.682489512915         0.682489512912         0.682489512909         0.682489512906         0.682489512902         0.682489512899         0.682489512896         0.682489512893         0.682489512890         0.682489512887         0.682489512884         0.682489512881         0.682489512877         0.682489512874         0.682489512870         0.682489512867         0.682489512869         0.682489512892         0.682489512981         0.682489513260         0.682489514044         0.682489516064         0.682489520886         0.682489531409         0.682489551706         0.682489582796         0.682489602616         0.682489493811         0.682488815063         0.682486133982         0.682477193342         0.682450122665         0.682373458831         0.682167545136         0.681638637715         0.680335080257         0.677235999931         0.670109638401         0.653899558116         0.616315686020         0.513038129194         0.000000000000
        0.753400932459         0.716735694442         0.701451115226         0.689492274866         0.685108301605         0.683245860216         0.682656551631         0.682483381997         0.682455484809         0.682462235311         0.682473238337         0.682480984246         0.682485406214         0.682487652550         0.682488712359         0.682489183900         0.682489383667         0.682489464502         0.682489495757         0.682489507265         0.682489511268         0.682489512562         0.682489512937         0.682489513025         0.682489513034         0.682489513027         0.682489513019         0.682489513013         0.682489513009         0.682489513005         0.682489513002         0.682489512999         0.682489512996         0.682489512993         0.682489512989         0.682489512986         0.682489512983         0.682489512980         0.682489512977         0.682489512974         0.682489512971         0.682489512968         0.682489512965         0.682489512961         0.682489512958         0.682489512955         0.682489512952         0.682489512949         0.682489512946         0.682489512943         0.682489512940         0.682489512936         0.682489512933         0.682489512930         0.682489512927         0.682489512924         0.682489512921         0.682489512918         0.682489512915         0.682489512912         0.682489512909         0.682489512906         0.682489512902         0.682489512899         0.682489512896         0.682489512893         0.682489512890         0.682489512887         0.682489512884         0.682489512880         0.682489512877         0.682489512873         0.682489512869         0.682489512867         0.682489512869         0.682489512892         0.682489512981         0.682489513260         0.682489514044         0.682489516065         0.682489520886         0.682489531410         0.682489551709         0.682489582800         0.682489602623         0.682489493823         0.682488815085         0.682486134012         0.682477193367         0.682450122676         0.682373458844         0.682167545145         0.681638637725         0.680335080266         0.677235999943         0.670109638415         0.653899558136         0.616315686046         0.513038129218         0.000000000000
        0.753400932459         0.716735694442         0.701451115226         0.689492274867         0.685108301606         0.683245860216         0.682656551631         0.682483381997         0.682455484809         0.682462235311         0.682473238336         0.682480984246         0.682485406214         0.682487652550         0.682488712359         0.682489183899         0.682489383667         0.682489464502         0.682489495757         0.682489507265         0.682489511268         0.682489512562         0.682489512937         0.682489513025         0.682489513034         0.682489513027         0.682489513019         0.682489513013         0.682489513009         0.682489513005         0.682489513002         0.682489512999         0.682489512995         0.682489512992         0.682489512989         0.682489512986         0.682489512983         0.682489512980         0.682489512977         0.682489512974         0.682489512971         0.682489512968         0.682489512964         0.682489512961         0.682489512958         0.682489512955         0.682489512952         0.682489512949         0.682489512946         0.682489512943         0.682489512940         0.682489512936         0.682489512933         0.682489512930         0.682489512927         0.682489512924         0.682489512921         0.682489512918         0.682489512915         0.682489512912         0.682489512909         0.682489512905         0.682489512902         0.682489512899         0.682489512896         0.682489512893         0.682489512890         0.682489512887         0.682489512884         0.682489512880         0.682489512877         0.682489512873         0.682489512870         0.682489512867         0.682489512869         0.682489512892         0.682489512981         0.682489513260         0.682489514043         0.682489516064         0.682489520886         0.682489531409         0.682489551707         0.682489582798         0.682489602618         0.682489493815         0.682488815078         0.682486134004         0.682477193369         0.682450122685         0.682373458850         0.682167545151         0.681638637731         0.680335080273         0.677235999948         0.670109638421         0.653899558143         0.616315686055         0.513038129226         0.000000000000
        0.753400932214         0.716735693811         0.701451114227         0.689492272820         0.685108299313         0.683245859043         0.682656550867         0.682483381314         0.682455484172         0.682462234621         0.682473237512         0.682480983374         0.682485405144         0.682487651368         0.682488711128         0.682489182645         0.682489382405         0.682489463237         0.682489494493         0.682489506004         0.682489510010         0.682489511306         0.682489511684         0.682489511775         0.682489511788         0.682489511783         0.682489511779         0.682489511776         0.682489511775         0.682489511774         0.682489511774         0.682489511774         0.682489511774         0.682489511774         0.682489511774         0.682489511774         0.682489511773         0.682489511773         0.682489511773         0.682489511774         0.682489511773         0.682489511773         0.682489511773         0.682489511773         0.682489511773         0.682489511773         0.682489511773         0.682489511773         0.682489511773         0.682489511773         0.682489511773         0.682489511773         0.682489511773         0.682489511773         0.682489511773         0.682489511773         0.682489511773         0.682489511773         0.682489511773         0.682489511773         0.682489511773         0.682489511773         0.682489511773         0.682489511773         0.682489511773         0.682489511773         0.682489511773         0.682489511773         0.682489511773         0.682489511773         0.682489511772         0.682489511772         0.682489511771         0.682489511771         0.682489511777         0.682489511804         0.682489511897         0.682489512180         0.682489512969         0.682489514996         0.682489519826         0.682489530361         0.682489550678         0.682489581789         0.682489601623         0.682489492807         0.682488814029         0.682486132973         0.682477192344         0.682450121675         0.682373457850         0.682167544198         0.681638636836         0.680335079438         0.677235999255         0.670109637875         0.653899557792         0.616315685820         0.513038129129         0.000000000000
        0.753400933659         0.716735697689         0.701451120012         0.689492279773         0.685108306997         0.683245866991         0.682656558957         0.682483389518         0.682455492349         0.682462242720         0.682473245585         0.682480991502         0.682485413254         0.682487659431         0.682488719116         0.682489190568         0.682489390314         0.682489471125         0.682489502372         0.682489513878         0.682489517882         0.682489519178         0.682489519556         0.682489519647         0.682489519659         0.682489519655         0.682489519650         0.682489519647         0.682489519646         0.682489519645         0.682489519645         0.682489519645         0.682489519645         0.682489519645         0.682489519645         0.682489519645         0.682489519645         0.682489519645         0.682489519645         0.682489519645         0.682489519645         0.682489519645         0.682489519645         0.682489519645         0.682489519645         0.682489519645         0.682489519645         0.682489519645         0.682489519645         0.682489519645         0.682489519645         0.682489519645         0.682489519645         0.682489519645         0.682489519645         0.682489519645         0.682489519645         0.682489519645         0.682489519645         0.682489519645         0.682489519645         0.682489519645         0.682489519645         0.682489519645         0.682489519645         0.682489519645         0.682489519645         0.682489519645         0.682489519645         0.682489519645         0.682489519645         0.682489519644         0.682489519643         0.682489519643         0.682489519649         0.682489519675         0.682489519767         0.682489520050         0.682489520837         0.682489522862         0.682489527688         0.682489538219         0.682489558505         0.682489589616         0.682489609451         0.682489500649         0.682488821895         0.682486140810         0.682477200073         0.682450129281         0.682373465293         0.682167551419         0.681638643702         0.680335085795         0.677236004884         0.670109642694         0.653899561562         0.616315688483         0.513038130606         0.000000000000
        0.753400933931         0.716735698147         0.701451120772         0.689492280677         0.685108307883         0.683245867902         0.682656559789         0.682483390230         0.682455493052         0.682462243410         0.682473246151         0.682480991993         0.682485413693         0.682487659845         0.682488719535         0.682489190996         0.682489390715         0.682489471520         0.682489502760         0.682489514260         0.682489518260         0.682489519554         0.682489519931         0.682489520021         0.682489520033         0.682489520029         0.682489520024         0.682489520021         0.682489520020         0.682489520019         0.682489520019         0.682489520019         0.682489520019         0.682489520019         0.682489520019         0.682489520019         0.682489520019         0.682489520019         0.682489520019         0.682489520019         0.682489520019         0.682489520019         0.682489520019         0.682489520019         0.682489520019         0.682489520019         0.682489520019         0.682489520019         0.682489520019         0.682489520019         0.682489520019         0.682489520019         0.682489520019         0.682489520019         0.682489520019         0.682489520019         0.682489520019         0.682489520019         0.682489520019         0.682489520019         0.682489520019         0.682489520019         0.682489520019         0.682489520019         0.682489520019         0.682489520019         0.682489520019         0.682489520019         0.682489520019         0.682489520019         0.682489520019         0.682489520018         0.682489520017         0.682489520018         0.682489520023         0.682489520049         0.682489520141         0.682489520424         0.682489521211         0.682489523236         0.682489528063         0.682489538595         0.682489558910         0.682489590028         0.682489609871         0.682489501042         0.682488822286         0.682486141203         0.682477200473         0.682450129674         0.682373465679         0.682167551806         0.681638644099         0.680335086223         0.677236005432         0.670109643405         0.653899562443         0.616315689431         0.513038131260         0.000000000000
        0.753400933976         0.716735698204         0.701451120845         0.689492280763         0.685108307966         0.683245867985         0.682656559864         0.682483390280         0.682455493088         0.682462243455         0.682473246207         0.682480992045         0.682485413734         0.682487659874         0.682488719557         0.682489191015         0.682489390735         0.682489471540         0.682489502780         0.682489514279         0.682489518279         0.682489519572         0.682489519948         0.682489520038         0.682489520051         0.682489520046         0.682489520042         0.682489520039         0.682489520037         0.682489520037         0.682489520037         0.682489520037         0.682489520037         0.682489520036         0.682489520036         0.682489520036         0.682489520036         0.682489520037         0.682489520036         0.682489520037         0.682489520037         0.682489520037         0.682489520037         0.682489520037         0.682489520037         0.682489520037         0.682489520037         0.682489520037         0.682489520037         0.682489520037         0.682489520037         0.682489520037         0.682489520037         0.682489520037         0.682489520037         0.682489520037         0.682489520037         0.682489520036         0.682489520037         0.682489520037         0.682489520037         0.682489520037         0.682489520037         0.682489520036         0.682489520036         0.682489520037         0.682489520037         0.682489520037         0.682489520036         0.682489520036         0.682489520036         0.682489520035         0.682489520035         0.682489520035         0.682489520040         0.682489520066         0.682489520159         0.682489520441         0.682489521228         0.682489523254         0.682489528081         0.682489538613         0.682489558928         0.682489590048         0.682489609892         0.682489501063         0.682488822307         0.682486141225         0.682477200495         0.682450129699         0.682373465709         0.682167551844         0.681638644145         0.680335086295         0.677236005549         0.670109643551         0.653899562599         0.616315689598         0.513038131401         0.000000000000
        0.753400933981         0.716735698211         0.701451120851         0.689492280773         0.685108307976         0.683245867994         0.682656559872         0.682483390286         0.682455493092         0.682462243460         0.682473246214         0.682480992052         0.682485413740         0.682487659879         0.682488719560         0.682489191018         0.682489390737         0.682489471543         0.682489502782         0.682489514281         0.682489518281         0.682489519574         0.682489519950         0.682489520040         0.682489520052         0.682489520048         0.682489520043         0.682489520041         0.682489520039         0.682489520039         0.682489520038         0.682489520038         0.682489520038         0.682489520038         0.682489520038         0.682489520038         0.682489520038         0.682489520038         0.682489520038         0.682489520038         0.682489520038         0.682489520038         0.682489520038         0.682489520038         0.682489520038         0.682489520038         0.682489520038         0.682489520038         0.682489520038         0.682489520038         0.682489520038         0.682489520038         0.682489520038         0.682489520038         0.682489520038         0.682489520038         0.682489520038         0.682489520038         0.682489520038         0.682489520038         0.682489520038         0.682489520038         0.682489520038         0.682489520038         0.682489520038         0.682489520038         0.682489520038         0.682489520038         0.682489520038         0.682489520038         0.682489520038         0.682489520037         0.682489520036         0.682489520036         0.682489520042         0.682489520068         0.682489520160         0.682489520443         0.682489521230         0.682489523256         0.682489528083         0.682489538615         0.682489558931         0.682489590050         0.682489609894         0.682489501065         0.682488822310         0.682486141228         0.682477200498         0.682450129704         0.682373465714         0.682167551850         0.681638644153         0.680335086308         0.677236005571         0.670109643578         0.653899562628         0.616315689626         0.513038131426         0.000000000000
