        0.724910015576         0.648648972015         0.619656916177         0.588303286450         0.583835191882         0.585947283338         0.589368003193         0.588072337887         0.586201765936         0.591378285431         0.601398665883         0.610765778942         0.615287597001         0.614798808962         0.610341631126         0.605372252170         0.601891085998         0.600549668310         0.600900539469         0.601686493238         0.602700322782         0.603191869436         0.603268118834         0.603095990021         0.602859371076         0.602550136212         0.602234185859         0.602162654380         0.602035071210         0.602045143209         0.601973897229         0.601986060885         0.602001971544         0.601982682078         0.601976542985         0.602217492606         0.602624349523         0.602912921168         0.603196624814         0.603181074397         0.603160717111         0.602963545110         0.602779267906         0.602303697954         0.601589527946         0.601010552999         0.600543685700         0.600582295994         0.600905274296         0.601470714985         0.601943289871         0.602424850963         0.602693683967         0.602750941600         0.602581574035         0.602378977907         0.602240057137         0.602220125470         0.602353482583         0.602574512409         0.602421232806         0.602135059344         0.601872337552         0.601770461643         0.601909345815         0.602138579795         0.602314351060         0.602484686605         0.602724745622         0.602962335864         0.603193551880         0.603360803904         0.603446978612         0.603224765759         0.602889625124         0.602454871515         0.602239498033         0.602432493938         0.602960351469         0.603458700266         0.603858346276         0.603788660224         0.603475901094         0.603272617434         0.603716462123         0.605364271194         0.608845429045         0.614595229423         0.622444056261         0.630815542299         0.637844304403         0.641702217633         0.641689304787         0.639037481260         0.636411329901         0.635841000431         0.630338674958         0.605245127998         0.506081116283         0.000000000000
        0.773649603319         0.719118512193         0.723501476680         0.722741414412         0.747629064937         0.768570658461         0.785216372529         0.788919377907         0.780617782013         0.763178488582         0.741990320972         0.722129105386         0.706970974845         0.697811730982         0.694041146466         0.694042913301         0.695948722906         0.698123839561         0.699519553753         0.699718988338         0.698889250385         0.697394934600         0.695700637089         0.694194275915         0.693160313502         0.692660278204         0.692583771941         0.692811540964         0.693146663250         0.693424103686         0.693537051911         0.693559452559         0.693430480776         0.693261619325         0.693073145500         0.692978126271         0.692949144253         0.693029093808         0.693151467961         0.693289883680         0.693370113812         0.693358167328         0.693314769599         0.693168718823         0.692989690138         0.692817112931         0.692701910646         0.692667636388         0.692700816842         0.692793454605         0.692937774809         0.693061523769         0.693195032851         0.693270158905         0.693343776437         0.693373194186         0.693352548309         0.693272733816         0.693205731485         0.693070503617         0.692959310993         0.692900733124         0.693003511972         0.693303237733         0.693821562639         0.694469443303         0.695123487462         0.695582260140         0.695655845654         0.695286381224         0.694618670466         0.693873223702         0.693569849657         0.694269609713         0.696376977262         0.700040032487         0.704845491076         0.709940336813         0.714055964340         0.715941014032         0.714933916646         0.711213202629         0.706335891821         0.703101180294         0.704895619650         0.714530020281         0.733038023809         0.758841544531         0.787535838418         0.812773347809         0.827597055570         0.826751051957         0.808664430397         0.776794180148         0.738779633793         0.702801401809         0.669032111508         0.624045146349         0.514585125038         0.000000000000
        0.782107042345         0.730616914709         0.741214303099         0.746887957575         0.779926634012         0.808363680990         0.830838200195         0.837616018747         0.828773306058         0.806917013420         0.778303793582         0.749694790965         0.726728048479         0.712545964998         0.707420266669         0.709155998136         0.714439174313         0.719945069871         0.723299128072         0.723411386996         0.720490462432         0.715549617659         0.710024905800         0.705112807367         0.701676948017         0.699991245514         0.699820234345         0.700608175041         0.701730415701         0.702676546235         0.703073933822         0.702977129684         0.702385953461         0.701599065781         0.700746344515         0.700131848643         0.699776477556         0.699766349610         0.699941484714         0.700240759899         0.700508399244         0.700653072854         0.700708018811         0.700601524883         0.700404315140         0.700165078675         0.699986008127         0.699852104269         0.699788733387         0.699790215467         0.699897405551         0.700046028225         0.700266332376         0.700449340428         0.700669746255         0.700779356381         0.700792866096         0.700629970039         0.700424990108         0.700121505484         0.699876212570         0.699797963578         0.700070488589         0.700703740579         0.701727399069         0.702936700908         0.704089579583         0.704808079097         0.704814016023         0.704054291171         0.702798164555         0.701517050460         0.701050023649         0.702312425801         0.705906007325         0.711893603393         0.719540645070         0.727463015461         0.733626915494         0.736346571749         0.734617872529         0.728875393537         0.721478524392         0.716288695938         0.717697378821         0.729004925791         0.751111227704         0.781612358090         0.815017968094         0.843609023341         0.859686153458         0.857636064263         0.835983886626         0.798896773407         0.754852983101         0.713013991134         0.674658030837         0.626579257685         0.515616520377         0.000000000000
        0.784569351740         0.733882225748         0.746165502616         0.753537911640         0.788711923286         0.819125174239         0.843269122876         0.850909061712         0.841863862211         0.818725455998         0.788019898074         0.757096677730         0.732189235848         0.716889781369         0.711804437417         0.714590769231         0.721462406659         0.728489682293         0.732766571600         0.732851692272         0.728909865380         0.722313597908         0.714889215301         0.708264207939         0.703607052251         0.701334859303         0.701174085991         0.702335786487         0.703954122008         0.705317516946         0.705914339464         0.705732596498         0.704804124673         0.703569360509         0.702258349064         0.701304897311         0.700755210525         0.700712638177         0.700969214737         0.701402641363         0.701811440615         0.702060717733         0.702150323961         0.701996746013         0.701713718830         0.701368894035         0.701110359728         0.700899319599         0.700790885304         0.700771362378         0.700902580373         0.701114680877         0.701421072152         0.701676876337         0.701970334340         0.702102557439         0.702106380763         0.701883353660         0.701593159762         0.701172931347         0.700848170095         0.700757818205         0.701127485435         0.701950436631         0.703260330489         0.704785945055         0.706214527064         0.707039531532         0.706967428683         0.705984880803         0.704412966184         0.702847041908         0.702328252576         0.703914588498         0.708274424188         0.715353960209         0.724284489865         0.733401971251         0.740394542341         0.743319632786         0.741109866158         0.734423520406         0.725865915430         0.719704774427         0.720656499177         0.732185877396         0.755103723545         0.786757837210         0.821308515680         0.850734330186         0.867066095967         0.864622642763         0.842072870149         0.803732625044         0.758296439743         0.715164300420         0.675832174632         0.627108918988         0.515834011469         0.000000000000
        0.785320441968         0.734879242761         0.747673783537         0.755552096672         0.791367771111         0.822364191422         0.846997908857         0.854898005700         0.845770642795         0.822256617992         0.790964108598         0.759367548395         0.733949270813         0.718516615757         0.713653407729         0.716996795330         0.724566156009         0.732229751982         0.736856726802         0.736879726833         0.732493711217         0.725158310065         0.716887246897         0.709511783901         0.704346597461         0.701885078568         0.701845502946         0.703306415898         0.705272698145         0.706904048305         0.707625613083         0.707342281613         0.706157561187         0.704569341604         0.702938182978         0.701772860634         0.701130865066         0.701115312149         0.701478436099         0.702047488100         0.702571572016         0.702879982280         0.702955752703         0.702714386780         0.702321084692         0.701855864623         0.701509993251         0.701238562413         0.701114500823         0.701115752060         0.701301777931         0.701585029237         0.701965469699         0.702279056965         0.702612066163         0.702749261829         0.702726424206         0.702444499459         0.702071932076         0.701560657752         0.701187757864         0.701105078442         0.701569310490         0.702559516003         0.704100320306         0.705874167960         0.707506140238         0.708399562122         0.708275279620         0.707130955627         0.705301179063         0.703512555738         0.702912298927         0.704615946116         0.709324608786         0.716924645413         0.726444505009         0.736058677596         0.743368934317         0.746320188734         0.743862277795         0.736716799970         0.727642572847         0.721059050303         0.721822094915         0.733458260005         0.756695870911         0.788801389710         0.823783619701         0.853495477028         0.869885603484         0.867226704303         0.844299040659         0.805445035045         0.759496582288         0.715907173827         0.676236408331         0.627292153720         0.515910873684         0.000000000000
        0.785608552783         0.735275644720         0.748284875160         0.756370603469         0.792437883560         0.823646699761         0.848436650690         0.856387627840         0.847175685708         0.823472370305         0.791925949103         0.760092085727         0.734521016725         0.719123776173         0.714455586198         0.718115362377         0.726028627075         0.733975354624         0.738733286258         0.738701905277         0.734085567739         0.726391484515         0.717738645957         0.710057601784         0.704718356640         0.702260026857         0.702392506714         0.704113504766         0.706348478981         0.708173814299         0.708951883750         0.708533450008         0.707126851129         0.705236206476         0.703362138904         0.702045823582         0.701367499829         0.701418825838         0.701911973813         0.702637320697         0.703283897028         0.703647337740         0.703676457735         0.703334181497         0.702824297299         0.702229989314         0.701778674585         0.701446444222         0.701320023907         0.701373509272         0.701641109041         0.702022153248         0.702490350874         0.702892422779         0.703269710691         0.703420576181         0.703351568025         0.702999879034         0.702507448336         0.701899776996         0.701464627519         0.701389316247         0.701960436484         0.703149493663         0.704939959917         0.706981633014         0.708805575131         0.709793470868         0.709630736685         0.708281722673         0.706145352273         0.704077375813         0.703314813216         0.704983337314         0.709817333690         0.717652562044         0.727465405056         0.737303361973         0.744737107659         0.747680987289         0.745087382543         0.737713007751         0.728400362812         0.721643053259         0.722347639062         0.734063738213         0.757468216645         0.789785167734         0.824954768356         0.854774378826         0.871163061824         0.868382910244         0.845259911111         0.806163084783         0.759992467730         0.716211393343         0.676402900588         0.627368844485         0.515944510312         0.000000000000
        0.785732868523         0.735455054867         0.748567804697         0.756751392849         0.792930664185         0.824225875241         0.849067939588         0.857016812692         0.847743519148         0.823939760354         0.792274206821         0.760346430633         0.734735174900         0.719397475899         0.714860460862         0.718696326633         0.726782788377         0.734861966450         0.739664556966         0.739594777833         0.734859664811         0.726989983964         0.718165557774         0.710365965320         0.704992682720         0.702602097575         0.702886879953         0.704810556552         0.707239084633         0.709207967897         0.710003146913         0.709477216740         0.707903194070         0.705797424047         0.703768758066         0.702345639963         0.701660357454         0.701792054246         0.702427695526         0.703329629747         0.704130667628         0.704590674629         0.704595215427         0.704178645971         0.703514347704         0.702769018748         0.702160325052         0.701734778811         0.701588679299         0.701704920725         0.702073727863         0.702594687014         0.703190406073         0.703739024631         0.704186487302         0.704376343248         0.704241299157         0.703777601665         0.703097048226         0.702339122520         0.701799193377         0.701718668636         0.702403076675         0.703809857702         0.705865384134         0.708165905731         0.710145834373         0.711189997826         0.710919343907         0.709314795214         0.706872271270         0.704528492309         0.703600541851         0.705207538206         0.710103648941         0.718067796624         0.728059278380         0.738020581029         0.745507070243         0.748429960148         0.745740925133         0.738226934938         0.728778331342         0.721931163374         0.722612904054         0.734381552680         0.757880308462         0.790305507049         0.825563218072         0.855424716352         0.871796276483         0.868946920364         0.845716632957         0.806500678701         0.760222099794         0.716351131410         0.676480097578         0.627405079033         0.515961132421         0.000000000000
        0.799086991039         0.756929531472         0.780457168962         0.797217410607         0.842311472259         0.881017550426         0.911944387697         0.924309502068         0.918165886598         0.896336956164         0.865821460746         0.834393083297         0.808921169571         0.793615741567         0.789348076908         0.793920696572         0.803133291904         0.812254137643         0.817349200121         0.816333315971         0.809293330804         0.798035443144         0.785329734989         0.773888331285         0.765690337120         0.761511618276         0.760981266321         0.762895252207         0.765709965957         0.768026766700         0.768914723212         0.768068845739         0.765757069252         0.762647724801         0.759493056730         0.756960839478         0.755421660017         0.754950522730         0.755340089788         0.756240683482         0.757241045979         0.758009430294         0.758345502424         0.758187835532         0.757609644463         0.756770673177         0.755890633355         0.755172380820         0.754787087889         0.754831887401         0.755340788440         0.756252000608         0.757415165868         0.758608646092         0.759591973340         0.760118661662         0.760043298271         0.759356993244         0.758259551026         0.757125663274         0.756478822395         0.756821531650         0.758520924539         0.761590558281         0.765670668304         0.769988813685         0.773570348461         0.775481303376         0.775186223120         0.772800798849         0.769223986514         0.766000794359         0.765020048806         0.767889217260         0.775405758177         0.787110423808         0.801155173765         0.814679101300         0.824473723663         0.827992342299         0.824335720388         0.814801764426         0.802859721733         0.793415881157         0.791489683747         0.800551139943         0.821214701319         0.850538700176         0.882384751002         0.908424377518         0.920282753934         0.912043154958         0.882411653681         0.835921385952         0.781855667793         0.730296448517         0.684065047648         0.630669899886         0.517149801354         0.000000000000
        0.806676002521         0.767925947335         0.796986898300         0.818998489901         0.870105730824         0.914246629090         0.950011732808         0.966239053556         0.963055233653         0.943490003479         0.914971705271         0.885690727994         0.862863777432         0.850850111939         0.850454736901         0.859163349278         0.872267261731         0.884422434771         0.891192451865         0.890111432087         0.881086105614         0.866254039630         0.849098569399         0.833380230592         0.822033262385         0.816480121196         0.816410778924         0.820136434211         0.825232477004         0.829312407090         0.830681972912         0.828616051380         0.823494275176         0.816485237273         0.809164912406         0.802996070952         0.798964375922         0.797400832101         0.798024857089         0.800065679688         0.802562159177         0.804613057372         0.805575394258         0.805174794058         0.803508649234         0.800978145933         0.798169929657         0.795721751487         0.794194644456         0.793967863241         0.795162118787         0.797603850884         0.800838642575         0.804204778005         0.806966478529         0.808491112711         0.808427213357         0.806837175852         0.804245512483         0.801606761612         0.800070944923         0.800680221246         0.804038487136         0.810066993145         0.817892972226         0.826013111262         0.832658220953         0.836256309245         0.836018504341         0.832251439528         0.826457413711         0.821047253466         0.818750307485         0.821756470313         0.830975472156         0.845569013594         0.862966163217         0.879441944791         0.891098871684         0.894979594836         0.890132276608         0.878144528153         0.863020205198         0.850276361707         0.845364165417         0.852000216399         0.870801118930         0.898597669838         0.928802157435         0.952712372146         0.961608494256         0.949246008084         0.914262665035         0.861359065786         0.800376117846         0.742114215556         0.690517436836         0.633508170718         0.518237728374         0.000000000000
        0.810211375486         0.772882756304         0.804340253208         0.828609430710         0.882400151839         0.929026730462         0.967048708916         0.985097868289         0.983271297606         0.964675365654         0.936875886652         0.908334367793         0.886487076278         0.875853894000         0.877299299926         0.888224107880         0.903706183078         0.918063465648         0.926528143231         0.926389844771         0.917510054677         0.902130082059         0.884048513807         0.867406182622         0.855626674028         0.850456404656         0.851701361403         0.857485953370         0.864939523767         0.871090578340         0.873662341550         0.871582601231         0.865155701747         0.855838562800         0.845751667556         0.837064538510         0.831387727419         0.829438350881         0.830943359383         0.834818707478         0.839532164662         0.843510188413         0.845529514700         0.844973092111         0.841920761406         0.837089952781         0.831624201939         0.826822068670         0.823799734038         0.823282698858         0.825418793430         0.829754044249         0.835321084892         0.840846832032         0.845041916314         0.846922279738         0.846070709991         0.842801574306         0.838138813031         0.833632644624         0.830974873445         0.831567204852         0.836074319371         0.844149577059         0.854434443901         0.864817087347         0.872992004319         0.877073674905         0.876208386252         0.870943581113         0.863241901603         0.856047465899         0.852554191276         0.855215104585         0.864939090537         0.880633523257         0.899310434329         0.916787183358         0.928788649519         0.932194289546         0.926051606484         0.912151315610         0.894807274288         0.879844737895         0.873003004430         0.878167240023         0.895964933525         0.923081013802         0.952656957009         0.975664020113         0.983099680694         0.968590301609         0.930775000338         0.874501969901         0.809934113270         0.748226366708         0.693885326878         0.634996640616         0.518810510678         0.000000000000
        0.811705821144         0.774878005108         0.807263531419         0.832424474604         0.887335655697         0.935044560161         0.974088776656         0.992975881950         0.991757855859         0.973537320375         0.945921831590         0.917485804428         0.895789530484         0.885462234536         0.887446261393         0.899169489569         0.915624987123         0.930997942777         0.940339744353         0.940775058927         0.932091454789         0.916536329168         0.898037011600         0.880921125912         0.868821000266         0.863681622927         0.865410038420         0.872097008398         0.880702314670         0.887982707669         0.891373613829         0.889594700523         0.882871568271         0.872747982036         0.861569073365         0.851826508377         0.845455154773         0.843395586588         0.845449779906         0.850420057418         0.856492829651         0.861742990204         0.864600522555         0.864224220535         0.860648408632         0.854734941549         0.847930725880         0.841909483709         0.838133487303         0.837542418163         0.840316730900         0.845843281931         0.852839560578         0.859656053458         0.864666504402         0.866680893592         0.865266656411         0.860908074130         0.854944982781         0.849293330037         0.845968472883         0.846543142585         0.851674794152         0.860844689787         0.872380609869         0.883830317602         0.892601645952         0.896658008230         0.895174438142         0.888877099468         0.880006135801         0.871797084749         0.867671736684         0.870185439270         0.880207922247         0.896473598499         0.915757528320         0.933621005111         0.945615232172         0.948540777710         0.941520339899         0.926491727232         0.907964477429         0.891935890736         0.884268346184         0.888895334422         0.906404844923         0.933370775330         0.962780694921         0.985448878384         0.992249257067         0.976774430844         0.937699266885         0.879954643658         0.813861544505         0.750734931710         0.695283389117         0.635635000706         0.519069499303         0.000000000000
        0.812434931864         0.775827976435         0.808641346667         0.834217242250         0.889669142508         0.937910728112         0.977471790292         0.996785484284         0.995876645653         0.977827206029         0.950261305676         0.921810016445         0.900108202466         0.889863196709         0.892063901038         0.904151141818         0.921075315488         0.936960521622         0.946757050275         0.947493510131         0.938902767259         0.923234583692         0.904467773748         0.887039788617         0.874704734894         0.869512714979         0.871434173191         0.878550977963         0.887739417211         0.895611924887         0.899451251933         0.897852173731         0.890993518308         0.880448949045         0.868684033678         0.858348971814         0.851562325636         0.849399408650         0.851705146662         0.857228770833         0.864010861625         0.869938776438         0.873258451327         0.872995438344         0.869152158022         0.862666686519         0.855149586642         0.848472265017         0.844289860058         0.843662059941         0.846785103403         0.852958382883         0.860725466876         0.868234178169         0.873673107086         0.875740253004         0.874000906126         0.869039196822         0.862370299065         0.856108356849         0.852436697967         0.853023612026         0.858516077490         0.868281476728         0.880476146853         0.892459381214         0.901492299467         0.905473480423         0.903610892568         0.896728012583         0.887232688160         0.878517971981         0.874117494642         0.876628850345         0.886879810233         0.903499899391         0.923124950370         0.941184259732         0.953149554943         0.955797347656         0.948302222790         0.932696854149         0.913600012079         0.897108548631         0.889130911370         0.893604427459         0.911074549150         0.938045903982         0.967422192360         0.989936853467         0.996415385925         0.980453131138         0.940760764395         0.882327286519         0.815548189218         0.751802500587         0.695875570812         0.635906569490         0.519182174598         0.000000000000
        0.812839003493         0.776342118090         0.809377529355         0.835171625124         0.890918789541         0.939458657686         0.979321630122         0.998885869023         0.998147358575         0.980181152759         0.952632345320         0.924157020894         0.902428753577         0.892201698564         0.894499841175         0.906774870226         0.923958248578         0.940138985824         0.950205789241         0.951129128265         0.942602169089         0.926875020724         0.907946228524         0.890320106249         0.877822832469         0.872567467815         0.874574207605         0.881918787141         0.891431861642         0.899640659410         0.903740714365         0.902252685086         0.895320448294         0.884534805875         0.872432115613         0.861746184419         0.854710228511         0.852477048205         0.854916928514         0.860750472138         0.867936063549         0.874249156024         0.877826779210         0.877621360765         0.873618499754         0.866799087382         0.858861393768         0.851797496856         0.847374525383         0.846721783443         0.850049231033         0.856598187219         0.864809560194         0.872710190752         0.878382819439         0.880465887670         0.878527372838         0.873211158287         0.866136389676         0.859531163751         0.855677076883         0.856290573936         0.862007950006         0.872126468013         0.884701690802         0.896985320356         0.906155524259         0.910080948634         0.907990803823         0.900772742146         0.890930477155         0.881945042683         0.877409540968         0.879936014460         0.890332728869         0.907160681409         0.926976151274         0.945134850537         0.957065981672         0.959539337335         0.951761460801         0.935826717901         0.916418080396         0.899686840158         0.891565681358         0.895989290916         0.913471319801         0.940471344929         0.969842675724         0.992273788207         0.998576559215         0.982343118599         0.942313395428         0.883515835187         0.816385845890         0.752330452356         0.696169473564         0.636041990310         0.519240166307         0.000000000000
        0.813080332292         0.776648297403         0.809815225533         0.835738691988         0.891660936035         0.940376705545         0.980412763468         1.000119317589         0.999479031923         0.981560030974         0.954014933147         0.925519151606         0.903772650936         0.893555934662         0.895913930364         0.908304140298         0.925645031005         0.942005366167         0.952236236779         0.953274533840         0.944787912107         0.929028905562         0.910005465143         0.892262064435         0.879665538783         0.874380043702         0.876439217691         0.883920433410         0.893627170771         0.902035600659         0.906289387299         0.904865545624         0.897885987305         0.886952292684         0.874643656596         0.863746793003         0.856561730347         0.854286721596         0.856808739360         0.862830967531         0.870261065602         0.876805249839         0.880534968643         0.880358511083         0.876251920058         0.869222311825         0.861025627605         0.853724873241         0.849157240823         0.848493342858         0.851948150796         0.858727561598         0.867209237441         0.875344845616         0.881154039354         0.883240224656         0.881175222680         0.875639262392         0.868317368063         0.861505982151         0.857546871165         0.858182931396         0.864040659833         0.874375315438         0.887179229390         0.899639235247         0.908885573511         0.912771404297         0.910539983453         0.903120184379         0.893074652153         0.883932596697         0.879321070307         0.881866303492         0.892345341553         0.909295925982         0.929218688800         0.947428376921         0.959329498795         0.961691063983         0.953737815028         0.937603886599         0.918010675105         0.901141526707         0.892942743757         0.897345750194         0.914844027912         0.941868684055         0.971240069816         0.993619454914         0.999814052013         0.983419137277         0.943191746301         0.884183366338         0.816853472659         0.752624372724         0.696333539919         0.636118055721         0.519273257201         0.000000000000
        0.815528571358         0.779901905116         0.814601747476         0.841962613118         0.899660280579         0.950116953610         0.991939723917         1.013376012248         1.014389483206         0.997965778789         0.971721525824         0.944321788611         0.923516666882         0.914133203297         0.917265709807         0.930407004575         0.948538894855         0.965716914822         0.976760459435         0.978545840185         0.970686594624         0.955318240406         0.936424856976         0.918650680573         0.905954115016         0.900654761385         0.902891712843         0.910767438024         0.921039484243         0.930043865240         0.934738459627         0.933473055665         0.926262237788         0.914721713912         0.901533108117         0.889711520913         0.881776787077         0.879146434070         0.881793907640         0.888333075423         0.896509254553         0.903760601050         0.907922184150         0.907729537579         0.903109258125         0.895166605442         0.885870911299         0.877540076229         0.872279132367         0.871411672305         0.875167547193         0.882612952376         0.891920139894         0.900776049569         0.907000113963         0.909085588412         0.906604585002         0.900363329169         0.892220855916         0.884691759252         0.880266965236         0.880778945723         0.886809894336         0.897503495900         0.910677732995         0.923375695502         0.932625916844         0.936268713968         0.933588119473         0.925626565609         0.915007994207         0.905353078998         0.900286988159         0.902416301495         0.912476315950         0.928928738021         0.948261724190         0.965791351206         0.976960188723         0.978586397489         0.969921816987         0.953085543372         0.932769942924         0.915128383083         0.906098790257         0.909606953161         0.926133661159         0.952115300994         0.980390009829         1.001648872276         1.006742464656         0.989259292156         0.947941822471         0.887839433274         0.819451041623         0.754253458892         0.697196354404         0.636457171155         0.519374951913         0.000000000000
        0.818174559954         0.783381189705         0.819614809303         0.848455607585         0.908073796592         0.960437913387         1.004188647071         1.027339625726         1.029788942852         1.014461437579         0.989029094225         0.962230779326         0.941976111789         0.933262814580         0.937325193145         0.951715968944         0.971385259059         0.990235691787         1.002899968240         1.006065756884         0.999141309183         0.984257142553         0.965465946053         0.947565657010         0.934763448372         0.929618803969         0.932431619996         0.941359966662         0.953043282421         0.963581225581         0.969599314041         0.969162725382         0.962126811179         0.950129707203         0.936057556438         0.923253988214         0.914592342677         0.911770586336         0.914909674710         0.922577481341         0.932229066616         0.940908797313         0.946063988214         0.946148319228         0.941002394773         0.931871636460         0.921051734379         0.911303046035         0.905080726405         0.903998634933         0.908316941673         0.916914954022         0.927581582397         0.937582147790         0.944382357019         0.946271987932         0.942857910378         0.935173918887         0.925449896934         0.916585459851         0.911390146131         0.911775208003         0.918253531947         0.929739913090         0.943708289795         0.956860989485         0.966017819179         0.968956397870         0.965070576967         0.955634858630         0.943572307607         0.932758206299         0.926956077713         0.928785419339         0.938841849331         0.955374051380         0.974638484440         0.991769927964         1.002098530150         1.002476723580         0.992279916199         0.973824440007         0.952003758079         0.933090982585         0.923070399250         0.925848321057         0.941785913165         0.967177143370         0.994709327532         1.014969690868         1.018732997569         0.999621687313         0.956453679679         0.894392293387         0.824105272084         0.757198616458         0.698826203191         0.637194582024         0.519673810746         0.000000000000
        0.820899202475         0.786896287391         0.824636986416         0.854938455341         0.916495417594         0.970816832472         1.016541130198         1.041449392043         1.045310992082         1.030966564717         1.006149704599         0.979732004248         0.959798599866         0.951572592922         0.956449553884         0.972062659510         0.993299775985         1.013959130893         1.028420012761         1.033062024293         1.027142629294         1.012714504377         0.993954353499         0.975826681243         0.962829874423         0.957810086325         0.961254222267         0.971371490100         0.984665446061         0.996917859345         1.004501483117         1.005109396218         0.998449498040         0.986166764220         0.971371365496         0.957694032147         0.948398901193         0.945503065380         0.949235545519         0.958112743639         0.969332847387         0.979558978940         0.985833150671         0.986324355660         0.980789306781         0.970616321385         0.958431792702         0.947376200515         0.940327100718         0.939095149532         0.944000684018         0.953731242315         0.965723011392         0.976813897922         0.984093528453         0.985681460546         0.981209270190         0.971957468014         0.960551184449         0.950256920590         0.944183284724         0.944406705506         0.951336640976         0.963599560634         0.978329108296         0.991885736781         1.000830364316         1.002856319168         0.997487694595         0.986274724630         0.972494197723         0.960299278814         0.953657126901         0.955198853168         0.965354156052         0.982120975180         1.001450846673         1.018251387790         1.027713646881         1.026709280604         1.014763797853         0.994464892222         0.970939852792         0.950654746484         0.939673318826         0.941846948054         0.957400836065         0.982417726365         1.009391452436         1.028739537327         1.031183969802         1.010381761980         0.965254766432         0.901145060863         0.828892619503         0.760236916756         0.700519205120         0.637966162050         0.519997573002         0.000000000000
        0.823761385003         0.790589441517         0.829895554916         0.861691613739         0.925237203447         0.981594152519         1.029377430212         1.056092798292         1.061422284956         1.048136425407         1.023965867055         0.997931360668         0.978305542554         0.970537505950         0.976188684450         0.993009390188         1.015837087884         1.038319709138         1.054580614284         1.060753443742         1.055894677182         1.041995777213         1.023307668514         1.005014668494         0.991894031775         0.987020786823         0.991109529077         1.002377478144         1.017233640960         1.031242168654         1.040381948164         1.042079977061         1.035857312879         1.023397322193         1.007981564749         0.993562039051         0.983739788324         0.980784035268         0.985090238206         0.995098843869         1.007787813397         1.019501221536         1.026888061250         1.027832761442         1.022008472516         1.010937111497         0.997527555786         0.985302350052         0.977479842583         0.976111918789         0.981535302744         0.992271939912         1.005443991256         1.017529966331         1.025269137107         1.026569383305         1.021100600615         1.010378063540         0.997367892538         0.985722559010         0.978825111382         0.978855846533         0.986163093145         0.999125989454         1.014538223213         1.028425438949         1.037087494404         1.038139029561         1.031231358263         1.018200710139         1.002645044469         0.989033840419         0.981509196390         0.982700020825         0.992899266329         1.009840952578         1.029185238560         1.045599475030         1.054131928132         1.051667178159         1.037900704759         1.015662880547         0.990353322518         0.968642620165         0.956689933434         0.958289870009         0.973505304422         0.998206858638         1.024646629257         1.043091363746         1.044180270952         1.021608023418         0.974427826912         0.908165779861         0.833858876155         0.763386691802         0.702282197715         0.638781684432         0.520346078978         0.000000000000
        0.826894876134         0.794616611167         0.835619320324         0.869053643929         0.934771106577         0.993320570130         1.043311788629         1.071995155332         1.078928005069         1.066785367973         1.043330430432         1.017743437347         0.998494601434         0.991231845305         0.997761975968         1.015878916161         1.040404329862         1.064803341503         1.082969058514         1.090788713467         1.087106647198         1.073870390593         1.055396314110         1.037059069170         1.023912846563         1.019279204437         1.024063906506         1.036537255125         1.052984526833         1.068725185369         1.079449978430         1.082302719937         1.076639652504         1.064150726496         1.048277355580         1.033266031714         1.023028722683         1.020087321541         1.024951836800         1.036055107320         1.050158736694         1.063254339184         1.071696829013         1.073120340435         1.067109615221         1.055273576034         1.040799464929         1.027536873926         1.019034006122         1.017531013300         1.023395037765         1.035012739279         1.049233460399         1.062155695067         1.070251012032         1.071257088470         1.064851289980         1.052737727058         1.038214292696         1.025260867291         1.017522073811         1.017274796077         1.024805514956         1.038274974263         1.054177943503         1.068214657371         1.076480899110         1.076516735209         1.068073199036         1.053223169022         1.035905440302         1.020854762757         1.012380965852         1.013120136787         1.023219145119         1.040193015919         1.059404618544         1.075288314816         1.082769603056         1.078740126449         1.063052231727         1.038792784973         1.011608548195         0.988383581243         0.975354662638         0.976285587550         0.991080435340         1.015376360299         1.041204525445         1.058650651353         1.058273588428         1.033796249477         0.984422537144         0.915842394168         0.839299308906         0.766832043311         0.704204238842         0.639665112732         0.520719232830         0.000000000000
        0.830322978360         0.799054542496         0.841936377341         0.877169405532         0.945240135138         1.006136281566         1.058481660344         1.089256167270         1.097909824801         1.087023073318         1.064423531203         1.039410675110         1.020664757617         1.014075381293         1.021604531406         1.041110566187         1.067407200790         1.093772063327         1.113896617749         1.123433954966         1.121027716958         1.108561500863         1.090422690967         1.072198929329         1.059154202531         1.054878962460         1.060408445222         1.074091709504         1.092088909021         1.109509957593         1.121781937680         1.125806516321         1.120815643522         1.108452691071         1.092304135784         1.076881107922         1.066357591521         1.063509804699         1.068955669097         1.081076601911         1.096464876786         1.110839454328         1.120277597371         1.122199493363         1.116111002715         1.103687124266         1.088317551387         1.074183744514         1.065074922056         1.063443584745         1.069677070376         1.082037956868         1.097128348062         1.110755085798         1.119127194934         1.119842582349         1.112587387411         1.099217768796         1.083294217593         1.069117817634         1.060545526451         1.059972194179         1.067619316899         1.081443507877         1.097668652035         1.111714429051         1.119487964635         1.118476655529         1.108524732138         1.091931344746         1.072890876343         1.056401757042         1.046922469875         1.047107645323         1.056984484246         1.073818264654         1.092737860295         1.107944355919         1.114242878584         1.108535992529         1.090821835684         1.064428164883         1.035260839480         1.010395601244         0.996171597989         0.996304951944         1.010555632311         1.034339964399         1.059454988439         1.075781609665         1.073807155189         1.047277793763         0.995531874147         0.924421766701         0.845417429866         0.770726172132         0.706380394929         0.640663116316         0.521137871467         0.000000000000
        0.833541665606         0.803261265377         0.847937448026         0.884876584045         0.955144990061         1.018215837204         1.072744307668         1.105466350739         1.115726768164         1.106087578029         1.084375624358         1.060022244333         1.041866958816         1.035972750018         1.044441196429         1.065207909568         1.093056450837         1.121155551378         1.142993509235         1.154060315497         1.152874624486         1.141249536408         1.123602957314         1.105655690704         1.092858263516         1.088991526863         1.095224001779         1.109914123733         1.129194572911         1.148024895425         1.161605370375         1.166685161643         1.162362410620         1.150280602692         1.134110452090         1.118531745820         1.107926508136         1.105236119135         1.111169827928         1.124090759314         1.140469361292         1.155856437801         1.166068576496         1.168417382995         1.162338177884         1.149561464028         1.133627512997         1.118927102598         1.109448630511         1.107740127164         1.114246846091         1.127132693766         1.142825484943         1.156934631208         1.165441737150         1.165886119610         1.157948908123         1.143606486033         1.126626846077         1.111506685869         1.102286580758         1.101412551235         1.109070833574         1.123077796140         1.139437785193         1.153375734005         1.160634489999         1.158673593794         1.147417021031         1.129319418945         1.108801743147         1.091064254620         1.080689643995         1.080330773109         1.089910985328         1.106521418536         1.125073970337         1.139577938015         1.144750928679         1.137509907985         1.117982168665         1.089676869092         1.058720867142         1.032355351276         1.016974771647         1.016288398090         1.029920131842         1.053099870132         1.077422080615         1.092606941821         1.089051411482         1.060508972670         1.006450229199         0.932879108240         0.851467277264         0.774596067985         0.708565811594         0.641695750241         0.521590753211         0.000000000000
        0.835782414037         0.806198292724         0.852128935650         0.890259748044         0.962049656254         1.026612918904         1.082649648085         1.116733444841         1.128169087546         1.119450998690         1.098460999007         1.074655957903         1.057001050217         1.051659188311         1.060788382623         1.082403731134         1.111272624670         1.140500186143         1.163491244008         1.175626831524         1.175350051751         1.164428812480         1.147284978615         1.129686923348         1.117196034958         1.113688913860         1.120395317682         1.135738889330         1.155819545773         1.175524421289         1.189948148307         1.195752738191         1.191957660056         1.180194705274         1.164178051959         1.148666493222         1.138134814976         1.135609235900         1.141858777277         1.155245102439         1.172204425359         1.188183146215         1.198906349062         1.201594369719         1.195635740252         1.182784814391         1.166654366971         1.151721550184         1.142074327197         1.140334785047         1.146963174473         1.160087152083         1.176057421659         1.190380830657         1.198964013622         1.199271550654         1.190987911120         1.176155306666         1.158628571221         1.143009945427         1.133419696416         1.132338404684         1.139924441001         1.153925664632         1.170238546501         1.183984236344         1.190827659181         1.188227453678         1.176136807132         1.157115514078         1.135703606846         1.117201658151         1.106246633076         1.105473418433         1.114748488428         1.131053396446         1.149187920478         1.163063650255         1.167346047589         1.158984418866         1.138184097411         1.108568033014         1.076385489029         1.048975375802         1.032788145828         1.031496067120         1.044631527421         1.067289756106         1.090938040865         1.105196664646         1.100420445184         1.070374500636         1.014589993579         0.939191741139         0.855994924375         0.777497052829         0.710195258248         0.642446538891         0.521908100957         0.000000000000
        0.836958885588         0.807741945143         0.854334661831         0.893087892485         0.965676158356         1.031035732952         1.087892061284         1.122749560856         1.134874880848         1.126727498443         1.106217082362         1.082797865529         1.065473388852         1.060446669560         1.069913867194         1.091956986296         1.121300408035         1.151079012605         1.174656851353         1.187374707964         1.187622807523         1.177140015907         1.160347023291         1.143020168416         1.130755173991         1.127454781555         1.134390509272         1.150017121672         1.170448481094         1.190562022994         1.205418892063         1.211641034397         1.208207858609         1.196718439730         1.180885088256         1.165501999372         1.155069423004         1.152640916256         1.159027510596         1.172595231913         1.189764036754         1.205967829593         1.216907153227         1.219769789780         1.213922775390         1.201117857958         1.184975383385         1.170000230659         1.160317598418         1.158564714913         1.165210352365         1.178398290688         1.194439838146         1.208819473734         1.217409022757         1.217662046821         1.209248647904         1.194230308010         1.176480458391         1.160647672092         1.150868295946         1.149634332422         1.157106174045         1.171005451812         1.187203372958         1.200780925875         1.207395683219         1.204493904237         1.192037160160         1.172617733671         1.150825794894         1.131978291717         1.120721642398         1.119691848741         1.128726902886         1.144785016999         1.162620507970         1.176108259013         1.179916712289         1.170993659102         1.149571577619         1.119324329940         1.086538869310         1.058586983544         1.041931190919         1.040228527016         1.052979451069         1.075258623683         1.098452663376         1.112135408566         1.106651440682         1.075770474338         1.019047823828         0.942661788046         0.858491776670         0.779100815817         0.711096864589         0.642861232964         0.522081836979         0.000000000000
        0.837470405873         0.808413168632         0.855299023661         0.894324187558         0.967261854704         1.032974747955         1.090200793842         1.125406043505         1.137834759426         1.129979569777         1.109719915337         1.086510156709         1.069366666425         1.064484538412         1.074130902764         1.096343706662         1.125897663425         1.155898849135         1.179718521851         1.192701693199         1.193208354109         1.182969728331         1.166375851075         1.149215628052         1.137091407942         1.133906458167         1.140959334186         1.156699192441         1.177263402581         1.197522539480         1.212559923104         1.218954161654         1.215686244140         1.204344161651         1.188636532566         1.173340782007         1.162960607910         1.160566029507         1.166984903539         1.180599479205         1.197831262126         1.214111698052         1.225154828110         1.228115133209         1.222366811744         1.209649625343         1.193578874103         1.178647818665         1.168977177390         1.167216955536         1.173838709519         1.186992332287         1.203000825581         1.217343855537         1.225907276194         1.226117529104         1.217660740713         1.202596396862         1.184793349887         1.168900569563         1.159052918332         1.157739590145         1.165120503191         1.178925111369         1.195019269663         1.208482257822         1.214965462921         1.211922848949         1.199324476077         1.179758823986         1.157817782265         1.138818378013         1.127416127691         1.126242154966         1.135128466947         1.151021091625         1.168677596324         1.181971326613         1.185571138566         1.176425513496         1.154766557914         1.124269401778         1.091232223575         1.063045778831         1.046169005270         1.044261705260         1.056811941075         1.078869833146         1.101818974658         1.115216153600         1.109402899496         1.078147909684         1.021014288475         0.944196906172         0.859599559746         0.779814003239         0.711498095324         0.643045559399         0.522158757066         0.000000000000
        0.837672901270         0.808681526836         0.855689874169         0.894826842934         0.967904377094         1.033757599798         1.091130752306         1.126482541375         1.139053804650         1.131328688647         1.111186995061         1.088068453832         1.071020214740         1.066204069080         1.075919185291         1.098198587344         1.127820646301         1.157905159757         1.181820318156         1.194911477195         1.195526707810         1.185380152633         1.168870371501         1.151771683976         1.139700788405         1.136556864660         1.143640547476         1.159418475718         1.180023518169         1.200336978965         1.215442688170         1.221912701571         1.218727305411         1.207470631194         1.191840666242         1.176612608345         1.166289887181         1.163933858044         1.170371343262         1.183997392341         1.201236277278         1.217528030218         1.228593376035         1.231583685481         1.225867687025         1.213182619598         1.197142596612         1.182230315821         1.172560702786         1.170790849506         1.177396707640         1.190534617205         1.206524831191         1.220847791064         1.229400569980         1.229606370383         1.221149794480         1.206090849367         1.188286670012         1.172385839437         1.162516214806         1.161166881736         1.168501532173         1.182254018598         1.198290642401         1.211687935954         1.218104185457         1.215002650950         1.202345546324         1.182733611430         1.160747933851         1.141697437716         1.130239880966         1.129005336192         1.137817109719         1.153625955158         1.171185032680         1.184369995333         1.187858728822         1.178603394852         1.156841459388         1.126245810653         1.093123281035         1.064847561560         1.047886706757         1.045893987126         1.058358206976         1.080324741288         1.103168705696         1.116446440401         1.110495589142         1.079088817043         1.021791193605         0.944802963904         0.860036835369         0.780095569198         0.711656705188         0.643118505948         0.522189276770         0.000000000000
        0.837752403461         0.808789723847         0.855847587006         0.895030190643         0.968162768131         1.034071595675         1.091501706569         1.126912511546         1.139544241104         1.131878247863         1.111791994451         1.088723880192         1.071703541761         1.066935816436         1.076677658893         1.098976397186         1.128635968950         1.158747961439         1.182701283673         1.195837245540         1.196503891126         1.186412509492         1.169949919461         1.152890791806         1.140848929486         1.137730317151         1.144813121685         1.160593893656         1.181199117575         1.201520653576         1.216644692559         1.223140267674         1.219988884842         1.208770818640         1.193176815424         1.177975638149         1.167676084755         1.165331161848         1.171771338405         1.185397591758         1.202627642610         1.218913680971         1.229981408047         1.232982130446         1.227286068112         1.214626364696         1.198613764141         1.183724870853         1.174071341825         1.172307972212         1.178908559149         1.192037127558         1.208017980333         1.222331438951         1.230880581443         1.231090132037         1.222647362209         1.207599968938         1.189808924698         1.173917545959         1.164044994912         1.162684123889         1.169999156773         1.183725095326         1.199732305309         1.213102233154         1.219494169129         1.216366059858         1.203685694910         1.184051677889         1.162044644160         1.142975740710         1.131493851884         1.130229177505         1.139003671213         1.154766902789         1.172272315232         1.185407182881         1.188849025089         1.179553004953         1.157755442782         1.127128094922         1.093978827445         1.065676400382         1.048681879229         1.046649044112         1.059066971760         1.080981335344         1.103766284075         1.116981197396         1.110957994716         1.079479181545         1.022113590999         0.945053803477         0.860218946097         0.780212789212         0.711722416599         0.643148369403         0.522201352337         0.000000000000
        0.837783591418         0.808833794317         0.855910163228         0.895110699117         0.968264552874         1.034195215563         1.091647680440         1.127081906262         1.139737530098         1.132094684099         1.112030080331         1.088983001738         1.071972738396         1.067219301212         1.076968098470         1.099274697733         1.128942429421         1.159065453952         1.183031807646         1.196183556435         1.196870686480         1.186801058591         1.170361859177         1.153325597829         1.141305843833         1.138205762664         1.145304898933         1.161098498503         1.181713793673         1.202042773908         1.217175271491         1.223679500711         1.220540905572         1.209340473350         1.193769322876         1.178587380391         1.168295425027         1.165952473232         1.172388648550         1.186009582011         1.203232876638         1.219512912982         1.230578420356         1.233579067669         1.227888803975         1.215235031551         1.199226110284         1.184341015664         1.174689312459         1.172923770079         1.179517404445         1.192636654441         1.208607839772         1.222912759303         1.231457415006         1.231666314142         1.223227634976         1.208185746648         1.190401392706         1.174515669219         1.164643831857         1.163277886279         1.170583941054         1.184297127195         1.200289565147         1.213644930856         1.220023445559         1.216884742178         1.204196466390         1.184557129167         1.162546600024         1.143475640490         1.131988886688         1.130714724453         1.139475295527         1.155221072262         1.172706491343         1.185820799002         1.189244564805         1.179931920579         1.158119135734         1.127480004084         1.094323694307         1.066015936607         1.049009663343         1.046960312890         1.059358164906         1.081251673466         1.104010871085         1.117195433648         1.111141545641         1.079633499266         1.022240243978         0.945152972975         0.860290935283         0.780258593183         0.711748171823         0.643160086625         0.522206037883         0.000000000000
        0.837796843189         0.808852986577         0.855935904745         0.895143066877         0.968305434020         1.034246023653         1.091710996645         1.127160655146         1.139835140316         1.132208018485         1.112156425895         1.089111931700         1.072106899925         1.067354465293         1.077096408760         1.099402240036         1.129069976440         1.159195718509         1.183166546106         1.196325039372         1.197020825083         1.186959833020         1.170529292706         1.153500198913         1.141486342686         1.138390297888         1.145492141743         1.161289400886         1.181907558117         1.202239702661         1.217376364064         1.223885042754         1.220752670262         1.209559523476         1.193995154348         1.178818562485         1.168530014798         1.166189728291         1.172626078351         1.186245342921         1.203465559138         1.219743854964         1.230810897605         1.233813838588         1.228128209007         1.215479653123         1.199475493633         1.184593853954         1.174943794759         1.173177615420         1.179768572918         1.192884341213         1.208852522201         1.223155423937         1.231700208414         1.231910771099         1.223475725912         1.208437553753         1.190657816949         1.174777269950         1.164904413302         1.163530835365         1.170829656777         1.184534717178         1.200518937861         1.213867701258         1.220241022591         1.217100096170         1.204411765432         1.184774229095         1.162766628431         1.143698646845         1.132213217233         1.130937892537         1.139694992886         1.155435694986         1.172915630028         1.186022251507         1.189434024948         1.180109460449         1.158286569023         1.127637989980         1.094476244883         1.066164158897         1.049151816019         1.047094951743         1.059482564676         1.081364602225         1.104111928160         1.117284716419         1.111217903786         1.079696752320         1.022291594339         0.945192917146         0.860319612937         0.780276204153         0.711758062267         0.643164626534         0.522207878548         0.000000000000
        0.837802398982         0.808861111768         0.855946361388         0.895156097506         0.968321703347         1.034266036880         1.091735424894         1.127190147428         1.139870077451         1.132247961826         1.112200444777         1.089158472910         1.072154629998         1.067402552369         1.077141484253         1.099447510513         1.129115858366         1.159243505789         1.183217276474         1.196379736730         1.197079953074         1.187023234810         1.170596870891         1.153570826237         1.141559140373         1.138464426737         1.145566871818         1.161366561331         1.181986579833         1.202321069112         1.217460705373         1.223973362251         1.220846013836         1.209658562007         1.194099455070         1.178926951330         1.168640932716         1.166301922028         1.172737713757         1.186355824983         1.203575473251         1.219854055192         1.230924235194         1.233932221491         1.228254281260         1.215614849249         1.199619865092         1.184746051861         1.175101859859         1.173338817068         1.179930965233         1.193046251185         1.209014233564         1.223314811220         1.231860426426         1.232069005127         1.223634907056         1.208600768965         1.190826342488         1.174950309510         1.165080898006         1.163707850349         1.170999382331         1.184695065683         1.200670385494         1.214013389393         1.220383288937         1.217243261554         1.204555076349         1.184918011552         1.162911844741         1.143844935034         1.132354423008         1.131070907726         1.139817920533         1.155547813713         1.173017911766         1.186117037759         1.189524651236         1.180197132157         1.158372857565         1.127722491724         1.094559059607         1.066244536457         1.049227967743         1.047165091072         1.059545407634         1.081419657092         1.104159085078         1.117324154802         1.111250596255         1.079723510220         1.022313100875         0.945209517539         0.860331510610         0.780283485111         0.711762137914         0.643166503460         0.522208642038         0.000000000000
        0.837805692848         0.808867313020         0.855954752766         0.895166948215         0.968335177549         1.034279693866         1.091749327168         1.127205086671         1.139886584408         1.132266550133         1.112221250128         1.089181200481         1.072179311489         1.067428416293         1.077166747253         1.099473485035         1.129142319455         1.159270403258         1.183245202972         1.196409746695         1.197111935682         1.187057988297         1.170634282847         1.153610385124         1.141600396287         1.138506759776         1.145609631357         1.161410485407         1.182030583810         1.202364903803         1.217504433973         1.224018413585         1.220893064905         1.209708742948         1.194153235631         1.178984172599         1.168700949920         1.166363798145         1.172800043223         1.186417725879         1.203636838844         1.219915096670         1.230986622387         1.233997431560         1.228324162207         1.215690679692         1.199701693686         1.184832751201         1.175192561831         1.173432624248         1.180027057639         1.193141084799         1.209107171847         1.223406416876         1.231952024140         1.232161807655         1.223729106521         1.208696503747         1.190923611338         1.175048332626         1.165178484659         1.163802588466         1.171090301154         1.184780532779         1.200750341465         1.214088874107         1.220455497625         1.217314241527         1.204626777498         1.184991081919         1.162985225784         1.143917937375         1.132425854673         1.131138966316         1.139881050438         1.155604790293         1.173068424185         1.186161796522         1.189565237509         1.180234980561         1.158409345467         1.127758285865         1.094594211343         1.066278744933         1.049260465736         1.047194749170         1.059571718879         1.081442518485         1.104178630012         1.117340598526         1.111264553545         1.079735369445         1.022323052511         0.945217482310         0.860337387841         0.780287200728         0.711764187802         0.643167411026         0.522208972913         0.000000000000
        0.837807165991         0.808870335670         0.855958828605         0.895171986010         0.968340815838         1.034285608265         1.091755290264         1.127211155421         1.139892807945         1.132273108537         1.112228252028         1.089188590519         1.072187486993         1.067436993929         1.077175113319         1.099482391253         1.129151654457         1.159279733299         1.183254640120         1.196419322615         1.197121636060         1.187067980043         1.170644999469         1.153621807015         1.141612543755         1.138519582211         1.145623414814         1.161425708700         1.182046761218         1.202381674666         1.217521480253         1.224036702619         1.220912112601         1.209728954031         1.194174778271         1.179007049935         1.168725090629         1.166388984524         1.172825820046         1.186443760158         1.203663005142         1.219941259320         1.231013276493         1.234024937856         1.228353143159         1.215721838167         1.199735253911         1.184868428471         1.175230122708         1.173471242986         1.180066139496         1.193180203046         1.209146396413         1.223445942197         1.231992025069         1.232202807174         1.223771692893         1.208741116554         1.190970419307         1.175097156829         1.165228673450         1.163852844841         1.171140312097         1.184829322677         1.200797893316         1.214135814569         1.220502310508         1.217362487056         1.204676274313         1.185041182870         1.163035863552         1.143968525348         1.132475517732         1.131186439465         1.139924904750         1.155643784660         1.173101905866         1.186189919304         1.189588952391         1.180255607693         1.158428305319         1.127776790901         1.094612817697         1.066297741583         1.049279622117         1.047213121664         1.059588609348         1.081457338637         1.104190984222         1.117350277019         1.111271785499         1.079740517033         1.022326583696         0.945219815590         0.860338900854         0.780288122027         0.711764738258         0.643167694078         0.522209124650         0.000000000000
        0.837807868411         0.808871865076         0.855960934922         0.895174585346         0.968343677560         1.034288543743         1.091758132948         1.127213914002         1.139895481329         1.132275784691         1.112230991866         1.089191363401         1.072190628526         1.067440201786         1.077178185347         1.099485734054         1.129155305305         1.159283224106         1.183258159885         1.196422781765         1.197124994579         1.187071219491         1.170648438510         1.153625382485         1.141616289249         1.138523474741         1.145628009230         1.161431111105         1.182052894601         1.202388294565         1.217528372405         1.224044695054         1.220920473187         1.209737843023         1.194184228328         1.179017049343         1.168735657319         1.166400054569         1.172837238255         1.186455405649         1.203674816798         1.219953161882         1.231025486211         1.234037564927         1.228366439093         1.215736180327         1.199750770257         1.184884965000         1.175247620536         1.173489196410         1.180084170544         1.193198006843         1.209163867038         1.223463081669         1.232009228316         1.232220494559         1.223790487368         1.208761481574         1.190992597351         1.175121169884         1.165254093924         1.163878845465         1.171166499685         1.184854860046         1.200822571622         1.214159913633         1.220526325203         1.217387409661         1.204703079029         1.185070484792         1.163067822728         1.144002834952         1.132511508947         1.131223351866         1.139963523164         1.155684373380         1.173145193000         1.186231706897         1.189630734946         1.180297664038         1.158470970169         1.127820172269         1.094656227801         1.066340215239         1.049319669919         1.047248714963         1.059618469272         1.081480829923         1.104208266826         1.117362139034         1.111279498899         1.079745395632         1.022329735852         0.945221949237         0.860340387189         0.780289082253         0.711765280930         0.643167935003         0.522209217189         0.000000000000
        0.837808212192         0.808872496864         0.855961722132         0.895175510524         0.968344758184         1.034289782320         1.091759665605         1.127215962672         1.139898237501         1.132279398472         1.112235485763         1.089196571760         1.072196542710         1.067446266740         1.077184060048         1.099491438171         1.129160941654         1.159288547956         1.183263882269         1.196429463978         1.197133316166         1.187081755123         1.170661843906         1.153641639860         1.141635133135         1.138544292470         1.145650708636         1.161455037498         1.182077864641         1.202414258171         1.217555482731         1.224073927426         1.220951678559         1.209768344130         1.194214619309         1.179042828741         1.168757310450         1.166418045005         1.172852716773         1.186468799427         1.203686548049         1.219963443093         1.231034798360         1.234046314187         1.228375055987         1.215745050114         1.199760003629         1.184894393114         1.175257133906         1.173498404407         1.180092886728         1.193206155115         1.209171537812         1.223470394984         1.232016561114         1.232228005019         1.223798456514         1.208770009288         1.191001647369         1.175130693616         1.165263840015         1.163888495912         1.171176010233         1.184863931404         1.200831178366         1.214168158262         1.220534283965         1.217395322985         1.204711086969         1.185078625989         1.163076056220         1.144011060267         1.132519580432         1.131231064547         1.139970931809         1.155691482845         1.173152090581         1.186238560505         1.189637730051         1.180304965231         1.158478555322         1.127827970784         1.094663872664         1.066347728614         1.049326976213         1.047255224774         1.059624129874         1.081485529590         1.104211962222         1.117364828671         1.111281288670         1.079746443879         1.022330249606         0.945222129901         0.860340422281         0.780289084515         0.711765302097         0.643167963319         0.522209250781         0.000000000000
        0.837808474474         0.808873395318         0.855963266873         0.895177589820         0.968347135487         1.034292175508         1.091761899220         1.127218081651         1.139900464667         1.132282139642         1.112239195691         1.089201586517         1.072203174455         1.067454181544         1.077192872807         1.099500720300         1.129170364640         1.159297394515         1.183272638997         1.196438699658         1.197143970506         1.187094811107         1.170678339439         1.153661819745         1.141658799678         1.138570739673         1.145679729530         1.161485990043         1.182110719227         1.202449219897         1.217592647300         1.224112679794         1.220989493342         1.209804547910         1.194249081415         1.179075136797         1.168788320576         1.166447786548         1.172880439985         1.186493808165         1.203708322869         1.219981867754         1.231050306163         1.234059680987         1.228387287297         1.215757155512         1.199772685681         1.184907884742         1.175271375732         1.173512823127         1.180106864459         1.193219070090         1.209182968177         1.223480110048         1.232024849656         1.232235133147         1.223805051967         1.208776609877         1.191008644056         1.175138349928         1.165272069846         1.163897016305         1.171184522818         1.184871936397         1.200838339265         1.214174308560         1.220539384624         1.217399580638         1.204714771764         1.185082044580         1.163079486430         1.144014692173         1.132523475019         1.131235128267         1.139975005123         1.155695364598         1.173155576208         1.186241583676         1.189640217465         1.180307024050         1.158480291235         1.127829562995         1.094665297968         1.066349431295         1.049329149910         1.047257401429         1.059626359318         1.081487633063         1.104213756575         1.117366139897         1.111282037162         1.079746652467         1.022330050686         0.945221715942         0.860339999101         0.780288785795         0.711765160644         0.643167924792         0.522209265474         0.000000000000
        0.837808582098         0.808873738478         0.855963852028         0.895178381958         0.968348064641         1.034293107250         1.091762784416         1.127218958247         1.139901415121         1.132283297462         1.112240701297         1.089203516818         1.072205667980         1.067457022092         1.077195955804         1.099503934854         1.129173744438         1.159300406190         1.183275693156         1.196441969374         1.197147758046         1.187099381797         1.170684112830         1.153668803267         1.141666932847         1.138579751481         1.145689833670         1.161496785697         1.182122274104         1.202461518967         1.217605886863         1.224127627090         1.221006492942         1.209822084292         1.194266861172         1.179092924233         1.168805959111         1.166464955756         1.172896663762         1.186508703523         1.203721624563         1.219993557729         1.231060675062         1.234069197572         1.228396506201         1.215766572158         1.199782570716         1.184918189569         1.175281897751         1.173523079547         1.180116459367         1.193227681705         1.209190480840         1.223486514110         1.232030565293         1.232240347402         1.223810228536         1.208782012754         1.191014367880         1.175144393532         1.165278210959         1.163902989849         1.171190119244         1.184876921659         1.200842625201         1.214177942576         1.220542472273         1.217402319847         1.204717331812         1.185084559630         1.163082030257         1.144017273310         1.132526047202         1.131237595264         1.139977267881         1.155697348102         1.173157228086         1.186242927818         1.189641255143         1.180307831810         1.158480922108         1.127830087921         1.094665599784         1.066349926698         1.049329985183         1.047258092909         1.059627077023         1.081488313577         1.104214353955         1.117366590562         1.111282307403         1.079746740411         1.022329994406         0.945221577135         0.860339851622         0.780288679905         0.711765110990         0.643167912328         0.522209272497         0.000000000000
        0.837808623272         0.808873877621         0.855964097674         0.895178725409         0.968348480920         1.034293505356         1.091763133546         1.127219265094         1.139901691121         1.132283570174         1.112241010638         1.089203879505         1.072206182679         1.067457575187         1.077196565151         1.099504599512         1.129174603407         1.159300961327         1.183276269327         1.196442549365         1.197148382974         1.187100048706         1.170684998054         1.153669883076         1.141668202865         1.138581104028         1.145691579622         1.161498691010         1.182124414225         1.202463814066         1.217608334190         1.224130375900         1.221009473965         1.209825214243         1.194270071447         1.179096176781         1.168809237462         1.166468211594         1.172899831514         1.186511746081         1.203724501972         1.219996250322         1.231063218787         1.234071642464         1.228398926575         1.215769046218         1.199785148885         1.184920837251         1.175284602263         1.173525706572         1.180118962431         1.193230001185         1.209192618577         1.223488393636         1.232032439346         1.232242092667         1.223812051460         1.208783960129         1.191016426546         1.175146558346         1.165280377012         1.163905070840         1.171192063822         1.184878659596         1.200844134996         1.214179258692         1.220543627970         1.217403378236         1.204718333475         1.185085534222         1.163082989407         1.144018213306         1.132526956220         1.131238445928         1.139978033786         1.155698008875         1.173157762701         1.186243335189         1.189641510798         1.180307941608         1.158480889891         1.127829934607         1.094665201681         1.066349673763         1.049330053480         1.047258016495         1.059627078659         1.081488361668         1.104214441848         1.117366681392         1.111282374554         1.079746767347         1.022329981687         0.945221536907         0.860339806429         0.780288646728         0.711765095872         0.643167909213         0.522209275649         0.000000000000
        0.838613003131         0.811287188333         0.859578658409         0.899508026688         0.973093397536         1.039417025625         1.097577490872         1.134380945160         1.149325148377         1.144787769421         1.128301723349         1.108852090690         1.094905261434         1.092254298083         1.102932733706         1.125106716081         1.153941531087         1.183123770740         1.206626094481         1.220250881651         1.222601391523         1.215260566589         1.202187710258         1.188533043161         1.179227676551         1.177689434244         1.185014804334         1.199808005072         1.218674171509         1.237210217334         1.251212853302         1.257791401589         1.256092637221         1.247468060970         1.235053956201         1.222877241682         1.214756102134         1.213275070458         1.219113925535         1.230908834590         1.245660675597         1.259572077582         1.269089748429         1.271860103580         1.267353305126         1.256987025765         1.243738601293         1.231324377028         1.223188595487         1.221564370040         1.226856118422         1.237534391898         1.250546931678         1.262142102286         1.268897118939         1.268653620733         1.261118570180         1.247963469732         1.232402264362         1.218327982520         1.209257875140         1.207349994338         1.212775561970         1.223629004900         1.236398129116         1.246887368305         1.251357782263         1.247568778020         1.235445224087         1.217175956179         1.196697097834         1.178671850806         1.167223453425         1.164752695278         1.171180980713         1.183837809844         1.198048368153         1.208314847921         1.209768834244         1.199569313170         1.177844042647         1.147877146249         1.115438801306         1.087367673572         1.069727857207         1.066009992714         1.075844273075         1.094623459826         1.114197912130         1.124580252538         1.116396292731         1.083529366495         1.025428081741         0.947976041150         0.862783257955         0.782286233605         0.713187099452         0.644017269707         0.522669662387         0.000000000000
        0.838685124756         0.811491540052         0.859896878856         0.899909384108         0.973570254350         1.039975996680         1.098293143446         1.135369578002         1.150737937213         1.146768095379         1.130952091356         1.112202205217         1.098899106129         1.096762563250         1.107789891339         1.130159899942         1.159095179277         1.188371347253         1.212055109026         1.226029118953         1.228932024748         1.222324927765         1.210090509969         1.197271613094         1.188683557887         1.187664584572         1.195282976504         1.210175075852         1.229025212985         1.247536003726         1.261613187400         1.268450786485         1.267233506950         1.259289826244         1.247666771852         1.236263049064         1.228760408205         1.227643123321         1.233561555185         1.245198483793         1.259663103852         1.273298299605         1.282682021150         1.285550023743         1.281395687419         1.271592408422         1.259003624933         1.247195433986         1.239463350364         1.237938026275         1.243007317051         1.253209789894         1.265625760323         1.276667255620         1.283054698493         1.282715974691         1.275366239137         1.262608636472         1.247517867517         1.233818966936         1.224874084067         1.222750736946         1.227623777538         1.237680618071         1.249564452993         1.259254061527         1.263152611028         1.259093612625         1.246990516105         1.228938651936         1.208718756966         1.190818064791         1.179214721620         1.176243631903         1.181856368971         1.193495662773         1.206649865742         1.215979437121         1.216742826147         1.206158137877         1.184324508787         1.154417958680         1.122051704838         1.093905614621         1.075932747594         1.071588717388         1.080555577272         1.098337023616         1.116919339760         1.126442647441         1.117616635247         1.084343082899         1.026024945032         0.948462196201         0.863185079028         0.782587650847         0.713382610651         0.644138878163         0.522757963397         0.000000000000
        0.838691132037         0.811507592987         0.859921173629         0.899939355101         0.973606259902         1.040019492384         1.098351815026         1.135453693173         1.150860857600         1.146942106311         1.131185938262         1.112498285038         1.099253012417         1.097164087312         1.108225885765         1.130618264596         1.159568508603         1.188859069675         1.212564811016         1.226574525984         1.229529311923         1.222988675321         1.210829325701         1.198086337008         1.189566243324         1.188600273778         1.196254223657         1.211166209735         1.230027080555         1.248547841525         1.262642931570         1.269513194133         1.268344953909         1.260463510534         1.248909496734         1.237573356434         1.230128313086         1.229052416540         1.234993273261         1.246635530946         1.261094558134         1.274722732839         1.284107170575         1.286990741213         1.282869449051         1.273112768962         1.260576326353         1.248816552759         1.241119314505         1.239608816870         1.244671212466         1.254847662152         1.267226777670         1.278231574729         1.284592841506         1.284246082761         1.276908040093         1.264176416627         1.249116133623         1.235440707523         1.226501306522         1.224358808346         1.229187615157         1.239180492958         1.250991317518         1.260611949114         1.264457104561         1.260367519432         1.248256489512         1.230211743220         1.210001804326         1.192101278337         1.180476627366         1.177456281731         1.182992658092         1.194536801153         1.207590490882         1.216828726127         1.217521721693         1.206893091682         1.185038798571         1.155125101094         1.122751430951         1.094584138651         1.076566825026         1.072152278354         1.081026914690         1.098705141883         1.117186565289         1.126623555223         1.117733414937         1.084419184091         1.026079170916         0.948505331391         0.863220024292         0.782613435032         0.713399376464         0.644149355650         0.522765209641         0.000000000000
        0.838691914958         0.811509593063         0.859924128789         0.899942961962         0.973610638166         1.040025023456         1.098359632372         1.135465352337         1.150878384154         1.146967088735         1.131219360974         1.112540526698         1.099303276559         1.097221124481         1.108287870052         1.130683628194         1.159636273419         1.188929061050         1.212637909049         1.226652258684         1.229613660559         1.223081434217         1.210931602860         1.198198234333         1.189686652361         1.188727413327         1.196385960658         1.211300490175         1.230162846866         1.248685049480         1.262782679500         1.269657108403         1.268495167883         1.260621639113         1.249076199363         1.237748199770         1.230309982214         1.229238989372         1.235182563985         1.246825601078         1.261284190417         1.274911893017         1.284296693862         1.287182247225         1.283064982194         1.273313756586         1.260783166705         1.249028498956         1.241334668956         1.239825341036         1.244886498799         1.255059735058         1.267434617950         1.278435225110         1.284793440003         1.284445281395         1.277108028129         1.264378585664         1.249320864967         1.235646944185         1.226707008213         1.224561340839         1.229384399046         1.239369531128         1.251171718421         1.260784191404         1.264622758321         1.260528799305         1.248415863409         1.230370914372         1.210161206882         1.192259765195         1.180631859462         1.177605240999         1.183132556260         1.194665759415         1.207708076560         1.216935922732         1.217620624563         1.206986343607         1.185128753123         1.155213103633         1.122837378316         1.094666482506         1.076643023837         1.072219624260         1.081083127504         1.098749107449         1.117218588890         1.126645221666         1.117747143219         1.084427719392         1.026084854666         0.948509645141         0.863223544764         0.782616160522         0.713401295777         0.644150724870         0.522766298090         0.000000000000
        0.838692040334         0.811509882111         0.859924530497         0.899943436203         0.973611232893         1.040025831066         1.098360874159         1.135467314542         1.150881464971         1.146971552885         1.131225398949         1.112548161642         1.099312410559         1.097231532884         1.108299260582         1.130695714297         1.159648838983         1.188942091408         1.212651560706         1.226666811037         1.229629456283         1.223098779228         1.210950675987         1.198219038622         1.189708956832         1.188750965277         1.196410441915         1.211325552365         1.230188347191         1.248710993941         1.262809256642         1.269684555164         1.268523863721         1.260651768197         1.249107786043         1.237781198424         1.230344197969         1.229274136711         1.235218271376         1.246861569480         1.261320232630         1.274947958369         1.284333044832         1.287219089978         1.283102530870         1.273352115435         1.260822408286         1.249068483087         1.241375119800         1.239865908012         1.244926774237         1.255099452831         1.267473542119         1.278473362297         1.284831033040         1.284482624568         1.277145477567         1.264416335067         1.249358960447         1.235685155480         1.226745001647         1.224598698298         1.229420714813         1.239404482090         1.251205178521         1.260816246314         1.264653688075         1.260559014989         1.248445758402         1.230400743416         1.210191024685         1.192289354367         1.180660819954         1.177633061577         1.183158782383         1.194690134142         1.207730578101         1.216956734417         1.217640109222         1.207004873068         1.185146679165         1.155230620709         1.122854371382         1.094682614633         1.076657865881         1.072232712931         1.081094050065         1.098757629876         1.117224816612         1.126649497466         1.117749872047         1.084429390503         1.026085895838         0.948510330677         0.863224067766         0.782616584565         0.713401597752         0.644150931483         0.522766448465         0.000000000000
        0.838692078007         0.811509959909         0.859924629224         0.899943545183         0.973611383534         1.040026057292         1.098361257098         1.135467940585         1.150882429327         1.146972921893         1.131227226948         1.112550445939         1.099315119441         1.097234601607         1.108302593804         1.130699250999         1.159652525014         1.188945902844         1.212655539343         1.226671026820         1.229633985935         1.223103683793         1.210955985613         1.198224757405         1.189715001289         1.188757275384         1.196416925457         1.211332142221         1.230194999557         1.248717699157         1.262816079954         1.269691568886         1.268531162025         1.260659385120         1.249115724753         1.237789453177         1.230352716394         1.229282855766         1.235227095159         1.246870439750         1.261329118270         1.274956862235         1.284342019301         1.287228192427         1.283111839559         1.273361655756         1.260832176616         1.249078431489         1.241385177353         1.239876000842         1.244936804896         1.255109359671         1.267483284481         1.278482963312         1.284840547578         1.284492099268         1.277154917564         1.264425773570         1.249368406788         1.235694573016         1.226754324317         1.224607843655         1.229429598760         1.239413039268         1.251213392861         1.260824145936         1.264661344495         1.260566522950         1.248453215456         1.230408197184         1.210198494743         1.192296779165         1.180668100660         1.177640090514         1.183165462247         1.194696375333         1.207736358359         1.216962110439         1.217645164562         1.207009697948         1.185151339292         1.155235147184         1.122858740060         1.094686754409         1.076661658682         1.072236028839         1.081096812098         1.098759808072         1.117226450359         1.126650641036         1.117750573899         1.084429810615         1.026086162808         0.948510495806         0.863224188389         0.782616671484         0.713401654052         0.644150966381         0.522766470028         0.000000000000
        0.838692090218         0.811509980390         0.859924650730         0.899943564810         0.973611412788         1.040026112894         1.098361368839         1.135468146129         1.150882764587         1.146973409798         1.131227887675         1.112551287215         1.099316140849         1.097235761566         1.108303798587         1.130700538000         1.159653800437         1.188947179373         1.212656823906         1.226672348146         1.229635362128         1.223105123846         1.210957506647         1.198226361827         1.189716658719         1.188758976525         1.196418663001         1.211333922034         1.230196791893         1.248719486373         1.262817864536         1.269693361294         1.268533035864         1.260661344173         1.249117766851         1.237791580943         1.230354910615         1.229285099843         1.235229360678         1.246872715263         1.261331398547         1.274959150504         1.284344328241         1.287230537006         1.283114241550         1.273364114652         1.260834690094         1.249080972450         1.241387727743         1.239878549604         1.244939332522         1.255111855349         1.267485745818         1.278485398539         1.284842971985         1.284494517816         1.277157343998         1.264428210854         1.249370846720         1.235696998155         1.226756714755         1.224610181517         1.229431866261         1.239415223601         1.251215493190         1.260826170214         1.264663308972         1.260568447866         1.248455123390         1.230410093849         1.210200379431         1.192298631490         1.180669896012         1.177641810793         1.183167084632         1.194697882974         1.207737757179         1.216963416186         1.217646401770         1.207010885673         1.185152494247         1.155236268748         1.122859814334         1.094687756979         1.076662559888         1.072236800894         1.081097440357         1.098760291407         1.117226799007         1.126650879773         1.117750729855         1.084429910447         1.026086227279         0.948510543777         0.863224225031         0.782616697444         0.713401669574         0.644150974545         0.522766473828         0.000000000000
        0.838692089045         0.811509964249         0.859924616694         0.899943516421         0.973611361060         1.040026068561         1.098361346028         1.135468158897         1.150882820749         1.146973510887         1.131228032937         1.112551468545         1.099316337024         1.097235981185         1.108304060695         1.130700807737         1.159654126146         1.188947536720         1.212657220626         1.226672778324         1.229635825599         1.223105609520         1.210958021423         1.198226897001         1.189717194492         1.188759518566         1.196419207871         1.211334474199         1.230197344931         1.248720038996         1.262818420868         1.269693926824         1.268533621693         1.260661959040         1.249118400077         1.237792235519         1.230355575474         1.229285769262         1.235230024403         1.246873373022         1.261332051276         1.274959805891         1.284344995770         1.287231229030         1.283114973915         1.273364880570         1.260835487941         1.249081765184         1.241388508904         1.239879317066         1.244940079303         1.255112579905         1.267486453523         1.278486100294         1.284843678519         1.284495234433         1.277158074301         1.264428952333         1.249371590667         1.235697732345         1.226757427410         1.224610865412         1.229432516620         1.239415840650         1.251216082910         1.260826741381         1.264663870976         1.260569008749         1.248455689511         1.230410662820         1.210200944980         1.192299180828         1.180670416222         1.177642298449         1.183167535997         1.194698294265         1.207738137531         1.216963773026         1.217646751739         1.207011230309         1.185152845644         1.155236623429         1.122860159692         1.094688077905         1.076662842539         1.072237035812         1.081097626249         1.098760433170         1.117226905979         1.126650964162         1.117750805244         1.084429985840         1.026086308940         0.948510640976         0.863224369213         0.782616846690         0.713401765361         0.644151040635         0.522766543609         0.000000000000
        0.838692088095         0.811509951706         0.859924590479         0.899943479293         0.973611321297         1.040026034378         1.098361328523         1.135468168300         1.150882862323         1.146973585969         1.131228139734         1.112551601474         1.099316487580         1.097236139549         1.108304220208         1.130700958929         1.159654276163         1.188947688848         1.212657386104         1.226672950648         1.229636015044         1.223105812977         1.210958248177         1.198227144745         1.189717453918         1.188759788935         1.196419483348         1.211334754173         1.230197621810         1.248720311709         1.262818689154         1.269694194893         1.268533889921         1.260662236172         1.249118681714         1.237792528896         1.230355873096         1.229286066868         1.235230313596         1.246873652648         1.261332319564         1.274960068572         1.284345260367         1.287231507925         1.283115282867         1.273365215822         1.260835849944         1.249082124658         1.241388861941         1.239879660561         1.244940406215         1.255112887641         1.267486745710         1.278486386596         1.284843967955         1.284495534822         1.277158389666         1.264429281979         1.249371929144         1.235698071058         1.226757757337         1.224611180823         1.229432814390         1.239416122265         1.251216354391         1.260827010649         1.264664145891         1.260569295244         1.248455990990         1.230410976982         1.210201265706         1.192299499194         1.180670722977         1.177642592282         1.183167817780         1.194698560931         1.207738401128         1.216964022566         1.217646981428         1.207011433389         1.185153046825         1.155236828542         1.122860358077         1.094688256583         1.076662990490         1.072237147172         1.081097702560         1.098760480432         1.117226933247         1.126650980380         1.117750818093         1.084429999372         1.026086323562         0.948510656484         0.863224382732         0.782616856424         0.713401771358         0.644151043526         0.522766544432         0.000000000000
        0.838692087405         0.811509941751         0.859924569581         0.899943449599         0.973611289438         1.040026007065         1.098361314899         1.135468176085         1.150882895448         1.146973644803         1.131228221438         1.112551700140         1.099316595563         1.097236249289         1.108304327669         1.130701060802         1.159654373844         1.188947787035         1.212657495142         1.226673063049         1.229636140604         1.223105948759         1.210958402484         1.198227316746         1.189717638660         1.188759983668         1.196419683047         1.211334957603         1.230197823318         1.248720510632         1.262818883172         1.269694383183         1.268534074750         1.260662418084         1.249118859719         1.237792707315         1.230356046143         1.229286233339         1.235230468666         1.246873798345         1.261332454866         1.274960196930         1.284345385478         1.287231636581         1.283115423060         1.273365365280         1.260836009118         1.249082281286         1.241389013215         1.239879803997         1.244940537154         1.255113004451         1.267486850449         1.278486485196         1.284844064749         1.284495634035         1.277158492531         1.264429387069         1.249372033073         1.235698169264         1.226757845625         1.224611257516         1.229432879368         1.239416177618         1.251216404408         1.260827059126         1.264664196006         1.260569348716         1.248456048257         1.230411036026         1.210201322442         1.192299548822         1.180670760017         1.177642616941         1.183167833731         1.194698566205         1.207738400984         1.216964013580         1.217646975922         1.207011424525         1.185153048920         1.155236844164         1.122860379459         1.094688275513         1.076663001901         1.072237149377         1.081097698016         1.098760472113         1.117226925197         1.126650974634         1.117750815996         1.084430000681         1.026086326559         0.948510660399         0.863224386104         0.782616858770         0.713401772602         0.644151044002         0.522766544457         0.000000000000
        0.838692087014         0.811509934742         0.859924554712         0.899943428381         0.973611266719         1.040025987812         1.098361305996         1.135468183160         1.150882921630         1.146973690382         1.131228284054         1.112551775047         1.099316676871         1.097236331303         1.108304407453         1.130701136592         1.159654446689         1.188947860448         1.212657576385         1.226673150333         1.229636239967         1.223106057464         1.210958527791         1.198227458716         1.189717794300         1.188760149964         1.196419856071         1.211335136000         1.230198003216         1.248720690763         1.262819062959         1.269694553977         1.268534247758         1.260662585019         1.249119026194         1.237792868139         1.230356197872         1.229286376597         1.235230599917         1.246873921126         1.261332568386         1.274960303896         1.284345488205         1.287231739599         1.283115531588         1.273365479081         1.260836129453         1.249082403203         1.241389133805         1.239879920575         1.244940645532         1.255113102859         1.267486939974         1.278486569975         1.284844147867         1.284495719243         1.277158581576         1.264429479418         1.249372126689         1.235698260819         1.226757931711         1.224611336527         1.229432950878         1.239416242928         1.251216467291         1.260827122732         1.264664263517         1.260569422378         1.248456129251         1.230411123812         1.210201414683         1.192299642795         1.180670852027         1.177642706371         1.183167923575         1.194698653460         1.207738494199         1.216964115840         1.217647079254         1.207011509349         1.185153117057         1.155236909363         1.122860440658         1.094688328833         1.076663044239         1.072237179320         1.081097717312         1.098760482502         1.117226931449         1.126650979418         1.117750822579         1.084430010281         1.026086337592         0.948510671659         0.863224395356         0.782616864958         0.713401775652         0.644151044889         0.522766544185         0.000000000000
        0.838692087027         0.811509931681         0.859924547895         0.899943418515         0.973611256333         1.040025979567         1.098361303797         1.135468190416         1.150882940679         1.146973722133         1.131228327963         1.112551829114         1.099316738226         1.097236396749         1.108304475240         1.130701205084         1.159654516112         1.188947931591         1.212657652748         1.226673232221         1.229636329698         1.223106151772         1.210958632122         1.198227574993         1.189717921446         1.188760286105         1.196419999229         1.211335285486         1.230198156572         1.248720844997         1.262819221926         1.269694707543         1.268534400766         1.260662719879         1.249119174593         1.237793000205         1.230356322401         1.229286490648         1.235230699949         1.246874011026         1.261332648337         1.274960377356         1.284345556061         1.287231804243         1.283115596895         1.273365543633         1.260836195308         1.249082468549         1.241389197554         1.239879982252         1.244940702786         1.255113154955         1.267486987512         1.278486614628         1.284844189577         1.284495759360         1.277158620725         1.264429517091         1.249372162132         1.235698292544         1.226757958116         1.224611357547         1.229432966219         1.239416253050         1.251216473423         1.260827126986         1.264664267521         1.260569427806         1.248456137290         1.230411134899         1.210201427872         1.192299656668         1.180670864279         1.177642716619         1.183167935117         1.194698663451         1.207738501771         1.216964123948         1.217647089516         1.207011523393         1.185153133143         1.155236929255         1.122860461467         1.094688348543         1.076663060980         1.072237192026         1.081097727299         1.098760489360         1.117226937811         1.126650985254         1.117750829431         1.084430018119         1.026086345033         0.948510678359         0.863224399763         0.782616867416         0.713401776455         0.644151044535         0.522766543089         0.000000000000
        0.838692087216         0.811509930643         0.859924545254         0.899943414559         0.973611252334         1.040025976930         1.098361304753         1.135468197088         1.150882954825         1.146973744841         1.131228359551         1.112551869022         1.099316785243         1.097236449144         1.108304531943         1.130701264565         1.159654578157         1.188947995600         1.212657720310         1.226673304275         1.229636406627         1.223106228723         1.210958713982         1.198227666142         1.189718021850         1.188760393987         1.196420113139         1.211335404792         1.230198279512         1.248720968763         1.262819350695         1.269694834752         1.268534525632         1.260662829920         1.249119298152         1.237793110210         1.230356427801         1.229286588055         1.235230785925         1.246874089345         1.261332718609         1.274960443861         1.284345617677         1.287231862071         1.283115655691         1.273365599301         1.260836251104         1.249082523675         1.241389251676         1.239880035815         1.244940753707         1.255113203469         1.267487034807         1.278486661312         1.284844233353         1.284495800787         1.277158660171         1.264429554165         1.249372196496         1.235698322942         1.226757982908         1.224611377045         1.229432979421         1.239416260303         1.251216472869         1.260827122660         1.264664260739         1.260569420784         1.248456131627         1.230411131995         1.210201427952         1.192299659283         1.180670867915         1.177642720327         1.183167940814         1.194698668054         1.207738502300         1.216964122826         1.217647087471         1.207011523664         1.185153135025         1.155236933813         1.122860468190         1.094688356580         1.076663069347         1.072237199699         1.081097735321         1.098760496430         1.117226945215         1.126650992028         1.117750835954         1.084430023740         1.026086349416         0.948510681478         0.863224399494         0.782616865753         0.713401774374         0.644151042229         0.522766540329         0.000000000000
        0.838692087384         0.811509929988         0.859924543497         0.899943411882         0.973611249640         1.040025975240         1.098361305701         1.135468202200         1.150882965376         1.146973761552         1.131228382548         1.112551897814         1.099316818936         1.097236486498         1.108304572206         1.130701306555         1.159654621956         1.188948040481         1.212657767521         1.226673355424         1.229636461266         1.223106279412         1.210958765953         1.198227726397         1.189718090708         1.188760468934         1.196420192469         1.211335487809         1.230198365135         1.248721055804         1.262819441291         1.269694926276         1.268534616437         1.260662916821         1.249119389395         1.237793196651         1.230356511288         1.229286667025         1.235230857605         1.246874157515         1.261332781972         1.274960507341         1.284345678427         1.287231920518         1.283115717642         1.273365658383         1.260836311224         1.249082583834         1.241389311356         1.239880095521         1.244940811202         1.255113259904         1.267487092558         1.278486720851         1.284844291259         1.284495857453         1.277158715755         1.264429607994         1.249372247838         1.235698370005         1.226758023764         1.224611411583         1.229433006098         1.239416280328         1.251216482576         1.260827127592         1.264664262216         1.260569421407         1.248456133061         1.230411135840         1.210201434763         1.192299668872         1.180670879009         1.177642731674         1.183167953141         1.194698678607         1.207738508715         1.216964126426         1.217647088917         1.207011525956         1.185153137944         1.155236938546         1.122860474771         1.094688364570         1.076663078062         1.072237208097         1.081097744171         1.098760504453         1.117226953054         1.126650998658         1.117750840853         1.084430026686         1.026086351050         0.948510681893         0.863224395657         0.782616860843         0.713401769950         0.644151038294         0.522766536162         0.000000000000
        0.838692087565         0.811509929570         0.859924542234         0.899943409894         0.973611247653         1.040025974106         1.098361306801         1.135468206808         1.150882974542         1.146973775772         1.131228401742         1.112551921366         1.099316845928         1.097236515792         1.108304603084         1.130701338031         1.159654654384         1.188948073323         1.212657802147         1.226673394050         1.229636503402         1.223106315692         1.210958801980         1.198227770759         1.189718143697         1.188760527327         1.196420254230         1.211335552058         1.230198431155         1.248721123196         1.262819511573         1.269694998641         1.268534689136         1.260662989084         1.249119462800         1.237793268107         1.230356580220         1.229286732606         1.235230917623         1.246874215558         1.261332836780         1.274960563677         1.284345733331         1.287231974397         1.283115775627         1.273365714675         1.260836369196         1.249082642238         1.241389369477         1.239880153659         1.244940867706         1.255113315987         1.267487150627         1.278486781186         1.284844351097         1.284495916929         1.277158774907         1.264429666010         1.249372303878         1.235698422332         1.226758071177         1.224611453373         1.229433040578         1.239416309729         1.251216502979         1.260827143496         1.264664274602         1.260569432492         1.248456144176         1.230411148225         1.210201448864         1.192299684535         1.180670895278         1.177642747530         1.183167968977         1.194698692369         1.207738519145         1.216964134137         1.217647094464         1.207011531537         1.185153143473         1.155236944932         1.122860482106         1.094688372565         1.076663086244         1.072237215639         1.081097751646         1.098760511089         1.117226959338         1.126651003634         1.117750843592         1.084430027581         1.026086351029         0.948510681170         0.863224391024         0.782616855399         0.713401765245         0.644151034273         0.522766532046         0.000000000000
        0.838692087745         0.811509929338         0.859924541379         0.899943408492         0.973611246266         1.040025973424         1.098361307954         1.135468210838         1.150882982290         1.146973787572         1.131228417406         1.112551940253         1.099316867181         1.097236538435         1.108304626519         1.130701361523         1.159654678437         1.188948097657         1.212657828067         1.226673423722         1.229636536640         1.223106343090         1.210958828494         1.198227804245         1.189718184178         1.188760571623         1.196420300413         1.211335599354         1.230198479131         1.248721171765         1.262819562307         1.269695051397         1.268534742451         1.260663042652         1.249119516603         1.237793320796         1.230356630873         1.229286780801         1.235230961788         1.246874258899         1.261332878420         1.274960607141         1.284345776419         1.287232017488         1.283115821931         1.273365760435         1.260836416459         1.249082689792         1.241389416594         1.239880200449         1.244940913394         1.255113361415         1.267487197412         1.278486829479         1.284844399512         1.284495965368         1.277158823388         1.264429713766         1.249372350230         1.235698465999         1.226758111859         1.224611490123         1.229433071952         1.239416338333         1.251216525523         1.260827162626         1.264664290858         1.260569447378         1.248456158589         1.230411162925         1.210201464085         1.192299700114         1.180670910607         1.177642762010         1.183167983075         1.194698704743         1.207738529273         1.216964142297         1.217647101007         1.207011537784         1.185153149314         1.155236950877         1.122860488167         1.094688378532         1.076663091816         1.072237220375         1.081097755946         1.098760514865         1.117226963209         1.126651006454         1.117750844556         1.084430027248         1.026086350212         0.948510680122         0.863224387026         0.782616850861         0.713401761381         0.644151031029         0.522766528789         0.000000000000
        0.838692087894         0.811509929225         0.859924540846         0.899943407580         0.973611245374         1.040025973060         1.098361308952         1.135468213971         1.150882988173         1.146973796425         1.131228429047         1.112551954172         1.099316882733         1.097236554929         1.108304643580         1.130701378692         1.159654696186         1.188948115883         1.212657847696         1.226673446293         1.229636562332         1.223106364119         1.210958848474         1.198227828774         1.189718213043         1.188760602372         1.196420331632         1.211335630629         1.230198510215         1.248721202552         1.262819594493         1.269695085059         1.268534776516         1.260663076962         1.249119550843         1.237793354318         1.230356662980         1.229286811366         1.235230989821         1.246874287041         1.261332906112         1.274960636526         1.284345806082         1.287232047635         1.283115854124         1.273365792632         1.260836449646         1.249082723042         1.241389449360         1.239880232806         1.244940945120         1.255113393015         1.267487229765         1.278486862711         1.284844433052         1.284495999017         1.277158857163         1.264429747002         1.249372382430         1.235698496316         1.226758140388         1.224611516113         1.229433094515         1.239416359572         1.251216543250         1.260827178139         1.264664304424         1.260569459867         1.248456170614         1.230411174897         1.210201476100         1.192299711964         1.180670921926         1.177642772532         1.183167993311         1.194698713823         1.207738536994         1.216964148727         1.217647106273         1.207011542523         1.185153153356         1.155236954443         1.122860491234         1.094688381006         1.076663093553         1.072237221424         1.081097756462         1.098760515556         1.117226964979         1.126651007485         1.117750844271         1.084430026133         1.026086348855         0.948510678745         0.863224383623         0.782616847213         0.713401758366         0.644151028581         0.522766526403         0.000000000000
        0.838692087988         0.811509929085         0.859924540355         0.899943406780         0.973611244575         1.040025972645         1.098361309541         1.135468216125         1.150882992331         1.146973802739         1.131228437392         1.112551964215         1.099316894078         1.097236567176         1.108304656568         1.130701392182         1.159654710506         1.188948130974         1.212657863983         1.226673464538         1.229636582926         1.223106381286         1.210958864538         1.198227847030         1.189718233135         1.188760622686         1.196420351321         1.211335649660         1.230198528376         1.248721219437         1.262819612046         1.269695103438         1.268534795054         1.260663095598         1.249119569297         1.237793372302         1.230356680124         1.229286827773         1.235231004960         1.246874302955         1.261332922410         1.274960654303         1.284345824382         1.287232066411         1.283115873940         1.273365812432         1.260836469856         1.249082743104         1.241389469008         1.239880252220         1.244940964358         1.255113412395         1.267487249707         1.278486883290         1.284844453938         1.284496019954         1.277158878122         1.264429767391         1.249372401862         1.235698514254         1.226758156992         1.224611531002         1.229433107401         1.239416371769         1.251216553655         1.260827187335         1.264664312552         1.260569467320         1.248456177897         1.230411182203         1.210201483440         1.192299719022         1.180670928472         1.177642778560         1.183167999325         1.194698719255         1.207738541736         1.216964152677         1.217647109334         1.207011544825         1.185153154626         1.155236954689         1.122860490422         1.094688379185         1.076663090703         1.072237218194         1.081097752707         1.098760512980         1.117226964964         1.126651007086         1.117750842982         1.084430024387         1.026086346995         0.948510676936         0.863224380499         0.782616844120         0.713401755937         0.644151026715         0.522766524666         0.000000000000
        0.838692088013         0.811509928744         0.859924539547         0.899943405586         0.973611243330         1.040025971723         1.098361309502         1.135468217439         1.150882995355         1.146973807594         1.131228444006         1.112551972391         1.099316903610         1.097236577882         1.108304668439         1.130701405109         1.159654724646         1.188948146205         1.212657880261         1.226673481968         1.229636601920         1.223106397664         1.210958879693         1.198227862590         1.189718248632         1.188760637086         1.196420364178         1.211335661226         1.230198538350         1.248721226910         1.262819619467         1.269695111042         1.268534802590         1.260663103097         1.249119576578         1.237793379269         1.230356686697         1.229286834250         1.235231011171         1.246874310427         1.261332930817         1.274960664041         1.284345834646         1.287232076896         1.283115884656         1.273365822805         1.260836480095         1.249082752997         1.241389478588         1.239880261830         1.244940974239         1.255113422783         1.267487260760         1.278486894990         1.284844465934         1.284496031908         1.277158889918         1.264429778462         1.249372411875         1.235698522875         1.226758164394         1.224611537132         1.229433112394         1.239416376364         1.251216557522         1.260827190727         1.264664315580         1.260569470010         1.248456180814         1.230411185406         1.210201486875         1.192299722160         1.180670931134         1.177642780993         1.183168002025         1.194698721870         1.207738544175         1.216964154703         1.217647110637         1.207011545159         1.185153153559         1.155236952049         1.122860486143         1.094688373428         1.076663083546         1.072237210887         1.081097744835         1.098760507299         1.117226963428         1.126651005554         1.117750840877         1.084430022153         1.026086344749         0.948510674769         0.863224377518         0.782616841380         0.713401753900         0.644151025250         0.522766523379         0.000000000000
        0.838692087971         0.811509928109         0.859924538214         0.899943403698         0.973611241321         1.040025970045         1.098361308774         1.135468218143         1.150882997841         1.146973811978         1.131228450245         1.112551980366         1.099316913229         1.097236589096         1.108304681319         1.130701419609         1.159654740771         1.188948163730         1.212657898780         1.226673501122         1.229636622032         1.223106415600         1.210958896253         1.198227878380         1.189718263075         1.188760649465         1.196420374275         1.211335669461         1.230198544338         1.248721229236         1.262819621152         1.269695112351         1.268534803631         1.260663103987         1.249119577212         1.237793379649         1.230356686967         1.229286834860         1.235231012227         1.246874313059         1.261332934725         1.274960669170         1.284345840191         1.287232082333         1.283115889700         1.273365827108         1.260836483812         1.249082756197         1.241389481559         1.239880265071         1.244940978117         1.255113427510         1.267487266348         1.278486901323         1.284844472571         1.284496038435         1.277158896131         1.264429783788         1.249372416005         1.235698525605         1.226758165919         1.224611537622         1.229433112203         1.239416375940         1.251216556981         1.260827190213         1.264664315236         1.260569469610         1.248456181116         1.230411186407         1.210201488467         1.192299723504         1.180670932015         1.177642781874         1.183168003394         1.194698723534         1.207738546039         1.216964156447         1.217647111806         1.207011545258         1.185153152016         1.155236948531         1.122860480521         1.094688365899         1.076663074240         1.072237201427         1.081097734659         1.098760499844         1.117226961004         1.126651003433         1.117750838399         1.084430019781         1.026086342439         0.948510672543         0.863224374793         0.782616838992         0.713401752192         0.644151024084         0.522766522404         0.000000000000
        0.838692087884         0.811509927267         0.859924536505         0.899943401309         0.973611238767         1.040025967841         1.098361307602         1.135468218518         1.150883000126         1.146973816299         1.131228456581         1.112551988634         1.099316923386         1.097236601151         1.108304695361         1.130701435609         1.159654758633         1.188948183167         1.212657919197         1.226673521922         1.229636643466         1.223106435204         1.210958914486         1.198227895292         1.189718278038         1.188760661950         1.196420384167         1.211335677222         1.230198549630         1.248721230423         1.262819621465         1.269695111974         1.268534802870         1.260663103003         1.249119575945         1.237793378123         1.230356685433         1.229286833823         1.235231011942         1.246874314351         1.261332937322         1.274960672793         1.284345844066         1.287232085852         1.283115892475         1.273365828919         1.260836484805         1.249082756597         1.241389481787         1.239880265681         1.244940979518         1.255113429889         1.267487269637         1.278486905357         1.284844476877         1.284496042586         1.277158899893         1.264429786609         1.249372417595         1.235698525825         1.226758164960         1.224611535740         1.229433109807         1.239416373335         1.251216554499         1.260827187999         1.264664313522         1.260569468048         1.248456180707         1.230411187166         1.210201490267         1.192299725225         1.180670933344         1.177642783383         1.183168005531         1.194698726196         1.207738549108         1.216964159575         1.217647114484         1.207011546888         1.185153151970         1.155236946387         1.122860476095         1.094688359350         1.076663065734         1.072237192587         1.081097724913         1.098760492674         1.117226958662         1.126651001445         1.117750836123         1.084430017657         1.026086340367         0.948510670517         0.863224372440         0.782616836986         0.713401750788         0.644151023157         0.522766521655         0.000000000000
        0.838692087793         0.811509926438         0.859924534836         0.899943398984         0.973611236281         1.040025965684         1.098361306416         1.135468218785         1.150883002192         1.146973820297         1.131228462517         1.112551996463         1.099316933094         1.097236612762         1.108304708951         1.130701451146         1.159654775974         1.188948202031         1.212657938960         1.226673541940         1.229636664003         1.223106454256         1.210958932360         1.198227911806         1.189718292622         1.188760674262         1.196420394137         1.211335685250         1.230198555536         1.248721232716         1.262819623056         1.269695112840         1.268534803321         1.260663103196         1.249119575840         1.237793377736         1.230356685022         1.229286833844         1.235231012676         1.246874316382         1.261332940424         1.274960676638         1.284345847993         1.287232089314         1.283115895113         1.273365830611         1.260836485687         1.249082756939         1.241389482010         1.239880266292         1.244940980884         1.255113432142         1.267487272658         1.278486908972         1.284844480646         1.284496046140         1.277158903049         1.264429788883         1.249372418735         1.235698525719         1.226758163754         1.224611533664         1.229433107204         1.239416370411         1.251216551660         1.260827185428         1.264664311549         1.260569466342         1.248456180399         1.230411188332         1.210201492832         1.192299727982         1.180670935873         1.177642786203         1.183168009065         1.194698730365         1.207738553753         1.216964164346         1.217647118896         1.207011550365         1.185153153928         1.155236946416         1.122860474013         1.094688355265         1.076663059847         1.072237186245         1.081097717556         1.098760487375         1.117226957253         1.126651000164         1.117750834433         1.084430015946         1.026086338574         0.948510668683         0.863224370379         0.782616835270         0.713401749615         0.644151022408         0.522766521072         0.000000000000
        0.838714304379         0.811574412637         0.860025260250         0.900068924800         0.973751620699         1.040181457623         1.098543664036         1.135698412389         1.151189986128         1.147386531807         1.131768261695         1.113225320849         1.100114156674         1.098133366609         1.109268929499         1.131702738704         1.160673533889         1.189981943599         1.213722674025         1.227799591831         1.230861106136         1.224462181992         1.212465475436         1.199885484132         1.191507165084         1.190646551027         1.198362848239         1.213299373799         1.232162332951         1.250683827676         1.264798921555         1.271722108160         1.270645219260         1.262886593614         1.251470371865         1.240265295781         1.232924401315         1.231911784667         1.237871114789         1.249494086777         1.263912465604         1.277499699534         1.286862740759         1.289757247372         1.285682550195         1.276000110569         1.263548403338         1.251862024482         1.244207785615         1.242697632333         1.247715752801         1.257812475555         1.270093930388         1.281004463834         1.287293710304         1.286908460427         1.279567173665         1.266857917579         1.251827724258         1.238168280848         1.229212551121         1.227010968476         1.231738202638         1.241597788219         1.253262597692         1.262746161286         1.266481174573         1.262318383622         1.250170826107         1.232114881925         1.211900462977         1.193980614611         1.182304834191         1.179193320898         1.184601309945         1.195992403661         1.208887871920         1.217982933201         1.218563645617         1.207860547798         1.185966395205         1.156034709978         1.123647078096         1.095451798491         1.077379735153         1.072879486220         1.081642306118         1.099194828361         1.117552574036         1.126882661324         1.117911640826         1.084544880772         1.026175959295         0.948587448074         0.863291705027         0.782672629718         0.713444171404         0.644181384229         0.522787445241         0.000000000000
        0.838715076053         0.811576565257         0.860028584286         0.900073116319         0.973756654329         1.040187408390         1.098551383213         1.135709015399         1.151205046614         1.147407501838         1.131796236651         1.113260747454         1.100156720690         1.098182081337         1.109322429820         1.131759723733         1.160733164665         1.190044176857         1.213788339008         1.227870257896         1.230938691052         1.224548444350         1.212561558007         1.199991622666         1.191622641451         1.190769915591         1.198492343107         1.213433439252         1.232300027300         1.250825093916         1.264944629517         1.271873809859         1.270804666719         1.263055228440         1.251648901047         1.240453503460         1.233121179358         1.232115353392         1.238079477044         1.249705601606         1.264126280401         1.277715935153         1.287082319038         1.289981505268         1.285912765481         1.276237125667         1.263792366763         1.252112243233         1.244462780960         1.242955371151         1.247973995549         1.258069333646         1.270348354820         1.281256521329         1.287544385430         1.287159187501         1.279819276309         1.267112175945         1.252084100753         1.238425729030         1.229469109547         1.227264049415         1.231985113824         1.241836419152         1.253491945631         1.262966589895         1.266694249044         1.262526331511         1.250375724719         1.232317993405         1.212101803984         1.194178855339         1.182497442350         1.179377056654         1.184773075141         1.196150091374         1.209030943548         1.218112546494         1.218682328063         1.207971481703         1.186072530219         1.156137913775         1.123747589001         1.095548129805         1.077469113746         1.072958694239         1.081708647850         1.099246909459         1.117590688379         1.126908716647         1.117928587840         1.084555928757         1.026183784041         0.948593741787         0.863297138619         0.782677230877         0.713447840069         0.644184333211         0.522789799262         0.000000000000
        0.838715123945         0.811576685795         0.860028762057         0.900073336720         0.973756926215         1.040187746152         1.098551865440         1.135709727595         1.151206103834         1.147409003037         1.131798253899         1.113263301541         1.100159776916         1.098185567804         1.109326258958         1.131763813947         1.160737474470         1.190048714590         1.213793167160         1.227875478647         1.230944420743         1.224554786533         1.212568574963         1.199999323064         1.191630980139         1.190778811241         1.198501700869         1.213443175949         1.232310099672         1.250835500538         1.264955424567         1.271885073961         1.270816490032         1.263067681882         1.251662018470         1.240467265295         1.233135524971         1.232130199345         1.238094723408         1.249721161339         1.264142096818         1.277731990969         1.287098646302         1.289998160332         1.285929807762         1.276254592156         1.263810251287         1.252130485238         1.244481289888         1.242974045088         1.247992730379         1.258088044232         1.270366983163         1.281275035946         1.287562799008         1.287177538441         1.279837611045         1.267130521633         1.252102438045         1.238443980737         1.229487169037         1.227281792731         1.232002417387         1.241853189305         1.253508139033         1.262982208270         1.266709345997         1.262540985485         1.250390017094         1.232331975051         1.212115471051         1.194192135179         1.182510206423         1.179389151152         1.184784354471         1.196160455263         1.209040366919         1.218121091506         1.218690130107         1.207978713567         1.186079352547         1.156144428979         1.123753814299         1.095553992701         1.077474475494         1.072963391728         1.081712545527         1.099249946099         1.117592897439         1.126910220231         1.117929563026         1.084556565751         1.026184240496         0.948594116585         0.863297469905         0.782677514065         0.713448067765         0.644184514516         0.522789941761         0.000000000000
        0.838715130463         0.811576701153         0.860028784224         0.900073364037         0.973756960664         1.040187790513         1.098551931524         1.135709829246         1.151206259861         1.147409228461         1.131798559051         1.113263690132         1.100160244702         1.098186104276         1.109326851900         1.131764452371         1.160738153752         1.190049435538         1.213793938735         1.227876314257         1.230945334463         1.224555791148         1.212569677541         1.200000525113         1.191632276646         1.190780193206         1.198503158278         1.213444699354         1.232311684703         1.250837146609         1.264957137370         1.271886859937         1.270818356690         1.263069634973         1.251664061322         1.240469395856         1.233137739148         1.232132491132         1.238097084536         1.249723582445         1.264144572819         1.277734516720         1.287101221121         1.290000785001         1.285932483295         1.276257318343         1.263813024662         1.252133296256         1.244484132521         1.242976910866         1.247995609190         1.258090926944         1.270369861596         1.281277902337         1.287565648614         1.287180368669         1.279840421089         1.267133309661         1.252105200110         1.238446708322         1.229489853785         1.227284424352         1.232004986848         1.241855688544         1.253510561975         1.262984551261         1.266711609911         1.262543173848         1.250392135758         1.232334027731         1.212117457731         1.194194049041         1.182512034856         1.179390879225         1.184785967342         1.196161942293         1.209041725280         1.218122327190         1.218691257586         1.207979752543         1.186080322849         1.156145344323         1.123754678184         1.095554798194         1.077475207102         1.072964030196         1.081713074484         1.099250357755         1.117593195731         1.126910420950         1.117929689408         1.084556643501         1.026184291859         0.948594156448         0.863297505653         0.782677546052         0.713448095361         0.644184537810         0.522789960725         0.000000000000
        0.838715131769         0.811576704066         0.860028788346         0.900073369086         0.973756967063         1.040187799148         1.098551944970         1.135709850604         1.151206293085         1.147409276854         1.131798625003         1.113263774278         1.100160346158         1.098186221028         1.109326981790         1.131764593449         1.160738305231         1.190049597822         1.213794113311         1.227876503478         1.230945540556         1.224556016303         1.212569922813         1.200000790853         1.191632562130         1.190780496853         1.198503478639         1.213445034743         1.232312034317         1.250837510240         1.264957515923         1.271887254196         1.270818766806         1.263070061279         1.251664504312         1.240469855439         1.233138214940         1.232132984351         1.238097593538         1.249724107525         1.264145112774         1.277735070339         1.287101787235         1.290001363677         1.285933073380         1.276257918966         1.263813634443         1.252133913447         1.244484756230         1.242977540142         1.247996242379         1.258091562894         1.270370498434         1.281278538678         1.287566282408         1.287180998461         1.279841045665         1.267133927984         1.252105810754         1.238447309037         1.229490442616         1.227285000637         1.232005549675         1.241856237264         1.253511095401         1.262985068456         1.266712110078         1.262543656707         1.250392601678         1.232334476851         1.212117889960         1.194194463295         1.182512429192         1.179391251471         1.184786315178         1.196162264005         1.209042020529         1.218122596918         1.218691504356         1.207979979861         1.186080534258         1.156145542338         1.123754863495         1.095554969603         1.077475361801         1.072964164605         1.081713185563         1.099250444049         1.117593258119         1.126910462674         1.117929715311         1.084556658922         1.026184301489         0.948594163373         0.863297511504         0.782677551057         0.713448099507         0.644184541126         0.522789963443         0.000000000000
        0.838715132159         0.811576704997         0.860028789732         0.900073370825         0.973756969198         1.040187801918         1.098551949035         1.135709856842         1.151206302643         1.147409290723         1.131798643972         1.113263798583         1.100160375578         1.098186255047         1.109327019875         1.131764635064         1.160738350176         1.190049646222         1.213794165502         1.227876559973         1.230945601849         1.224556082931         1.212569994973         1.200000868643         1.191632645480         1.190780585360         1.198503572048         1.213445132784         1.232312136706         1.250837616886         1.264957626947         1.271887369573         1.270818886034         1.263070184309         1.251664631442         1.240469986710         1.233138349539         1.232133121968         1.238097733616         1.249724250205         1.264145258795         1.277735219912         1.287101939572         1.290001519030         1.285933231111         1.276258078660         1.263813795634         1.252134075584         1.244484919215         1.242977703949         1.247996406666         1.258091727725         1.270370663429         1.281278703724         1.287566446926         1.287181161898         1.279841207455         1.267134087845         1.252105968087         1.238447463455         1.229490594048         1.227285149106         1.232005695201         1.241856379740         1.253511234503         1.262985204000         1.266712241598         1.262543783866         1.250392724299         1.232334594743         1.212118003018         1.194194571297         1.182512531828         1.179391348425         1.184786406035         1.196162348513         1.209042098635         1.218122668771         1.218691570437         1.207980040867         1.186080590887         1.156145595100         1.123754912456         1.095555014542         1.077475402096         1.072964199453         1.081713214280         1.099250466326         1.117593274192         1.126910473361         1.117929721856         1.084556662682         1.026184303692         0.948594164803         0.863297512661         0.782677552032         0.713448100315         0.644184541780         0.522789963965         0.000000000000
        0.838715132294         0.811576705355         0.860028790294         0.900073371549         0.973756970062         1.040187802977         1.098551950467         1.135709858884         1.151206305723         1.147409295141         1.131798650035         1.113263806399         1.100160385105         1.098186266154         1.109327032428         1.131764648900         1.160738365219         1.190049662501         1.213794183066         1.227876578913         1.230945622258         1.224556104978         1.212570018712         1.200000894130         1.191632672760         1.190780614322         1.198503602664         1.213445165011         1.232312170375         1.250837651993         1.264957663522         1.271887407487         1.270818925067         1.263070224402         1.251664672716         1.240470029118         1.233138393118         1.232133167127         1.238097780414         1.249724298380         1.264145308572         1.277735270909         1.287101991486         1.290001572113         1.285933284935         1.276258133042         1.263813850414         1.252134130550         1.244484974323         1.242977759188         1.247996461898         1.258091783001         1.270370718658         1.281278758927         1.287566501988         1.287181216549         1.279841261428         1.267134141122         1.252106020363         1.238447514585         1.229490644077         1.227285198107         1.232005743208         1.241856426685         1.253511280227         1.262985248539         1.266712284755         1.262543825536         1.250392764430         1.232334633287         1.212118039972         1.194194606625         1.182512565455         1.179391380298         1.184786435976         1.196162376410         1.209042124474         1.218122692572         1.218691592337         1.207980061062         1.186080609596         1.156145612512         1.123754928614         1.095555029372         1.077475415403         1.072964210983         1.081713223818         1.099250473771         1.117593279600         1.126910476963         1.117929724069         1.084556663938         1.026184304447         0.948594165347         0.863297513112         0.782677552477         0.713448100731         0.644184542152         0.522789964273         0.000000000000
        0.838715132348         0.811576705525         0.860028790580         0.900073371927         0.973756970498         1.040187803471         1.098551951055         1.135709859642         1.151206306777         1.147409296611         1.131798652055         1.113263809032         1.100160388356         1.098186270000         1.109327036842         1.131764653831         1.160738370634         1.190049668400         1.213794189436         1.227876585743         1.230945629535         1.224556112754         1.212570026997         1.200000902954         1.191632682170         1.190780624302         1.198503613246         1.213445176217         1.232312182109         1.250837664266         1.264957676328         1.271887420673         1.270818938499         1.263070238001         1.251664686506         1.240470043071         1.233138407231         1.232133181595         1.238097795348         1.249724313584         1.264145324359         1.277735287275         1.287102008072         1.290001589118         1.285933302015         1.276258150138         1.263813867505         1.252134147602         1.244484991368         1.242977776282         1.247996479064         1.258091800305         1.270370736132         1.281278776634         1.287566519911         1.287181234498         1.279841279210         1.267134158723         1.252106037593         1.238447531355         1.229490660453         1.227285214198         1.232005759086         1.241856442330         1.253511295576         1.262985263644         1.266712299476         1.262543839772         1.250392778093         1.232334646328         1.212118052391         1.194194618451         1.182512576713         1.179391391087         1.184786446235         1.196162386126         1.209042133651         1.218122701168         1.218691600339         1.207980068470         1.186080616439         1.156145618831         1.123754934419         1.095555034644         1.077475420101         1.072964215046         1.081713227193         1.099250476439         1.117593281566         1.126910478247         1.117929724813         1.084556664301         1.026184304571         0.948594165339         0.863297513103         0.782677552496         0.713448100785         0.644184542223         0.522789964344         0.000000000000
        0.838715132377         0.811576705643         0.860028790792         0.900073372214         0.973756970823         1.040187803812         1.098551951402         1.135709860015         1.151206307228         1.147409297202         1.131798652869         1.113263810117         1.100160389736         1.098186271676         1.109327038802         1.131764656046         1.160738373071         1.190049671049         1.213794192276         1.227876588761         1.230945632718         1.224556116138         1.212570030597         1.200000906794         1.191632686279         1.190780628677         1.198503617901         1.213445181162         1.232312187273         1.250837669662         1.264957681968         1.271887426459         1.270818944387         1.263070243956         1.251664692544         1.240470049179         1.233138413415         1.232133187936         1.238097801930         1.249724320207         1.264145331236         1.277735294569         1.287102015369         1.290001596516         1.285933309376         1.276258157434         1.263813874758         1.252134154800         1.244484998498         1.242977783351         1.247996486090         1.258091807328         1.270370743194         1.281278783820         1.287566527291         1.287181241987         1.279841286678         1.267134166209         1.252106044979         1.238447538540         1.229490667475         1.227285221128         1.232005765960         1.241856449114         1.253511302230         1.262985270216         1.266712305869         1.262543845915         1.250392783915         1.232334651816         1.212118057556         1.194194623340         1.182512581380         1.179391395617         1.184786450621         1.196162390365         1.209042137742         1.218122705063         1.218691604003         1.207980071865         1.186080619557         1.156145621680         1.123754937007         1.095555036972         1.077475422167         1.072964216840         1.081713228701         1.099250477658         1.117593282496         1.126910478842         1.117929725138         1.084556664443         1.026184304577         0.948594165261         0.863297513044         0.782677552468         0.713448100797         0.644184542260         0.522789964387         0.000000000000
        0.838715132392         0.811576705714         0.860028790925         0.900073372396         0.973756971025         1.040187804013         1.098551951583         1.135709860170         1.151206307374         1.147409297366         1.131798653096         1.113263810443         1.100160390186         1.098186272268         1.109327039544         1.131764656930         1.160738374078         1.190049672164         1.213794193473         1.227876590007         1.230945633981         1.224556117424         1.212570031910         1.200000908152         1.191632687712         1.190780630209         1.198503619562         1.213445182970         1.232312189184         1.250837671682         1.264957684099         1.271887428618         1.270818946541         1.263070246080         1.251664694649         1.240470051264         1.233138415489         1.232133190053         1.238097804204         1.249724322510         1.264145333756         1.277735297527         1.287102018312         1.290001599637         1.285933312516         1.276258160567         1.263813877892         1.252134157853         1.244485001444         1.242977786235         1.247996488946         1.258091810232         1.270370746149         1.281278786882         1.287566530615         1.287181245466         1.279841290165         1.267134169770         1.252106048490         1.238447541907         1.229490670730         1.227285224364         1.232005769222         1.241856452374         1.253511305471         1.262985273466         1.266712309047         1.262543848946         1.250392786730         1.232334654402         1.212118059922         1.194194625539         1.182512583486         1.179391397704         1.184786452714         1.196162392467         1.209042139842         1.218122707109         1.218691605947         1.207980073655         1.186080621171         1.156145623117         1.123754938278         1.095555038094         1.077475423156         1.072964217706         1.081713229444         1.099250478274         1.117593282975         1.126910479142         1.117929725284         1.084556664486         1.026184304535         0.948594165166         0.863297512972         0.782677552426         0.713448100795         0.644184542282         0.522789964417         0.000000000000
        0.838715132400         0.811576705757         0.860028791006         0.900073372508         0.973756971149         1.040187804134         1.098551951684         1.135709860246         1.151206307429         1.147409297414         1.131798653163         1.113263810554         1.100160390363         1.098186272529         1.109327039903         1.131764657390         1.160738374631         1.190049672797         1.213794194156         1.227876590705         1.230945634651         1.224556118055         1.212570032495         1.200000908709         1.191632688276         1.190780630819         1.198503620258         1.213445183775         1.232312190068         1.250837672640         1.264957685128         1.271887429608         1.270818947442         1.263070246902         1.251664695335         1.240470051954         1.233138415903         1.232133190396         1.238097804653         1.249724323010         1.264145334451         1.277735298619         1.287102019466         1.290001600967         1.285933313808         1.276258161804         1.263813879060         1.252134158869         1.244485002294         1.242977787026         1.247996489739         1.258091811146         1.270370747169         1.281278788017         1.287566532094         1.287181247123         1.279841291853         1.267134171513         1.252106050159         1.238447543411         1.229490672099         1.227285225737         1.232005770666         1.241856453861         1.253511307003         1.262985275074         1.266712310661         1.262543850490         1.250392788140         1.232334655649         1.212118061014         1.194194626523         1.182512584432         1.179391398676         1.184786453744         1.196162393564         1.209042140994         1.218122708270         1.218691607069         1.207980074689         1.186080622088         1.156145623909         1.123754938953         1.095555038668         1.077475423650         1.072964218133         1.081713229816         1.099250478589         1.117593283224         1.126910479286         1.117929725336         1.084556664477         1.026184304474         0.948594165075         0.863297512898         0.782677552381         0.713448100782         0.644184542290         0.522789964434         0.000000000000
        0.838715132411         0.811576705805         0.860028791093         0.900073372625         0.973756971282         1.040187804270         1.098551951816         1.135709860379         1.151206307578         1.147409297605         1.131798653424         1.113263810909         1.100160390828         1.098186273113         1.109327040607         1.131764658212         1.160738375559         1.190049673824         1.213794195264         1.227876591873         1.230945635852         1.224556119285         1.212570033759         1.200000910026         1.191632689681         1.190780632345         1.198503621928         1.213445185586         1.232312191980         1.250837674624         1.264957687192         1.271887431600         1.270818949292         1.263070248742         1.251664696987         1.240470053894         1.233138417142         1.232133191492         1.238097805794         1.249724324178         1.264145335720         1.277735300088         1.287102020923         1.290001602394         1.285933315024         1.276258162803         1.263813879823         1.252134159385         1.244485002577         1.242977787198         1.247996489880         1.258091811373         1.270370747501         1.281278788444         1.287566532814         1.287181247982         1.279841292745         1.267134172398         1.252106050946         1.238447544014         1.229490672543         1.227285226212         1.232005771250         1.241856454491         1.253511307699         1.262985275875         1.266712311515         1.262543851328         1.250392788906         1.232334656313         1.212118061578         1.194194627023         1.182512584927         1.179391399212         1.184786454344         1.196162394236         1.209042141725         1.218122709026         1.218691607812         1.207980075377         1.186080622697         1.156145624426         1.123754939385         1.095555039027         1.077475423959         1.072964218389         1.081713230046         1.099250478796         1.117593283388         1.126910479363         1.117929725343         1.084556664436         1.026184304388         0.948594164953         0.863297512807         0.782677552330         0.713448100766         0.644184542294         0.522789964444         0.000000000000
        0.838715132422         0.811576705852         0.860028791177         0.900073372738         0.973756971410         1.040187804404         1.098551951952         1.135709860523         1.151206307751         1.147409297833         1.131798653738         1.113263811333         1.100160391376         1.098186273789         1.109327041406         1.131764659122         1.160738376569         1.190049674922         1.213794196440         1.227876593118         1.230945637152         1.224556120646         1.212570035191         1.200000911550         1.191632691323         1.190780634129         1.198503623862         1.213445187656         1.232312194145         1.250837676854         1.264957689493         1.271887433838         1.270818951415         1.263070250890         1.251664699025         1.240470056243         1.233138418854         1.232133193100         1.238097807420         1.249724325802         1.264145337369         1.277735301794         1.287102022572         1.290001603923         1.285933316306         1.276258163846         1.263813880616         1.252134159937         1.244485002898         1.242977787377         1.247996489985         1.258091811505         1.270370747695         1.281278788705         1.287566533268         1.287181248531         1.279841293314         1.267134172933         1.252106051396         1.238447544309         1.229490672709         1.227285226447         1.232005771632         1.241856454910         1.253511308176         1.262985276450         1.266712312146         1.262543851956         1.250392789487         1.232334656823         1.212118062029         1.194194627448         1.182512585375         1.179391399715         1.184786454912         1.196162394866         1.209042142400         1.218122709713         1.218691608480         1.207980075993         1.186080623242         1.156145624895         1.123754939789         1.095555039377         1.077475424283         1.072964218662         1.081713230300         1.099250479045         1.117593283592         1.126910479458         1.117929725363         1.084556664394         1.026184304252         0.948594164694         0.863297512660         0.782677552294         0.713448100783         0.644184542319         0.522789964461         0.000000000000
        0.838715132430         0.811576705880         0.860028791227         0.900073372806         0.973756971487         1.040187804486         1.098551952037         1.135709860618         1.151206307871         1.147409297997         1.131798653965         1.113263811640         1.100160391772         1.098186274275         1.109327041978         1.131764659772         1.160738377284         1.190049675696         1.213794197266         1.227876593990         1.230945638067         1.224556121610         1.212570036215         1.200000912647         1.191632692509         1.190780635417         1.198503625255         1.213445189142         1.232312195698         1.250837678455         1.264957691142         1.271887435459         1.270818952982         1.263070252477         1.251664700580         1.240470057957         1.233138420232         1.232133194438         1.238097808766         1.249724327137         1.264145338692         1.277735303124         1.287102023862         1.290001605102         1.285933317290         1.276258164652         1.263813881247         1.252134160386         1.244485003155         1.242977787490         1.247996490002         1.258091811512         1.270370747731         1.281278788791         1.287566533481         1.287181248822         1.279841293622         1.267134173212         1.252106051621         1.238447544432         1.229490672761         1.227285226590         1.232005771939         1.241856455252         1.253511308572         1.262985276928         1.266712312673         1.262543852481         1.250392789976         1.232334657264         1.212118062434         1.194194627850         1.182512585816         1.179391400217         1.184786455477         1.196162395485         1.209042143054         1.218122710372         1.218691609118         1.207980076583         1.186080623770         1.156145625353         1.123754940188         1.095555039728         1.077475424607         1.072964218937         1.081713230548         1.099250479298         1.117593283799         1.126910479562         1.117929725401         1.084556664373         1.026184304130         0.948594164434         0.863297512528         0.782677552283         0.713448100822         0.644184542361         0.522789964486         0.000000000000
        0.838715132434         0.811576705901         0.860028791265         0.900073372857         0.973756971546         1.040187804547         1.098551952096         1.135709860679         1.151206307941         1.147409298089         1.131798654094         1.113263811817         1.100160392005         1.098186274566         1.109327042323         1.131764660165         1.160738377717         1.190049676161         1.213794197757         1.227876594504         1.230945638601         1.224556122171         1.212570036810         1.200000913286         1.191632693204         1.190780636174         1.198503626079         1.213445190026         1.232312196622         1.250837679415         1.264957692137         1.271887436444         1.270818953953         1.263070253456         1.251664701557         1.240470058991         1.233138421118         1.232133195312         1.238097809646         1.249724328007         1.264145339547         1.277735303978         1.287102024694         1.290001605858         1.285933317920         1.276258165180         1.263813881669         1.252134160701         1.244485003348         1.242977787580         1.247996490019         1.258091811518         1.270370747757         1.281278788858         1.287566533636         1.287181249048         1.279841293858         1.267134173422         1.252106051791         1.238447544534         1.229490672818         1.227285226726         1.232005772224         1.241856455563         1.253511308928         1.262985277351         1.266712313140         1.262543852952         1.250392790424         1.232334657676         1.212118062823         1.194194628238         1.182512586240         1.179391400693         1.184786456005         1.196162396057         1.209042143655         1.218122710980         1.218691609711         1.207980077136         1.186080624270         1.156145625783         1.123754940553         1.095555040041         1.077475424881         1.072964219168         1.081713230749         1.099250479497         1.117593283959         1.126910479645         1.117929725430         1.084556664354         1.026184304056         0.948594164293         0.863297512446         0.782677552263         0.713448100838         0.644184542387         0.522789964508         0.000000000000
        0.838715132438         0.811576705921         0.860028791303         0.900073372910         0.973756971605         1.040187804606         1.098551952149         1.135709860724         1.151206307982         1.147409298136         1.131798654158         1.113263811909         1.100160392133         1.098186274732         1.109327042525         1.131764660398         1.160738377973         1.190049676434         1.213794198042         1.227876594797         1.230945638901         1.224556122483         1.212570037140         1.200000913642         1.191632693593         1.190780636602         1.198503626547         1.213445190531         1.232312197152         1.250837679972         1.264957692721         1.271887437029         1.270818954541         1.263070254044         1.251664702148         1.240470059582         1.233138421644         1.232133195830         1.238097810164         1.249724328516         1.264145340044         1.277735304472         1.287102025174         1.290001606287         1.285933318268         1.276258165470         1.263813881891         1.252134160862         1.244485003435         1.242977787606         1.247996489999         1.258091811501         1.270370747761         1.281278788902         1.287566533749         1.287181249231         1.279841294037         1.267134173570         1.252106051901         1.238447544596         1.229490672847         1.227285226812         1.232005772454         1.241856455820         1.253511309235         1.262985277719         1.266712313550         1.262543853370         1.250392790823         1.232334658044         1.212118063169         1.194194628581         1.182512586615         1.179391401115         1.184786456475         1.196162396573         1.209042144203         1.218122711539         1.218691610259         1.207980077647         1.186080624726         1.156145626165         1.123754940866         1.095555040297         1.077475425095         1.072964219347         1.081713230906         1.099250479646         1.117593284077         1.126910479703         1.117929725444         1.084556664328         1.026184303995         0.948594164202         0.863297512379         0.782677552229         0.713448100831         0.644184542394         0.522789964519         0.000000000000
        0.838715644919         0.811578226530         0.860031254327         0.900076439219         0.973760479200         1.040191757844         1.098556681960         1.135715940946         1.151214562472         1.147420547185         1.131813531669         1.113282566924         1.100182836511         1.098211838464         1.109354958096         1.131794198027         1.160769084679         1.190081546073         1.213827704945         1.227912588098         1.230985135717         1.224600027411         1.212618901454         1.200054794150         1.191691133228         1.190842802389         1.198568519883         1.213511928066         1.232380218939         1.250906897277         1.265028492778         1.271960545770         1.270895206052         1.263150322710         1.251748895237         1.240558208137         1.233229884379         1.232226995384         1.238192874153         1.249819728761         1.264240496562         1.277830099766         1.287196788005         1.290096972342         1.286029984785         1.276356651357         1.263914333525         1.252236269794         1.244588015684         1.243080668601         1.248098163293         1.258191388026         1.270467715639         1.281373107222         1.287658600821         1.287271749493         1.279930951872         1.267223503171         1.252195171674         1.238536102421         1.229577881262         1.227370062845         1.232087220030         1.241933749002         1.253584112166         1.263053760819         1.266777089312         1.262605783820         1.250452736972         1.232393219586         1.212175397506         1.194250398376         1.182566043126         1.179441599008         1.184832519842         1.196203752208         1.209078698568         1.218154892819         1.218720255655         1.208006213511         1.186105204151         1.156169288221         1.123777870306         1.095576959500         1.077495722409         1.072982171952         1.081728246232         1.099262280003         1.117601990901         1.126916563863         1.117933872855         1.084559580368         1.026186546034         0.948596047702         0.863299106314         0.782678798703         0.713448969145         0.644185090691         0.522790287698         0.000000000000
        0.838715701327         0.811578375849         0.860031482049         0.900076728332         0.973760839036         1.040192200558         1.098557284277         1.135716801843         1.151215819333         1.147422326335         1.131815927948         1.113285610620         1.100186482553         1.098215980473         1.109359457527         1.131798924604         1.160773958959         1.190086569978         1.213832961247         1.227918214833         1.230991292271         1.224606858188         1.212626497847         1.200063171786         1.191700226735         1.190852480159         1.198578622488         1.213522315056         1.232390803450         1.250917665183         1.265039505022         1.271971921244         1.270907085932         1.263162827752         1.251762091083         1.240572085548         1.233244358779         1.232241923483         1.238208096110         1.249835103291         1.264255933572         1.277845579280         1.287212355790         1.290112723266         1.286046031589         1.276373086298         1.263931191490         1.252253515972         1.244605546745         1.243098331989         1.248115799548         1.258208858264         1.270484938466         1.281390071967         1.287675359179         1.287288390693         1.279947569610         1.267240162665         1.252211880728         1.238552803330         1.229594457219         1.227386359071         1.232103081968         1.241949052166         1.253598795097         1.263067834186         1.266790627534         1.262618897607         1.250465538888         1.232405786329         1.212187740234         1.194262454253         1.182577682035         1.179452656075         1.184842838967         1.196213223619         1.209087287118         1.218162649313         1.218727304225         1.208012719059         1.186111328034         1.156175141570         1.123783484227         1.095582279693         1.077500628211         1.072986512346         1.081731885519         1.099265140726         1.117604079731         1.126917972824         1.117934756673         1.084560114420         1.026186885082         0.948596296516         0.863299315129         0.782678978417         0.713449117960         0.644185210911         0.522790384664         0.000000000000
        0.838715706623         0.811578386740         0.860031496665         0.900076745951         0.973760863510         1.040192234859         1.098557341011         1.135716893332         1.151215962230         1.147422533937         1.131816209541         1.113285967859         1.100186909229         1.098216464292         1.109359983580         1.131799479674         1.160774535841         1.190087169496         1.213833592081         1.227918890452         1.230992027282         1.224607664758         1.212627382575         1.200064134092         1.191701259131         1.190853570286         1.198579756786         1.213523481869         1.232391995652         1.250918881410         1.265040749926         1.271973204045         1.270908417668         1.263164218032         1.251763544551         1.240573600385         1.233245926913         1.232243532503         1.238209732973         1.249836756929         1.264257597226         1.277847251459         1.287214041602         1.290114431719         1.286047771597         1.276374863306         1.263933005567         1.252255360130         1.244607407831         1.243100193979         1.248117647866         1.258210683449         1.270486736369         1.281391843940         1.287677111952         1.287290132900         1.279949308861         1.267241902051         1.252213617702         1.238554529362         1.229596158646         1.227388020377         1.232104690259         1.241950599533         1.253600279907         1.263069260308         1.266792002998         1.262620231906         1.250466839751         1.232407056534         1.212188977099         1.194263650506         1.182578826341         1.179453736294         1.184843845036         1.196214149919         1.209088133814         1.218163421682         1.218728011435         1.208013372111         1.186111937164         1.156175714195         1.123784022862         1.095582781487         1.077501085779         1.072986916021         1.081732225880         1.099265411048         1.117604278572         1.126918104895         1.117934832889         1.084560149612         1.026186895328         0.948596295624         0.863299313331         0.782678980683         0.713449124714         0.644185220160         0.522790394550         0.000000000000
        0.838715707356         0.811578387772         0.860031497614         0.900076746829         0.973760865291         1.040192238255         1.098557348432         1.135716906792         1.151215984402         1.147422566679         1.131816254101         1.113286024274         1.100186976428         1.098216540494         1.109360066776         1.131799568246         1.160774629043         1.190087267706         1.213833696560         1.227919002978         1.230992149679         1.224607798427         1.212627528136         1.200064291233         1.191701426813         1.190853747027         1.198579940947         1.213523672215         1.232392191335         1.250919082351         1.265040956612         1.271973417509         1.270908639173         1.263164448561         1.251763784558         1.240573849499         1.233246184125         1.232243796158         1.238210001369         1.249837028709         1.264257871301         1.277847527803         1.287214320908         1.290114715280         1.286048060771         1.276375159198         1.263933307942         1.252255667748         1.244607718336         1.243100504496         1.248117955719         1.258210987096         1.270487034927         1.281392137936         1.287677402530         1.287290421409         1.279949596286         1.267242189078         1.252213903856         1.238554813157         1.229596437870         1.227388292719         1.232104953509         1.241950852549         1.253600522437         1.263069493106         1.266792227448         1.262620449294         1.250467051003         1.232407261901         1.212189175956         1.194263841564         1.182579007982         1.179453907028         1.184844003722         1.196214296128         1.209088267803         1.218163544379         1.218728124027         1.208013475875         1.186112033213         1.156175803302         1.123784105335         1.095582857118         1.077501153879         1.072986975651         1.081732275961         1.099265450831         1.117604307832         1.126918124153         1.117934843569         1.084560153704         1.026186895317         0.948596293785         0.863299311545         0.782678979951         0.713449125134         0.644185221282         0.522790395952         0.000000000000
        0.838715707497         0.811578387929         0.860031497715         0.900076746881         0.973760865523         1.040192238840         1.098557349904         1.135716909587         1.151215989094         1.147422573645         1.131816263601         1.113286036302         1.100186990788         1.098216556853         1.109360084779         1.131799587620         1.160774649693         1.190087289730         1.213833720204         1.227919028556         1.230992177500         1.224607828733         1.212627560939         1.200064326462         1.191701464275         1.190853786505         1.198579982143         1.213523714967         1.232392235525         1.250919127962         1.265041003747         1.271973466291         1.270908689738         1.263164501092         1.251763839026         1.240573905864         1.233246242218         1.232243855688         1.238210062015         1.249837090233         1.264257933491         1.277847590655         1.287214384583         1.290114780024         1.286048126798         1.276375226805         1.263933377091         1.252255738117         1.244607789451         1.243100575736         1.248118026383         1.258211056821         1.270487103382         1.281392205215         1.287677468924         1.287290487279         1.279949661772         1.267242254279         1.252213968723         1.238554877354         1.229596500948         1.227388354199         1.232105012937         1.241950909687         1.253600577225         1.263069545729         1.266792278175         1.262620498307         1.250467098421         1.232407307732         1.212189220027         1.194263883607         1.182579047710         1.179453944215         1.184844038237         1.196214327958         1.209088297065         1.218163571261         1.218728148729         1.208013498577         1.186112054059         1.156175822390         1.123784122714         1.095582872788         1.077501167784         1.072986987687         1.081732286006         1.099265458781         1.117604313668         1.126918127976         1.117934845646         1.084560154435         1.026186895197         0.948596293289         0.863299311076         0.782678979724         0.713449125173         0.644185221482         0.522790396214         0.000000000000
        0.838715707535         0.811578387966         0.860031497733         0.900076746882         0.973760865570         1.040192238985         1.098557350293         1.135716910342         1.151215990371         1.147422575548         1.131816266201         1.113286039603         1.100186994743         1.098216561385         1.109360089810         1.131799593088         1.160774655586         1.190087296074         1.213833727060         1.227919035996         1.230992185586         1.224607837509         1.212627570409         1.200064336594         1.191701475024         1.190853797821         1.198579993981         1.213523727289         1.232392248310         1.250919141200         1.265041017448         1.271973480478         1.270908704464         1.263164516316         1.251763854798         1.240573922136         1.233246258916         1.232243872779         1.238210079420         1.249837107943         1.264257951373         1.277847608755         1.287214402954         1.290114798738         1.286048145896         1.276375246355         1.263933397093         1.252255758497         1.244607810065         1.243100596411         1.248118046901         1.258211077066         1.270487123260         1.281392224734         1.287677488178         1.287290506359         1.279949680718         1.267242273175         1.252213987444         1.238554895868         1.229596519153         1.227388371988         1.232105030118         1.241950926228         1.253600593105         1.263069561017         1.266792292885         1.262620512505         1.250467112118         1.232407320915         1.212189232639         1.194263895575         1.182579058966         1.179453954748         1.184844047982         1.196214336961         1.209088305370         1.218163578919         1.218728155780         1.208013505043         1.186112059957         1.156175827729         1.123784127505         1.095582877039         1.077501171497         1.072986990859         1.081732288629         1.099265460844         1.117604315177         1.126918128962         1.117934846179         1.084560154616         1.026186895157         0.948596293150         0.863299310944         0.782678979657         0.713449125178         0.644185221530         0.522790396278         0.000000000000
        0.838715707546         0.811578387976         0.860031497734         0.900076746876         0.973760865578         1.040192239026         1.098557350414         1.135716910584         1.151215990786         1.147422576168         1.131816267051         1.113286040683         1.100186996041         1.098216562882         1.109360091483         1.131799594921         1.160774657579         1.190087298238         1.213833729409         1.227919038551         1.230992188362         1.224607840511         1.212627573635         1.200064340032         1.191701478663         1.190853801645         1.198579997984         1.213523731461         1.232392252648         1.250919145700         1.265041022110         1.271973485305         1.270908709458         1.263164521478         1.251763860120         1.240573927609         1.233246264530         1.232243878515         1.238210085259         1.249837113879         1.264257957379         1.277847614839         1.287214409132         1.290114805036         1.286048152326         1.276375252935         1.263933403827         1.252255765364         1.244607817016         1.243100603390         1.248118053835         1.258211083916         1.270487129992         1.281392231349         1.287677494706         1.287290512827         1.279949687140         1.267242279560         1.252213993790         1.238554902150         1.229596525342         1.227388378042         1.232105035983         1.241950931884         1.253600598542         1.263069566247         1.266792297928         1.262620517369         1.250467116804         1.232407325413         1.212189236929         1.194263899631         1.182579062765         1.179453958285         1.184844051263         1.196214339999         1.209088308183         1.218163581523         1.218728158184         1.208013507250         1.186112061966         1.156175829537         1.123784129113         1.095582878449         1.077501172715         1.072986991889         1.081732289470         1.099265461500         1.117604315653         1.126918129273         1.117934846348         1.084560154677         1.026186895150         0.948596293112         0.863299310907         0.782678979638         0.713449125179         0.644185221544         0.522790396297         0.000000000000
        0.838715707550         0.811578387979         0.860031497734         0.900076746874         0.973760865580         1.040192239040         1.098557350458         1.135716910672         1.151215990938         1.147422576395         1.131816267363         1.113286041082         1.100186996523         1.098216563440         1.109360092112         1.131799595617         1.160774658341         1.190087299069         1.213833730315         1.227919039537         1.230992189430         1.224607841662         1.212627574867         1.200064341341         1.191701480047         1.190853803098         1.198579999506         1.213523733047         1.232392254299         1.250919147414         1.265041023884         1.271973487142         1.270908711354         1.263164523431         1.251763862128         1.240573929668         1.233246266636         1.232243880663         1.238210087443         1.249837116098         1.264257959624         1.277847617114         1.287214411440         1.290114807391         1.286048154730         1.276375255394         1.263933406343         1.252255767935         1.244607819618         1.243100606032         1.248118056433         1.258211086485         1.270487132521         1.281392233837         1.287677497161         1.287290515260         1.279949689558         1.267242281965         1.252213996180         1.238554904519         1.229596527680         1.227388380332         1.232105038204         1.241950934058         1.253600600610         1.263069568241         1.266792299852         1.262620519227         1.250467118596         1.232407327128         1.212189238560         1.194263901171         1.182579064201         1.179453959618         1.184844052501         1.196214341147         1.209088309251         1.218163582517         1.218728159109         1.208013508101         1.186112062747         1.156175830239         1.123784129736         1.095582878994         1.077501173184         1.072986992283         1.081732289792         1.099265461751         1.117604315838         1.126918129399         1.117934846428         1.084560154724         1.026186895173         0.948596293119         0.863299310910         0.782678979643         0.713449125186         0.644185221552         0.522790396305         0.000000000000
        0.838715712331         0.811578403150         0.860031522747         0.900076778892         0.973760902753         1.040192282208         1.098557403641         1.135716982355         1.151216093066         1.147422720551         1.131816463153         1.113286292268         1.100187301166         1.098216914595         1.109360480368         1.131800012216         1.160775098455         1.190087763654         1.213834227087         1.227919581309         1.230992791280         1.224608517201         1.212628332944         1.200065184168         1.191702402518         1.190854794622         1.198581047372         1.213524825747         1.232393385111         1.250920315520         1.265042234580         1.271974749950         1.270910036953         1.263165919988         1.251765333196         1.240575471641         1.233247869927         1.232245531354         1.238211770243         1.249838817979         1.264259671953         1.277849337343         1.287216142396         1.290116555427         1.286049926802         1.276377055896         1.263935235402         1.252257619191         1.244609681625         1.243102464000         1.248119895217         1.258212893230         1.270488899683         1.281393959110         1.287679183853         1.287292169750         1.279951318694         1.267243890330         1.252215583982         1.238556466161         1.229598052587         1.227389855164         1.232106449913         1.241952272392         1.253601861328         1.263070753075         1.266793415827         1.262621576613         1.250468128068         1.232408296320         1.212190170158         1.194264791664         1.182579905283         1.179454740152         1.184844762261         1.196214973871         1.209088864827         1.218164067721         1.218728586203         1.208013892101         1.186112417832         1.156176166259         1.123784450310         1.095583181203         1.077501449358         1.072987233038         1.081732487515         1.099265613198         1.117604423402         1.126918200446         1.117934891186         1.084560183446         1.026186915526         0.948596309123         0.863299323334         0.782678987839         0.713449129319         0.644185222892         0.522790396306         0.000000000000
        0.838715717486         0.811578417853         0.860031545445         0.900076807376         0.973760935940         1.040192320235         1.098557449215         1.135717040078         1.151216168827         1.147422819959         1.131816590628         1.113286449340         1.100187486250         1.098217123601         1.109360707644         1.131800252537         1.160775348198         1.190088022318         1.213834497401         1.227919868256         1.230993100908         1.224608854793         1.212628701828         1.200065584489         1.191702831456         1.190855247247         1.198581517592         1.213525308055         1.232393875824         1.250920813845         1.265042742349         1.271975271326         1.270910576919         1.263166482750         1.251765920887         1.240576083670         1.233248502630         1.232246179120         1.238212426437         1.249839476747         1.264260329701         1.277849993287         1.287216799021         1.290117216732         1.286050598004         1.276377740762         1.263935935363         1.252258332374         1.244610403223         1.243103187542         1.248120613567         1.258213600366         1.270489592371         1.281394637310         1.287679850580         1.287292829755         1.279951977112         1.267244550612         1.252216246731         1.238557128490         1.229598709067         1.227390499024         1.232107074365         1.241952872658         1.253602435072         1.263071301174         1.266793942083         1.262622086216         1.250468625852         1.232408785274         1.212190650329         1.194265260188         1.182580356867         1.179455168683         1.184845161998         1.196215340967         1.209089198599         1.218164370416         1.218728862700         1.208014148184         1.186112659140         1.156176396415         1.123784670388         1.095583389346         1.077501641512         1.072987404140         1.081732633084         1.099265730761         1.117604513097         1.126918265431         1.117934936817         1.084560215830         1.026186940158         0.948596329594         0.863299341253         0.782679003077         0.713449141319         0.644185231606         0.522790402185         0.000000000000
        0.838715717938         0.811578418979         0.860031547124         0.900076809453         0.973760938521         1.040192323134         1.098557453133         1.135717045317         1.151216176177         1.147422829962         1.131816603737         1.113286465561         1.100187505320         1.098217144931         1.109360730556         1.131800276522         1.160775373127         1.190088048222         1.213834524736         1.227919897594         1.230993132881         1.224608889891         1.212628740288         1.200065626222         1.191702876108         1.190855294271         1.198581566430         1.213525358093         1.232393926779         1.250920865696         1.265042795349         1.271975325945         1.270910633649         1.263166541997         1.251765982971         1.240576148510         1.233248569891         1.232246248209         1.238212496750         1.249839547607         1.264260400800         1.277850064613         1.287216870749         1.290117289423         1.286050672082         1.276377816700         1.263936013386         1.252258412524         1.244610484905         1.243103269900         1.248120695632         1.258213681428         1.270489671783         1.281394715053         1.287679926929         1.287292905399         1.279952052660         1.267244626721         1.252216323662         1.238557206065         1.229598786754         1.227390575675         1.232107148874         1.241952944235         1.253602503350         1.263071366375         1.266794004673         1.262622146901         1.250468685425         1.232408844257         1.212190708875         1.194265317987         1.182580413052         1.179455222205         1.184845212014         1.196215386876         1.209089240370         1.218164408448         1.218728897689         1.208014181004         1.186112690442         1.156176426565         1.123784699273         1.095583416481         1.077501666225         1.072987425770         1.081732651209         1.099265745258         1.117604524154         1.126918273579         1.117934942625         1.084560219993         1.026186943354         0.948596332245         0.863299343713         0.782679005404         0.713449143506         0.644185233567         0.522790403842         0.000000000000
        0.838715717993         0.811578419110         0.860031547308         0.900076809678         0.973760938813         1.040192323440         1.098557453568         1.135717045885         1.151216176995         1.147422831090         1.131816605253         1.113286467476         1.100187507624         1.098217147558         1.109360733429         1.131800279561         1.160775376285         1.190088051525         1.213834528193         1.227919901247         1.230993136840         1.224608894229         1.212628745057         1.200065631436         1.191702881740         1.190855300254         1.198581572682         1.213525364534         1.232393933357         1.250920872423         1.265042802192         1.271975333037         1.270910640947         1.263166549665         1.251765990961         1.240576156868         1.233248578517         1.232246257038         1.238212505738         1.249839556689         1.264260409964         1.277850073792         1.287216879997         1.290117298805         1.286050681592         1.276377826431         1.263936023311         1.252258422618         1.244610495259         1.243103280395         1.248120706177         1.258213691926         1.270489682183         1.281394725186         1.287679936829         1.287292915071         1.279952062173         1.267244636161         1.252216333044         1.238557215490         1.229598796162         1.227390585087         1.232107158232         1.241952953269         1.253602511977         1.263071374532         1.266794012413         1.262622154280         1.250468692556         1.232408851217         1.212190715770         1.194265324846         1.182580419832         1.179455228777         1.184845218206         1.196215392545         1.209089245460         1.218164413001         1.218728901829         1.208014184883         1.186112694202         1.156176430294         1.123784702994         1.095583420032         1.077501669475         1.072987428567         1.081732653463         1.099265746968         1.117604525397         1.126918274484         1.117934943333         1.084560220603         1.026186943929         0.948596332780         0.863299344187         0.782679005789         0.713449143800         0.644185233789         0.522790404021         0.000000000000
        0.838715718002         0.811578419138         0.860031547352         0.900076809734         0.973760938884         1.040192323511         1.098557453657         1.135717045989         1.151216177137         1.147422831279         1.131816605510         1.113286467805         1.100187508030         1.098217148032         1.109360733960         1.131800280133         1.160775376885         1.190088052148         1.213834528841         1.227919901929         1.230993137568         1.224608895017         1.212628745918         1.200065632375         1.191702882757         1.190855301340         1.198581573822         1.213525365715         1.232393934567         1.250920873658         1.265042803480         1.271975334332         1.270910642315         1.263166551060         1.251765992418         1.240576158384         1.233248580085         1.232246258675         1.238212507379         1.249839558353         1.264260411645         1.277850075488         1.287216881737         1.290117300540         1.286050683355         1.276377828228         1.263936025141         1.252258424471         1.244610497135         1.243103282298         1.248120708108         1.258213693872         1.270489684124         1.281394727130         1.287679938704         1.287292916892         1.279952063940         1.267244637886         1.252216334771         1.238557217175         1.229598797845         1.227390586801         1.232107159913         1.241952954923         1.253602513574         1.263071376051         1.266794013845         1.262622155636         1.250468693855         1.232408852482         1.212190717019         1.194265326087         1.182580421061         1.179455229976         1.184845219346         1.196215393598         1.209089246411         1.218164413856         1.218728902612         1.208014185625         1.186112694932         1.156176431026         1.123784703723         1.095583420733         1.077501670112         1.072987429105         1.081732653883         1.099265747273         1.117604525610         1.126918274639         1.117934943466         1.084560220738         1.026186944074         0.948596332925         0.863299344315         0.782679005884         0.713449143862         0.644185233826         0.522790404046         0.000000000000
