        0.737170632711         0.664491665264         0.640754853450         0.614200228800         0.618087019912         0.630573410862         0.631828556220         0.618343637562         0.601891344560         0.597346749248         0.604739935457         0.614056199842         0.617374358847         0.614438589557         0.609070290577         0.605130628265         0.603778261696         0.603984709925         0.604842143942         0.605040830719         0.604967215179         0.604744300173         0.604800337108         0.604853538973         0.605160371664         0.605284984333         0.605043804617         0.604759437512         0.604321575274         0.603916938018         0.603229121882         0.602867435250         0.602960630475         0.602896563977         0.602936510167         0.603007501051         0.603313438258         0.603562623219         0.604012880838         0.604381811379         0.604799226475         0.605176199593         0.605291846205         0.605317335765         0.605046590470         0.604591859828         0.603985871320         0.604053819201         0.604308767540         0.604764717229         0.605106882818         0.605059913414         0.604581186592         0.603519975974         0.602572019987         0.601765808737         0.601749920284         0.601755779415         0.601578061867         0.600850946699         0.599728040624         0.598616827169         0.598044208564         0.598036545408         0.599065221692         0.600513757141         0.601928389051         0.603083767267         0.603891872972         0.604457141569         0.604673863607         0.604573968729         0.604378655094         0.604323787132         0.604158616864         0.604259644323         0.604427625280         0.604600724647         0.604060536974         0.603163354483         0.602377455303         0.602180752739         0.602914700671         0.604697409583         0.606972095667         0.608764435041         0.609711740692         0.610610195798         0.613822671741         0.621921959873         0.635809441139         0.653653647096         0.669551360074         0.676273144149         0.670607591798         0.656518264551         0.637616898810         0.608372312709         0.510756497376         0.000000000000
        0.793540632936         0.741656516312         0.744012536502         0.745072747302         0.780354444548         0.806138281751         0.816696874127         0.802824995804         0.773328124950         0.741097319289         0.717934526998         0.708799681660         0.711098368658         0.717826334046         0.722163753867         0.720740041650         0.714151025311         0.705535786615         0.698292088350         0.694347163043         0.693705504541         0.695005487598         0.696548085990         0.697145597145         0.696481939395         0.694948080260         0.693248456866         0.691991116042         0.691452584300         0.691449400699         0.691769095276         0.692088588000         0.692213155314         0.692100652211         0.691815005926         0.691504372427         0.691290314883         0.691189978715         0.691209731531         0.691299388779         0.691385146863         0.691463058852         0.691410766659         0.691316034885         0.691197263736         0.691097781285         0.691064692657         0.691130394278         0.691280573607         0.691420294865         0.691507814353         0.691475218306         0.691378560328         0.691249643386         0.691213933279         0.691310084347         0.691545597835         0.691813535861         0.691984288076         0.691957873319         0.691728229368         0.691442783191         0.691313462764         0.691546476105         0.692188909982         0.693090659473         0.693890458830         0.694218120012         0.693855427622         0.693022047762         0.692307154129         0.692524735166         0.694228521454         0.697349210596         0.700958407645         0.703621302384         0.704225614760         0.702463970136         0.699757373023         0.698784259464         0.702269778649         0.711328420560         0.724261567766         0.736861523054         0.743906769874         0.742239345859         0.733333246079         0.723977051168         0.723301809660         0.737787214122         0.766859455082         0.801608544288         0.827282420470         0.829986208002         0.803892866997         0.756281367345         0.700626154966         0.639547105091         0.523329278773         0.000000000000
        0.799778259384         0.749261964555         0.754677298370         0.759007766342         0.799035745577         0.829071129714         0.842589864188         0.829499675955         0.798584003144         0.763446738696         0.737840559935         0.728334558225         0.732973853378         0.743721354631         0.751497442842         0.750702546072         0.741188082787         0.727210143763         0.714406375767         0.706818492003         0.705326111060         0.707973141173         0.711534991056         0.713285509920         0.712131823111         0.708694570884         0.704573290578         0.701350525981         0.699864052877         0.699952653094         0.700895487327         0.701801494543         0.702108486662         0.701638555041         0.700660853266         0.699674087237         0.699030802288         0.698837629512         0.699010320343         0.699331463003         0.699590319868         0.699643781088         0.699456062577         0.699192898460         0.698949441484         0.698782902818         0.698778133462         0.698922441629         0.699130428853         0.699264886045         0.699283441990         0.699145405560         0.698954676035         0.698775507699         0.698771916166         0.698975345340         0.699377331151         0.699797551652         0.700048666936         0.699970721357         0.699589611912         0.699143513548         0.698993028243         0.699470775574         0.700656984080         0.702266448128         0.703662507932         0.704210094279         0.703594843971         0.702214808394         0.701093986252         0.701591887357         0.704551371635         0.709742021369         0.715589533268         0.719807189853         0.720525743747         0.717617898854         0.713325932363         0.711635815018         0.716358131294         0.728788454631         0.746371393893         0.763083844634         0.772151995342         0.769772779229         0.758220481007         0.745662687622         0.742965781120         0.757495770655         0.788424974315         0.825498662789         0.852466106830         0.854040008044         0.824251765568         0.771083582649         0.709622545237         0.643786655559         0.524925164984         0.000000000000
        0.801309822620         0.751106172340         0.757276578849         0.762375018075         0.803507776087         0.834491776760         0.848608013355         0.835555713618         0.804241169676         0.768566898606         0.742696887174         0.733518665536         0.739122712448         0.751125965835         0.759859151162         0.759171156245         0.748700997716         0.733060546466         0.718527207035         0.709839744755         0.708202320509         0.711484328506         0.715919883737         0.718181551582         0.716828014510         0.712545548920         0.707312981434         0.703165315933         0.701236203747         0.701399142898         0.702703697480         0.703960615077         0.704372534049         0.703706741483         0.702336990318         0.700945876473         0.700034138829         0.699777518386         0.700050549698         0.700535554021         0.700905964165         0.700957244854         0.700676222951         0.700280943468         0.699917558532         0.699714885024         0.699752934407         0.699981672523         0.700265182137         0.700431801689         0.700416850568         0.700204233810         0.699927135225         0.699704804188         0.699722325697         0.700024199238         0.700563301139         0.701109762848         0.701414642741         0.701289784423         0.700785054922         0.700211947269         0.700032154307         0.700651198527         0.702153992349         0.704156154188         0.705863460421         0.706494714006         0.705710313944         0.704026022214         0.702712742053         0.703373613199         0.706981178666         0.713187455958         0.720094517216         0.724983776656         0.725741802541         0.722268897745         0.717215509555         0.715113351375         0.720149131356         0.733646925419         0.752739936889         0.770799873922         0.780535332058         0.777873549416         0.765398174615         0.751730254240         0.748290637501         0.762651416787         0.793912605798         0.831505276889         0.858791027770         0.860068664137         0.829342388929         0.774775025003         0.711857663997         0.644837230218         0.525316296988         0.000000000000
        0.801828292135         0.751726539139         0.758150333184         0.763506736367         0.805010122295         0.836309209483         0.850622351887         0.837578597753         0.806110743592         0.770259947826         0.744314178704         0.735275624284         0.741241777582         0.753699992220         0.762769618567         0.762108604196         0.751283537815         0.735054438279         0.719901163858         0.710835506863         0.709185465849         0.712755800113         0.717568273192         0.720050371048         0.718614161438         0.713969878410         0.708258309045         0.703718596057         0.701617213115         0.701857096964         0.703377289951         0.704846521759         0.705312148391         0.704529666889         0.702945503489         0.701331634252         0.700269792011         0.699978700056         0.700310773398         0.700894864241         0.701336340053         0.701393239547         0.701066014054         0.700589090784         0.700153651086         0.699926035387         0.699985565123         0.700263519273         0.700594079698         0.700786045986         0.700753020281         0.700497788568         0.700166782544         0.699923694916         0.699962480851         0.700338154254         0.700969471237         0.701596239851         0.701926842611         0.701762640056         0.701173844807         0.700522840660         0.700331987098         0.701038625021         0.702720294395         0.704933287709         0.706792345777         0.707433525177         0.706524441446         0.704660325840         0.703244508148         0.703983037981         0.707897306928         0.714566758030         0.721940283813         0.727105672727         0.727842123193         0.724108641644         0.718724711763         0.716453775152         0.721639007280         0.735594613621         0.755285507280         0.773881860729         0.783833306576         0.781006953452         0.768110298255         0.753973829182         0.750197031516         0.764459513632         0.795830634618         0.833605189100         0.860997789483         0.862163377207         0.831103286132         0.776043999665         0.712623566172         0.645197028230         0.525450495247         0.000000000000
        0.802038778044         0.751977814315         0.758504359526         0.763965809005         0.805618083299         0.837044196873         0.851435446031         0.838392334421         0.806858373664         0.770936711612         0.744963156519         0.735985356400         0.742107158879         0.754753244034         0.763954434154         0.763295832671         0.752314459819         0.735837879273         0.720436313657         0.711244519353         0.709629546268         0.713357900878         0.718350426866         0.720919611572         0.719419631382         0.714586520312         0.708655857380         0.703976268211         0.701868230900         0.702223326859         0.703897796022         0.705479899143         0.705940447530         0.705052522341         0.703314292636         0.701557942443         0.700425398983         0.700152746836         0.700562688090         0.701236025142         0.701732283408         0.701789205268         0.701424098639         0.700879107607         0.700392977476         0.700157104112         0.700237169482         0.700549610913         0.700905881869         0.701101198211         0.701035822921         0.700735170750         0.700363598666         0.700123204981         0.700208660005         0.700667858129         0.701377655807         0.702050067722         0.702368662953         0.702142625904         0.701466270264         0.700753569847         0.700573377813         0.701369002530         0.703177295549         0.705507357152         0.707433115330         0.708055385712         0.707018900361         0.705001269869         0.703496727441         0.704253288336         0.708303179287         0.715180202361         0.722753030778         0.728021131308         0.728725347381         0.724862468055         0.719326244778         0.716981038357         0.722232262276         0.736386761430         0.756322556086         0.775136615553         0.785176150615         0.782283362955         0.769210782795         0.754883397716         0.750968946721         0.765193129591         0.796611854775         0.834459988767         0.861891704604         0.863006605727         0.831809499200         0.776550285678         0.712928581357         0.645340467632         0.525504314014         0.000000000000
        0.802138377373         0.752097485089         0.758674409369         0.764187135056         0.805908441915         0.837391723328         0.851814870282         0.838766736067         0.807198028837         0.771245129116         0.745264476977         0.736323850956         0.742526915852         0.755261868212         0.764518456994         0.763849949499         0.752784870788         0.736185556119         0.720675146023         0.711448695501         0.709882459185         0.713713424402         0.718804534302         0.721406531419         0.719850740228         0.714897950326         0.708849197847         0.704122744282         0.702069112128         0.702559871532         0.704380134205         0.706037807385         0.706492135999         0.705525614337         0.703675290065         0.701828573022         0.700693021385         0.700516884460         0.701077262230         0.701884274106         0.702448995321         0.702501145798         0.702073574346         0.701434243712         0.700889216192         0.700660391201         0.700790347209         0.701151220312         0.701521253226         0.701687156637         0.701552164613         0.701171339239         0.700745038280         0.700518001785         0.700679240716         0.701243719702         0.702027246216         0.702698192715         0.702932373109         0.702575870728         0.701780373754         0.701005084420         0.700851659110         0.701764008819         0.703718940939         0.706138423199         0.708063097549         0.708574002765         0.707381551929         0.705205655350         0.703610266363         0.704377564800         0.708526739119         0.715541477690         0.723225829371         0.728529731683         0.729184867436         0.725222776419         0.719588189773         0.717197837616         0.722482554853         0.736734865313         0.756786499452         0.775693440969         0.785760699799         0.782829295139         0.769671735891         0.755260770793         0.751290622795         0.765504169759         0.796947993999         0.834828421441         0.862274157402         0.863363448477         0.832105829785         0.776760954142         0.713055060998         0.645400017482         0.525526864721         0.000000000000
        0.818556691409         0.776539529624         0.793296330906         0.807109239547         0.857514597647         0.896081044006         0.916668945246         0.908991146144         0.882152200644         0.850286783042         0.827653103982         0.821420604102         0.829823218917         0.844275001131         0.854463377084         0.853440808592         0.840495477179         0.820728623702         0.801817268154         0.790069499161         0.787559191066         0.791798823177         0.797672827089         0.800213031854         0.796975088036         0.788781774149         0.778797031968         0.770633223273         0.766542995294         0.766580937167         0.768984490897         0.771299991556         0.771688422627         0.769645065750         0.765985787672         0.762215187960         0.759687243482         0.758991989217         0.759810728628         0.761213851043         0.762191437632         0.762128334071         0.761026347020         0.759417582655         0.758047245381         0.757505418321         0.757964776943         0.759127752343         0.760387063922         0.761118946043         0.760980562338         0.760082573663         0.758961170746         0.758342578359         0.758797165477         0.760426538570         0.762748787996         0.764867318242         0.765892442908         0.765417241590         0.763853943864         0.762347040509         0.762288339677         0.764578193035         0.769086426161         0.774494476437         0.778791178137         0.780280403214         0.778574214152         0.775115480144         0.772705905521         0.774197933452         0.780935157772         0.791732928503         0.803062392663         0.810617065523         0.811556841858         0.806255064830         0.798737666938         0.794988284156         0.800043567205         0.814982355593         0.835786851805         0.854664831384         0.863617371116         0.858677793487         0.842750726158         0.825007038101         0.816871862532         0.826017542209         0.851595922957         0.883118478112         0.903800821488         0.897804913889         0.859074330509         0.795800369744         0.724547372186         0.650747544270         0.527454483002         0.000000000000
        0.827520952176         0.788778610292         0.810818488122         0.829577827401         0.885758820608         0.929391542579         0.954407935170         0.950311109598         0.926580510976         0.897857495407         0.878795384384         0.876677413565         0.889454956488         0.907995888317         0.921363364586         0.922206244185         0.909821445833         0.889820566350         0.870762195268         0.859762441629         0.859329113477         0.866642739168         0.875466825866         0.879526549439         0.875509567054         0.864338500779         0.850336825741         0.838804605148         0.833364381157         0.834420557359         0.839295349188         0.843837725581         0.844576065035         0.840317820642         0.832476794325         0.824134650948         0.818387201482         0.816853817427         0.819048495166         0.822805890508         0.825471485977         0.825228350103         0.821892732615         0.816883307810         0.812418470175         0.810393111213         0.811471238458         0.814827243949         0.818591677392         0.820788788489         0.820298162101         0.817430467685         0.813783132764         0.811457549573         0.812018130746         0.815680638577         0.821139365288         0.826135036447         0.828549783621         0.827526675943         0.824009377563         0.820439979067         0.819589187239         0.823138636530         0.830710046785         0.839814161274         0.846964669928         0.849407506513         0.846645833819         0.840982124022         0.836623668236         0.837619435041         0.845693002633         0.859067824804         0.873019731686         0.882043803872         0.882637098138         0.875392284303         0.865198184429         0.859080740798         0.862716653453         0.877240573539         0.898067379689         0.916601504589         0.924222244325         0.916768850081         0.897369215359         0.875718212693         0.863720741890         0.869402498378         0.891953185570         0.920437489709         0.937468394671         0.926788640907         0.882261992405         0.812336873665         0.734640735856         0.655541884566         0.529228093071         0.000000000000
        0.831570259269         0.794119576930         0.818398150652         0.839265240862         0.897986068542         0.943803260278         0.970554559591         0.967627719830         0.944723697380         0.916847901046         0.898967328674         0.898533715794         0.913432399925         0.934192502891         0.949427507172         0.951463617506         0.939557832743         0.919651940967         0.900812951319         0.890610112112         0.891743771413         0.901177019047         0.912092399590         0.917539644592         0.913788959789         0.901844695705         0.886655338625         0.874360906774         0.869244252387         0.871871241676         0.879018650019         0.885558817300         0.887082613629         0.881986883918         0.872055136168         0.861396938793         0.854269008644         0.853022092017         0.857061334232         0.863292425967         0.867772947656         0.867703591768         0.862724416313         0.854991906174         0.848032349652         0.844942588507         0.846891937268         0.852575596201         0.858916489090         0.862610119525         0.861790429329         0.856930059470         0.850639874077         0.846364262908         0.846646594202         0.851857344792         0.859919567497         0.867297318957         0.870752532397         0.868994621110         0.863434591862         0.857604039254         0.855443184800         0.859295317586         0.868603850325         0.879998622929         0.888863482765         0.891646969143         0.887747161501         0.880071204245         0.873795641789         0.873797005763         0.882139867612         0.896702965918         0.911967605340         0.921591102910         0.921618771774         0.912736898446         0.900403558982         0.892352104972         0.894756062683         0.908843942638         0.929696308519         0.948129614717         0.955000406952         0.945935112294         0.924231218036         0.900019978512         0.885685843569         0.889558486548         0.910822211707         0.938230157561         0.953916546722         0.941231688721         0.893953507839         0.820710745823         0.739747571785         0.657963303404         0.530130059929         0.000000000000
        0.833786924570         0.797005036995         0.822490453951         0.844501681597         0.904587119326         0.951551858868         0.979157552991         0.976751036169         0.954140001565         0.926556026545         0.909201069496         0.909644356800         0.925688072208         0.947663036234         0.963887409657         0.966471029711         0.954662148659         0.934616040883         0.915743028075         0.905915987463         0.907928090176         0.918606620619         0.930757586218         0.937027333153         0.933435182414         0.921045496210         0.905219247341         0.892565851654         0.887751024783         0.891379620227         0.899923663475         0.907691060352         0.909754116170         0.904289985058         0.893330367515         0.881563136628         0.873887416596         0.873019907981         0.878291230072         0.886068465460         0.891684195163         0.891796567469         0.885958430241         0.876778352568         0.868523665443         0.864966834608         0.867553632981         0.874690157505         0.882590005149         0.887183749487         0.886156918789         0.880097928913         0.872225794645         0.866778543073         0.866873235048         0.872970024674         0.882529011370         0.891258787441         0.895252159662         0.892946442678         0.886044041797         0.878737583449         0.875662490124         0.879550325755         0.889757278458         0.902384657588         0.912136757184         0.914976668883         0.910223795022         0.901181923623         0.893597528805         0.892864373267         0.901229365738         0.916387694147         0.932333161094         0.942216141457         0.941794214135         0.931810109094         0.918098694604         0.908830009454         0.910493642205         0.924365533458         0.945324185650         0.963799785413         0.970303588298         0.960339031864         0.937319468987         0.911665197417         0.896078695581         0.899074743814         0.919812102410         0.946843550724         0.962012099448         0.948435187227         0.899828150829         0.824922432868         0.742319540288         0.659192595048         0.530586711781         0.000000000000
        0.835271863018         0.798932998465         0.825224917191         0.847992215261         0.908974676206         0.956677130003         0.984824511750         0.982724551173         0.960273057682         0.932862174165         0.915848316155         0.916878274600         0.933696120136         0.956486767886         0.973365332490         0.976291307943         0.964517219581         0.944350498167         0.925437450640         0.915854301388         0.918453048080         0.929982783978         0.942974819240         0.949794125133         0.946298422842         0.933612026158         0.917359444738         0.904485109235         0.899890757674         0.904208043382         0.913692715332         0.922282372617         0.924703947447         0.919019770952         0.907417309758         0.894974936375         0.886996822268         0.886431992915         0.892542227464         0.901342740987         0.907699568024         0.907935208916         0.901551296400         0.891464946963         0.882411608755         0.878596610680         0.881614803249         0.889697964191         0.898595324003         0.903745103168         0.902555044571         0.895693945554         0.886793493805         0.880585286340         0.880556927173         0.887208433176         0.897711736300         0.907273466513         0.911554954068         0.908841139617         0.901022101556         0.892719480262         0.889024708436         0.892910180396         0.903667871169         0.917052007149         0.927325472262         0.930136106085         0.924767099766         0.914777341933         0.906298446415         0.905054649686         0.913411925067         0.928943598990         0.945318291247         0.955347160082         0.954598775814         0.943859728992         0.929209998801         0.919120402627         0.920288560746         0.934023792618         0.955064353159         0.973581373299         0.979856435823         0.969311503217         0.945443743615         0.918871403558         0.902498438989         0.904960117249         0.925399524216         0.952222580882         0.967087237995         0.952954204945         0.903502447778         0.827553005127         0.743922702952         0.659955526401         0.530871865946         0.000000000000
        0.836368786198         0.800350701870         0.827230886495         0.850557741125         0.912207316769         0.960466997521         0.989021814278         0.987149390182         0.964817862694         0.937532405539         0.920767728344         0.922228713957         0.939615421876         0.963007721732         0.980371264294         0.983546523158         0.971795294159         0.951536391395         0.932588341573         0.923178197956         0.926213409189         0.938364668090         0.951974705009         0.959202090289         0.955786803755         0.942894503612         0.926343038275         0.913314958791         0.908889194200         0.913712308006         0.923893073291         0.933092031276         0.935793547383         0.929965125904         0.917912541067         0.905000310091         0.896816648325         0.896475113442         0.903194600716         0.912735837831         0.919632752100         0.919961671410         0.913199522285         0.902477328668         0.892869077333         0.888879408290         0.892214540678         0.900971834755         0.910579435898         0.916128483249         0.914831084320         0.907406343677         0.897779644009         0.891036721516         0.890915526555         0.897949076042         0.909101045544         0.919236342773         0.923704944209         0.920690137285         0.912204196685         0.903180576676         0.899022278876         0.902878975367         0.914002689182         0.927902017361         0.938528810732         0.941299561854         0.935471114379         0.924781422599         0.915635893263         0.913997600380         0.922320068964         0.938094721062         0.954756215445         0.964873498735         0.963877219333         0.952585980186         0.937252458458         0.926561832397         0.927363216328         0.940990214749         0.962082856794         0.980624975564         0.986730154508         0.975760765833         0.951274318874         0.924031975285         0.907085543085         0.909158910503         0.929386603090         0.956068913904         0.970713233964         0.956180193254         0.906132711730         0.829440828039         0.745074392856         0.660503923040         0.531077196934         0.000000000000
        0.837234988002         0.801473306613         0.828818948772         0.852584511031         0.914755017408         0.963448608606         0.992319440842         0.990622668959         0.968383331786         0.941195244021         0.924626098741         0.926423683204         0.944254284300         0.968116203499         0.985857506167         0.989232925010         0.977502504802         0.957178527163         0.938209387177         0.928940238979         0.932321588276         0.944957015467         0.959048641732         0.966595758846         0.963249563122         0.950207261983         0.933434511094         0.920299029281         0.916011027254         0.921225809539         0.931950845181         0.941627445281         0.944557874835         0.938636041959         0.926251450961         0.912988796727         0.904651399805         0.904478414258         0.911658204109         0.921761653040         0.929075826187         0.929482443300         0.922438617959         0.911239340205         0.901214709455         0.897088888106         0.900654608742         0.909913155480         0.920051797320         0.925905983539         0.924537959860         0.916693343462         0.906521260811         0.899370748203         0.899168822101         0.906470578715         0.918095961682         0.928654387420         0.933260276195         0.930010465018         0.921014874556         0.911436389723         0.906913919364         0.910731403010         0.922113644686         0.936388323156         0.947273931963         0.950010203398         0.943827842086         0.932596592925         0.922931402305         0.920979856167         0.929261987816         0.945207627643         0.962075293689         0.972249653929         0.971056745304         0.959337681467         0.943476190109         0.932319598491         0.932834230488         0.946372884911         0.967498793721         0.986054269627         0.992024708489         0.980727120836         0.955763105086         0.928003019168         0.910612305655         0.912383022303         0.932441772333         0.959010762396         0.973490585157         0.958657340814         0.908154938063         0.830896372117         0.745962213269         0.660926506505         0.531235432528         0.000000000000
        0.843097816357         0.809183220536         0.839787002567         0.866578909914         0.932302239949         0.984099351246         1.015705431731         1.016301339346         0.996100442477         0.970960041686         0.956687401268         0.961057337075         0.981606687277         1.008095884488         1.028092679982         1.033267736724         1.022967311300         1.003850068043         0.986159115812         0.978477959730         0.983805656755         0.998510732335         1.014536886597         1.023532235525         1.021018421308         1.008297629023         0.991616082523         0.978788271901         0.975350158495         0.981980611916         0.994336111138         1.005417302546         1.009070615341         1.003037464560         0.989943121953         0.975860161018         0.967189617504         0.967475224218         0.975765417251         0.987190294292         0.995409961310         0.995834210349         0.987878788802         0.975223377194         0.963866527913         0.959108829706         0.962954922653         0.973100783133         0.984174732096         0.990376111153         0.988430167569         0.979214606222         0.967315170108         0.958736494973         0.957860088584         0.965255587385         0.977395092153         0.988331960600         0.992689657400         0.988391174741         0.977771430668         0.966442460219         0.960518950592         0.963519899049         0.974555071267         0.988670387640         0.999184087328         1.001048245982         0.993477807727         0.980516731651         0.969100210656         0.965658099664         0.972808198500         0.987826913711         1.003796909018         1.012864041477         1.010237682679         0.996802911500         0.979025868215         0.965955208518         0.964719596725         0.976708245011         0.996367121107         1.013437653417         1.017789643566         1.004646892440         0.977619679976         0.947698813432         0.928246164658         0.928170197860         0.946621899729         0.971741969917         0.984762704866         0.968272989633         0.915810932364         0.836332552527         0.749247145884         0.662447010404         0.531780007449         0.000000000000
        0.850583972607         0.819057893040         0.853749366044         0.884351991831         0.954544671768         1.010160743002         1.044893608341         1.047798959918         1.029463957995         1.006263204856         0.994452289855         1.001956630534         1.026165659651         1.056319691445         1.079539504414         1.087155917774         1.078532085198         1.060729898121         1.044528591527         1.038959592028         1.047121890800         1.065129179373         1.084322868862         1.095857373275         1.094917953328         1.082983678794         1.066785942473         1.054798447233         1.053036102789         1.062138199232         1.077369681148         1.091034166351         1.096386725532         1.090935732376         1.077623664976         1.063171998275         1.054719035968         1.056236424938         1.066643593021         1.080442526667         1.090520489852         1.091669519691         1.083233830024         1.069362435713         1.056857484873         1.051803850130         1.056495001671         1.068321455970         1.081139318584         1.088317061529         1.086033440788         1.075288157384         1.061310086159         1.050987603727         1.049388485296         1.057217888264         1.070433973026         1.082264551536         1.086558440302         1.080899041560         1.067902119665         1.053907334226         1.045864957092         1.047830769407         1.058829495647         1.073295020990         1.083741283524         1.084490769141         1.074638475049         1.058618706727         1.044116131457         1.038246325116         1.043925585008         1.058218592811         1.073599343437         1.081533462283         1.076786524037         1.060295250405         1.038976959701         1.022515902449         1.018550092267         1.028574417225         1.046760981263         1.062307510460         1.064536253449         1.048407477551         1.017678124920         0.983808567169         0.960704015782         0.957660633724         0.973844608582         0.997034403596         1.007885199770         0.988475405640         0.932156857966         0.848075449467         0.756449188628         0.665897739680         0.533067368136         0.000000000000
        0.856133794768         0.826391829585         0.864069322272         0.897437587219         0.970871404207         1.029277092360         1.066334572100         1.071023124368         1.054191828458         1.032510766105         1.022556257037         1.032319788426         1.059084384616         1.091815462828         1.117308962306         1.126789573017         1.119627155388         1.103107504829         1.088273100342         1.084377058706         1.094583173787         1.114819940673         1.136201307266         1.149595090123         1.150062320936         1.139171996586         1.123875932387         1.112905891608         1.112482495503         1.123300129101         1.140390690504         1.155780369591         1.162453795728         1.157878636569         1.145064227346         1.131028204801         1.123179609504         1.125679412776         1.137396809631         1.152606292447         1.163855594342         1.165722616337         1.157531983028         1.143555545592         1.130928300781         1.126015111794         1.131255914979         1.143944673317         1.157646277122         1.165354753447         1.163104417552         1.151859502704         1.137101216084         1.126054302043         1.124090065896         1.132008323371         1.145576426795         1.157692483434         1.161824230188         1.155433659960         1.141168252495         1.125697941684         1.116359604468         1.117462083330         1.128051339931         1.142313968649         1.152368321532         1.152214973162         1.140856612294         1.122870607885         1.106291968441         1.098641080074         1.103038954567         1.116464582658         1.131067180620         1.137914964052         1.131497216713         1.112728691110         1.088783389332         1.069738614566         1.063576539065         1.071917179675         1.088770015069         1.102956471235         1.103414705446         1.084905679289         1.051263441669         1.014248473601         0.988205316274         0.982735970277         0.997052236171         1.018624725253         1.027661695809         1.005803865652         0.946239943366         0.858238722355         0.762716060103         0.668904044401         0.534186546400         0.000000000000
        0.858297738751         0.829289444337         0.868152944580         0.902613956165         0.977307854142         1.036796081726         1.074807778216         1.080299064160         1.064221036792         1.043292745367         1.034162320431         1.044846295841         1.072598177155         1.106280395868         1.132698317382         1.143014749913         1.136650121237         1.120904503108         1.106835624473         1.103718591327         1.114718618060         1.135726909439         1.157864649073         1.171990810056         1.173188066224         1.163015359036         1.148438629969         1.138146048225         1.138367219232         1.149782086917         1.167437416156         1.183388485293         1.190627032625         1.186625575470         1.174401520737         1.160922843244         1.153556372347         1.156462161541         1.168529442367         1.184070292086         1.195672592368         1.197929835524         1.190141967707         1.176541285869         1.164200880841         1.159485194834         1.164838230239         1.177606336860         1.191387340473         1.199209067446         1.197108852600         1.186013659052         1.171338034071         1.160281820737         1.158225651309         1.165981419410         1.179375217995         1.191316045794         1.195313598369         1.188775988098         1.174340295019         1.158619191033         1.148925919698         1.149610980389         1.159763251981         1.173587968739         1.183222018406         1.182656992314         1.170826852996         1.152287831650         1.135061980520         1.126697095274         1.130369651750         1.143086188854         1.157013582586         1.163193651292         1.156060803637         1.136484094809         1.111621390728         1.091577772811         1.084421504358         1.091825365450         1.107817949638         1.121166690488         1.120737112358         1.101217590224         1.066408284853         1.028119762272         1.000825288424         0.994233227866         1.007589577014         1.028300963153         1.036426582641         1.013444952482         0.952465491564         0.862766398782         0.765517337187         0.670248931849         0.534685764037         0.000000000000
        0.858830353352         0.830012744369         0.869174256799         0.903908323232         0.978921798907         1.038698675949         1.076994841081         1.082760624983         1.066961592981         1.046306394696         1.037438639012         1.048388302740         1.076382483295         1.110302788150         1.136964527725         1.147565457863         1.141517686929         1.126108324183         1.112361134860         1.109521913587         1.120739279704         1.141928980893         1.164234487756         1.178561282999         1.180021051545         1.170166545343         1.155898591609         1.145883812868         1.146304755400         1.157839717356         1.175567465924         1.191605362066         1.199002797511         1.195237994490         1.183296249965         1.170086588548         1.162917046559         1.165931075699         1.178016997885         1.193540979038         1.205174928664         1.207547933755         1.199952483145         1.186593492293         1.174474233755         1.169871669256         1.175240248457         1.187932328711         1.201622052223         1.209418399332         1.207377787678         1.196429370538         1.181917363993         1.170952696436         1.168874217656         1.176487646690         1.189687216929         1.201455758685         1.205357845849         1.198813407338         1.184422946143         1.168732454360         1.158983386162         1.159506689628         1.169393858762         1.182938755226         1.192334923639         1.191611756459         1.179709331150         1.161122634928         1.143808470790         1.135264066138         1.138657829941         1.151032688312         1.164630395832         1.170520564831         1.163169601464         1.143416769297         1.118368272229         1.098079231196         1.090613605418         1.097651705964         1.113255631913         1.126242378814         1.125491034494         1.105686374362         1.070601404249         1.032016510551         1.004392549332         0.997461738525         1.010487114398         1.030887922801         1.038716763792         1.015417770628         0.954066059880         0.863931244877         0.766243028116         0.670598783241         0.534814191394         0.000000000000
        0.858951497878         0.830186485850         0.869415062341         0.904207877576         0.979293643243         1.039142204334         1.077519158525         1.083373107639         1.067669699380         1.047108768632         1.038326626516         1.049346243209         1.077397672329         1.111374872547         1.138099974945         1.148782415422         1.142844950398         1.127562365673         1.113930911043         1.111179139017         1.122450692278         1.143673964617         1.166017133078         1.180409550350         1.181973505867         1.172246345256         1.158108698827         1.148203781838         1.148697601097         1.160251947188         1.177978635539         1.194013012335         1.201445603652         1.197767669577         1.185946109017         1.172853602786         1.165762825756         1.168799927561         1.180866979352         1.196352817238         1.207973050226         1.210376578549         1.202863886419         1.189611498896         1.177590614250         1.173039119133         1.178381807560         1.191024064396         1.204642617809         1.212421833250         1.210398347723         1.199506567022         1.185063005507         1.174143166792         1.172042331878         1.179586415917         1.192683492796         1.204359258809         1.208209955632         1.201669252934         1.187317996519         1.171660506879         1.161906947717         1.162365232691         1.172145799573         1.185560591854         1.194847794499         1.194060731646         1.182136783663         1.163551016805         1.146226183557         1.137622234023         1.140900391657         1.153136021033         1.166594565362         1.172381640464         1.164966352092         1.145183963769         1.120102071013         1.099757736363         1.092195265790         1.099111960026         1.114586517356         1.127459455688         1.126621766436         1.106751277230         1.071608635887         1.032957729083         1.005254270108         0.998233420280         1.011164212925         1.031474143218         1.039220095392         1.015841923344         0.954407419457         0.864179628322         0.766398448516         0.670673636377         0.534841327351         0.000000000000
        0.858981304035         0.830231575875         0.869475370556         0.904281443668         0.979384502260         1.039251883223         1.077652636499         1.083535175758         1.067863919986         1.047333764935         1.038577335009         1.049614280551         1.077677318238         1.111667427210         1.138413847786         1.149129416504         1.143240101236         1.128015197848         1.114423623066         1.111703289943         1.122992223154         1.144225300957         1.166576595185         1.180977160630         1.182582344588         1.172897830269         1.158816775682         1.148960682699         1.149483067275         1.161050207932         1.178779727096         1.194822078086         1.202270626874         1.198631339489         1.186855910549         1.173802707632         1.166740871887         1.169779583599         1.181835244708         1.197295578594         1.208899745252         1.211306246388         1.203816570093         1.190598488019         1.178609421188         1.174070476640         1.179398949966         1.192003993036         1.205585713276         1.213347113498         1.211329715951         1.200464600362         1.186052879631         1.175155866083         1.173052406978         1.180573696071         1.193629496629         1.205273391799         1.209111677118         1.202581203867         1.188253044607         1.172620228107         1.162874324336         1.163312639232         1.173048171077         1.186408717741         1.195652969350         1.194829715442         1.182890153167         1.164299349460         1.146967135742         1.138340621612         1.141576862172         1.153759354566         1.167164970146         1.172912964476         1.165478212750         1.145692579979         1.120610171843         1.100256506020         1.092668773050         1.099548678250         1.114982092206         1.127819399560         1.126957472569         1.107069995434         1.071917013463         1.033252504200         1.005529838382         0.998471851511         1.011367509070         1.031639575263         1.039350976585         1.015946180531         0.954491218343         0.864241633097         0.766437986661         0.670692539540         0.534847829930         0.000000000000
        0.858989735811         0.830245441600         0.869494584867         0.904305465829         0.979413558940         1.039286143815         1.077694256700         1.083587345583         1.067929635942         1.047413537158         1.038669397307         1.049714605053         1.077782628186         1.111777398711         1.138532956898         1.149262271264         1.143387174065         1.128181605102         1.114607279916         1.111898900062         1.123195879082         1.144432020201         1.166785407116         1.181189586962         1.182803450736         1.173133872090         1.159072548495         1.149235118159         1.149769570486         1.161340696889         1.179069128792         1.195109755886         1.202557370986         1.198925521993         1.187161500238         1.174122219693         1.167068945131         1.170110026638         1.182162075027         1.197615746867         1.209215497159         1.211624134955         1.204142718819         1.190938348320         1.178962887338         1.174430907697         1.179751363910         1.192344603352         1.205909475217         1.213660541907         1.211643756292         1.200786156396         1.186386245888         1.175493641295         1.173390719906         1.180904859100         1.193948337819         1.205580314844         1.209411894472         1.202884105271         1.188564212367         1.172939824789         1.163195595218         1.163626393259         1.173346252382         1.186686676773         1.195915170780         1.195086697172         1.183151385720         1.164566443472         1.147239928382         1.138611690042         1.141836321872         1.153997137338         1.167380070195         1.173111040049         1.165666731076         1.145878356066         1.120796608456         1.100441430215         1.092844937582         1.099708141938         1.115119427029         1.127934862904         1.127057382826         1.107161046951         1.072004299559         1.033337371355         1.005610620298         0.998544676379         1.011428621576         1.031688414182         1.039388469594         1.015974754261         0.954512688620         0.864256380135         0.766447292934         0.670696998077         0.534849437355         0.000000000000
        0.858991301035         0.830247609827         0.869496958028         0.904308461239         0.979418214513         1.039293353799         1.077705533563         1.083603607831         1.067950916037         1.047438588494         1.038696616134         1.049742405788         1.077810365593         1.111806236179         1.138565173755         1.149300396315         1.143433147833         1.128236081464         1.114668898057         1.111965024404         1.123264063454         1.144500849520         1.166855522503         1.181264147276         1.182881869286         1.173227419788         1.159170546938         1.149336164776         1.149870653664         1.161442404576         1.179175389864         1.195221920456         1.202676782077         1.199047733709         1.187287464096         1.174248565813         1.167194328001         1.170231496288         1.182278524151         1.197727023118         1.209323704227         1.211733219002         1.204255597218         1.191056569271         1.179083095119         1.174549412062         1.179865970838         1.192453275180         1.206012647206         1.213761213439         1.211746019214         1.200892999784         1.186497730630         1.175607510027         1.173503325696         1.181013587981         1.194051540130         1.205679241356         1.209509665554         1.202983692971         1.188667316185         1.173045573354         1.163301334275         1.163728676953         1.173442907446         1.186777499853         1.196002349004         1.195172691234         1.183239799440         1.164658821288         1.147336513590         1.138709252301         1.141930798793         1.154087110834         1.167463641694         1.173186630229         1.165739324483         1.145949280038         1.120866441652         1.100509048409         1.092907501377         1.099762573417         1.115164194069         1.127970149556         1.127086926034         1.107187732245         1.072030019728         1.033362227440         1.005633883915         0.998564729188         1.011444410429         1.031700584130         1.039397754116         1.015982270596         0.954518973171         0.864261263298         0.766450548785         0.670698538479         0.534849917989         0.000000000000
        0.858991647629         0.830248024981         0.869497275931         0.904309015453         0.979419475217         1.039295728449         1.077709784073         1.083610232077         1.067959941224         1.047449401708         1.038708412500         1.049754385094         1.077822136981         1.111818394191         1.138578814625         1.149316757659         1.143453305878         1.128260321157         1.114696736604         1.111995393137         1.123296037330         1.144533735411         1.166889647202         1.181300707951         1.182921777988         1.173267667638         1.159211793249         1.149375790394         1.149909138373         1.161480223525         1.179212333561         1.195258138204         1.202713123668         1.199085373344         1.187327680302         1.174291498606         1.167238598907         1.170275299579         1.182321138361         1.197767879683         1.209363212430         1.211772892947         1.204296337874         1.191099454396         1.179127899195         1.174594780225         1.179910203637         1.192495619038         1.206052953020         1.213800445012         1.211786013244         1.200935288770         1.186542897392         1.175654773328         1.173551358054         1.181060838349         1.194096984080         1.205723055180         1.209553297775         1.203028986585         1.188715738223         1.173097148871         1.163355005202         1.163782383257         1.173494988810         1.186827568792         1.196051743200         1.195223566570         1.183294644496         1.164718561496         1.147400387132         1.138775338199         1.141997511802         1.154154637163         1.167533738459         1.173258673934         1.165810305251         1.146018831199         1.120933077531         1.100570250062         1.092960578688         1.099804335741         1.115193525163         1.127987534063         1.127095740782         1.107192773664         1.072036235305         1.033372711774         1.005647299366         0.998578126195         1.011455676828         1.031709107876         1.039403472338         1.015985890249         0.954521273371         0.864262760509         0.766451492747         0.670698986691         0.534850074682         0.000000000000
        0.858991696927         0.830248029499         0.869497205603         0.904309082946         0.979419829531         1.039296453032         1.077711126708         1.083612378534         1.067962892023         1.047452935587         1.038712272973         1.049758322433         1.077826006420         1.111822424731         1.138583301474         1.149321958934         1.143459540614         1.128267612055         1.114705087296         1.112004617268         1.123305966052         1.144543870999         1.166899739469         1.181310689095         1.182931830009         1.173278236478         1.159222555217         1.149387409803         1.149921141223         1.161492783682         1.179224797638         1.195270293976         1.202725012010         1.199097270991         1.187340063868         1.174304569177         1.167252363558         1.170289301277         1.182335012011         1.197781325007         1.209376164844         1.211785722911         1.204309268007         1.191113020189         1.179142256258         1.174609738322         1.179924638265         1.192509888198         1.206066763808         1.213813869996         1.211799595429         1.200949549763         1.186558185487         1.175670932580         1.173568144894         1.181077755367         1.194113556011         1.205739090674         1.209569118967         1.203045073866         1.188732586334         1.173114790421         1.163373358132         1.163800864505         1.173513088545         1.186845055094         1.196068823233         1.195240735805         1.183312479099         1.164737380567         1.147420168272         1.138795650923         1.142017950689         1.154175039486         1.167554122277         1.173279431838         1.165832397198         1.146041393770         1.120956446052         1.100593534682         1.092982333791         1.099822846850         1.115207874739         1.127996959438         1.127101053603         1.107194990424         1.072036338523         1.033372392261         1.005647477483         0.998579052664         1.011457006599         1.031710626798         1.039404453947         1.015985956440         0.954520500517         0.864261674374         0.766450658942         0.670698591180         0.534850004115         0.000000000000
        0.858991686271         0.830247972408         0.869497087843         0.904309040117         0.979419956005         1.039296784514         1.077711809386         1.083613531124         1.067964512524         1.047454890034         1.038714400551         1.049760472411         1.077828095124         1.111824594413         1.138585725515         1.149324768962         1.143462946045         1.128271617503         1.114709766033         1.112009894600         1.123311781089         1.144549822042         1.166905565743         1.181316246513         1.182937176761         1.173283796878         1.159228213621         1.149393640838         1.149927815881         1.161499871854         1.179231883971         1.195277153885         1.202731759912         1.199104014825         1.187347184583         1.174312250609         1.167260627583         1.170297806041         1.182343444298         1.197789479978         1.209384032907         1.211793637264         1.204317565917         1.191122200497         1.179152536072         1.174621127159         1.179935261363         1.192520534997         1.206077127954         1.213824056010         1.211810202257         1.200961225700         1.186571376378         1.175685487513         1.173583625910         1.181093422192         1.194128789718         1.205753756034         1.209583808311         1.203060747997         1.188750160748         1.173134548502         1.163394987561         1.163823291249         1.173535201515         1.186866303186         1.196089673333         1.195262628947         1.183337131986         1.164766085516         1.147453071176         1.138831474213         1.142054727034         1.154211198083         1.167589583795         1.173316104664         1.165873631631         1.146089913809         1.121014380533         1.100660772351         1.093049223154         1.099881576482         1.115256154722         1.128036096801         1.127132208974         1.107221303273         1.072060473370         1.033395788642         1.005670092296         0.998599393885         1.011473359918         1.031722236755         1.039411490365         1.015989588782         0.954522156737         0.864262432299         0.766451055981         0.670698774201         0.534850080443         0.000000000000
        0.858991629865         0.830247828821         0.869496817864         0.904308748913         0.979419788677         1.039296823877         1.077712209518         1.083614364650         1.067965710089         1.047456261500         1.038715752623         1.049761681950         1.077829162839         1.111825718004         1.138587122233         1.149326563202         1.143465250740         1.128274337540         1.114712874543         1.112013278772         1.123315437700         1.144553520171         1.166909205123         1.181319779313         1.182940641836         1.173287444135         1.159231811985         1.149397435978         1.149931751760         1.161503920898         1.179235918373         1.195281098557         1.202735822862         1.199108122023         1.187351475345         1.174316699688         1.167265157892         1.170302191643         1.182347601615         1.197793465742         1.209387988411         1.211797809576         1.204322094494         1.191127224988         1.179158057191         1.174627152576         1.179940329781         1.192525577732         1.206082112140         1.213829103925         1.211815660346         1.200967305038         1.186578114705         1.175692597177         1.173590833619         1.181100429513         1.194135447745         1.205760149038         1.209590269489         1.203067676721         1.188757817222         1.173142907773         1.163403813319         1.163832131708         1.173543683790         1.186874329537         1.196097568700         1.195271017653         1.183346579495         1.164776964402         1.147465354870         1.138844660625         1.142068168109         1.154224447583         1.167602672804         1.173329498642         1.165888448671         1.146106710403         1.121034175052         1.100683838718         1.093074126084         1.099907268680         1.115280639194         1.128057286101         1.127151054461         1.107238935171         1.072077973987         1.033413347289         1.005686896764         0.998614036129         1.011484636997         1.031729945321         1.039416114092         1.015992162461         0.954523655547         0.864263403559         0.766451666962         0.670699060551         0.534850166471         0.000000000000
        0.858991636174         0.830247843849         0.869496853956         0.904308849536         0.979419966304         1.039297048342         1.077712513317         1.083614816772         1.067966351844         1.047457090713         1.038716734053         1.049762750967         1.077830251054         1.111826829027         1.138588282468         1.149327802230         1.143466703523         1.128276076743         1.114715056907         1.112015913848         1.123318524007         1.144556741277         1.166912299700         1.181322568088         1.182943135682         1.173289947601         1.159234336286         1.149400345892         1.149935100044         1.161507574075         1.179239612399         1.195284551303         1.202739129751         1.199111195488         1.187354606976         1.174320108294         1.167268956114         1.170306221688         1.182351651314         1.197797345178         1.209391613425         1.211801313345         1.204325736999         1.191131334297         1.179162860839         1.174632675248         1.179945662223         1.192530961908         1.206087249506         1.213833915884         1.211820606940         1.200972852394         1.186584626035         1.175700043637         1.173598963931         1.181108755735         1.194143516299         1.205767793060         1.209597752933         1.203075614868         1.188766859834         1.173153425524         1.163415689265         1.163844769603         1.173556335845         1.186886542587         1.196109595051         1.195283722071         1.183361014132         1.164793903874         1.147484918950         1.138866234150         1.142090898840         1.154247758993         1.167626509378         1.173353892148         1.165914982210         1.146134498157         1.121065835277         1.100719457718         1.093113671925         1.099951052602         1.115323482662         1.128095044058         1.127182442894         1.107266421401         1.072103473319         1.033437864954         1.005709964950         0.998634367085         1.011500593558         1.031740991660         1.039422519252         1.015995044295         0.954524436510         0.864263307243         0.766451447660         0.670698947158         0.534850172350         0.000000000000
        0.858991646122         0.830247866124         0.869496746655         0.904308677826         0.979420057849         1.039297720503         1.077714273352         1.083617985913         1.067970964461         1.047462797330         1.038722966136         1.049768951132         1.077836162818         1.111832753411         1.138595011212         1.149336366900         1.143478056123         1.128290577262         1.114732407110         1.112035140137         1.123338575573         1.144576799686         1.166932509906         1.181344007185         1.182967435811         1.173318855812         1.159269348493         1.149438809098         1.149973660936         1.161540473675         1.179271116744         1.195315071414         1.202770504260         1.199145540549         1.187393774013         1.174366205034         1.167318694138         1.170353437877         1.182394425902         1.197835131588         1.209425075818         1.211832217445         1.204355975434         1.191161875948         1.179193330138         1.174661694581         1.179971366829         1.192552995118         1.206106008429         1.213850697021         1.211837437319         1.200991050218         1.186604462610         1.175720668633         1.173619087326         1.181127252992         1.194160028348         1.205782930271         1.209612845950         1.203092135527         1.188785723164         1.173174604501         1.163438232490         1.163867292979         1.173577747184         1.186906691174         1.196129615168         1.195305542230         1.183386467244         1.164823857190         1.147518861159         1.138902508438         1.142127737214         1.154284281053         1.167663186042         1.173392020803         1.165957907149         1.146182023771         1.121121818550         1.100782930662         1.093180622979         1.100016731974         1.115379434066         1.128137655041         1.127214180285         1.107293498524         1.072129094228         1.033463014807         1.005733261143         0.998653950555         1.011514742964         1.031750023269         1.039427713548         1.015998109135         0.954526588645         0.864264958640         0.766452537727         0.670699448611         0.534850297222         0.000000000000
        0.858991653930         0.830247886761         0.869496766819         0.904308719594         0.979420178675         1.039297948463         1.077714697506         1.083618694592         1.067971995343         1.047464111577         1.038724471226         1.049770530322         1.077837726067         1.111834324897         1.138596686376         1.149338287588         1.143480426758         1.128293518199         1.114736010328         1.112039312854         1.123343210133         1.144581581867         1.166937241990         1.181348634020         1.182972088766         1.173323853617         1.159274736173         1.149444848411         1.149979931973         1.161547328340         1.179277739887         1.195321431760         1.202776810502         1.199151815439         1.187400166716         1.174373069557         1.167325398449         1.170360423756         1.182400830591         1.197841160957         1.209430937669         1.211838151437         1.204362187253         1.191168496255         1.179200326339         1.174668804871         1.179977943554         1.192559008378         1.206111303917         1.213855293578         1.211842045172         1.200996130351         1.186610222978         1.175726908022         1.173625446764         1.181133334853         1.194165614129         1.205788080805         1.209617877721         1.203097487457         1.188791725655         1.173181351533         1.163445516905         1.163874735613         1.173584973438         1.186913504323         1.196136259376         1.195312537596         1.183394358674         1.164832976441         1.147529180516         1.138913630349         1.142139183140         1.154295747015         1.167674663896         1.173403757405         1.165970543715         1.146195267284         1.121136826105         1.100799576075         1.093197902938         1.100033475386         1.115394225598         1.128148801752         1.127222813168         1.107300098378         1.072135011608         1.033469030849         1.005739516803         0.998660104387         1.011519913522         1.031753816711         1.039429968102         1.015999089634         0.954526769909         0.864264814507         0.766452382771         0.670699375258         0.534850295542         0.000000000000
        0.858991668147         0.830247924455         0.869496840272         0.904308834718         0.979420330275         1.039298104334         1.077714858369         1.083618900056         1.067972285624         1.047464512172         1.038724983480         1.049771124174         1.077838351161         1.111834957833         1.138597313381         1.149338911865         1.143481122338         1.128294350855         1.114737096350         1.112040664586         1.123344851624         1.144583325461         1.166938926425         1.181350133526         1.182973386688         1.173325078897         1.159275912906         1.149446201375         1.149981405298         1.161549157559         1.179279544306         1.195323101585         1.202778389973         1.199153146336         1.187401285699         1.174374136259         1.167326322594         1.170361439382         1.182401641516         1.197841955264         1.209431729383         1.211838944998         1.204362990637         1.191169344269         1.179201266614         1.174669838904         1.179978793210         1.192559822097         1.206111934873         1.213855546983         1.211842254766         1.200996462195         1.186610800441         1.175727703939         1.173626415490         1.181134377518         1.194166634209         1.205789012421         1.209618717477         1.203098309668         1.188792628349         1.173182443339         1.163446841933         1.163876286252         1.173586662493         1.186915137699         1.196137781140         1.195313996078         1.183395877678         1.164834726012         1.147531294861         1.138916104850         1.142141904784         1.154298549642         1.167677422331         1.173406479534         1.165973277782         1.146198104409         1.121139934607         1.100803061086         1.093201570820         1.100036956490         1.115397215629         1.128150791340         1.127224394748         1.107301118617         1.072135854784         1.033470038269         1.005740835255         0.998661651625         1.011521390991         1.031755006110         1.039430694996         1.015999361773         0.954526727957         0.864264651919         0.766452247869         0.670699312359         0.534850287811         0.000000000000
        0.858991677048         0.830247948383         0.869496889452         0.904308912952         0.979420434407         1.039298206138         1.077714951935         1.083619009667         1.067972435357         1.047464718217         1.038725248245         1.049771432642         1.077838678102         1.111835292661         1.138597648425         1.149339238535         1.143481476682         1.128294759383         1.114737634029         1.112041333935         1.123345695671         1.144584224107         1.166939786191         1.181350875213         1.182973993185         1.173325621418         1.159276389173         1.149446753990         1.149982030481         1.161549965616         1.179280353215         1.195323829477         1.202779085990         1.199153656273         1.187401634232         1.174374408149         1.167326524936         1.170361654841         1.182401787966         1.197842114067         1.209431884010         1.211839076610         1.204363087611         1.191169414958         1.179201339624         1.174669934190         1.179978722000         1.192559759716         1.206111791395         1.213855171066         1.211841868391         1.200996148441         1.186610623781         1.175727640472         1.173626457556         1.181134489290         1.194166773561         1.205789133902         1.209618795455         1.203098359392         1.188792680333         1.173182563022         1.163447074134         1.163876682118         1.173587218842         1.186915699185         1.196138276582         1.195314403828         1.183396230609         1.164835122643         1.147531843118         1.138916842829         1.142142790635         1.154299481114         1.167678299695         1.173407256724         1.165973958881         1.146198768569         1.121140613026         1.100803875038         1.093202483025         1.100037874317         1.115398011525         1.128151309010         1.127224753713         1.107301293390         1.072135963694         1.033470216290         1.005741153798         0.998662086975         1.011521850369         1.031755405358         1.039430943353         1.015999441234         0.954526682550         0.864264560266         0.766452175112         0.670699278377         0.534850282694         0.000000000000
        0.858991681040         0.830247960598         0.869496916232         0.904308957717         0.979420500404         1.039298273666         1.077715017801         1.083619091003         1.067972544778         1.047464860623         1.038725419715         1.049771621918         1.077838873941         1.111835495866         1.138597863118         1.149339459013         1.143481722748         1.128295036107         1.114737984541         1.112041746847         1.123346214749         1.144584768368         1.166940306798         1.181351331072         1.182974378454         1.173325978856         1.159276703803         1.149447107637         1.149982427054         1.161550451087         1.179280840585         1.195324267201         1.202779533687         1.199153986290         1.187401863193         1.174374582512         1.167326660433         1.170361783047         1.182401887211         1.197842218258         1.209431983889         1.211839162586         1.204363152294         1.191169457473         1.179201370044         1.174669962475         1.179978598331         1.192559642804         1.206111626165         1.213854863532         1.211841573456         1.200995918000         1.186610494737         1.175727585783         1.173626469959         1.181134545170         1.194166847463         1.205789198020         1.209618836388         1.203098390086         1.188792714881         1.173182642702         1.163447220625         1.163876948612         1.173587627937         1.186916113908         1.196138644410         1.195314701824         1.183396474506         1.164835379539         1.147532187083         1.138917301862         1.142143334283         1.154300036913         1.167678798353         1.173407663408         1.165974288006         1.146199081619         1.121140896961         1.100804237536         1.093202896912         1.100038318220         1.115398401730         1.128151585727         1.127224938315         1.107301397404         1.072136036735         1.033470313926         1.005741306783         0.998662279113         1.011522046837         1.031755578731         1.039431053412         1.015999480491         0.954526668943         0.864264526591         0.766452147879         0.670699265683         0.534850280915         0.000000000000
        0.858991682465         0.830247966160         0.869496929778         0.904308982343         0.979420542987         1.039298320394         1.077715067616         1.083619156798         1.067972632626         1.047464968991         1.038725541034         1.049771746889         1.077838998858         1.111835627450         1.138598012064         1.149339622430         1.143481911764         1.128295245014         1.114738236646         1.112042023084         1.123346556325         1.144585118454         1.166940642990         1.181351635626         1.182974653139         1.173326249413         1.159276950407         1.149447374247         1.149982716691         1.161550779721         1.179281168817         1.195324565462         1.202779862295         1.199154244801         1.187402060270         1.174374743595         1.167326794922         1.170361903646         1.182401989745         1.197842319554         1.209432083898         1.211839260802         1.204363246165         1.191169542536         1.179201445857         1.174670030507         1.179978536352         1.192559584536         1.206111536579         1.213854689544         1.211841422319         1.200995826032         1.186610485385         1.175727633488         1.173626565410         1.181134667434         1.194166975636         1.205789312833         1.209618934421         1.203098488980         1.188792825510         1.173182795008         1.163447419543         1.163877242106         1.173588047917         1.186916530448         1.196139020944         1.195315021576         1.183396751669         1.164835665565         1.147532534239         1.138917725691         1.142143804974         1.154300497187         1.167679199602         1.173407987553         1.165974558280         1.146199350023         1.121141124870         1.100804517475         1.093203193416         1.100038631551         1.115398669031         1.128151785652         1.127225083008         1.107301507049         1.072136134923         1.033470418248         1.005741423970         0.998662392350         1.011522142825         1.031755657948         1.039431105431         1.015999508456         0.954526680533         0.864264530804         0.766452149735         0.670699266618         0.534850281499         0.000000000000
        0.858991682346         0.830247967826         0.869496935589         0.904308995020         0.979420571052         1.039298353839         1.077715106564         1.083619211290         1.067972705009         1.047465054429         1.038725630413         1.049771832381         1.077839080874         1.111835715445         1.138598119646         1.149339748425         1.143482062120         1.128295408802         1.114738424933         1.112042213552         1.123346787020         1.144585348352         1.166940865221         1.181351846085         1.182974857585         1.173326462656         1.159277151260         1.149447583821         1.149982935702         1.161551011043         1.179281397714         1.195324777396         1.202780110733         1.199154454809         1.187402233528         1.174374893461         1.167326923862         1.170362015860         1.182402086309         1.197842411945         1.209432178328         1.211839362384         1.204363355176         1.191169652830         1.179201551398         1.174670127591         1.179978525034         1.192559575233         1.206111506679         1.213854611915         1.211841371284         1.200995828570         1.186610557372         1.175727752526         1.173626721175         1.181134840430         1.194167146590         1.205789466779         1.209619073804         1.203098634913         1.188792988590         1.173182999338         1.163447660171         1.163877561274         1.173588480357         1.186916951241         1.196139404730         1.195315356817         1.183397054219         1.164835977878         1.147532895470         1.138918142607         1.142144247227         1.154300916339         1.167679560349         1.173408283577         1.165974817714         1.146199618766         1.121141348141         1.100804776917         1.093203446196         1.100038886985         1.115398877306         1.128151944790         1.127225210396         1.107301624409         1.072136252544         1.033470533026         1.005741527866         0.998662467595         1.011522186755         1.031755686277         1.039431125804         1.015999531132         0.954526707869         0.864264558007         0.766452169172         0.670699275785         0.534850283535         0.000000000000
        0.858991681408         0.830247967379         0.869496937090         0.904309000844         0.979420590149         1.039298378643         1.077715137717         1.083619256828         1.067972765237         1.047465123102         1.038725698158         1.049771892595         1.077839136085         1.111835775984         1.138598199831         1.149339847993         1.143482183866         1.128295539754         1.114738568753         1.112042347331         1.123346945572         1.144585501203         1.166941014281         1.181351994796         1.182975013419         1.173326633448         1.159277316312         1.149447750925         1.149983103653         1.161551177555         1.179281560614         1.195324932014         1.202780298978         1.199154625766         1.187402383482         1.174375029001         1.167327042531         1.170362117249         1.182402172592         1.197842492746         1.209432263143         1.211839459181         1.204363465664         1.191169770251         1.179201667144         1.174670235260         1.179978542825         1.192559594009         1.206111511760         1.213854591635         1.211841377678         1.200995882330         1.186610669572         1.175727904080         1.173626901719         1.181135032234         1.194167331805         1.205789633064         1.209619226601         1.203098796562         1.188793169597         1.173183220026         1.163447910762         1.163877878003         1.173588896779         1.186917350814         1.196139769961         1.195315679890         1.183397352339         1.164836287125         1.147533246647         1.138918537318         1.142144655866         1.154301296968         1.167679886381         1.173408555414         1.165975065035         1.146199882607         1.121141563588         1.100805019295         1.093203668669         1.100039104258         1.115399047662         1.128152076285         1.127225324805         1.107301742903         1.072136377906         1.033470651036         1.005741622151         0.998662520344         1.011522201024         1.031755685540         1.039431127894         1.015999550197         0.954526743313         0.864264597405         0.766452197969         0.670699289329         0.534850286332         0.000000000000
        0.860071651159         0.832942767285         0.873352362710         0.908854306346         0.984432140646         1.044967029892         1.084745342124         1.092868644244         1.080069840695         1.062423637289         1.055810763078         1.067898430635         1.096014585990         1.129712964521         1.156612145226         1.168505797873         1.164890766516         1.152522611794         1.141566365112         1.140468476005         1.152065347634         1.172646655458         1.194195536292         1.208546880996         1.211366287706         1.204046601925         1.192731218933         1.185082883915         1.186494751289         1.197563604121         1.214000594180         1.228924863204         1.236337320537         1.234050504678         1.224646447335         1.214059049028         1.208556783099         1.211652861491         1.222435302809         1.236108148897         1.246443490667         1.248898854865         1.242850730790         1.231852207967         1.221808997691         1.218024365355         1.222560592333         1.233237438473         1.244732803437         1.251251500538         1.249425405770         1.240008471397         1.227502604273         1.217909001815         1.215733630801         1.221713044735         1.232401512516         1.241858758465         1.244602239199         1.238382121431         1.225375486123         1.211158757961         1.201955266024         1.201505349345         1.209110555719         1.219858574294         1.226988107103         1.225260195925         1.213676300021         1.196135804407         1.179623275515         1.170768080237         1.172441291254         1.182111235194         1.192855919673         1.196659071634         1.188459623594         1.168921716236         1.144441234844         1.124214278554         1.115669410283         1.120484419164         1.133231695889         1.143527043729         1.140923635859         1.120315872342         1.085155079305         1.046555501186         1.018290816933         1.009792559738         1.020465692168         1.038258827223         1.043804323925         1.018906463332         0.956614116905         0.865905078588         0.767692226539         0.671441443410         0.535192047739         0.000000000000
        0.860153297647         0.833139591771         0.873640224827         0.909209424841         0.984863230427         1.045511043382         1.085505261690         1.093950351939         1.081559051276         1.064329557801         1.058065035946         1.070386613822         1.098636211146         1.132439812218         1.159513630188         1.171725635317         1.168579939032         1.156761883370         1.146323584024         1.145612746595         1.157429325895         1.178108421489         1.199743344813         1.214288672641         1.217474305100         1.210671130896         1.199923600467         1.192770203841         1.194502511433         1.205694407954         1.222131813605         1.237071534166         1.244646923856         1.242722249190         1.233824244808         1.223757159520         1.218647738141         1.221917852618         1.232664506536         1.246205663560         1.256475160680         1.259055269883         1.253344030759         1.242800565994         1.233174343909         1.229617724717         1.234129035567         1.244580518622         1.255801247015         1.262169504390         1.260423311426         1.251294883585         1.239151407775         1.229817574675         1.227660447121         1.233386359328         1.243652988476         1.252701647700         1.255222899949         1.249038308588         1.236253021160         1.222271915200         1.213132339215         1.212463592344         1.219586986522         1.229739084262         1.236361624011         1.234368973480         1.222783097493         1.205380302785         1.188948446420         1.179942251352         1.181167586834         1.190168183383         1.200204163060         1.203460323332         1.194985666089         1.175408470609         1.150966080470         1.130655444524         1.121770130018         1.125980135299         1.137977692161         1.147569890717         1.144469347499         1.123622346359         1.088399639665         1.049751773899         1.021294966557         1.012388226475         1.022482451937         1.039654082061         1.044674961423         1.019428284336         0.956952182283         0.866146718967         0.767857744305         0.671531130745         0.535237117437         0.000000000000
        0.860158741365         0.833152770201         0.873659379129         0.909232895946         0.984891957673         1.045547289666         1.085555932477         1.094022592083         1.081658284207         1.064456703560         1.058216334927         1.070555435558         1.098816614108         1.132630165987         1.159718206656         1.171952735441         1.168838360441         1.157056885176         1.146653916449         1.145971016795         1.157805603906         1.178495344104         1.200139911229         1.214700428517         1.217911165547         1.211141994658         1.200431670569         1.193311473793         1.195067469578         1.206273346401         1.222719180846         1.237668449541         1.245260220324         1.243361383810         1.234496668742         1.224463284231         1.219380585328         1.222666358955         1.233418727590         1.246961399273         1.257235380402         1.259828356963         1.254139576702         1.243623948249         1.234023162485         1.230482176785         1.234996927552         1.245442258220         1.256654539043         1.263019831723         1.261281012911         1.252169330839         1.240045792745         1.230725976861         1.228570127581         1.234283755405         1.244529518587         1.253557736656         1.256067364270         1.249883452473         1.237108090278         1.223137236617         1.213998114824         1.213314172249         1.220407865840         1.230524104419         1.237115245989         1.235103575820         1.223512689500         1.206112942626         1.189680969711         1.180660935908         1.181854904740         1.190810784594         1.200799215032         1.204016683308         1.195518609776         1.175932254277         1.151485954506         1.131164489936         1.122252167993         1.126417945015         1.138361394408         1.147901540765         1.144761730047         1.123891815215         1.088657882882         1.049999983318         1.021523846517         1.012583895260         1.022633698713         1.039758225053         1.044739001241         1.019465247410         0.956974607666         0.866161972512         0.767868068835         0.671536939721         0.535240082674         0.000000000000
        0.860159359351         0.833154293682         0.873661565762         0.909235538545         0.984895148686         1.045551512571         1.085561879517         1.094031049196         1.081669842686         1.064471439573         1.058233783483         1.070574919725         1.098837619894         1.132652546236         1.159742272499         1.171979370912         1.168868435998         1.157090836478         1.146691449190         1.146011340737         1.157847908399         1.178539061960         1.200184852376         1.214747260310         1.217960754856         1.211195248787         1.200488802658         1.193371941399         1.195130244811         1.206337456609         1.222784138149         1.237734414958         1.245328010561         1.243431839522         1.234570437459         1.224540324181         1.219460233970         1.222747555512         1.233500663251         1.247043694610         1.257318323451         1.259912759484         1.254226218576         1.243713198387         1.234114689459         1.230575029496         1.235090012766         1.245534776648         1.256746345040         1.263111515262         1.261373450563         1.252263207507         1.240141286698         1.230822478649         1.228666465860         1.234378803167         1.244622522559         1.253648721575         1.256157133624         1.249973036226         1.237198145980         1.223227713609         1.214088178568         1.213402467998         1.220493197395         1.230605921239         1.237194009220         1.235180436055         1.223588805759         1.206188929151         1.189756474869         1.180734722310         1.181925495377         1.190877092537         1.200861029365         1.204074893302         1.195574554572         1.175987175413         1.151540255651         1.131217512282         1.122302473147         1.126463991172         1.138402281122         1.147937385119         1.144793596665         1.123921062655         1.088685440204         1.050025958626         1.021547411378         1.012603790990         1.022648966670         1.039768698685         1.044745398048         1.019468870926         0.956976735983         0.866163354652         0.767868988451         0.671537435405         0.535240343434         0.000000000000
        0.860159438716         0.833154486388         0.873661819153         0.909235832325         0.984895552651         1.045552127331         1.085562883785         1.094032591497         1.081672012427         1.064474206663         1.058237013173         1.070578487556         1.098841423493         1.132656613524         1.159746719107         1.171984358266         1.168874069426         1.157097190749         1.146698443142         1.146018808913         1.157855567214         1.178546822245         1.200192767739         1.214755435856         1.217969335070         1.211204375381         1.200498514639         1.193382120790         1.195140729820         1.206348131363         1.222794933522         1.237745385088         1.245339295284         1.243443543797         1.234582644457         1.224553003368         1.219473244462         1.222760764898         1.233513974996         1.247057072053         1.257331784866         1.259926440013         1.254240232723         1.243727580166         1.234129375479         1.230589877451         1.235104864219         1.245549528090         1.256760992456         1.263126159426         1.261388199293         1.252278128053         1.240156386145         1.230837654418         1.228681568274         1.234393681699         1.244637093967         1.253662983817         1.256171225129         1.249987061565         1.237212182455         1.223241734113         1.214102048162         1.213415996811         1.220506252460         1.230618439800         1.237206070765         1.235192227330         1.223600499098         1.206200599067         1.189768024224         1.180745959844         1.181936221298         1.190887179807         1.200870480297         1.204083861206         1.195583252860         1.175995764820         1.151548750128         1.131225760518         1.122310257966         1.126471072492         1.138408535815         1.147942886617         1.144798556187         1.123925682834         1.088689834220         1.050030091449         1.021551143950         1.012606892909         1.022651310101         1.039770252441         1.044746339080         1.019469437452         0.956977105061         0.866163609203         0.767869159176         0.671537521580         0.535240378763         0.000000000000
        0.860159447899         0.833154508238         0.873661841425         0.909235854288         0.984895595826         1.045552218567         1.085563063781         1.094032889063         1.081672437860         1.064474746469         1.058237639523         1.070579172585         1.098842161984         1.132657413451         1.159747611052         1.171985371261         1.168875233613         1.157098491543         1.146699863812         1.146020329627         1.157857151798         1.178548451725         1.200194472183         1.214757142423         1.217971115752         1.211206304692         1.200500588109         1.193384288032         1.195142939002         1.206350347339         1.222797150928         1.237747623848         1.245341600135         1.243445943063         1.234585146141         1.224555603593         1.219475915832         1.222763479398         1.233516711318         1.247059834283         1.257334601897         1.259929334737         1.254243226519         1.243730671752         1.234132542068         1.230593082678         1.235108074818         1.245552727679         1.256764183037         1.263129372309         1.261391458352         1.252281447404         1.240159760735         1.230841060386         1.228684968624         1.234397040603         1.244640391411         1.253666223720         1.256174437072         1.249990269199         1.237215405878         1.223244974438         1.214105279332         1.213419176521         1.220509358106         1.230621456513         1.237209020465         1.235195143000         1.223603372018         1.206203385145         1.189770719572         1.180748527743         1.181938630519         1.190889404335         1.200872525886         1.204085764835         1.195585065205         1.175997523272         1.151550468060         1.131227407584         1.122311786586         1.126472444944         1.138409744007         1.147943952551         1.144799517293         1.123926577058         1.088690685252         1.050030878799         1.021551827114         1.012607432036         1.022651694399         1.039770498520         1.044746484237         1.019469537601         0.956977187173         0.866163678801         0.767869207636         0.671537544878         0.535240385647         0.000000000000
        0.860159448230         0.833154508084         0.873661838279         0.909235848550         0.984895592162         1.045552228400         1.085563097912         1.094032952158         1.081672528707         1.064474857285         1.058237760755         1.070579298335         1.098842295800         1.132657559548         1.159747778904         1.171985565527         1.168875460755         1.157098731964         1.146700107566         1.146020583468         1.157857415582         1.178548716900         1.200194758972         1.214757450921         1.217971451890         1.211206685637         1.200501013154         1.193384742367         1.195143408196         1.206350820142         1.222797626770         1.237748106314         1.245342101276         1.243446469957         1.234585697545         1.224556177418         1.219476508710         1.222764092519         1.233517335320         1.247060476629         1.257335273482         1.259930035155         1.254243956618         1.243731428539         1.234133318149         1.230593870956         1.235108869353         1.245553526478         1.256764988490         1.263130190238         1.261392294069         1.252282302083         1.240160624067         1.230841926382         1.228685834341         1.234397896711         1.244641216180         1.253667050391         1.256175235353         1.249991052326         1.237216177336         1.223245740314         1.214106041133         1.213419906874         1.220510067959         1.230622146385         1.237209693337         1.235195813309         1.223604045271         1.206204059950         1.189771385092         1.180749173946         1.181939256638         1.190889997570         1.200873089085         1.204086309205         1.195585595617         1.175998037767         1.151550965179         1.131227876647         1.122312215250         1.126472825221         1.138410075878         1.147944244167         1.144799781005         1.123926824179         1.088690919151         1.050031093626         1.021552011347         1.012607574764         1.022651792995         1.039770559604         1.044746521625         1.019469566571         0.956977214863         0.866163704157         0.767869225489         0.671537553336         0.535240387751         0.000000000000
        0.860159418724         0.833154426242         0.873661714212         0.909235705491         0.984895485533         1.045552154270         1.085563063133         1.094032938664         1.081672528964         1.064474863859         1.058237770353         1.070579309444         1.098842310362         1.132657579581         1.159747807333         1.171985603549         1.168875508986         1.157098784764         1.146700159965         1.146020634108         1.157857466046         1.178548764013         1.200194811647         1.214757523537         1.217971543588         1.211206786977         1.200501123528         1.193384858062         1.195143527871         1.206350943272         1.222797756165         1.237748242712         1.245342247892         1.243446627701         1.234585865131         1.224556351659         1.219476688623         1.222764281164         1.233517529448         1.247060680459         1.257335492577         1.259930267318         1.254244200904         1.243731683023         1.234133578205         1.230594134027         1.235109133613         1.245553792486         1.256765258351         1.263130467155         1.261392582325         1.252282602301         1.240160926203         1.230842227701         1.228686131443         1.234398183807         1.244641480021         1.253667313743         1.256175479406         1.249991290121         1.237216414966         1.223245984902         1.214106297461         1.213420134350         1.220510281275         1.230622349170         1.237209888818         1.235196011422         1.223604250306         1.206204269859         1.189771592970         1.180749374540         1.181939449597         1.190890172615         1.200873248431         1.204086456480         1.195585735526         1.175998172729         1.151551093709         1.131227994547         1.122312318421         1.126472912020         1.138410148695         1.147944308390         1.144799842230         1.123926885955         1.088690980041         1.050031148310         1.021552053591         1.012607601027         1.022651804777         1.039770562769         1.044746523836         1.019469573399         0.956977226766         0.866163717257         0.767869235065         0.671537557843         0.535240388698         0.000000000000
        0.860159418211         0.833154423624         0.873661708828         0.909235698915         0.984895481807         1.045552142570         1.085563059220         1.094032939423         1.081672533038         1.064474867717         1.058237771211         1.070579306930         1.098842306548         1.132657577969         1.159747810687         1.171985612938         1.168875523927         1.157098801847         1.146700175705         1.146020646748         1.157857477073         1.178548773137         1.200194823473         1.214757546330         1.217971576903         1.211206823287         1.200501161535         1.193384895991         1.195143566179         1.206350982903         1.222797799952         1.237748290943         1.245342301612         1.243446686669         1.234585928160         1.224556416666         1.219476755134         1.222764351940         1.233517604291         1.247060761158         1.257335581033         1.259930361101         1.254244299257         1.243731788003         1.234133683451         1.230594240798         1.235109241239         1.245553900117         1.256765369609         1.263130583128         1.261392703909         1.252282729831         1.240161051788         1.230842351103         1.228686248112         1.234398290738         1.244641572808         1.253667399711         1.256175554223         1.249991361452         1.237216489219         1.223246064959         1.214106383526         1.213420204206         1.220510345502         1.230622410173         1.237209948899         1.235196076831         1.223604321323         1.206204342582         1.189771662273         1.180749438058         1.181939508388         1.190890223106         1.200873294031         1.204086499366         1.195585777554         1.175998214200         1.151551132277         1.131228027313         1.122312343975         1.126472930472         1.138410162712         1.147944321765         1.144799857919         1.123926904998         1.088691000353         1.050031165898         1.021552064607         1.012607603927         1.022651801250         1.039770557022         1.044746520601         1.019469575459         0.956977233491         0.866163725361         0.767869241088         0.671537560676         0.535240389255         0.000000000000
        0.860159418160         0.833154423129         0.873661707717         0.909235697557         0.984895482299         1.045552137917         1.085563058060         1.094032940430         1.081672536020         1.064474870967         1.058237773286         1.070579307512         1.098842306358         1.132657578892         1.159747813783         1.171985618888         1.168875532550         1.157098811710         1.146700185088         1.146020654843         1.157857484624         1.178548779745         1.200194831151         1.214757558667         1.217971593413         1.211206840877         1.200501179612         1.193384913893         1.195143584425         1.206351001710         1.222797820721         1.237748313209         1.245342325723         1.243446712948         1.234585955961         1.224556445104         1.219476784059         1.222764381464         1.233517637371         1.247060796820         1.257335619480         1.259930400294         1.254244340254         1.243731838361         1.234133734726         1.230594296073         1.235109297437         1.245553951490         1.256765422540         1.263130638793         1.261392762292         1.252282792248         1.240161113027         1.230842411644         1.228686303431         1.234398339029         1.244641612512         1.253667433770         1.256175582500         1.249991388129         1.237216518097         1.223246097804         1.214106419397         1.213420231891         1.220510372230         1.230622436549         1.237209975243         1.235196106918         1.223604354069         1.206204374735         1.189771690557         1.180749462028         1.181939529847         1.190890240755         1.200873310235         1.204086514728         1.195585792587         1.175998229170         1.151551145070         1.131228036071         1.122312349370         1.126472932632         1.138410163516         1.147944323389         1.144799861829         1.123926911544         1.088691008255         1.050031172976         1.021552068792         1.012607604354         1.022651798700         1.039770553622         1.044746518779         1.019469576628         0.956977237255         0.866163729884         0.767869244449         0.671537562259         0.535240389566         0.000000000000
        0.860159417996         0.833154422583         0.873661706772         0.909235696264         0.984895482155         1.045552135056         1.085563056900         1.094032940573         1.081672537446         1.064474872321         1.058237773498         1.070579306363         1.098842304352         1.132657577611         1.159747813829         1.171985620755         1.168875535821         1.157098815136         1.146700187305         1.146020655405         1.157857484106         1.178548778254         1.200194830198         1.214757559991         1.217971596269         1.211206843828         1.200501181977         1.193384915169         1.195143584909         1.206351001116         1.222797819521         1.237748310849         1.245342323090         1.243446712384         1.234585956697         1.224556445885         1.219476783822         1.222764370603         1.233517628675         1.247060786203         1.257335611178         1.259930393504         1.254244336972         1.243731843079         1.234133743938         1.230594310532         1.235109313995         1.245553965977         1.256765439447         1.263130658435         1.261392784023         1.252282816387         1.240161135834         1.230842434233         1.228686323206         1.234398355939         1.244641626372         1.253667445773         1.256175592925         1.249991398588         1.237216530303         1.223246113054         1.214106437372         1.213420245803         1.220510386448         1.230622451683         1.237209991102         1.235196125640         1.223604374367         1.206204394116         1.189771706687         1.180749475116         1.181939541570         1.190890250506         1.200873319853         1.204086524281         1.195585802116         1.175998238453         1.151551152318         1.131228039848         1.122312350571         1.126472931466         1.138410161580         1.147944322425         1.144799862902         1.123926914802         1.088691012724         1.050031177126         1.021552071213         1.012607604449         1.022651796946         1.039770551378         1.044746517600         1.019469577415         0.956977239742         0.866163732864         0.767869246662         0.671537563301         0.535240389770         0.000000000000
        0.860159417853         0.833154422191         0.873661706350         0.909235695616         0.984895482242         1.045552133694         1.085563055742         1.094032939899         1.081672537606         1.064474872336         1.058237772683         1.070579304599         1.098842301928         1.132657575716         1.159747812601         1.171985620468         1.168875535996         1.157098814765         1.146700185483         1.146020652033         1.157857479728         1.178548773185         1.200194825499         1.214757556388         1.217971592807         1.211206839704         1.200501176689         1.193384908549         1.195143577346         1.206350992183         1.222797809099         1.237748298148         1.245342308956         1.243446699914         1.234585945127         1.224556434243         1.219476770460         1.222764342679         1.233517602421         1.247060756537         1.257335583533         1.259930367439         1.254244314358         1.243731825681         1.234133731789         1.230594302900         1.235109309198         1.245553961596         1.256765438887         1.263130661017         1.261392788715         1.252282822850         1.240161141525         1.230842440519         1.228686328950         1.234398361871         1.244641632602         1.253667452409         1.256175600003         1.249991406471         1.237216540025         1.223246125637         1.214106453257         1.213420260429         1.220510402187         1.230622468752         1.237210008907         1.235196145126         1.223604394341         1.206204412891         1.189771722733         1.180749489163         1.181939555210         1.190890263102         1.200873332735         1.204086537056         1.195585814431         1.175998249428         1.151551161218         1.131228046168         1.122312354652         1.126472933668         1.138410162896         1.147944323963         1.144799865246         1.123926918058         1.088691016407         1.050031180467         1.021552073485         1.012607605325         1.022651796654         1.039770550630         1.044746517241         1.019469577967         0.956977241115         0.866163734463         0.767869247843         0.671537563857         0.535240389881         0.000000000000
        0.860159417933         0.833154422396         0.873661707227         0.909235696671         0.984895483832         1.045552134453         1.085563055258         1.094032939191         1.081672537752         1.064474872966         1.058237773589         1.070579305638         1.098842302894         1.132657577083         1.159747813906         1.171985621895         1.168875537443         1.157098815949         1.146700186265         1.146020652618         1.157857480375         1.178548773803         1.200194826376         1.214757557590         1.217971593579         1.211206839973         1.200501176580         1.193384908317         1.195143577419         1.206350991968         1.222797808099         1.237748295292         1.245342304489         1.243446695940         1.234585941652         1.224556432037         1.219476767423         1.222764333148         1.233517595778         1.247060747563         1.257335575432         1.259930359812         1.254244308656         1.243731822809         1.234133732868         1.230594306695         1.235109315328         1.245553968470         1.256765448811         1.263130672991         1.261392801972         1.252282837397         1.240161156199         1.230842456835         1.228686346365         1.234398380727         1.244641652453         1.253667472689         1.256175620681         1.249991428033         1.237216564024         1.223246152829         1.214106484480         1.213420292261         1.220510435322         1.230622502719         1.237210042872         1.235196179705         1.223604428933         1.206204447083         1.189771755673         1.180749521982         1.181939589555         1.190890297380         1.200873367388         1.204086570902         1.195585845631         1.175998276408         1.151551185394         1.131228067908         1.122312373533         1.126472949784         1.138410176399         1.147944335198         1.144799874507         1.123926925920         1.088691023493         1.050031187249         1.021552080046         1.012607611375         1.022651801713         1.039770554317         1.044746519467         1.019469578970         0.956977241341         0.866163734360         0.767869247714         0.671537563794         0.535240389879         0.000000000000
        0.860159418517         0.833154423871         0.873661710689         0.909235701182         0.984895488705         1.045552138322         1.085563055611         1.094032937829         1.081672536969         1.064474873610         1.058237776416         1.070579310608         1.098842308997         1.132657583471         1.159747818938         1.171985625391         1.168875539883         1.157098818349         1.146700189892         1.146020658380         1.157857488249         1.178548782710         1.200194835155         1.214757565267         1.217971599574         1.211206845252         1.200501182629         1.193384916409         1.195143588276         1.206351004365         1.222797820289         1.237748305123         1.245342311465         1.243446701620         1.234585947692         1.224556441831         1.219476778656         1.222764345834         1.233517613895         1.247060763151         1.257335590391         1.259930374140         1.254244324802         1.243731842725         1.234133758725         1.230594337336         1.235109350235         1.245554005265         1.256765487590         1.263130712333         1.261392842052         1.252282879907         1.240161202212         1.230842508384         1.228686402726         1.234398440614         1.244641713798         1.253667534223         1.256175682813         1.249991492848         1.237216634840         1.223246230681         1.214106569836         1.213420381487         1.220510526987         1.230622595552         1.237210136423         1.235196275786         1.223604528377         1.206204551422         1.189771864215         1.180749636094         1.181939711515         1.190890423807         1.200873498237         1.204086701748         1.195585964430         1.175998381337         1.151551284895         1.131228159444         1.122312455060         1.126473018633         1.138410232428         1.147944379468         1.144799909531         1.123926955043         1.088691050026         1.050031213511         1.021552106649         1.012607637153         1.022651824314         1.039770571291         1.044746529411         1.019469582236         0.956977240016         0.866163731301         0.767869245229         0.671537562615         0.535240389690         0.000000000000
        0.860159419215         0.833154425656         0.873661714900         0.909235706643         0.984895494512         1.045552143568         1.085563056501         1.094032936823         1.081672536911         1.064474875531         1.058237781207         1.070579318120         1.098842317943         1.132657592691         1.159747826581         1.171985631327         1.168875544813         1.157098823627         1.146700197125         1.146020668578         1.157857501278         1.178548797245         1.200194849630         1.214757578474         1.217971611250         1.211206856781         1.200501195766         1.193384932435         1.195143608230         1.206351026734         1.222797842717         1.237748325260         1.245342328689         1.243446717002         1.234585963443         1.224556462334         1.219476801835         1.222764373473         1.233517647097         1.247060794268         1.257335620859         1.259930403837         1.254244356441         1.243731878519         1.234133800872         1.230594384777         1.235109402213         1.245554059184         1.256765542634         1.263130767262         1.261392897684         1.252282938783         1.240161266333         1.230842579529         1.228686479842         1.234398521565         1.244641796035         1.253667616651         1.256175766437         1.249991580675         1.237216730750         1.223246335535         1.214106683312         1.213420499871         1.220510647937         1.230622717886         1.237210260406         1.235196404190         1.223604662737         1.206204694185         1.189772014133         1.180749793940         1.181939879439         1.190890598680         1.200873679949         1.204086880021         1.195586123413         1.175998523103         1.151551419915         1.131228280477         1.122312561022         1.126473104679         1.138410299163         1.147944429644         1.144799948135         1.123926987396         1.088691080511         1.050031244639         1.021552138689         1.012607668368         1.022651851724         1.039770591845         1.044746541287         1.019469585756         0.956977237732         0.866163726870         0.767869241689         0.671537560932         0.535240389409         0.000000000000
        0.860159419692         0.833154426932         0.873661718285         0.909235710893         0.984895499185         1.045552148667         1.085563057600         1.094032936865         1.081672538607         1.064474879128         1.058237786997         1.070579325741         1.098842326456         1.132657601667         1.159747834865         1.171985639067         1.168875552291         1.157098831356         1.146700205960         1.146020679263         1.157857514089         1.178548811640         1.200194864683         1.214757593273         1.217971625724         1.211206871782         1.200501211637         1.193384949112         1.195143628608         1.206351049915         1.222797866111         1.237748346912         1.245342347786         1.243446733107         1.234585977577         1.224556478353         1.219476817953         1.222764392279         1.233517669347         1.247060815033         1.257335641963         1.259930423945         1.254244376686         1.243731899496         1.234133823795         1.230594409166         1.235109428397         1.245554086075         1.256765569859         1.263130793502         1.261392922561         1.252282963396         1.240161291790         1.230842607209         1.228686509722         1.234398552910         1.244641827532         1.253667647452         1.256175796528         1.249991611327         1.237216764157         1.223246372202         1.214106723424         1.213420541520         1.220510689612         1.230622758334         1.237210298826         1.235196441713         1.223604700314         1.206204734663         1.189772057495         1.180749841253         1.181939932552         1.190890656204         1.200873740464         1.204086941392         1.195586180531         1.175998576055         1.151551467336         1.131228322565         1.122312598578         1.126473137242         1.138410325465         1.147944449634         1.144799963488         1.123927001338         1.088691096113         1.050031263274         1.021552159635         1.012607689448         1.022651870278         1.039770605549         1.044746548847         1.019469587389         0.956977235252         0.866163722948         0.767869238637         0.671537559482         0.535240389163         0.000000000000
        0.860159420833         0.833154429844         0.873661724623         0.909235718950         0.984895507777         1.045552157706         1.085563061546         1.094032939489         1.081672543504         1.064474887030         1.058237798400         1.070579340114         1.098842342584         1.132657618945         1.159747852157         1.171985656600         1.168875570306         1.157098850289         1.146700226800         1.146020703160         1.157857541821         1.178548842616         1.200194897394         1.214757626430         1.217971660354         1.211206909341         1.200501250406         1.193384985784         1.195143673616         1.206351102736         1.222797919976         1.237748398531         1.245342395354         1.243446774664         1.234586013632         1.224556513183         1.219476850579         1.222764425722         1.233517703887         1.247060847835         1.257335675158         1.259930455621         1.254244407218         1.243731928945         1.234133853149         1.230594438485         1.235109458229         1.245554115600         1.256765598319         1.263130819401         1.261392945039         1.252282983482         1.240161310887         1.230842626940         1.228686530668         1.234398574687         1.244641848851         1.253667667008         1.256175813549         1.249991626258         1.237216778626         1.223246387240         1.214106740030         1.213420559175         1.220510707455         1.230622775051         1.237210312908         1.235196452960         1.223604708889         1.206204742526         1.189772064949         1.180749849266         1.181939941996         1.190890665584         1.200873748484         1.204086946702         1.195586182749         1.175998577005         1.151551467578         1.131228323459         1.122312600856         1.126473140412         1.138410328457         1.147944451487         1.144799963564         1.123926999901         1.088691094105         1.050031261797         1.021552159401         1.012607690518         1.022651872132         1.039770607378         1.044746549935         1.019469587431         0.956977234470         0.866163721891         0.767869237836         0.671537559106         0.535240389093         0.000000000000
        0.860159423074         0.833154435443         0.873661735777         0.909235733308         0.984895522771         1.045552172569         1.085563069455         1.094032945169         1.081672552017         1.064474900417         1.058237817895         1.070579365018         1.098842370886         1.132657649106         1.159747882515         1.171985687420         1.168875602311         1.157098884656         1.146700265332         1.146020747638         1.157857593189         1.178548899574         1.200194957222         1.214757687279         1.217971724573         1.211206979538         1.200501323325         1.193385054684         1.195143756053         1.206351197618         1.222798017014         1.237748492669         1.245342483125         1.243446852440         1.234586082376         1.224556578791         1.219476913277         1.222764488476         1.233517765419         1.247060906326         1.257335732305         1.259930509811         1.254244458992         1.243731978988         1.234133902886         1.230594488316         1.235109508139         1.245554164032         1.256765643535         1.263130859753         1.261392979921         1.252283014903         1.240161341331         1.230842658489         1.228686563904         1.234398608560         1.244641881206         1.253667695840         1.256175837942         1.249991647059         1.237216798176         1.223246407664         1.214106762832         1.213420583927         1.220510732626         1.230622798439         1.237210332287         1.235196467876         1.223604720171         1.206204752812         1.189772075825         1.180749862143         1.181939957077         1.190890680546         1.200873760979         1.204086955099         1.195586186932         1.175998578619         1.151551468785         1.131228326319         1.122312606778         1.126473148381         1.138410336614         1.147944457858         1.144799966755         1.123927000019         1.088691092637         1.050031260809         1.021552160460         1.012607693963         1.022651877010         1.039770612012         1.044746552802         1.019469587894         0.956977233064         0.866163719828         0.767869236260         0.671537558367         0.535240388962         0.000000000000
        0.860159424160         0.833154438227         0.873661741883         0.909235740937         0.984895531283         1.045552183005         1.085563075933         1.094032952569         1.081672564413         1.064474918123         1.058237840791         1.070579391866         1.098842400040         1.132657679903         1.159747914355         1.171985721399         1.168875639638         1.157098926580         1.146700313257         1.146020802500         1.157857655189         1.178548967542         1.200195029666         1.214757763600         1.217971807531         1.211207070528         1.200501422989         1.193385164585         1.195143878605         1.206351322587         1.222798144744         1.237748616329         1.245342599353         1.243446957169         1.234586176815         1.224556669040         1.219476999485         1.222764573296         1.233517846699         1.247060983831         1.257335807739         1.259930582180         1.254244528629         1.243732046580         1.234133969741         1.230594554873         1.235109574123         1.245554227854         1.256765703407         1.263130914492         1.261393029202         1.252283060964         1.240161386459         1.230842704043         1.228686609843         1.234398653538         1.244641923420         1.253667734123         1.256175872309         1.249991678804         1.237216829289         1.223246439501         1.214106795787         1.213420616893         1.220510764137         1.230622827237         1.237210357236         1.235196489502         1.223604739506         1.206204771653         1.189772094804         1.180749881639         1.181939976711         1.190890698607         1.200873776281         1.204086967225         1.195586196440         1.175998586648         1.151551476590         1.131228334641         1.122312616292         1.126473158059         1.138410345494         1.147944465231         1.144799972203         1.123927003810         1.088691095540         1.050031263689         1.021552163819         1.012607697750         1.022651880734         1.039770615032         1.044746554673         1.019469588556         0.956977232926         0.866163719347         0.767869235871         0.671537558188         0.535240388941         0.000000000000
        0.860159424516         0.833154439258         0.873661745254         0.909235745070         0.984895535793         1.045552189085         1.085563076926         1.094032952584         1.081672566680         1.064474922544         1.058237847520         1.070579400385         1.098842409423         1.132657689678         1.159747923522         1.171985730093         1.168875647982         1.157098934943         1.146700322511         1.146020813486         1.157857668479         1.178548982765         1.200195045952         1.214757779792         1.217971823704         1.211207086738         1.200501439366         1.193385180668         1.195143897203         1.206351343645         1.222798167301         1.237748637829         1.245342617873         1.243446969055         1.234586183345         1.224556675941         1.219477006441         1.222764582054         1.233517854193         1.247060990558         1.257335815258         1.259930589808         1.254244536037         1.243732053731         1.234133977369         1.230594563608         1.235109584338         1.245554238907         1.256765713892         1.263130923047         1.261393034456         1.252283063977         1.240161388745         1.230842706939         1.228686614215         1.234398659285         1.244641929701         1.253667739897         1.256175876835         1.249991682094         1.237216832175         1.223246443005         1.214106800692         1.213420622960         1.220510770890         1.230622834124         1.237210362599         1.235196493254         1.223604741567         1.206204773127         1.189772096449         1.180749884427         1.181939980980         1.190890703376         1.200873780510         1.204086970057         1.195586197695         1.175998586728         1.151551476437         1.131228335091         1.122312618487         1.126473161443         1.138410349383         1.147944468857         1.144799974804         1.123927005194         1.088691096123         1.050031264208         1.021552164877         1.012607699511         1.022651882896         1.039770617006         1.044746555930         1.019469588855         0.956977232641         0.866163718754         0.767869235425         0.671537557988         0.535240388917         0.000000000000
        0.860159424514         0.833154439416         0.873661747118         0.909235747237         0.984895538237         1.045552193381         1.085563076477         1.094032951296         1.081672567350         1.064474924673         1.058237851063         1.070579404868         1.098842414160         1.132657694394         1.159747927427         1.171985733283         1.168875650448         1.157098936834         1.146700324422         1.146020816009         1.157857672089         1.178548987295         1.200195050880         1.214757784159         1.217971827136         1.211207089059         1.200501441065         1.193385181781         1.195143898777         1.206351346419         1.222798170935         1.237748640725         1.245342618558         1.243446964600         1.234586174850         1.224556668322         1.219476999357         1.222764576949         1.233517848167         1.247060984410         1.257335810298         1.259930585590         1.254244532091         1.243732049890         1.234133974147         1.230594561605         1.235109583969         1.245554239786         1.256765714736         1.263130922676         1.261393031388         1.252283059016         1.240161383136         1.230842701844         1.228686610609         1.234398657359         1.244641928959         1.253667739490         1.256175875982         1.249991680546         1.237216830434         1.223246441897         1.214106800853         1.213420623976         1.220510772518         1.230622836424         1.237210363623         1.235196493310         1.223604740124         1.206204771074         1.189772094440         1.180749883426         1.181939981453         1.190890704726         1.200873781978         1.204086970863         1.195586197527         1.175998585693         1.151551475157         1.131228334186         1.122312619088         1.126473163170         1.138410351826         1.147944471469         1.144799976918         1.123927006510         1.088691096804         1.050031264701         1.021552165597         1.012607700605         1.022651884251         1.039770618292         1.044746556835         1.019469589164         0.956977232910         0.866163718726         0.767869235430         0.671537558015         0.535240388954         0.000000000000
        0.860159424404         0.833154439305         0.873661748470         0.909235748736         0.984895539968         1.045552197078         1.085563075720         1.094032949865         1.081672567828         1.064474926438         1.058237853974         1.070579408431         1.098842417759         1.132657697801         1.159747930020         1.171985735200         1.168875651722         1.157098937582         1.146700325101         1.146020817011         1.157857673726         1.178548989399         1.200195053072         1.214757785684         1.217971827682         1.211207088468         1.200501439892         1.193385180278         1.195143897438         1.206351345904         1.222798171019         1.237748640146         1.245342615916         1.243446957794         1.234586164768         1.224556659019         1.219476990638         1.222764570025         1.233517840650         1.247060977032         1.257335804045         1.259930580144         1.254244527023         1.243732045059         1.234133969947         1.230594558540         1.235109582363         1.245554239326         1.256765714181         1.263130921049         1.261393027310         1.252283053211         1.240161376728         1.230842695901         1.228686606135         1.234398654649         1.244641927638         1.253667738758         1.256175875018         1.249991679009         1.237216828761         1.223246440914         1.214106801108         1.213420624692         1.220510773483         1.230622838159         1.237210363682         1.235196492539         1.223604737660         1.206204767871         1.189772091190         1.180749881112         1.181939980606         1.190890704940         1.200873782605         1.204086971124         1.195586197012         1.175998584374         1.151551473519         1.131228332782         1.122312619055         1.126473164244         1.138410353716         1.147944473709         1.144799978870         1.123927007811         1.088691097497         1.050031265099         1.021552166028         1.012607701223         1.022651885112         1.039770619246         1.044746557690         1.019469589670         0.956977234223         0.866163719567         0.767869236120         0.671537558403         0.535240389102         0.000000000000
        0.860186990285         0.833221133796         0.873760229669         0.909357899506         0.985033173834         1.045710403231         1.085760889025         1.094294109392         1.082016977660         1.064906879463         1.058743984533         1.071134403214         1.099422636352         1.133254272342         1.160372842716         1.172667545258         1.169645854903         1.157975842699         1.147679420771         1.147076736763         1.158956877672         1.179666748422         1.201328146929         1.215925924142         1.219207888201         1.212540455589         1.201942710825         1.194919761736         1.196739141478         1.207971907497         1.224422849083         1.239380134494         1.247004778880         1.245172033176         1.236397120187         1.226454646402         1.221439658048         1.224755562456         1.235503793077         1.249026812452         1.259290538534         1.261901150640         1.256260595091         1.245809596268         1.236265195738         1.232751257101         1.237254442865         1.247658603584         1.258822080564         1.265154728668         1.263413366351         1.254326322393         1.242235949392         1.232933435758         1.230760679057         1.236420509301         1.246589584520         1.255542322790         1.257999445038         1.251795010777         1.239022219962         1.225055014007         1.215897213182         1.215158082232         1.222163810680         1.232178090676         1.238677923354         1.236604343415         1.224983741461         1.207572415664         1.191123017846         1.182058603706         1.183173051950         1.192023746432         1.201903456566         1.205031915441         1.196478038380         1.176865731592         1.152405259126         1.132058242195         1.123092271125         1.127174689434         1.139018567720         1.148464356557         1.145253857303         1.124343525250         1.089090939846         1.050418041383         1.021912897641         1.012921511388         1.022901447772         1.039950946754         1.044866811812         1.019547903144         0.957031766021         0.866205228098         0.767900424818         0.671557883164         0.535251830168         0.000000000000
        0.860187786933         0.833223068188         0.873763102035         0.909361482320         0.985037525029         1.045715807840         1.085768280011         1.094304375058         1.082030903094         1.064924593115         1.058764977479         1.071157768808         1.099447602445         1.133280670617         1.160401287934         1.172699246251         1.169682090428         1.158017372901         1.147726173123         1.147127882083         1.159011279269         1.179723591204         1.201387405642         1.215988416786         1.219274897497         1.212613115793         1.202021480369         1.195004223532         1.196828224930         1.208064420927         1.224518131054         1.239478398832         1.247106987545         1.245279377006         1.236510412789         1.226573886673         1.221564027780         1.224883830113         1.235634866617         1.249160254888         1.259426659033         1.262040804706         1.256404709906         1.245958605274         1.236418664002         1.232908044170         1.237413167716         1.247818237609         1.258982342206         1.265316033780         1.263576574706         1.254492187345         1.242404543322         1.233103909096         1.230931528460         1.236590169394         1.246757095648         1.255707631582         1.258163259234         1.251958368382         1.239185822398         1.225218631083         1.216059559100         1.215317278448         1.222318151055         1.232326802350         1.238821416157         1.236743919285         1.225120873951         1.207707854373         1.191256181483         1.182187706304         1.183295816048         1.192138459136         1.202009814695         1.205131179710         1.196572405612         1.176957162077         1.152494433473         1.132144121399         1.123172559822         1.127246943133         1.139081447792         1.148518340304         1.145301028770         1.124386566357         1.089131806332         1.050457050713         1.021948739619         1.012952096739         1.022925115373         1.039967325172         1.044877009864         1.019553898646         0.957035486133         0.866207816154         0.767902280396         0.671559111083         0.535252618382         0.000000000000
        0.860187827953         0.833223167194         0.873763245956         0.909361660765         0.985037746584         1.045716092999         1.085768683263         1.094304949661         1.082031690659         1.064925593916         1.058766160664         1.071159086062         1.099449013672         1.133282173157         1.160402920922         1.172701076386         1.169684182776         1.158019762837         1.147728856797         1.147130819325         1.159014417975         1.179726897519         1.201390881294         1.215992103660         1.219278855506         1.212617398634         1.202026109468         1.195009183833         1.196833469202         1.208069909845         1.224523836095         1.239484324015         1.247113161757         1.245285848770         1.236517218425         1.226581028277         1.221571474234         1.224891536143         1.235642785521         1.249168362648         1.259434959154         1.262049318511         1.256413464805         1.245967615846         1.236427913607         1.232917490480         1.237422762295         1.247827931803         1.258992109819         1.265325877597         1.263586508298         1.254502225264         1.242414682465         1.233114116735         1.230941749657         1.236600344993         1.246767178862         1.255717601185         1.258173119573         1.251968139712         1.239195519611         1.225228238438         1.216069029206         1.215326545884         1.222327152098         1.232335499075         1.238829812266         1.236752047527         1.225128776867         1.207715554340         1.191263657363         1.182194893738         1.183302634531         1.192144847581         1.202015759833         1.205136727470         1.196577637115         1.176962156142         1.152499220151         1.132148663091         1.123176765399         1.127250713574         1.139084730905         1.148521162456         1.145303486884         1.124388784270         1.089133876088         1.050458991426         1.021950496273         1.012953578429         1.022926250849         1.039968103908         1.044877489647         1.019554176500         0.957035656984         0.866207934498         0.767902365861         0.671559167239         0.535252654956         0.000000000000
        0.860187832702         0.833223178638         0.873763262260         0.909361680880         0.985037772217         1.045716127177         1.085768733838         1.094305022826         1.082031791628         1.064925722481         1.058766313488         1.071159257296         1.099449198882         1.133282372383         1.160403139105         1.172701320710         1.169684460555         1.158020078025         1.147729209169         1.147131204310         1.159014830323         1.179727334341         1.201391342632         1.215992594014         1.219279380311         1.212617962952         1.202026715771         1.195009830873         1.196834153774         1.208070629289         1.224524585982         1.239485103593         1.247113973671         1.245286695126         1.236518102343         1.226581949712         1.221572431642         1.224892526496         1.235643804075         1.249169406921         1.259436029517         1.262050415665         1.256414588324         1.245968766262         1.236429089353         1.232918688059         1.237423978451         1.247829162706         1.258993351566         1.265327126988         1.263587765227         1.254503488717         1.242415951029         1.233115386426         1.230943016154         1.236601604526         1.246768427212         1.255718835149         1.258174337368         1.251969341252         1.239196704334         1.225229404249         1.216070172319         1.215327661560         1.222328236005         1.232336548634         1.238830827004         1.236753028378         1.225129725696         1.207716471935         1.191264541841         1.182195739695         1.183303436011         1.192145600015         1.202016462461         1.205137383914         1.196578253825         1.176962739950         1.152499774140         1.132149184038         1.123177245710         1.127251144872         1.139085108809         1.148521489719         1.145303772993         1.124389041173         1.089134113245         1.050459211481         1.021950694204         1.012953744777         1.022926378364         1.039968191601         1.044877543625         1.019554206979         0.957035674564         0.866207945679         0.767902373889         0.671559172591         0.535252658438         0.000000000000
        0.860187833246         0.833223179929         0.873763263985         0.909361682957         0.985037775130         1.045716131575         1.085768741053         1.094305033836         1.082031807416         1.064925743158         1.058766338100         1.071159285735         1.099449230021         1.133282406190         1.160403176567         1.172701362836         1.169684508497         1.158020132207         1.147729269583         1.147131270347         1.159014901345         1.179727410212         1.201391423406         1.215992680281         1.219279472541         1.212618061676         1.202026821342         1.195009943228         1.196834272793         1.208070754743         1.224524717946         1.239485242160         1.247114118885         1.245286846838         1.236518260676         1.226582114591         1.221572602881         1.224892704284         1.235643988178         1.249169596737         1.259436224744         1.262050615066         1.256414791957         1.245968973790         1.236429300248         1.232918901792         1.237424194860         1.247829381877         1.258993572967         1.265327349654         1.263587989108         1.254503713004         1.242416175483         1.233115610843         1.230943238958         1.236601826069         1.246768647172         1.255719052684         1.258174551377         1.251969551210         1.239196909832         1.225229605770         1.216070369405         1.215327853922         1.222328423594         1.232336731396         1.238831004565         1.236753200451         1.225129892139         1.207716632350         1.191264695710         1.182195886194         1.183303574626         1.192145730535         1.202016585113         1.205137499019         1.196578362182         1.176962842120         1.152499870369         1.132149273598         1.123177327594         1.127251218157         1.139085173106         1.148521545692         1.145303822278         1.124389085674         1.089134154269         1.050459249138         1.021950727417         1.012953772133         1.022926398884         1.039968205416         1.044877552011         1.019554211816         0.957035677451         0.866207947569         0.767902375205         0.671559173404         0.535252658912         0.000000000000
        0.860187833506         0.833223180556         0.873763264814         0.909361683950         0.985037776478         1.045716133540         1.085768744059         1.094305038207         1.082031813333         1.064925750749         1.058766347266         1.071159296125         1.099449241122         1.133282417374         1.160403189139         1.172701376337         1.169684522210         1.158020146534         1.147729284652         1.147131286265         1.159014918173         1.179727428094         1.201391442353         1.215992700511         1.219279493943         1.212618084053         1.202026844276         1.195009966347         1.196834295821         1.208070778509         1.224524742469         1.239485267406         1.247114144742         1.245286873275         1.236518287634         1.226582141840         1.221572630322         1.224892731640         1.235644015910         1.249169626454         1.259436257466         1.262050650186         1.256414829382         1.245969013395         1.236429341820         1.232918945253         1.237424240210         1.247829429292         1.258993622131         1.265327400030         1.263588040479         1.254503764938         1.242416227951         1.233115664073         1.230943292909         1.236601881073         1.246768703053         1.255719109138         1.258174607821         1.251969607197         1.239196964682         1.225229658600         1.216070420064         1.215327902972         1.222328471830         1.232336779028         1.238831051384         1.236753246059         1.225129936146         1.207716674476         1.191264735729         1.182195923930         1.183303610117         1.192145763975         1.202016616752         1.205137528726         1.196578390006         1.176962868037         1.152499894362         1.132149295526         1.123177347413         1.127251235763         1.139085188596         1.148521559307         1.145303834405         1.124389096688         1.089134164399         1.050459258341         1.021950735435         1.012953778659         1.022926403740         1.039968208658         1.044877553954         1.019554212902         0.957035678087         0.866207947972         0.767902375478         0.671559173567         0.535252658996         0.000000000000
        0.860187833577         0.833223180724         0.873763265003         0.909361684155         0.985037776825         1.045716134179         1.085768745243         1.094305040122         1.082031816061         1.064925754200         1.058766351263         1.071159300477         1.099449245757         1.133282422356         1.160403194654         1.172701382643         1.169684529513         1.158020154865         1.147729293978         1.147131296448         1.159014929098         1.179727439740         1.201391454774         1.215992713868         1.219279508354         1.212618099633         1.202026861020         1.195009984179         1.196834314748         1.208070798521         1.224524763671         1.239485289819         1.247114168371         1.245286898160         1.236518313751         1.226582169115         1.221572658849         1.224892761364         1.235644046297         1.249169656663         1.259436286941         1.262050678351         1.256414856656         1.245969039699         1.236429367204         1.232918969823         1.237424264024         1.247829452502         1.258993644806         1.265327422084         1.263588062200         1.254503786483         1.242416249337         1.233115683472         1.230943313075         1.236601900927         1.246768722667         1.255719128349         1.258174626420         1.251969624976         1.239196981624         1.225229674736         1.216070435467         1.215327917948         1.222328486707         1.232336794037         1.238831066424         1.236753260923         1.225129950413         1.207716687893         1.191264748120         1.182195935284         1.183303620604         1.192145773854         1.202016626269         1.205137537765         1.196578398598         1.176962876056         1.152499901707         1.132149302085         1.123177353200         1.127251240789         1.139085192988         1.148521563218         1.145303837968         1.124389099998         1.089134167477         1.050459261125         1.021950737827         1.012953780574         1.022926405159         1.039968209618         1.044877554532         1.019554213234         0.957035678310         0.866207948107         0.767902375602         0.671559173659         0.535252659028         0.000000000000
        0.860187833585         0.833223180743         0.873763265017         0.909361684168         0.985037776863         1.045716134268         1.085768745423         1.094305040426         1.082031816496         1.064925754734         1.058766351868         1.071159301150         1.099449246510         1.133282423207         1.160403195623         1.172701383734         1.169684530833         1.158020156227         1.147729295417         1.147131298019         1.159014930839         1.179727441656         1.201391456877         1.215992716185         1.219279510857         1.212618102294         1.202026863789         1.195009987005         1.196834317661         1.208070801550         1.224524766931         1.239485293317         1.247114172061         1.245286902009         1.236518317716         1.226582173165         1.221572663059         1.224892765617         1.235644050787         1.249169661573         1.259436292238         1.262050683851         1.256414862260         1.245969045269         1.236429372675         1.232918975244         1.237424269465         1.247829458088         1.258993650558         1.265327427927         1.263588068078         1.254503792226         1.242416254866         1.233115688774         1.230943318368         1.236601906286         1.246768728230         1.255719133972         1.258174632098         1.251969630445         1.239196986900         1.225229679888         1.216070440580         1.215327923116         1.222328491999         1.232336799419         1.238831071746         1.236753266080         1.225129955187         1.207716692289         1.191264752083         1.182195938840         1.183303623890         1.192145777028         1.202016629524         1.205137540792         1.196578401551         1.176962878805         1.152499904171         1.132149304193         1.123177354972         1.127251242262         1.139085194271         1.148521564419         1.145303839146         1.124389101167         1.089134168594         1.050459262125         1.021950738653         1.012953781202         1.022926405614         1.039968209939         1.044877554733         1.019554213373         0.957035678436         0.866207948194         0.767902375706         0.671559173741         0.535252659058         0.000000000000
        0.860187833581         0.833223180732         0.873763264993         0.909361684138         0.985037776840         1.045716134256         1.085768745432         1.094305040471         1.082031816575         1.064925754832         1.058766351962         1.071159301259         1.099449246660         1.133282423401         1.160403195849         1.172701383931         1.169684531344         1.158020156577         1.147729295697         1.147131298387         1.159014931364         1.179727442253         1.201391457528         1.215992716917         1.219279511664         1.212618103180         1.202026864729         1.195009987953         1.196834318604         1.208070802480         1.224524767909         1.239485294346         1.247114173124         1.245286903103         1.236518318840         1.226582174289         1.221572664209         1.224892766697         1.235644051928         1.249169662891         1.259436293691         1.262050685371         1.256414863781         1.245969046709         1.236429374003         1.232918976500         1.237424270699         1.247829459372         1.258993651908         1.265327429307         1.263588069443         1.254503793483         1.242416255987         1.233115689790         1.230943319321         1.236601907199         1.246768729262         1.255719134937         1.258174633259         1.251969631596         1.239196988025         1.225229681009         1.216070441733         1.215327924329         1.222328493326         1.232336800753         1.238831073005         1.236753267003         1.225129955841         1.207716692950         1.191264752674         1.182195939393         1.183303624475         1.192145777734         1.202016630462         1.205137541693         1.196578402519         1.176962879724         1.152499904973         1.132149304834         1.123177355460         1.127251242625         1.139085194588         1.148521564762         1.145303839548         1.124389101614         1.089134169039         1.050459262508         1.021950738932         1.012953781372         1.022926405708         1.039968209998         1.044877554777         1.019554213429         0.957035678504         0.866207948254         0.767902375777         0.671559173790         0.535252659079         0.000000000000
        0.860187833580         0.833223180730         0.873763264989         0.909361684134         0.985037776837         1.045716134247         1.085768745406         1.094305040433         1.082031816522         1.064925754759         1.058766351867         1.071159301172         1.099449246599         1.133282423356         1.160403195772         1.172701383777         1.169684531303         1.158020156394         1.147729295435         1.147131298153         1.159014931313         1.179727442179         1.201391457441         1.215992716841         1.219279511544         1.212618103006         1.202026864493         1.195009987649         1.196834318255         1.208070802104         1.224524767553         1.239485293989         1.247114172725         1.245286902647         1.236518318345         1.226582173730         1.221572663604         1.224892765996         1.235644051209         1.249169662208         1.259436292996         1.262050684615         1.256414862934         1.245969045688         1.236429372841         1.232918975230         1.237424269367         1.247829458006         1.258993650498         1.265327427821         1.263588067828         1.254503791731         1.242416254213         1.233115688187         1.230943317477         1.236601905423         1.246768727714         1.255719133467         1.258174632044         1.251969630467         1.239196986928         1.225229679951         1.216070440740         1.215327923437         1.222328492593         1.232336800080         1.238831072329         1.236753266137         1.225129954771         1.207716691980         1.191264751788         1.182195938657         1.183303623925         1.192145777402         1.202016630362         1.205137541670         1.196578402573         1.176962879765         1.152499904952         1.132149304763         1.123177355355         1.127251242520         1.139085194533         1.148521564784         1.145303839635         1.124389101731         1.089134169149         1.050459262589         1.021950738981         1.012953781403         1.022926405736         1.039968210029         1.044877554801         1.019554213444         0.957035678505         0.866207948247         0.767902375783         0.671559173799         0.535252659086         0.000000000000
        0.860187833594         0.833223180763         0.873763265050         0.909361684218         0.985037776920         1.045716134304         1.085768745413         1.094305040398         1.082031816451         1.064925754672         1.058766351790         1.071159301137         1.099449246603         1.133282423363         1.160403195709         1.172701383614         1.169684531136         1.158020156143         1.147729295146         1.147131297907         1.159014931361         1.179727442148         1.201391457366         1.215992716760         1.219279511361         1.212618102719         1.202026864122         1.195009987232         1.196834317843         1.208070801730         1.224524767240         1.239485293696         1.247114172398         1.245286902272         1.236518317968         1.226582173319         1.221572663200         1.224892765552         1.235644050738         1.249169661693         1.259436292342         1.262050683765         1.256414861974         1.245969044434         1.236429371560         1.232918973933         1.237424268114         1.247829456763         1.258993649149         1.265327426287         1.263588066078         1.254503789841         1.242416252374         1.233115686638         1.230943315676         1.236601903722         1.246768726234         1.255719132084         1.258174630866         1.251969629366         1.239196985855         1.225229678934         1.216070439828         1.215327922669         1.222328491976         1.232336799521         1.238831071763         1.236753265552         1.225129953969         1.207716691184         1.191264751088         1.182195938154         1.183303623636         1.192145777297         1.202016630367         1.205137541676         1.196578402552         1.176962879682         1.152499904823         1.132149304651         1.123177355291         1.127251242513         1.139085194595         1.148521564887         1.145303839719         1.124389101760         1.089134169134         1.050459262578         1.021950739028         1.012953781531         1.022926405923         1.039968210213         1.044877554913         1.019554213455         0.957035678430         0.866207948141         0.767902375708         0.671559173767         0.535252659082         0.000000000000
        0.860187833621         0.833223180826         0.873763265157         0.909361684363         0.985037777069         1.045716134426         1.085768745489         1.094305040458         1.082031816481         1.064925754704         1.058766351857         1.071159301268         1.099449246775         1.133282423537         1.160403195817         1.172701383641         1.169684531162         1.158020156153         1.147729295169         1.147131297998         1.159014931798         1.179727442476         1.201391457641         1.215992717045         1.219279511569         1.212618102865         1.202026864240         1.195009987364         1.196834318033         1.208070801998         1.224524767596         1.239485294106         1.247114172822         1.245286902709         1.236518318498         1.226582173852         1.221572663819         1.224892766195         1.235644051379         1.249169662292         1.259436292791         1.262050684019         1.256414862173         1.245969044350         1.236429371617         1.232918974090         1.237424268418         1.247829457148         1.258993649462         1.265327426428         1.263588066050         1.254503789728         1.242416252301         1.233115686715         1.230943315663         1.236601903744         1.246768726348         1.255719132202         1.258174631077         1.251969629591         1.239196986060         1.225229679163         1.216070440135         1.215327923074         1.222328492462         1.232336800011         1.238831072198         1.236753265933         1.225129954156         1.207716691308         1.191264751262         1.182195938458         1.183303624076         1.192145777821         1.202016630884         1.205137542108         1.196578402888         1.176962879928         1.152499905039         1.132149304895         1.123177355582         1.127251242809         1.139085194914         1.148521565195         1.145303839960         1.124389101916         1.089134169240         1.050459262702         1.021950739221         1.012953781803         1.022926406232         1.039968210484         1.044877555077         1.019554213486         0.957035678358         0.866207948032         0.767902375627         0.671559173730         0.535252659076         0.000000000000
        0.860187833708         0.833223181024         0.873763265451         0.909361684767         0.985037777530         1.045716134886         1.085768746049         1.094305040992         1.082031816649         1.064925754895         1.058766352033         1.071159301423         1.099449246884         1.133282423639         1.160403195930         1.172701383782         1.169684531374         1.158020156395         1.147729295419         1.147131298270         1.159014932316         1.179727442867         1.201391457975         1.215992717393         1.219279511874         1.212618103141         1.202026864509         1.195009987645         1.196834318353         1.208070802365         1.224524768020         1.239485294567         1.247114173291         1.245286903184         1.236518319094         1.226582174383         1.221572664443         1.224892766844         1.235644052018         1.249169662908         1.259436293317         1.262050684442         1.256414862575         1.245969044594         1.236429371992         1.232918974553         1.237424268982         1.247829457778         1.258993650071         1.265327426957         1.263588066507         1.254503790158         1.242416252751         1.233115687230         1.230943316163         1.236601904259         1.246768726923         1.255719132765         1.258174631700         1.251969630214         1.239196986651         1.225229679753         1.216070440774         1.215327923771         1.222328493209         1.232336800765         1.238831072911         1.236753266586         1.225129954688         1.207716691771         1.191264751730         1.182195938971         1.183303624643         1.192145778413         1.202016631443         1.205137542595         1.196578403305         1.176962880278         1.152499905378         1.132149305231         1.123177355919         1.127251243101         1.139085195197         1.148521565469         1.145303840195         1.124389102101         1.089134169400         1.050459262871         1.021950739423         1.012953782035         1.022926406464         1.039968210674         1.044877555190         1.019554213514         0.957035678324         0.866207947975         0.767902375583         0.671559173709         0.535252659073         0.000000000000
        0.860187833871         0.833223181403         0.873763266037         0.909361685568         0.985037778446         1.045716135824         1.085768747059         1.094305041793         1.082031817412         1.064925755827         1.058766352942         1.071159302216         1.099449247534         1.133282424172         1.160403196376         1.172701384173         1.169684531771         1.158020156809         1.147729295871         1.147131298783         1.159014933031         1.179727443493         1.201391458520         1.215992717883         1.219279512276         1.212618103492         1.202026864863         1.195009988041         1.196834318825         1.208070802893         1.224524768576         1.239485295100         1.247114173756         1.245286903576         1.236518319596         1.226582174744         1.221572664924         1.224892767372         1.235644052536         1.249169663396         1.259436293718         1.262050684756         1.256414862851         1.245969044797         1.236429372284         1.232918974929         1.237424269445         1.247829458298         1.258993650590         1.265327427431         1.263588066938         1.254503790577         1.242416253188         1.233115687724         1.230943316698         1.236601904835         1.246768727562         1.255719133385         1.258174632337         1.251969630826         1.239196987233         1.225229680335         1.216070441424         1.215327924499         1.222328493998         1.232336801573         1.238831073676         1.236753267274         1.225129955277         1.207716692298         1.191264752254         1.182195939518         1.183303625222         1.192145778996         1.202016631984         1.205137543063         1.196578403701         1.176962880611         1.152499905711         1.132149305554         1.123177356239         1.127251243391         1.139085195462         1.148521565702         1.145303840377         1.124389102235         1.089134169512         1.050459262993         1.021950739574         1.012953782211         1.022926406642         1.039968210819         1.044877555277         1.019554213537         0.957035678300         0.866207947934         0.767902375551         0.671559173695         0.535252659070         0.000000000000
        0.860187833897         0.833223181462         0.873763266133         0.909361685694         0.985037778583         1.045716135960         1.085768747171         1.094305041835         1.082031817535         1.064925755984         1.058766353098         1.071159302362         1.099449247672         1.133282424294         1.160403196475         1.172701384242         1.169684531830         1.158020156854         1.147729295912         1.147131298833         1.159014933191         1.179727443604         1.201391458608         1.215992717974         1.219279512346         1.212618103539         1.202026864900         1.195009988068         1.196834318884         1.208070802976         1.224524768689         1.239485295229         1.247114173867         1.245286903637         1.236518319776         1.226582174714         1.221572664962         1.224892767408         1.235644052537         1.249169663390         1.259436293694         1.262050684728         1.256414862828         1.245969044745         1.236429372256         1.232918974920         1.237424269469         1.247829458366         1.258993650698         1.265327427572         1.263588067109         1.254503790777         1.242416253400         1.233115687953         1.230943316942         1.236601905104         1.246768727898         1.255719133745         1.258174632750         1.251969631252         1.239196987658         1.225229680756         1.216070441878         1.215327924995         1.222328494541         1.232336802148         1.238831074246         1.236753267816         1.225129955767         1.207716692740         1.191264752676         1.182195939915         1.183303625610         1.192145779371         1.202016632337         1.205137543385         1.196578403998         1.176962880874         1.152499905989         1.132149305796         1.123177356450         1.127251243571         1.139085195611         1.148521565828         1.145303840478         1.124389102319         1.089134169589         1.050459263072         1.021950739655         1.012953782290         1.022926406709         1.039968210868         1.044877555306         1.019554213549         0.957035678301         0.866207947930         0.767902375548         0.671559173693         0.535252659070         0.000000000000
        0.860187833904         0.833223181479         0.873763266161         0.909361685731         0.985037778621         1.045716135993         1.085768747188         1.094305041833         1.082031817542         1.064925755993         1.058766353108         1.071159302380         1.099449247702         1.133282424331         1.160403196512         1.172701384267         1.169684531849         1.158020156853         1.147729295898         1.147131298811         1.159014933224         1.179727443608         1.201391458602         1.215992717972         1.219279512331         1.212618103499         1.202026864845         1.195009987987         1.196834318840         1.208070802952         1.224524768696         1.239485295253         1.247114173883         1.245286903586         1.236518319817         1.226582174543         1.221572664840         1.224892767277         1.235644052375         1.249169663227         1.259436293530         1.262050684582         1.256414862696         1.245969044600         1.236429372108         1.232918974767         1.237424269327         1.247829458258         1.258993650638         1.265327427561         1.263588067144         1.254503790847         1.242416253478         1.233115688036         1.230943317033         1.236601905217         1.246768728071         1.255719133953         1.258174633009         1.251969631528         1.239196987943         1.225229681039         1.216070442177         1.215327925320         1.222328494900         1.232336802534         1.238831074630         1.236753268185         1.225129956093         1.207716693025         1.191264752946         1.182195940148         1.183303625822         1.192145779568         1.202016632522         1.205137543553         1.196578404151         1.176962881002         1.152499906149         1.132149305925         1.123177356559         1.127251243672         1.139085195693         1.148521565893         1.145303840523         1.124389102350         1.089134169615         1.050459263099         1.021950739683         1.012953782315         1.022926406729         1.039968210882         1.044877555314         1.019554213554         0.957035678305         0.866207947933         0.767902375550         0.671559173694         0.535252659071         0.000000000000
        0.860188484102         0.833224744268         0.873765687146         0.909364615108         0.985041139492         1.045720102158         1.085773857969         1.094311940166         1.082041082964         1.064937534020         1.058780323974         1.071174831077         1.099465748127         1.133299718524         1.160421669558         1.172721863051         1.169707912130         1.158046988941         1.147759527985         1.147164314201         1.159049893845         1.179763725024         1.201428970828         1.216031967553         1.219321355369         1.212663302478         1.202075709689         1.195062135902         1.196888947181         1.208127018278         1.224582020820         1.239543605999         1.247174103203         1.245349218645         1.236583567723         1.226650358056         1.221643188971         1.224964680152         1.235716490990         1.249242196663         1.259509070887         1.262124303420         1.256489979023         1.246045993960         1.236507913049         1.232998339016         1.237503468795         1.247907719252         1.259070714651         1.265403601403         1.263663997702         1.254580055160         1.242493008856         1.233192504100         1.231019310596         1.236676135581         1.246840590520         1.255788590015         1.258242181193         1.252035991569         1.239262685224         1.225294725598         1.216134263141         1.215389603466         1.222387202743         1.232392169076         1.238883338850         1.236803134807         1.225178215620         1.207763805754         1.191310592750         1.182239834845         1.183344705839         1.192183406421         1.202050725054         1.205168626031         1.196607354623         1.176990506843         1.152526551003         1.132174709546         1.123200823724         1.127272041025         1.139102951424         1.148536480359         1.145316618266         1.124400618016         1.089145063352         1.050469684067         1.021960357022         1.012962038949         1.022932859408         1.039972768546         1.044880517604         1.019556093588         0.957036957042         0.866208889923         0.767903045721         0.671559571105         0.535252844718         0.000000000000
        0.860188530146         0.833224856578         0.873765853959         0.909364824852         0.985041407589         1.045720446216         1.085774342587         1.094312623898         1.082042021086         1.064938729626         1.058781734561         1.071176383528         1.099467378056         1.133301411319         1.160423472877         1.172723867578         1.169710210009         1.158049631559         1.147762503366         1.147167555982         1.159053319891         1.179767279856         1.201432652477         1.216035830250         1.219325484492         1.212667775316         1.202080555461         1.195067325336         1.196894406573         1.208132665977         1.224587807266         1.239549537072         1.247180237188         1.245355631964         1.236590313316         1.226657438184         1.221650553072         1.224972242458         1.235724173486         1.249249963784         1.259516944723         1.262132347262         1.256498259886         1.246054540619         1.236516697800         1.233007287352         1.237512485783         1.247916734928         1.259079708454         1.265412607140         1.263673076664         1.254589257992         1.242502339646         1.233201910853         1.231028703521         1.236685421057         1.246849711257         1.255797543297         1.258251013518         1.252044764750         1.239271435350         1.225303436660         1.216142867352         1.215398003575         1.222395315780         1.232399957235         1.238890825818         1.236810385166         1.225185295657         1.207770742830         1.191317358152         1.182246350858         1.183350876294         1.192189163264         1.202056059973         1.205173595297         1.196612047962         1.176995001674         1.152530872458         1.132178816877         1.123204627284         1.127275447980         1.139105914018         1.148539023071         1.145318829405         1.124402610554         1.089146923265         1.050471433576         1.021961951692         1.012963398535         1.022933914623         1.039973500142         1.044880968979         1.019556348627         0.957037105219         0.866208989506         0.767903122661         0.671559627979         0.535252887172         0.000000000000
        0.860188533665         0.833224865026         0.873765865881         0.909364839439         0.985041427018         1.045720472256         1.085774382108         1.094312681210         1.082042100981         1.064938831413         1.058781854646         1.071176515986         1.099467518104         1.133301558239         1.160423630754         1.172724043352         1.169710410404         1.158049860082         1.147762758817         1.147167833680         1.159053614078         1.179767586790         1.201432972236         1.216036166441         1.219325842574         1.212668159981         1.202080968274         1.195067764215         1.196894866783         1.208133142814         1.224588298121         1.239550042975         1.247180761880         1.245356180450         1.236590889570         1.226658041656         1.221651179017         1.224972883810         1.235724823989         1.249250620926         1.259517610307         1.262133026298         1.256498957771         1.246055259484         1.236517434798         1.233008035232         1.237513236323         1.247917482507         1.259080451875         1.265413348432         1.263673822050         1.254590012074         1.242503102703         1.233202677661         1.231029465264         1.236686169650         1.246850442324         1.255798257289         1.258251714424         1.252045458443         1.239272125860         1.225304122276         1.216143541217         1.215398656929         1.222395942168         1.232400554758         1.238891396866         1.236810935514         1.225185831198         1.207771266180         1.191317865810         1.182246835721         1.183351331125         1.192189584173         1.202056447964         1.205173955425         1.196612387478         1.176995325925         1.152531182177         1.132179108030         1.123204893656         1.127275684385         1.139106118847         1.148539199261         1.145318983400         1.124402749466         1.089147051836         1.050471552726         1.021962058734         1.012963488990         1.022933984678         1.039973548648         1.044880998470         1.019556364119         0.957037113264         0.866208994140         0.767903126957         0.671559632200         0.535252891569         0.000000000000
        0.860188534102         0.833224866068         0.873765867330         0.909364841202         0.985041429446         1.045720475587         1.085774387365         1.094312688917         1.082042111825         1.064938845242         1.058781871051         1.071176534221         1.099467537649         1.133301578967         1.160423653215         1.172724068418         1.169710438862         1.158049892346         1.147762794778         1.147167872839         1.159053655816         1.179767630771         1.201433018409         1.216036215247         1.219325894592         1.212668215712         1.202081027914         1.195067827508         1.196894933265         1.208133211904         1.224588369606         1.239550116979         1.247180838866         1.245356261081         1.236590974330         1.226658130573         1.221651271575         1.224972978967         1.235724920949         1.249250719203         1.259517709793         1.262133127544         1.256499061651         1.246055366382         1.236517544515         1.233008146868         1.237513348672         1.247917594523         1.259080563303         1.265413459399         1.263673933123         1.254590124015         1.242503215728         1.233202791361         1.231029578536         1.236686281186         1.246850551301         1.255798363548         1.258251818344         1.252045560790         1.239272227270         1.225304222774         1.216143640094         1.215398753090         1.222396034439         1.232400642684         1.238891480640         1.236811015858         1.225185908988         1.207771341905         1.191317939171         1.182246905879         1.183351397030         1.192189645176         1.202056504153         1.205174007482         1.196612436391         1.176995372494         1.152531226562         1.132179149688         1.123204931705         1.127275718102         1.139106148046         1.148539224395         1.145319005405         1.124402769342         1.089147070240         1.050471569733         1.021962073926         1.012963501730         1.022933994468         1.039973555375         1.044881002573         1.019556366316         0.957037114513         0.866208994898         0.767903127659         0.671559632857         0.535252892235         0.000000000000
        0.860188534194         0.833224866288         0.873765867639         0.909364841579         0.985041429957         1.045720476282         1.085774388453         1.094312690509         1.082042114070         1.064938848120         1.058781874492         1.071176538085         1.099467541833         1.133301583451         1.160423658099         1.172724073864         1.169710445018         1.158049899291         1.147762802532         1.147167881267         1.159053664844         1.179767640345         1.201433028525         1.216036225975         1.219325906027         1.212668227936         1.202081040961         1.195067841340         1.196894947810         1.208133227087         1.224588385375         1.239550133312         1.247180855850         1.245356278910         1.236590993013         1.226658150181         1.221651292005         1.224973000044         1.235724942544         1.249250741129         1.259517732038         1.262133150146         1.256499084813         1.246055390154         1.236517568896         1.233008171707         1.237513373758         1.247917619637         1.259080588338         1.265413484342         1.263673957984         1.254590148947         1.242503240806         1.233202816527         1.231029603623         1.236686305988         1.246850575566         1.255798387223         1.258251841457         1.252045583476         1.239272249656         1.225304244883         1.216143661824         1.215398774282         1.222396054812         1.232400662139         1.238891499193         1.236811033617         1.225185926113         1.207771358513         1.191317955232         1.182246921251         1.183351411540         1.192189658630         1.202056516580         1.205174019002         1.196612447191         1.176995382738         1.152531236291         1.132179158799         1.123204940025         1.127275725485         1.139106154455         1.148539229930         1.145319010261         1.124402773732         1.089147074298         1.050471573467         1.021962077241         1.012963504489         1.022933996569         1.039973556811         1.044881003451         1.019556366795         0.957037114794         0.866208995071         0.767903127810         0.671559632985         0.535252892355         0.000000000000
        0.860188534218         0.833224866346         0.873765867721         0.909364841680         0.985041430093         1.045720476468         1.085774388744         1.094312690937         1.082042114675         1.064938848899         1.058781875426         1.071176539145         1.099467542977         1.133301584704         1.160423659464         1.172724075378         1.169710446719         1.158049901203         1.147762804656         1.147167883586         1.159053667336         1.179767642998         1.201433031342         1.216036228969         1.219325909218         1.212668231342         1.202081044589         1.195067845178         1.196894951844         1.208133231293         1.224588389757         1.239550137869         1.247180860594         1.245356283879         1.236590998223         1.226658155639         1.221651297695         1.224973005922         1.235724948574         1.249250747270         1.259517738274         1.262133156475         1.256499091272         1.246055396779         1.236517575682         1.233008178620         1.237513380751         1.247917626651         1.259080595347         1.265413491329         1.263673964984         1.254590155927         1.242503247816         1.233202823557         1.231029610632         1.236686312919         1.246850582369         1.255798393872         1.258251847950         1.252045589847         1.239272255930         1.225304251076         1.216143667904         1.215398780213         1.222396060543         1.232400667631         1.238891504440         1.236811038639         1.225185930944         1.207771363183         1.191317959740         1.182246925566         1.183351415617         1.192189662433         1.202056520103         1.205174022273         1.196612450253         1.176995385630         1.152531239025         1.132179161349         1.123204942350         1.127275727551         1.139106156254         1.148539231489         1.145319011630         1.124402774967         1.089147075433         1.050471574506         1.021962078158         1.012963505248         1.022933997144         1.039973557202         1.044881003690         1.019556366927         0.957037114874         0.866208995121         0.767903127851         0.671559633018         0.535252892383         0.000000000000
        0.860188534225         0.833224866364         0.873765867746         0.909364841710         0.985041430134         1.045720476525         1.085774388836         1.094312691073         1.082042114867         1.064938849147         1.058781875726         1.071176539486         1.099467543352         1.133301585112         1.160423659913         1.172724075878         1.169710447281         1.158049901832         1.147762805352         1.147167884345         1.159053668153         1.179767643872         1.201433032272         1.216036229959         1.219325910272         1.212668232464         1.202081045781         1.195067846438         1.196894953166         1.208133232700         1.224588391199         1.239550139371         1.247180862161         1.245356285522         1.236590999941         1.226658157437         1.221651299570         1.224973007857         1.235724950564         1.249250749301         1.259517740341         1.262133158573         1.256499093413         1.246055398978         1.236517577937         1.233008180914         1.237513383073         1.247917628980         1.259080597680         1.265413493656         1.263673967305         1.254590158244         1.242503250137         1.233202825879         1.231029612948         1.236686315209         1.246850584620         1.255798396074         1.258251850100         1.252045591956         1.239272258002         1.225304253117         1.216143669906         1.215398782161         1.222396062429         1.232400669445         1.238891506178         1.236811040304         1.225185932544         1.207771364727         1.191317961229         1.182246926992         1.183351416966         1.192189663695         1.202056521302         1.205174023364         1.196612451274         1.176995386593         1.152531239935         1.132179162196         1.123204943121         1.127275728237         1.139106156855         1.148539232013         1.145319012094         1.124402775388         1.089147075821         1.050471574860         1.021962078467         1.012963505500         1.022933997332         1.039973557329         1.044881003767         1.019556366970         0.957037114899         0.866208995137         0.767903127865         0.671559633028         0.535252892391         0.000000000000
        0.860188534228         0.833224866370         0.873765867754         0.909364841720         0.985041430148         1.045720476545         1.085774388867         1.094312691121         1.082042114935         1.064938849235         1.058781875832         1.071176539608         1.099467543488         1.133301585260         1.160423660075         1.172724076059         1.169710447483         1.158049902056         1.147762805600         1.147167884616         1.159053668445         1.179767644185         1.201433032605         1.216036230313         1.219325910648         1.212668232863         1.202081046230         1.195067846882         1.196894953633         1.208133233186         1.224588391710         1.239550139903         1.247180862714         1.245356286102         1.236591000545         1.226658158066         1.221651300227         1.224973008533         1.235724951263         1.249250750015         1.259517741068         1.262133159309         1.256499094161         1.246055399746         1.236517578723         1.233008181714         1.237513383884         1.247917629794         1.259080598496         1.265413494470         1.263673968115         1.254590159052         1.242503250943         1.233202826684         1.231029613752         1.236686316005         1.246850585405         1.255798396844         1.258251850853         1.252045592695         1.239272258727         1.225304253830         1.216143670606         1.215398782840         1.222396063089         1.232400670083         1.238891506792         1.236811040893         1.225185933109         1.207771365271         1.191317961752         1.182246927492         1.183351417440         1.192189664139         1.202056521715         1.205174023748         1.196612451632         1.176995386928         1.152531240247         1.132179162484         1.123204943382         1.127275728468         1.139106157058         1.148539232191         1.145319012253         1.124402775532         1.089147075952         1.050471574978         1.021962078570         1.012963505583         1.022933997395         1.039973557371         1.044881003792         1.019556366983         0.957037114907         0.866208995141         0.767903127868         0.671559633031         0.535252892394         0.000000000000
        0.860188540314         0.833224881072         0.873765890037         0.909364869186         0.985041462163         1.045720515611         1.085774441775         1.094312766398         1.082042220292         1.064938986782         1.058782042120         1.071176726921         1.099467745202         1.133301799857         1.160423893252         1.172724339339         1.169710753316         1.158050258456         1.147763213157         1.147168336519         1.159054154846         1.179768157813         1.201433572931         1.216036804478         1.219326529914         1.212668907426         1.202081780233         1.195068636412         1.196895788628         1.208134102668         1.224589288768         1.239551064670         1.247181821932         1.245357288754         1.236592052779         1.226659259493         1.221652442932         1.224974180880         1.235726141962         1.249251952958         1.259518957186         1.262134394391         1.256500354651         1.246056688250         1.236518890759         1.233009507134         1.237514709878         1.247918946206         1.259081900813         1.265414785043         1.263675252674         1.254591443013         1.242504534241         1.233204102688         1.231030871316         1.236687543260         1.246851774388         1.255799546478         1.258252965895         1.252046680405         1.239273324011         1.225305295827         1.216144681951         1.215399752802         1.222396982176         1.232401534102         1.238892318785         1.236811808916         1.225186666054         1.207772068423         1.191318633797         1.182247561273         1.183352003562         1.192190196119         1.202056999479         1.205174454284         1.196612845943         1.176995755200         1.152531587451         1.132179486405         1.123205236840         1.127275983702         1.139106370636         1.148539407541         1.145319158789         1.124402904552         1.089147195887         1.050471688125         1.021962181363         1.012963591725         1.022934062131         1.039973600304         1.044881029123         1.019556381090         0.957037123412         0.866209000875         0.767903131467         0.671559634599         0.535252892752         0.000000000000
        0.860188546233         0.833224895599         0.873765911792         0.909364896312         0.985041493969         1.045720553171         1.085774488886         1.094312827142         1.082042298162         1.064939082344         1.058782153164         1.071176849420         1.099467875372         1.133301936484         1.160424038416         1.172724497395         1.169710928825         1.158050454127         1.147763428121         1.147168567244         1.159054396847         1.179768407711         1.201433830268         1.216037071729         1.219326811303         1.212669206586         1.202082098662         1.195068972258         1.196896137805         1.208134460310         1.224589652136         1.239551433940         1.247182199790         1.245357679319         1.236592459125         1.226659681744         1.221652878009         1.224974623815         1.235726588044         1.249252399998         1.259519406223         1.262134848686         1.256500818308         1.246057163364         1.236519376185         1.233009998771         1.237515202154         1.247919434460         1.259082383780         1.265415264696         1.263675732825         1.254591927276         1.242505023789         1.233204595229         1.231031362034         1.236688026464         1.246852246140         1.255800006535         1.258253417182         1.252047127021         1.239273769230         1.225305739618         1.216145121075         1.215400181712         1.222397395633         1.232401929644         1.238892697531         1.236812174968         1.225187023819         1.207772420322         1.191318978850         1.182247895097         1.183352320712         1.192190492557         1.202057274626         1.205174710956         1.196613089012         1.176995988894         1.152531813245         1.132179702283         1.123205438311         1.127276166022         1.139106531511         1.148539547986         1.145319282877         1.124403017680         1.089147301928         1.050471788102         1.021962273066         1.012963671117         1.022934125817         1.039973647319         1.044881061458         1.019556402700         0.957037138656         0.866209012397         0.767903139925         0.671559640104         0.535252895701         0.000000000000
        0.860188546615         0.833224896564         0.873765913285         0.909364898172         0.985041496268         1.045720555844         1.085774492486         1.094312831801         1.082042304290         1.064939089807         1.058782161744         1.071176858717         1.099467885135         1.133301946584         1.160424049066         1.172724509033         1.169710941952         1.158050468942         1.147763444628         1.147168585123         1.159054415708         1.179768427238         1.201433850395         1.216037092638         1.219326833364         1.212669230166         1.202082123784         1.195068998852         1.196896165586         1.208134488868         1.224589681308         1.239551463772         1.247182230508         1.245357711233         1.236592492587         1.226659716724         1.221652914325         1.224974661137         1.235726625977         1.249252438130         1.259519444464         1.262134887236         1.256500857462         1.246057203432         1.236519417340         1.233010040922         1.237515244859         1.247919477304         1.259082426406         1.265415306975         1.263675774960         1.254591969624         1.242505066504         1.233204638425         1.231031405426         1.236688069655         1.246852288806         1.255800048366         1.258253458233         1.252047167507         1.239273809476         1.225305779851         1.216145161130         1.215400221308         1.222397434274         1.232401966955         1.238892733388         1.236812209551         1.225187057619         1.207772453700         1.191319011915         1.182247927567         1.183352352038         1.192190522203         1.202057302204         1.205174736748         1.196613113529         1.176996012653         1.152531836600         1.132179724993         1.123205459704         1.127276185449         1.139106548618         1.148539562953         1.145319296216         1.124403030015         1.089147313691         1.050471799231         1.021962283133         1.012963679611         1.022934132393         1.039973651980         1.044881064669         1.019556405001         0.957037140580         0.866209014013         0.767903141331         0.671559641211         0.535252896570         0.000000000000
        0.860188546656         0.833224896665         0.873765913439         0.909364898365         0.985041496503         1.045720556085         1.085774492811         1.094312832196         1.082042304820         1.064939090473         1.058782162550         1.071176859616         1.099467886094         1.133301947581         1.160424050097         1.172724510121         1.169710943138         1.158050470273         1.147763446125         1.147168586810         1.159054417504         1.179768429141         1.201433852382         1.216037094737         1.219326835543         1.212669232485         1.202082126266         1.195069001524         1.196896168367         1.208134491776         1.224589684257         1.239551466783         1.247182233621         1.245357714428         1.236592495924         1.226659720210         1.221652917974         1.224974664909         1.235726629823         1.249252442065         1.259519448473         1.262134891316         1.256500861564         1.246057207544         1.236519421433         1.233010045037         1.237515249020         1.247919481514         1.259082430709         1.265415311245         1.263675779256         1.254591973876         1.242505070743         1.233204642640         1.231031409617         1.236688073825         1.246852292954         1.255800052508         1.258253462335         1.252047171556         1.239273813447         1.225305783809         1.216145165015         1.215400225142         1.222397438066         1.232401970660         1.238892736959         1.236812213011         1.225187060981         1.207772457021         1.191319015191         1.182247930760         1.183352355145         1.192190525180         1.202057305070         1.205174739382         1.196613116021         1.176996015066         1.152531838980         1.132179727339         1.123205461963         1.127276187535         1.139106550463         1.148539564558         1.145319297658         1.124403031395         1.089147315070         1.050471800585         1.021962284364         1.012963680609         1.022934133112         1.039973652457         1.044881065019         1.019556405309         0.957037140931         0.866209014330         0.767903141587         0.671559641379         0.535252896683         0.000000000000
        0.860188546663         0.833224896682         0.873765913466         0.909364898399         0.985041496545         1.045720556125         1.085774492862         1.094312832254         1.082042304898         1.064939090573         1.058782162675         1.071176859761         1.099467886253         1.133301947747         1.160424050268         1.172724510299         1.169710943329         1.158050470483         1.147763446360         1.147168587071         1.159054417788         1.179768429445         1.201433852701         1.216037095071         1.219326835893         1.212669232855         1.202082126663         1.195069001947         1.196896168815         1.208134492270         1.224589684737         1.239551467273         1.247182234122         1.245357714945         1.236592496491         1.226659720774         1.221652918560         1.224974665519         1.235726630452         1.249252442712         1.259519449139         1.262134892024         1.256500862252         1.246057208233         1.236519422147         1.233010045721         1.237515249704         1.247919482204         1.259082431404         1.265415311947         1.263675779960         1.254591974577         1.242505071442         1.233204643361         1.231031410303         1.236688074504         1.246852293628         1.255800053177         1.258253462999         1.252047172213         1.239273814097         1.225305784453         1.216145165652         1.215400225772         1.222397438712         1.232401971264         1.238892737547         1.236812213583         1.225187061538         1.207772457568         1.191319015734         1.182247931297         1.183352355672         1.192190525688         1.202057305551         1.205174739832         1.196613116445         1.176996015474         1.152531839383         1.132179727737         1.123205462349         1.127276187895         1.139106550785         1.148539564841         1.145319297912         1.124403031637         1.089147315311         1.050471800822         1.021962284579         1.012963680783         1.022934133236         1.039973652537         1.044881065078         1.019556405362         0.957037140994         0.866209014386         0.767903141632         0.671559641405         0.535252896698         0.000000000000
