        0.546273002009         0.624893940210         0.624840029914         0.634808475684         0.645793362608         0.652960272009         0.655496130157         0.654988489480         0.653521238290         0.651821357878         0.650536020534         0.649460314853         0.651097695326         0.654678706451         0.655282559518         0.659464204901         0.662365947083         0.664917439180         0.653814738866         0.676023686985         0.680627883836         0.669912047172         0.653383320713         0.610256375923         0.545309670350         0.584270298161         0.671741328818         0.682770549527         0.674604263090         0.666226259583         0.659271337931         0.655737971394         0.652189722882         0.652567697855         0.647858346477         0.647801944510         0.643547560467         0.640441169629         0.639395397698         0.634904606747         0.631899404151         0.622236571597         0.615914000603         0.607993865732         0.624804741729         0.637053127646         0.644292416615         0.646461758598         0.647776338333         0.668494384683         0.673731923880         0.659455654731         0.654934396655         0.656506503215         0.650078331076         0.648579337824         0.648054325992         0.673811578013         0.676166098303         0.670689048158         0.670511983470         0.672432349396         0.697531991856         0.734913298554         0.755439011925         0.628992654041         0.662271752398         0.725087351308         0.694256665174         0.673197974507         0.663104704012         0.659658205837         0.657813141114         0.658441400728         0.662484097948         0.663067077040         0.664455675169         0.656125977999         0.667532091045         0.652468671126         0.655383583619         0.662440673054         0.664504059059         0.655930463836         0.675880236645         0.663116045570         0.657951748902         0.660757300395         0.660293776034         0.657024840563         0.662797559202         0.655893254451         0.651579241438         0.640479569500         0.649082378820         0.650485443301         0.671960188300         0.660826132928         0.630968287482         0.549789076814         0.000000000000
        0.563090341177         0.660138725469         0.675009582883         0.675712568523         0.674561246679         0.673659145344         0.673135725681         0.672873902320         0.672744993630         0.672685093864         0.672654847141         0.672637904691         0.672633703137         0.672630578214         0.672627802786         0.672626164475         0.672626239040         0.672616915591         0.672563408100         0.672589631674         0.672605222576         0.672580607992         0.672481531114         0.672486090695         0.672540694974         0.672595040325         0.672602954918         0.672602142921         0.672609788784         0.672611959805         0.672620931354         0.672622092583         0.672610888417         0.672626784044         0.672628297308         0.672628080863         0.672627735086         0.672620523081         0.672608595671         0.672618848610         0.672622643051         0.672627709872         0.672619278725         0.672611343290         0.672616902019         0.672621264608         0.672623993076         0.672620437298         0.672617169593         0.672605199335         0.672611065406         0.672558323267         0.672584495710         0.672617990544         0.672612353090         0.672618129208         0.672622024160         0.672626464477         0.672604883206         0.672609740832         0.672601122662         0.672548014679         0.672498306910         0.672423667818         0.672404841980         0.672549397527         0.672522443637         0.672575285347         0.672601384851         0.672610399745         0.672625524818         0.672626029565         0.672636163470         0.672626384049         0.672625063067         0.672626349101         0.672617136854         0.672569771741         0.672575382489         0.672622553751         0.672627068444         0.672632768791         0.672616718077         0.672565110585         0.672561453660         0.672608846336         0.672597238265         0.672594515046         0.672543119992         0.672534928234         0.672494120271         0.672449388379         0.672326602473         0.672046527462         0.671432692121         0.669907566784         0.666210974796         0.656884760982         0.632097828527         0.549937245675         0.000000000000
        0.563091196773         0.660145250107         0.675010902706         0.675721951629         0.674578006957         0.673672205224         0.673153766096         0.672887660426         0.672757928547         0.672696409047         0.672667687549         0.672654417124         0.672648278040         0.672645403128         0.672644126806         0.672643574078         0.672643409447         0.672643422085         0.672643671062         0.672643232990         0.672641841864         0.672639009838         0.672627077969         0.672644525643         0.672643557977         0.672642983144         0.672643128108         0.672643298444         0.672643434427         0.672643568910         0.672643738956         0.672643898400         0.672644061350         0.672644272078         0.672644497660         0.672644680644         0.672644976113         0.672645248386         0.672645278658         0.672645449928         0.672645760332         0.672646115462         0.672646458855         0.672646664084         0.672646861673         0.672647169854         0.672647562404         0.672647923187         0.672648234663         0.672648470560         0.672649005100         0.672649605976         0.672650084041         0.672650265129         0.672650676666         0.672651087654         0.672651521343         0.672651871172         0.672652215688         0.672652822607         0.672653458661         0.672654024018         0.672655261634         0.672655792954         0.672654278840         0.672656228780         0.672656523575         0.672657696893         0.672658070544         0.672658692197         0.672659326001         0.672659930418         0.672660576090         0.672661176595         0.672661853860         0.672662604638         0.672663269943         0.672663263558         0.672665182082         0.672665956074         0.672666602500         0.672667508646         0.672668436966         0.672669325535         0.672669486867         0.672670334978         0.672670139088         0.672669007329         0.672665016880         0.672651016951         0.672636866380         0.672587302925         0.672470477218         0.672193741190         0.671544317024         0.669997317070         0.666250672408         0.656919408322         0.632115457695         0.549940068392         0.000000000000
        0.563091199817         0.660145279065         0.675010956639         0.675722026034         0.674578112182         0.673672279519         0.673153880945         0.672887792972         0.672758020036         0.672696456042         0.672667713926         0.672654419232         0.672648300141         0.672645488607         0.672644199604         0.672643610464         0.672643347488         0.672643241410         0.672643229479         0.672643214459         0.672643211270         0.672643236053         0.672643359943         0.672643492792         0.672643487449         0.672643515118         0.672643583515         0.672643676146         0.672643782398         0.672643901146         0.672644032437         0.672644174632         0.672644329771         0.672644497525         0.672644675721         0.672644864365         0.672645066076         0.672645277292         0.672645497333         0.672645731057         0.672645980119         0.672646240487         0.672646515218         0.672646799958         0.672647096343         0.672647406285         0.672647732847         0.672648068450         0.672648416931         0.672648780046         0.672649168272         0.672649588488         0.672649968260         0.672650368064         0.672650797070         0.672651235908         0.672651687604         0.672652154316         0.672652638153         0.672653143548         0.672653671349         0.672654234012         0.672654842876         0.672655395163         0.672655923041         0.672656474572         0.672657072556         0.672657658690         0.672658259962         0.672658894632         0.672659540535         0.672660202000         0.672660878893         0.672661569615         0.672662280474         0.672663004520         0.672663747863         0.672664520435         0.672665297394         0.672666038127         0.672666806419         0.672667597680         0.672668397833         0.672669187717         0.672669878665         0.672670394739         0.672670517011         0.672669686664         0.672666629888         0.672658260557         0.672637771009         0.672588506009         0.672471791919         0.672195980829         0.671544561837         0.669996752104         0.666250877067         0.656919480554         0.632115433922         0.549940039495         0.000000000000
        0.563091199908         0.660145279572         0.675010957781         0.675722027445         0.674578113775         0.673672280960         0.673153884486         0.672887798533         0.672758023673         0.672696458964         0.672667715650         0.672654420177         0.672648301532         0.672645491992         0.672644202796         0.672643612248         0.672643344810         0.672643229436         0.672643188911         0.672643185007         0.672643203533         0.672643239316         0.672643294139         0.672643351511         0.672643415515         0.672643491817         0.672643579907         0.672643679268         0.672643789403         0.672643910332         0.672644042168         0.672644184967         0.672644339002         0.672644504366         0.672644681045         0.672644869195         0.672645069005         0.672645280496         0.672645503882         0.672645739359         0.672645987118         0.672646247068         0.672646519574         0.672646804600         0.672647102205         0.672647412557         0.672647735952         0.672648072064         0.672648421274         0.672648783811         0.672649160221         0.672649550830         0.672649951724         0.672650366646         0.672650795984         0.672651238700         0.672651695038         0.672652165264         0.672652649505         0.672653147991         0.672653660972         0.672654189303         0.672654732765         0.672655286123         0.672655852382         0.672656431420         0.672657026963         0.672657634497         0.672658256450         0.672658893524         0.672659544364         0.672660209208         0.672660887958         0.672661580528         0.672662287212         0.672663007476         0.672663741800         0.672664490997         0.672665250933         0.672666020249         0.672666801313         0.672667590090         0.672668377854         0.672669145191         0.672669845081         0.672670375434         0.672670501268         0.672669670329         0.672666600081         0.672658291658         0.672637731609         0.672588469027         0.672471759885         0.672195945673         0.671544507656         0.669996699733         0.666250868362         0.656919473560         0.632115429508         0.549940037786         0.000000000000
        0.563091199908         0.660145279582         0.675010957806         0.675722027475         0.674578113809         0.673672281016         0.673153884675         0.672887798845         0.672758023901         0.672696459186         0.672667715815         0.672654420312         0.672648301680         0.672645492214         0.672644203002         0.672643612376         0.672643344681         0.672643228732         0.672643186736         0.672643183263         0.672643202475         0.672643237337         0.672643284896         0.672643343014         0.672643411464         0.672643490338         0.672643579636         0.672643679418         0.672643789768         0.672643910812         0.672644042688         0.672644185531         0.672644339492         0.672644504706         0.672644681305         0.672644869425         0.672645069202         0.672645280767         0.672645504253         0.672645739792         0.672645987509         0.672646247516         0.672646519946         0.672646804909         0.672647102511         0.672647412864         0.672647736083         0.672648072248         0.672648421471         0.672648783856         0.672649159515         0.672649548536         0.672649950787         0.672650366550         0.672650795909         0.672651238868         0.672651695497         0.672652165867         0.672652650029         0.672653148040         0.672653659952         0.672654185845         0.672654725704         0.672655279275         0.672655846745         0.672656428096         0.672657023550         0.672657632844         0.672658256113         0.672658893373         0.672659544525         0.672660209547         0.672660888394         0.672661581013         0.672662287358         0.672663007316         0.672663740797         0.672664487645         0.672665247227         0.672666018742         0.672666800735         0.672667589435         0.672668376348         0.672669142105         0.672669842089         0.672670373720         0.672670499643         0.672669668334         0.672666595994         0.672658285963         0.672637726352         0.672588464995         0.672471756369         0.672195941608         0.671544503886         0.669996696921         0.666250867521         0.656919473118         0.632115429331         0.549940037721         0.000000000000
        0.563091199907         0.660145279581         0.675010957807         0.675722027476         0.674578113811         0.673672281019         0.673153884686         0.672887798862         0.672758023915         0.672696459200         0.672667715826         0.672654420322         0.672648301691         0.672645492228         0.672644203015         0.672643612384         0.672643344673         0.672643228689         0.672643186616         0.672643183163         0.672643202401         0.672643237187         0.672643284368         0.672643342552         0.672643411227         0.672643490245         0.672643579616         0.672643679425         0.672643789789         0.672643910840         0.672644042718         0.672644185564         0.672644339520         0.672644504726         0.672644681319         0.672644869438         0.672645069215         0.672645280785         0.672645504276         0.672645739817         0.672645987533         0.672646247544         0.672646519971         0.672646804929         0.672647102529         0.672647412881         0.672647736091         0.672648072258         0.672648421481         0.672648783854         0.672649159467         0.672649548404         0.672649950734         0.672650366544         0.672650795905         0.672651238879         0.672651695526         0.672652165902         0.672652650058         0.672653148037         0.672653659878         0.672654185617         0.672654725276         0.672655278860         0.672655846392         0.672656427880         0.672657023336         0.672657632740         0.672658256088         0.672658893362         0.672659544533         0.672660209566         0.672660888419         0.672661581040         0.672662287362         0.672663007297         0.672663740719         0.672664487417         0.672665246988         0.672666018639         0.672666800691         0.672667589387         0.672668376246         0.672669141905         0.672669841889         0.672670373599         0.672670499527         0.672669668185         0.672666595692         0.672658285491         0.672637725966         0.672588464708         0.672471756125         0.672195941342         0.671544503665         0.669996696772         0.666250867466         0.656919473094         0.632115429324         0.549940037719         0.000000000000
        0.563093875900         0.660150870858         0.675022828719         0.675745286415         0.674613133285         0.673713502011         0.673195963324         0.672927884566         0.672796668398         0.672734532196         0.672705584169         0.672692188739         0.672685987541         0.672683090889         0.672681707161         0.672681016630         0.672680646658         0.672680429892         0.672680293229         0.672680204667         0.672680139117         0.672680030919         0.672679662668         0.672678382648         0.672674465079         0.672665528005         0.672645096966         0.672628023812         0.672622262757         0.672620469507         0.672619985251         0.672619944622         0.672620063427         0.672620245907         0.672620459014         0.672620691136         0.672620938165         0.672621198670         0.672621472189         0.672621758617         0.672622057979         0.672622370347         0.672622695808         0.672623034452         0.672623386369         0.672623751644         0.672624130359         0.672624522591         0.672624928413         0.672625347893         0.672625781092         0.672626228068         0.672626688871         0.672627163549         0.672627652143         0.672628154686         0.672628671209         0.672629201733         0.672629746277         0.672630304849         0.672630877457         0.672631464096         0.672632064760         0.672632679430         0.672633308086         0.672633950699         0.672634607236         0.672635277652         0.672635961900         0.672636659921         0.672637371652         0.672638097017         0.672638835931         0.672639588289         0.672640353955         0.672641132740         0.672641924341         0.672642728234         0.672643543434         0.672644368040         0.672645198312         0.672646026913         0.672646839688         0.672647610097         0.672648290455         0.672648800164         0.672649013548         0.672648749931         0.672647735315         0.672645761543         0.672636671889         0.672608656105         0.672500816469         0.672223783069         0.671576373885         0.670027387261         0.666276013081         0.656938482935         0.632119694088         0.549938995795         0.000000000000
        0.563093945523         0.660150536556         0.675022699605         0.675745561579         0.674613611507         0.673713911503         0.673196191105         0.672927922746         0.672796619337         0.672734458076         0.672705502225         0.672692101621         0.672685894762         0.672682991656         0.672681600831         0.672680902667         0.672680524536         0.672680299022         0.672680152915         0.672680054127         0.672679977684         0.672679858869         0.672679483485         0.672678202531         0.672674191254         0.672665909519         0.672645577803         0.672628408716         0.672622565374         0.672620726453         0.672620218921         0.672620166093         0.672620277860         0.672620455646         0.672620665107         0.672620894047         0.672621138096         0.672621395705         0.672621666361         0.672621949936         0.672622246442         0.672622555949         0.672622878539         0.672623214303         0.672623563328         0.672623925702         0.672624301504         0.672624690812         0.672625093698         0.672625510229         0.672625940469         0.672626384473         0.672626842294         0.672627313978         0.672627799566         0.672628299092         0.672628812586         0.672629340070         0.672629881563         0.672630437075         0.672631006610         0.672631590167         0.672632187738         0.672632799308         0.672633424855         0.672634064351         0.672634717762         0.672635385046         0.672636066155         0.672636761030         0.672637469610         0.672638191819         0.672638927574         0.672639676770         0.672640439277         0.672641214908         0.672642003369         0.672642804144         0.672643616259         0.672644437792         0.672645264866         0.672646089619         0.672646896171         0.672647652804         0.672648297185         0.672648709265         0.672648662518         0.672647734120         0.672645118231         0.672639564267         0.672625135332         0.672591270384         0.672487775031         0.672221681850         0.671575773328         0.670026798034         0.666275396050         0.656938585421         0.632119636973         0.549938991579         0.000000000000
        0.563093950669         0.660150505363         0.675022705849         0.675745589097         0.674613624616         0.673713857496         0.673196063662         0.672927753601         0.672796434988         0.672734268006         0.672705309528         0.672691907323         0.672685699176         0.672682794845         0.672681402773         0.672680703309         0.672680323815         0.672680096870         0.672679949270         0.672679848972         0.672679771162         0.672679651613         0.672679277400         0.672678001715         0.672673995017         0.672665803963         0.672645516976         0.672628346235         0.672622500321         0.672620659461         0.672620150671         0.672620096965         0.672620208043         0.672620385233         0.672620594144         0.672620822558         0.672621066092         0.672621323195         0.672621593351         0.672621876430         0.672622172445         0.672622481465         0.672622803572         0.672623138857         0.672623487409         0.672623849312         0.672624224648         0.672624613494         0.672625015923         0.672625432001         0.672625861792         0.672626305352         0.672626762733         0.672627233982         0.672627719140         0.672628218241         0.672628731315         0.672629258384         0.672629799467         0.672630354573         0.672630923709         0.672631506872         0.672632104055         0.672632715242         0.672633340412         0.672633979539         0.672634632586         0.672635299512         0.672635980269         0.672636674800         0.672637383042         0.672638104921         0.672638840352         0.672639589232         0.672640351431         0.672641126762         0.672641914931         0.672642715425         0.672643527272         0.672644348554         0.672645175401         0.672645999958         0.672646806349         0.672647562831         0.672648206955         0.672648618366         0.672648570125         0.672647639616         0.672645015406         0.672638956083         0.672623996674         0.672590623756         0.672487569993         0.672221414022         0.671575554903         0.670026562993         0.666275217819         0.656938543397         0.632119619699         0.549938992417         0.000000000000
        0.563093951102         0.660150503221         0.675022708166         0.675745592197         0.674613621903         0.673713838242         0.673196026825         0.672927707297         0.672796385122         0.672734216583         0.672705257337         0.672691854699         0.672685646253         0.672682741670         0.672681349355         0.672680649643         0.672680269891         0.672680042679         0.672679894804         0.672679794238         0.672679716212         0.672679596618         0.672679222824         0.672677948549         0.672673944177         0.672665768095         0.672645491270         0.672628320502         0.672622474258         0.672620633082         0.672620124070         0.672620070201         0.672620181150         0.672620358227         0.672620567033         0.672620795347         0.672621038784         0.672621295792         0.672621565854         0.672621848841         0.672622144766         0.672622453696         0.672622775716         0.672623110915         0.672623459381         0.672623821200         0.672624196454         0.672624585220         0.672624987569         0.672625403570         0.672625833284         0.672626276770         0.672626734078         0.672627205255         0.672627690343         0.672628189376         0.672628702382         0.672629229387         0.672629770406         0.672630325451         0.672630894527         0.672631477632         0.672632074758         0.672632685890         0.672633311008         0.672633950083         0.672634603082         0.672635269961         0.672635950673         0.672636645161         0.672637353362         0.672638075202         0.672638810596         0.672639559442         0.672640321608         0.672641096909         0.672641885050         0.672642685520         0.672643497345         0.672644318610         0.672645145447         0.672645970008         0.672646776427         0.672647532988         0.672648177296         0.672648589105         0.672648541660         0.672647612287         0.672644985474         0.672638834928         0.672623787599         0.672590521304         0.672487563018         0.672221384053         0.671575517873         0.670026512796         0.666275181532         0.656938537012         0.632119617879         0.549938992914         0.000000000000
        0.563093951181         0.660150503200         0.675022708666         0.675745592586         0.674613620794         0.673713833465         0.673196018157         0.672927696471         0.672796373403         0.672734204444         0.672705244987         0.672691842235         0.672685633717         0.672682729077         0.672681336711         0.672680636948         0.672680257143         0.672680029876         0.672679881946         0.672679781327         0.672679703263         0.672679583672         0.672679209990         0.672677936050         0.672673932317         0.672665759083         0.672645484370         0.672628313648         0.672622467357         0.672620626122         0.672620117065         0.672620063164         0.672620174086         0.672620351139         0.672620559923         0.672620788215         0.672621031632         0.672621288620         0.672621558663         0.672621841630         0.672622137536         0.672622446448         0.672622768450         0.672623103631         0.672623452080         0.672623813882         0.672624189120         0.672624577869         0.672624980202         0.672625396187         0.672625825887         0.672626269357         0.672626726651         0.672627197815         0.672627682888         0.672628181908         0.672628694901         0.672629221893         0.672629762901         0.672630317934         0.672630886999         0.672631470093         0.672632067208         0.672632678331         0.672633303439         0.672633942505         0.672634595495         0.672635262366         0.672635943071         0.672636637552         0.672637345746         0.672638067580         0.672638802968         0.672639551809         0.672640313970         0.672641089267         0.672641877406         0.672642677872         0.672643489695         0.672644310959         0.672645137797         0.672645962361         0.672646768789         0.672647525370         0.672648169719         0.672648581603         0.672648534275         0.672647604927         0.672644976814         0.672638809162         0.672623746612         0.672590500143         0.672487558838         0.672221376635         0.671575508904         0.670026501213         0.666275173546         0.656938535786         0.632119617702         0.549938993031         0.000000000000
        0.563093951193         0.660150503235         0.675022708772         0.675745592653         0.674613620515         0.673713832394         0.673196016243         0.672927694067         0.672796370776         0.672734201707         0.672705242194         0.672691839413         0.672685630878         0.672682726226         0.672681333848         0.672680634074         0.672680254258         0.672680026979         0.672679879038         0.672679778409         0.672679700337         0.672679580750         0.672679207095         0.672677933234         0.672673929663         0.672665757006         0.672645482725         0.672628312024         0.672622465728         0.672620624482         0.672620115416         0.672620061508         0.672620172424         0.672620349472         0.672620558251         0.672620786539         0.672621029951         0.672621286935         0.672621556974         0.672621839937         0.672622135840         0.672622444747         0.672622766745         0.672623101923         0.672623450368         0.672623812167         0.672624187401         0.672624576146         0.672624978476         0.672625394458         0.672625824155         0.672626267622         0.672626724913         0.672627196073         0.672627681144         0.672628180161         0.672628693152         0.672629220141         0.672629761146         0.672630316177         0.672630885239         0.672631468331         0.672632065445         0.672632676565         0.672633301672         0.672633940736         0.672634593724         0.672635260594         0.672635941297         0.672636635777         0.672637343969         0.672638065802         0.672638801189         0.672639550029         0.672640312190         0.672641087486         0.672641875624         0.672642676090         0.672643487913         0.672644309177         0.672645136015         0.672645960580         0.672646767010         0.672647523595         0.672648167952         0.672648579851         0.672648532539         0.672647603167         0.672644974676         0.672638803648         0.672623738250         0.672590495629         0.672487557583         0.672221374892         0.671575506845         0.670026498659         0.666275171818         0.656938535522         0.632119617695         0.549938993057         0.000000000000
        0.563093951203         0.660150503236         0.675022708791         0.675745592666         0.674613620453         0.673713832163         0.673196015831         0.672927693544         0.672796370198         0.672734201100         0.672705241574         0.672691838786         0.672685630246         0.672682725591         0.672681333211         0.672680633435         0.672680253616         0.672680026335         0.672679878391         0.672679777760         0.672679699688         0.672679580101         0.672679206453         0.672677932611         0.672673929079         0.672665756543         0.672645482350         0.672628311656         0.672622465359         0.672620624112         0.672620115044         0.672620061134         0.672620172048         0.672620349095         0.672620557874         0.672620786161         0.672621029572         0.672621286555         0.672621556593         0.672621839556         0.672622135457         0.672622444364         0.672622766361         0.672623101538         0.672623449982         0.672623811780         0.672624187013         0.672624575759         0.672624978088         0.672625394069         0.672625823765         0.672626267232         0.672626724522         0.672627195682         0.672627680752         0.672628179768         0.672628692759         0.672629219747         0.672629760752         0.672630315782         0.672630884844         0.672631467935         0.672632065048         0.672632676168         0.672633301274         0.672633940339         0.672634593326         0.672635260196         0.672635940898         0.672636635378         0.672637343570         0.672638065402         0.672638800789         0.672639549629         0.672640311790         0.672641087086         0.672641875224         0.672642675689         0.672643487513         0.672644308777         0.672645135615         0.672645960180         0.672646766611         0.672647523197         0.672648167555         0.672648579457         0.672648532147         0.672647602763         0.672644974173         0.672638802459         0.672623736505         0.672590494648         0.672487557260         0.672221374497         0.671575506386         0.670026498107         0.666275171448         0.656938535463         0.632119617698         0.549938993062         0.000000000000
        0.563132176956         0.660039154917         0.674907573864         0.675655985630         0.674524560394         0.673613010562         0.673066800780         0.672764797752         0.672545406363         0.672471584056         0.672441365124         0.672431989484         0.672441881914         0.672481890472         0.672491008851         0.672493708388         0.672494409972         0.672494540265         0.672494514189         0.672494450715         0.672494383793         0.672494323702         0.672494276065         0.672494243489         0.672494123549         0.672495058387         0.672495215977         0.672495051481         0.672494971613         0.672494943271         0.672494949774         0.672494977223         0.672495017110         0.672495064906         0.672495121953         0.672495207011         0.672495392684         0.672495901912         0.672497321624         0.672500883497         0.672507772570         0.672516752492         0.672526650661         0.672526600606         0.672526664686         0.672526848130         0.672527084128         0.672527343137         0.672527616168         0.672527901319         0.672528198497         0.672528507904         0.672528829716         0.672529164056         0.672529511012         0.672529870654         0.672530243043         0.672530628231         0.672531026267         0.672531437194         0.672531861051         0.672532297872         0.672532747688         0.672533210524         0.672533686401         0.672534175335         0.672534677338         0.672535192418         0.672535720577         0.672536261811         0.672536816114         0.672537383473         0.672537963868         0.672538557274         0.672539163655         0.672539782955         0.672540415089         0.672541059902         0.672541717087         0.672542385995         0.672543065195         0.672543751432         0.672544437216         0.672545105123         0.672545714366         0.672546168976         0.672546242140         0.672545395619         0.672542347774         0.672534045464         0.672513295921         0.672464290588         0.672347086466         0.672069721646         0.671415595936         0.669860448445         0.666109236092         0.656758457406         0.631903811821         0.549820107561         0.000000000000
        0.563132317589         0.660035470796         0.674903671974         0.675648972926         0.674511082861         0.673582793436         0.673005545154         0.672647091037         0.672463029294         0.672390638327         0.672360168529         0.672351946243         0.672366925584         0.672421863695         0.672473915437         0.672488179960         0.672493092580         0.672494676403         0.672495153240         0.672495268234         0.672495267932         0.672495234818         0.672495197855         0.672495168794         0.672495145776         0.672495231983         0.672495265571         0.672495257661         0.672495265553         0.672495283990         0.672495311912         0.672495348023         0.672495390703         0.672495438812         0.672495495417         0.672495580438         0.672495767754         0.672496281931         0.672497709593         0.672501261462         0.672507967960         0.672515701101         0.672525359413         0.672525573989         0.672525768083         0.672526008388         0.672526269203         0.672526539590         0.672526818326         0.672527106762         0.672527406185         0.672527717393         0.672528040820         0.672528376701         0.672528725174         0.672529086327         0.672529460229         0.672529846934         0.672530246492         0.672530658942         0.672531084324         0.672531522668         0.672531974003         0.672532438352         0.672532915735         0.672533406165         0.672533909651         0.672534426200         0.672534955812         0.672535498482         0.672536054202         0.672536622956         0.672537204725         0.672537799481         0.672538407187         0.672539027789         0.672539661200         0.672540307267         0.672540965686         0.672541635816         0.672542316236         0.672543003715         0.672543690799         0.672544360135         0.672544971093         0.672545428135         0.672545505878         0.672544671273         0.672541661573         0.672533485223         0.672513078398         0.672463834863         0.672346379504         0.672068859812         0.671414340415         0.669855440286         0.666081060648         0.656660919775         0.631852448507         0.549811270715         0.000000000000
        0.563132369614         0.660035189828         0.674903380148         0.675648248126         0.674509330167         0.673576226768         0.672964331910         0.672603018837         0.672430874454         0.672364903876         0.672334989560         0.672322426883         0.672322364288         0.672361933817         0.672419380722         0.672472907950         0.672487981879         0.672493313867         0.672495095129         0.672495662486         0.672495820338         0.672495842745         0.672495824015         0.672495797346         0.672495773816         0.672495770760         0.672495770747         0.672495769914         0.672495779494         0.672495798651         0.672495826763         0.672495862791         0.672495905268         0.672495953141         0.672496009528         0.672496094376         0.672496281532         0.672496795227         0.672498220457         0.672501760963         0.672508420924         0.672515983936         0.672525551785         0.672525773347         0.672525973180         0.672526216723         0.672526479364         0.672526750893         0.672527030459         0.672527319584         0.672527619639         0.672527931456         0.672528255484         0.672528591966         0.672528941040         0.672529302797         0.672529677304         0.672530064617         0.672530464781         0.672530877840         0.672531303828         0.672531742778         0.672532194717         0.672532659666         0.672533137645         0.672533628666         0.672534132740         0.672534649869         0.672535180054         0.672535723290         0.672536279566         0.672536848868         0.672537431175         0.672538026458         0.672538634680         0.672539255786         0.672539889688         0.672540536232         0.672541195115         0.672541865693         0.672542546544         0.672543234434         0.672543921910         0.672544591622         0.672545202974         0.672545660560         0.672545739449         0.672544908019         0.672541907569         0.672533755573         0.672513389906         0.672464124358         0.672346672604         0.672069240100         0.671414867721         0.669855946669         0.666079251958         0.656645390008         0.631849320584         0.549810949559         0.000000000000
        0.563132370708         0.660035173290         0.674903413536         0.675648355382         0.674509675197         0.673576605500         0.672962636677         0.672581293594         0.672428334873         0.672362125895         0.672332380459         0.672319059836         0.672314717899         0.672322222702         0.672370208621         0.672458169788         0.672481841275         0.672490915342         0.672494273140         0.672495445482         0.672495825970         0.672495929197         0.672495939587         0.672495922788         0.672495902186         0.672495888412         0.672495881750         0.672495882162         0.672495892079         0.672495911358         0.672495939494         0.672495975499         0.672496017935         0.672496065761         0.672496122103         0.672496206907         0.672496393999         0.672496907515         0.672498332067         0.672501870041         0.672508521429         0.672516058994         0.672525609290         0.672525831075         0.672526031686         0.672526275755         0.672526538730         0.672526810488         0.672527090233         0.672527379515         0.672527679717         0.672527991677         0.672528315849         0.672528652473         0.672529001691         0.672529363593         0.672529738245         0.672530125703         0.672530526014         0.672530939219         0.672531365353         0.672531804449         0.672532256533         0.672532721628         0.672533199751         0.672533690916         0.672534195131         0.672534712401         0.672535242726         0.672535786099         0.672536342511         0.672536911947         0.672537494386         0.672538089798         0.672538698146         0.672539319375         0.672539953398         0.672540600060         0.672541259057         0.672541929745         0.672542610702         0.672543298695         0.672543986268         0.672544656076         0.672545267531         0.672545725261         0.672545804443         0.672544973753         0.672541975218         0.672533827587         0.672513467944         0.672464200109         0.672346748813         0.672069328625         0.671414967049         0.669855998236         0.666078918390         0.656643984310         0.631849047508         0.549810939620         0.000000000000
        0.563132371472         0.660035173842         0.674903423436         0.675648380860         0.674509744893         0.673576669162         0.672962392164         0.672579026938         0.672428064693         0.672362071707         0.672332385357         0.672319078323         0.672314246227         0.672317427074         0.672338487789         0.672418232954         0.672471994043         0.672487445311         0.672493078155         0.672495036504         0.672495695426         0.672495899204         0.672495946078         0.672495942306         0.672495926159         0.672495911970         0.672495904404         0.672495905119         0.672495915121         0.672495934420         0.672495962554         0.672495998549         0.672496040973         0.672496088788         0.672496145119         0.672496229912         0.672496416987         0.672496930458         0.672498354856         0.672501892312         0.672508542098         0.672516075505         0.672525622550         0.672525844213         0.672526044930         0.672526289090         0.672526552128         0.672526823933         0.672527103716         0.672527393032         0.672527693266         0.672528005259         0.672528329462         0.672528666119         0.672529015369         0.672529377303         0.672529751988         0.672530139479         0.672530539822         0.672530953060         0.672531379227         0.672531818356         0.672532270473         0.672532735600         0.672533213756         0.672533704954         0.672534209201         0.672534726504         0.672535256860         0.672535800264         0.672536356708         0.672536926174         0.672537508642         0.672538104084         0.672538712462         0.672539333719         0.672539967770         0.672540614459         0.672541273482         0.672541944196         0.672542625177         0.672543313193         0.672544000789         0.672544670619         0.672545282099         0.672545739864         0.672545819114         0.672544988585         0.672541990442         0.672533843639         0.672513485055         0.672464216931         0.672346765686         0.672069347405         0.671414986221         0.669856005680         0.666078863527         0.656643854226         0.631849019102         0.549810939584         0.000000000000
        0.563132371208         0.660035174527         0.674903426619         0.675648388435         0.674509762934         0.673576690262         0.672962373301         0.672578830636         0.672428104365         0.672362208365         0.672332531185         0.672318958104         0.672312860272         0.672311582393         0.672318629229         0.672369383606         0.672457915557         0.672481719934         0.672490839092         0.672494218684         0.672495405711         0.672495798105         0.672495911987         0.672495932414         0.672495925283         0.672495914274         0.672495907888         0.672495909247         0.672495919535         0.672495938965         0.672495967158         0.672496003179         0.672496045614         0.672496093433         0.672496149764         0.672496234556         0.672496421627         0.672496935087         0.672498359453         0.672501896802         0.672508546280         0.672516078989         0.672525625440         0.672525847051         0.672526047779         0.672526291954         0.672526555004         0.672526826819         0.672527106609         0.672527395933         0.672527696175         0.672528008174         0.672528332385         0.672528669049         0.672529018306         0.672529380247         0.672529754939         0.672530142437         0.672530542788         0.672530956033         0.672531382208         0.672531821344         0.672532273468         0.672532738603         0.672533216766         0.672533707970         0.672534212225         0.672534729535         0.672535259898         0.672535803310         0.672536359760         0.672536929233         0.672537511708         0.672538107157         0.672538715541         0.672539336805         0.672539970862         0.672540617557         0.672541276586         0.672541947305         0.672542628292         0.672543316314         0.672544003915         0.672544673750         0.672545285236         0.672545743009         0.672545822274         0.672544991781         0.672541993719         0.672533847081         0.672513488699         0.672464220535         0.672346769299         0.672069351339         0.671414990023         0.669856007034         0.666078854575         0.656643839920         0.631849015914         0.549810939685         0.000000000000
        0.563132371286         0.660035174651         0.674903426890         0.675648389076         0.674509764567         0.673576690654         0.672962364029         0.672578799424         0.672428094724         0.672362212541         0.672332551757         0.672319019778         0.672313024734         0.672311946436         0.672318448897         0.672347030449         0.672457346864         0.672480877109         0.672490305964         0.672493941096         0.672495278636         0.672495745203         0.672495891928         0.672495925798         0.672495923797         0.672495914542         0.672495908687         0.672495910203         0.672495920516         0.672495939936         0.672495968117         0.672496004129         0.672496046558         0.672496094373         0.672496150702         0.672496235493         0.672496422562         0.672496936020         0.672498360378         0.672501897705         0.672508547124         0.672516079715         0.672525626059         0.672525847654         0.672526048383         0.672526292560         0.672526555612         0.672526827429         0.672527107221         0.672527396547         0.672527696790         0.672528008791         0.672528333003         0.672528669668         0.672529018927         0.672529380870         0.672529755564         0.672530143063         0.672530543416         0.672530956662         0.672531382839         0.672531821976         0.672532274102         0.672532739239         0.672533217403         0.672533708610         0.672534212866         0.672534730177         0.672535260542         0.672535803956         0.672536360407         0.672536929882         0.672537512359         0.672538107809         0.672538716194         0.672539337460         0.672539971518         0.672540618214         0.672541277244         0.672541947965         0.672542628953         0.672543316976         0.672544004578         0.672544674415         0.672545285902         0.672545743677         0.672545822946         0.672544992460         0.672541994416         0.672533847812         0.672513489469         0.672464221299         0.672346770066         0.672069352160         0.671414990783         0.669856007289         0.666078853049         0.656643838010         0.631849015538         0.549810939710         0.000000000000
        0.563132371305         0.660035174721         0.674903426948         0.675648389194         0.674509764859         0.673576690702         0.672962362374         0.672578795180         0.672428093345         0.672362214132         0.672332557412         0.672319034703         0.672313058895         0.672311999608         0.672318299465         0.672344773209         0.672457206272         0.672480948014         0.672490349086         0.672493961073         0.672495287395         0.672495749005         0.672495893616         0.672495926608         0.672495924246         0.672495914834         0.672495908911         0.672495910405         0.672495920710         0.672495940127         0.672495968307         0.672496004318         0.672496046747         0.672496094562         0.672496150890         0.672496235681         0.672496422750         0.672496936207         0.672498360563         0.672501897886         0.672508547293         0.672516079865         0.672525626191         0.672525847781         0.672526048510         0.672526292687         0.672526555740         0.672526827558         0.672527107350         0.672527396676         0.672527696919         0.672528008921         0.672528333133         0.672528669799         0.672529019058         0.672529381001         0.672529755695         0.672530143195         0.672530543548         0.672530956795         0.672531382972         0.672531822110         0.672532274236         0.672532739373         0.672533217538         0.672533708744         0.672534213001         0.672534730313         0.672535260678         0.672535804092         0.672536360544         0.672536930019         0.672537512496         0.672538107946         0.672538716332         0.672539337598         0.672539971656         0.672540618353         0.672541277383         0.672541948105         0.672542629093         0.672543317116         0.672544004719         0.672544674556         0.672545286043         0.672545743818         0.672545823088         0.672544992604         0.672541994564         0.672533847966         0.672513489632         0.672464221460         0.672346770228         0.672069352330         0.671414990935         0.669856007336         0.666078852778         0.656643837716         0.631849015493         0.549810939715         0.000000000000
        0.563132370725         0.660035174354         0.674903426850         0.675648389183         0.674509764901         0.673576690701         0.672962362059         0.672578794510         0.672428093086         0.672362214377         0.672332558305         0.672319036908         0.672313063130         0.672312002112         0.672318255371         0.672344522558         0.672457159390         0.672480953454         0.672490354981         0.672493964195         0.672495288852         0.672495749667         0.672495893923         0.672495926761         0.672495924334         0.672495914893         0.672495908957         0.672495910446         0.672495920750         0.672495940166         0.672495968345         0.672496004356         0.672496046785         0.672496094600         0.672496150928         0.672496235719         0.672496422788         0.672496936245         0.672498360601         0.672501897922         0.672508547328         0.672516079896         0.672525626218         0.672525847808         0.672526048536         0.672526292714         0.672526555767         0.672526827585         0.672527107377         0.672527396703         0.672527696947         0.672528008948         0.672528333161         0.672528669827         0.672529019086         0.672529381029         0.672529755723         0.672530143223         0.672530543576         0.672530956823         0.672531383000         0.672531822138         0.672532274264         0.672532739401         0.672533217566         0.672533708773         0.672534213030         0.672534730341         0.672535260707         0.672535804120         0.672536360573         0.672536930048         0.672537512525         0.672538107975         0.672538716361         0.672539337627         0.672539971685         0.672540618382         0.672541277413         0.672541948134         0.672542629123         0.672543317146         0.672544004748         0.672544674585         0.672545286072         0.672545743848         0.672545823118         0.672544992634         0.672541994595         0.672533847999         0.672513489665         0.672464221494         0.672346770262         0.672069352366         0.671414990965         0.669856007344         0.666078852728         0.656643837668         0.631849015488         0.549810939716         0.000000000000
        0.563132370968         0.660035174402         0.674903426866         0.675648389192         0.674509764912         0.673576690700         0.672962361999         0.672578794395         0.672428093038         0.672362214415         0.672332558447         0.672319037233         0.672313063623         0.672312001691         0.672318246095         0.672344490787         0.672457149114         0.672480953443         0.672490355776         0.672493964693         0.672495289101         0.672495749784         0.672495893980         0.672495926790         0.672495924351         0.672495914904         0.672495908966         0.672495910454         0.672495920758         0.672495940174         0.672495968353         0.672496004364         0.672496046793         0.672496094608         0.672496150936         0.672496235726         0.672496422796         0.672496936253         0.672498360608         0.672501897930         0.672508547335         0.672516079903         0.672525626224         0.672525847814         0.672526048542         0.672526292720         0.672526555773         0.672526827590         0.672527107383         0.672527396709         0.672527696952         0.672528008954         0.672528333166         0.672528669832         0.672529019091         0.672529381034         0.672529755729         0.672530143229         0.672530543582         0.672530956829         0.672531383006         0.672531822144         0.672532274270         0.672532739407         0.672533217572         0.672533708779         0.672534213036         0.672534730347         0.672535260713         0.672535804126         0.672536360579         0.672536930054         0.672537512531         0.672538107981         0.672538716367         0.672539337633         0.672539971692         0.672540618388         0.672541277419         0.672541948140         0.672542629129         0.672543317152         0.672544004754         0.672544674592         0.672545286079         0.672545743854         0.672545823124         0.672544992641         0.672541994601         0.672533848006         0.672513489673         0.672464221501         0.672346770269         0.672069352374         0.671414990971         0.669856007346         0.666078852719         0.656643837659         0.631849015487         0.549810939716         0.000000000000
        0.563132371430         0.660035174729         0.674903426965         0.675648389224         0.674509764924         0.673576690703         0.672962361988         0.672578794375         0.672428093029         0.672362214421         0.672332558470         0.672319037282         0.672313063677         0.672312001508         0.672318244315         0.672344486180         0.672457147086         0.672480953299         0.672490355881         0.672493964775         0.672495289145         0.672495749806         0.672495893990         0.672495926796         0.672495924355         0.672495914907         0.672495908968         0.672495910456         0.672495920759         0.672495940175         0.672495968354         0.672496004366         0.672496046794         0.672496094609         0.672496150937         0.672496235728         0.672496422797         0.672496936254         0.672498360610         0.672501897931         0.672508547336         0.672516079904         0.672525626226         0.672525847815         0.672526048543         0.672526292721         0.672526555774         0.672526827591         0.672527107384         0.672527396710         0.672527696954         0.672528008955         0.672528333168         0.672528669833         0.672529019092         0.672529381036         0.672529755730         0.672530143230         0.672530543583         0.672530956830         0.672531383007         0.672531822145         0.672532274271         0.672532739408         0.672533217573         0.672533708780         0.672534213037         0.672534730349         0.672535260714         0.672535804128         0.672536360580         0.672536930055         0.672537512532         0.672538107982         0.672538716368         0.672539337634         0.672539971693         0.672540618390         0.672541277420         0.672541948141         0.672542629130         0.672543317153         0.672544004756         0.672544674593         0.672545286080         0.672545743856         0.672545823125         0.672544992642         0.672541994603         0.672533848007         0.672513489674         0.672464221503         0.672346770271         0.672069352375         0.671414990972         0.669856007346         0.666078852718         0.656643837658         0.631849015487         0.549810939716         0.000000000000
        0.563132370814         0.660035174370         0.674903426857         0.675648389190         0.674509764913         0.673576690699         0.672962361984         0.672578794371         0.672428093027         0.672362214422         0.672332558474         0.672319037289         0.672313063682         0.672312001461         0.672318243982         0.672344485441         0.672457146698         0.672480953251         0.672490355894         0.672493964789         0.672495289153         0.672495749810         0.672495893992         0.672495926797         0.672495924355         0.672495914907         0.672495908968         0.672495910456         0.672495920759         0.672495940176         0.672495968355         0.672496004366         0.672496046795         0.672496094609         0.672496150938         0.672496235728         0.672496422798         0.672496936254         0.672498360610         0.672501897931         0.672508547336         0.672516079905         0.672525626226         0.672525847815         0.672526048543         0.672526292721         0.672526555774         0.672526827592         0.672527107385         0.672527396710         0.672527696954         0.672528008956         0.672528333168         0.672528669834         0.672529019093         0.672529381036         0.672529755730         0.672530143230         0.672530543583         0.672530956830         0.672531383007         0.672531822145         0.672532274271         0.672532739408         0.672533217573         0.672533708780         0.672534213037         0.672534730349         0.672535260714         0.672535804128         0.672536360580         0.672536930055         0.672537512532         0.672538107983         0.672538716369         0.672539337635         0.672539971693         0.672540618390         0.672541277421         0.672541948142         0.672542629131         0.672543317154         0.672544004756         0.672544674593         0.672545286080         0.672545743856         0.672545823126         0.672544992642         0.672541994603         0.672533848007         0.672513489675         0.672464221503         0.672346770271         0.672069352375         0.671414990973         0.669856007346         0.666078852717         0.656643837657         0.631849015487         0.549810939716         0.000000000000
        0.563132370734         0.660035174348         0.674903426851         0.675648389188         0.674509764913         0.673576690698         0.672962361977         0.672578794370         0.672428093028         0.672362214423         0.672332558475         0.672319037291         0.672313063682         0.672312001450         0.672318243921         0.672344485315         0.672457146625         0.672480953238         0.672490355895         0.672493964791         0.672495289154         0.672495749810         0.672495893993         0.672495926797         0.672495924356         0.672495914907         0.672495908968         0.672495910456         0.672495920759         0.672495940176         0.672495968355         0.672496004366         0.672496046795         0.672496094610         0.672496150938         0.672496235728         0.672496422798         0.672496936254         0.672498360610         0.672501897931         0.672508547336         0.672516079905         0.672525626226         0.672525847815         0.672526048544         0.672526292721         0.672526555774         0.672526827592         0.672527107384         0.672527396710         0.672527696954         0.672528008956         0.672528333168         0.672528669834         0.672529019093         0.672529381036         0.672529755730         0.672530143230         0.672530543583         0.672530956830         0.672531383007         0.672531822145         0.672532274272         0.672532739408         0.672533217574         0.672533708780         0.672534213037         0.672534730349         0.672535260714         0.672535804128         0.672536360580         0.672536930055         0.672537512532         0.672538107983         0.672538716369         0.672539337635         0.672539971693         0.672540618390         0.672541277421         0.672541948142         0.672542629131         0.672543317154         0.672544004756         0.672544674593         0.672545286080         0.672545743856         0.672545823126         0.672544992642         0.672541994603         0.672533848007         0.672513489675         0.672464221503         0.672346770271         0.672069352375         0.671414990973         0.669856007346         0.666078852717         0.656643837657         0.631849015487         0.549810939716         0.000000000000
        0.563132371585         0.660035174706         0.674903426964         0.675648389226         0.674509764921         0.673576690676         0.672962361787         0.672578794367         0.672428093042         0.672362214429         0.672332558477         0.672319037291         0.672313063682         0.672312001447         0.672318243909         0.672344485292         0.672457146611         0.672480953234         0.672490355895         0.672493964791         0.672495289154         0.672495749811         0.672495893993         0.672495926797         0.672495924356         0.672495914907         0.672495908968         0.672495910457         0.672495920759         0.672495940176         0.672495968355         0.672496004366         0.672496046794         0.672496094609         0.672496150938         0.672496235728         0.672496422798         0.672496936254         0.672498360610         0.672501897932         0.672508547336         0.672516079905         0.672525626226         0.672525847815         0.672526048543         0.672526292721         0.672526555774         0.672526827592         0.672527107385         0.672527396710         0.672527696954         0.672528008956         0.672528333168         0.672528669834         0.672529019093         0.672529381036         0.672529755730         0.672530143230         0.672530543583         0.672530956830         0.672531383007         0.672531822145         0.672532274272         0.672532739409         0.672533217574         0.672533708780         0.672534213037         0.672534730349         0.672535260714         0.672535804128         0.672536360580         0.672536930055         0.672537512532         0.672538107983         0.672538716369         0.672539337635         0.672539971693         0.672540618390         0.672541277421         0.672541948142         0.672542629131         0.672543317154         0.672544004756         0.672544674593         0.672545286080         0.672545743856         0.672545823126         0.672544992642         0.672541994603         0.672533848007         0.672513489675         0.672464221503         0.672346770271         0.672069352375         0.671414990973         0.669856007346         0.666078852717         0.656643837657         0.631849015487         0.549810939716         0.000000000000
        0.563132371712         0.660035174829         0.674903426990         0.675648389198         0.674509764764         0.673576689895         0.672962356018         0.672578794259         0.672428093482         0.672362214624         0.672332558542         0.672319037310         0.672313063686         0.672312001448         0.672318243907         0.672344485288         0.672457146608         0.672480953234         0.672490355895         0.672493964791         0.672495289154         0.672495749811         0.672495893992         0.672495926797         0.672495924355         0.672495914907         0.672495908968         0.672495910457         0.672495920759         0.672495940176         0.672495968355         0.672496004366         0.672496046794         0.672496094610         0.672496150938         0.672496235728         0.672496422798         0.672496936255         0.672498360610         0.672501897932         0.672508547337         0.672516079905         0.672525626226         0.672525847815         0.672526048544         0.672526292721         0.672526555774         0.672526827592         0.672527107384         0.672527396710         0.672527696954         0.672528008956         0.672528333168         0.672528669834         0.672529019093         0.672529381036         0.672529755730         0.672530143230         0.672530543583         0.672530956830         0.672531383007         0.672531822145         0.672532274272         0.672532739409         0.672533217574         0.672533708780         0.672534213037         0.672534730349         0.672535260714         0.672535804128         0.672536360580         0.672536930055         0.672537512532         0.672538107983         0.672538716369         0.672539337635         0.672539971693         0.672540618390         0.672541277420         0.672541948142         0.672542629131         0.672543317154         0.672544004756         0.672544674593         0.672545286080         0.672545743856         0.672545823126         0.672544992642         0.672541994603         0.672533848007         0.672513489675         0.672464221503         0.672346770271         0.672069352375         0.671414990973         0.669856007346         0.666078852716         0.656643837657         0.631849015487         0.549810939716         0.000000000000
        0.563132371868         0.660035175148         0.674903427124         0.675648388317         0.674509760143         0.673576666733         0.672962185094         0.672578791041         0.672428106503         0.672362220377         0.672332560462         0.672319037862         0.672313063820         0.672312001470         0.672318243904         0.672344485283         0.672457146604         0.672480953232         0.672490355894         0.672493964791         0.672495289154         0.672495749811         0.672495893993         0.672495926797         0.672495924356         0.672495914907         0.672495908968         0.672495910457         0.672495920760         0.672495940176         0.672495968355         0.672496004366         0.672496046794         0.672496094609         0.672496150938         0.672496235728         0.672496422798         0.672496936254         0.672498360610         0.672501897932         0.672508547336         0.672516079905         0.672525626226         0.672525847815         0.672526048544         0.672526292721         0.672526555774         0.672526827592         0.672527107384         0.672527396710         0.672527696954         0.672528008956         0.672528333168         0.672528669834         0.672529019093         0.672529381036         0.672529755730         0.672530143230         0.672530543583         0.672530956830         0.672531383007         0.672531822145         0.672532274272         0.672532739409         0.672533217574         0.672533708780         0.672534213037         0.672534730349         0.672535260714         0.672535804128         0.672536360580         0.672536930055         0.672537512532         0.672538107983         0.672538716369         0.672539337635         0.672539971693         0.672540618390         0.672541277421         0.672541948142         0.672542629131         0.672543317154         0.672544004756         0.672544674593         0.672545286080         0.672545743856         0.672545823126         0.672544992642         0.672541994603         0.672533848007         0.672513489675         0.672464221503         0.672346770271         0.672069352375         0.671414990972         0.669856007345         0.666078852710         0.656643837657         0.631849015487         0.549810939716         0.000000000000
        0.563132377326         0.660035182777         0.674903429635         0.675648369098         0.674509662241         0.673576181810         0.672958643337         0.672578713048         0.672428371839         0.672362337988         0.672332599711         0.672319049130         0.672313066540         0.672312001910         0.672318243857         0.672344485188         0.672457146541         0.672480953197         0.672490355878         0.672493964783         0.672495289151         0.672495749809         0.672495893992         0.672495926797         0.672495924355         0.672495914907         0.672495908968         0.672495910456         0.672495920759         0.672495940176         0.672495968355         0.672496004366         0.672496046794         0.672496094609         0.672496150938         0.672496235728         0.672496422798         0.672496936254         0.672498360610         0.672501897931         0.672508547336         0.672516079904         0.672525626226         0.672525847815         0.672526048544         0.672526292721         0.672526555774         0.672526827592         0.672527107385         0.672527396710         0.672527696954         0.672528008956         0.672528333168         0.672528669834         0.672529019093         0.672529381036         0.672529755730         0.672530143230         0.672530543583         0.672530956830         0.672531383007         0.672531822145         0.672532274272         0.672532739409         0.672533217574         0.672533708780         0.672534213038         0.672534730349         0.672535260714         0.672535804128         0.672536360580         0.672536930055         0.672537512533         0.672538107983         0.672538716369         0.672539337635         0.672539971693         0.672540618390         0.672541277421         0.672541948142         0.672542629131         0.672543317154         0.672544004756         0.672544674593         0.672545286080         0.672545743856         0.672545823126         0.672544992642         0.672541994603         0.672533848007         0.672513489675         0.672464221503         0.672346770272         0.672069352375         0.671414990972         0.669856007339         0.666078852657         0.656643837654         0.631849015485         0.549810939715         0.000000000000
        0.563132392064         0.660035204306         0.674903435006         0.675648308220         0.674509363452         0.673574659889         0.672947539873         0.672578383847         0.672429162382         0.672362689243         0.672332717537         0.672319083362         0.672313075023         0.672312003409         0.672318243800         0.672344484943         0.672457146367         0.672480953100         0.672490355830         0.672493964761         0.672495289141         0.672495749805         0.672495893990         0.672495926796         0.672495924355         0.672495914907         0.672495908968         0.672495910457         0.672495920760         0.672495940176         0.672495968355         0.672496004366         0.672496046794         0.672496094609         0.672496150938         0.672496235728         0.672496422798         0.672496936254         0.672498360610         0.672501897932         0.672508547336         0.672516079905         0.672525626226         0.672525847815         0.672526048544         0.672526292721         0.672526555774         0.672526827592         0.672527107384         0.672527396710         0.672527696954         0.672528008956         0.672528333168         0.672528669834         0.672529019093         0.672529381036         0.672529755730         0.672530143230         0.672530543583         0.672530956830         0.672531383007         0.672531822145         0.672532274272         0.672532739408         0.672533217574         0.672533708780         0.672534213037         0.672534730349         0.672535260714         0.672535804128         0.672536360580         0.672536930055         0.672537512533         0.672538107983         0.672538716369         0.672539337635         0.672539971693         0.672540618390         0.672541277421         0.672541948142         0.672542629131         0.672543317154         0.672544004756         0.672544674593         0.672545286080         0.672545743856         0.672545823126         0.672544992643         0.672541994603         0.672533848008         0.672513489676         0.672464221505         0.672346770274         0.672069352376         0.671414990965         0.669856007293         0.666078852218         0.656643837633         0.631849015473         0.549810939713         0.000000000000
        0.563132399802         0.660035217822         0.674903449675         0.675648313255         0.674509304149         0.673573905129         0.672940364970         0.672578217043         0.672429651799         0.672362902963         0.672332792089         0.672319107012         0.672313081971         0.672312005260         0.672318244210         0.672344484990         0.672457146344         0.672480953076         0.672490355814         0.672493964753         0.672495289137         0.672495749803         0.672495893989         0.672495926796         0.672495924355         0.672495914907         0.672495908968         0.672495910456         0.672495920759         0.672495940176         0.672495968355         0.672496004366         0.672496046795         0.672496094609         0.672496150938         0.672496235728         0.672496422798         0.672496936254         0.672498360610         0.672501897932         0.672508547336         0.672516079905         0.672525626226         0.672525847815         0.672526048544         0.672526292721         0.672526555774         0.672526827592         0.672527107385         0.672527396710         0.672527696954         0.672528008956         0.672528333168         0.672528669834         0.672529019093         0.672529381036         0.672529755730         0.672530143230         0.672530543583         0.672530956830         0.672531383007         0.672531822145         0.672532274272         0.672532739408         0.672533217574         0.672533708780         0.672534213037         0.672534730349         0.672535260714         0.672535804128         0.672536360580         0.672536930055         0.672537512532         0.672538107983         0.672538716369         0.672539337635         0.672539971693         0.672540618390         0.672541277421         0.672541948142         0.672542629131         0.672543317154         0.672544004756         0.672544674593         0.672545286081         0.672545743857         0.672545823127         0.672544992644         0.672541994606         0.672533848013         0.672513489685         0.672464221520         0.672346770292         0.672069352384         0.671414990906         0.669856006901         0.666078848553         0.656643837453         0.631849015368         0.549810939697         0.000000000000
        0.563132402163         0.660035223548         0.674903459843         0.675648330152         0.674509320094         0.673573660679         0.672937632924         0.672578182276         0.672429840119         0.672362983794         0.672332820966         0.672319116676         0.672313085075         0.672312006218         0.672318244490         0.672344485066         0.672457146361         0.672480953077         0.672490355813         0.672493964751         0.672495289136         0.672495749802         0.672495893989         0.672495926795         0.672495924355         0.672495914907         0.672495908968         0.672495910456         0.672495920759         0.672495940176         0.672495968355         0.672496004366         0.672496046794         0.672496094609         0.672496150938         0.672496235728         0.672496422798         0.672496936255         0.672498360610         0.672501897931         0.672508547336         0.672516079904         0.672525626226         0.672525847815         0.672526048544         0.672526292721         0.672526555774         0.672526827592         0.672527107384         0.672527396710         0.672527696954         0.672528008956         0.672528333168         0.672528669834         0.672529019093         0.672529381036         0.672529755730         0.672530143230         0.672530543583         0.672530956830         0.672531383007         0.672531822145         0.672532274272         0.672532739408         0.672533217574         0.672533708780         0.672534213038         0.672534730349         0.672535260714         0.672535804128         0.672536360580         0.672536930055         0.672537512532         0.672538107983         0.672538716369         0.672539337634         0.672539971693         0.672540618390         0.672541277421         0.672541948142         0.672542629131         0.672543317154         0.672544004757         0.672544674594         0.672545286082         0.672545743859         0.672545823133         0.672544992656         0.672541994630         0.672533848057         0.672513489762         0.672464221640         0.672346770441         0.672069352444         0.671414990415         0.669856003646         0.666078818091         0.656643835957         0.631849014500         0.549810939557         0.000000000000
        0.563132402804         0.660035225414         0.674903463768         0.675648337331         0.674509327822         0.673573574280         0.672936731637         0.672578177490         0.672429905578         0.672363011489         0.672332830852         0.672319120013         0.672313086165         0.672312006564         0.672318244597         0.672344485096         0.672457146369         0.672480953079         0.672490355812         0.672493964751         0.672495289136         0.672495749802         0.672495893989         0.672495926795         0.672495924355         0.672495914907         0.672495908968         0.672495910457         0.672495920760         0.672495940176         0.672495968355         0.672496004366         0.672496046795         0.672496094610         0.672496150938         0.672496235728         0.672496422798         0.672496936255         0.672498360610         0.672501897932         0.672508547336         0.672516079905         0.672525626226         0.672525847815         0.672526048544         0.672526292721         0.672526555774         0.672526827592         0.672527107384         0.672527396710         0.672527696954         0.672528008956         0.672528333168         0.672528669834         0.672529019093         0.672529381036         0.672529755730         0.672530143230         0.672530543583         0.672530956830         0.672531383007         0.672531822145         0.672532274272         0.672532739409         0.672533217574         0.672533708780         0.672534213037         0.672534730349         0.672535260714         0.672535804128         0.672536360580         0.672536930055         0.672537512532         0.672538107983         0.672538716369         0.672539337635         0.672539971693         0.672540618390         0.672541277421         0.672541948142         0.672542629131         0.672543317155         0.672544004759         0.672544674600         0.672545286094         0.672545743883         0.672545823182         0.672544992755         0.672541994821         0.672533848414         0.672513490387         0.672464222619         0.672346771652         0.672069352938         0.671414986424         0.669855977164         0.666078570356         0.656643823745         0.631849007430         0.549810938417         0.000000000000
        0.563132403522         0.660035226272         0.674903465214         0.675648339846         0.674509330238         0.673573543602         0.672936432165         0.672578177896         0.672429928231         0.672363020996         0.672332834231         0.672319121151         0.672313086537         0.672312006682         0.672318244633         0.672344485107         0.672457146371         0.672480953079         0.672490355812         0.672493964751         0.672495289135         0.672495749802         0.672495893989         0.672495926795         0.672495924355         0.672495914907         0.672495908968         0.672495910456         0.672495920760         0.672495940176         0.672495968355         0.672496004366         0.672496046794         0.672496094609         0.672496150938         0.672496235728         0.672496422798         0.672496936255         0.672498360610         0.672501897932         0.672508547336         0.672516079905         0.672525626226         0.672525847815         0.672526048544         0.672526292721         0.672526555774         0.672526827592         0.672527107385         0.672527396710         0.672527696954         0.672528008956         0.672528333168         0.672528669834         0.672529019093         0.672529381036         0.672529755730         0.672530143230         0.672530543583         0.672530956830         0.672531383007         0.672531822145         0.672532274272         0.672532739408         0.672533217574         0.672533708780         0.672534213037         0.672534730349         0.672535260714         0.672535804128         0.672536360580         0.672536930055         0.672537512532         0.672538107983         0.672538716369         0.672539337635         0.672539971694         0.672540618391         0.672541277422         0.672541948144         0.672542629135         0.672543317164         0.672544004777         0.672544674638         0.672545286175         0.672545744051         0.672545823524         0.672544993438         0.672541996148         0.672533850888         0.672513494713         0.672464229397         0.672346780031         0.672069356336         0.671414958721         0.669855793313         0.666076852915         0.656643737015         0.631848958084         0.549810930445         0.000000000000
        0.563150572947         0.660355061800         0.675375432179         0.676222375895         0.675127145048         0.674232750115         0.673706724629         0.673429111868         0.673295764603         0.673231336801         0.673200882411         0.673186627004         0.673179972188         0.673176813490         0.673175121968         0.673174252537         0.673180876509         0.673180178595         0.673179431339         0.673179161394         0.673179052506         0.673179003890         0.673178974359         0.673178949931         0.673178926535         0.673178903190         0.673178879750         0.673178856244         0.673178832716         0.673178809200         0.673178785728         0.673178762340         0.673178739107         0.673178716164         0.673178693752         0.673178672284         0.673178652362         0.673178634436         0.673178616583         0.673178581491         0.673178423397         0.673177560259         0.673177349214         0.673177381415         0.673177415531         0.673177429257         0.673177425909         0.673177413469         0.673177396774         0.673177378192         0.673177358801         0.673177339081         0.673177319245         0.673177299388         0.673177279553         0.673177259760         0.673177240019         0.673177220334         0.673177200708         0.673177181142         0.673177161638         0.673177142197         0.673177122819         0.673177103506         0.673177084257         0.673177065074         0.673177045956         0.673177026905         0.673177007921         0.673176989004         0.673176970154         0.673176951370         0.673176932650         0.673176913986         0.673176895362         0.673176876742         0.673176858044         0.673176839083         0.673176819446         0.673176798205         0.673176773281         0.673176739995         0.673176687822         0.673176593032         0.673176402031         0.673175993550         0.673175092593         0.673173074075         0.673168513291         0.673158152920         0.673134519369         0.673080402065         0.672956175740         0.672668184320         0.671996871665         0.670411277562         0.666601727101         0.657174937470         0.632265587705         0.549980598714         0.000000000000
        0.563150594959         0.660358193267         0.675385681981         0.676237198450         0.675144900558         0.674251295012         0.673731843245         0.673460070164         0.673325499228         0.673259995473         0.673228655145         0.673213837191         0.673206973731         0.673203485305         0.673202074372         0.673201404109         0.673201433855         0.673201287817         0.673201210393         0.673201174741         0.673201151072         0.673201132911         0.673201117445         0.673201103297         0.673201089788         0.673201076586         0.673201063529         0.673201050543         0.673201037590         0.673201024655         0.673201011731         0.673200998818         0.673200985921         0.673200973047         0.673200960209         0.673200947413         0.673200934623         0.673200921622         0.673200907530         0.673200889122         0.673200855432         0.673200770036         0.673200723574         0.673200709104         0.673200697618         0.673200686087         0.673200674179         0.673200662021         0.673200649729         0.673200637373         0.673200624989         0.673200612597         0.673200600204         0.673200587817         0.673200575436         0.673200563063         0.673200550700         0.673200538354         0.673200526047         0.673200513844         0.673200501914         0.673200490685         0.673200481157         0.673200475497         0.673200477843         0.673200493969         0.673200522539         0.673200544658         0.673200592724         0.673200588270         0.673200578130         0.673200567113         0.673200556046         0.673200545016         0.673200534000         0.673200522947         0.673200511771         0.673200500281         0.673200488058         0.673200474161         0.673200456478         0.673200430264         0.673200384840         0.673200296135         0.673200109822         0.673199703114         0.673198798076         0.673196764637         0.673192171988         0.673181766169         0.673158092534         0.673103907132         0.672979484553         0.672691407824         0.672018901975         0.670432690470         0.666624452234         0.657202907862         0.632286856905         0.549983743696         0.000000000000
        0.563150568471         0.660358236595         0.675386009401         0.676237937355         0.675146026720         0.674252792330         0.673733536948         0.673462328182         0.673327667951         0.673262550288         0.673231608438         0.673216975198         0.673210111923         0.673206879565         0.673205412459         0.673204724968         0.673204421908         0.673204266310         0.673204191263         0.673204151009         0.673204125477         0.673204106621         0.673204090856         0.673204076522         0.673204062851         0.673204049483         0.673204036253         0.673204023084         0.673204009943         0.673203996819         0.673203983721         0.673203970682         0.673203957795         0.673203945271         0.673203933563         0.673203923506         0.673203916296         0.673203912525         0.673203899323         0.673203766345         0.673203680525         0.673203696201         0.673203728529         0.673203737567         0.673203733039         0.673203722477         0.673203709430         0.673203695387         0.673203680952         0.673203666369         0.673203651737         0.673203637094         0.673203622458         0.673203607835         0.673203593228         0.673203578638         0.673203564064         0.673203549507         0.673203534963         0.673203520426         0.673203505884         0.673203491309         0.673203476645         0.673203461798         0.673203446677         0.673203431513         0.673203416176         0.673203408961         0.673203405434         0.673203390544         0.673203375322         0.673203360501         0.673203345936         0.673203331501         0.673203317117         0.673203302715         0.673203288195         0.673203273363         0.673203257798         0.673203240561         0.673203219549         0.673203190045         0.673203141441         0.673203049848         0.673202861374         0.673202454210         0.673201552454         0.673199529641         0.673194959253         0.673184583341         0.673160916077         0.673106558551         0.672981810867         0.672693596995         0.672021069533         0.670434444346         0.666626115479         0.657204679684         0.632288278120         0.549983767417         0.000000000000
        0.563150565916         0.660358225684         0.675386017416         0.676237997830         0.675146151504         0.674253013094         0.673733764449         0.673462607774         0.673327974059         0.673262908757         0.673231973391         0.673217386618         0.673210501996         0.673207274139         0.673205806538         0.673205116916         0.673204792083         0.673204633543         0.673204554658         0.673204511684         0.673204484995         0.673204465771         0.673204449979         0.673204435763         0.673204422268         0.673204409100         0.673204396080         0.673204383123         0.673204370193         0.673204357274         0.673204344362         0.673204331469         0.673204318632         0.673204305946         0.673204293603         0.673204281949         0.673204271866         0.673204274072         0.673204325588         0.673204246084         0.673204165048         0.673204178226         0.673204152872         0.673204118688         0.673204123071         0.673204113602         0.673204098749         0.673204082965         0.673204067486         0.673204052443         0.673204037714         0.673204023174         0.673204008742         0.673203994372         0.673203980042         0.673203965739         0.673203951458         0.673203937197         0.673203922954         0.673203908726         0.673203894511         0.673203880300         0.673203866078         0.673203851815         0.673203837478         0.673203823280         0.673203810658         0.673203799567         0.673203788122         0.673203774096         0.673203759892         0.673203745782         0.673203731742         0.673203717738         0.673203703739         0.673203689698         0.673203675529         0.673203661043         0.673203645821         0.673203628925         0.673203608255         0.673203579093         0.673203530835         0.673203439595         0.673203251496         0.673202844760         0.673201943570         0.673199921698         0.673195353221         0.673184979915         0.673161325097         0.673106964198         0.672982207901         0.672693971542         0.672021443783         0.670434731718         0.666626329110         0.657204875554         0.632288410104         0.549983772064         0.000000000000
        0.563150565518         0.660358222510         0.675386015405         0.676238003905         0.675146167215         0.674253053144         0.673733802924         0.673462655656         0.673328017203         0.673262951043         0.673232012796         0.673217444463         0.673210629348         0.673207453132         0.673205981259         0.673205294874         0.673204972316         0.673204816750         0.673204738883         0.673204696389         0.673204670049         0.673204651103         0.673204635543         0.673204621532         0.673204608228         0.673204595246         0.673204582408         0.673204569635         0.673204556889         0.673204544158         0.673204531443         0.673204518764         0.673204506180         0.673204493829         0.673204482003         0.673204471243         0.673204462625         0.673204461140         0.673204456911         0.673204339473         0.673204261081         0.673204274660         0.673204302834         0.673204306867         0.673204303608         0.673204294240         0.673204282065         0.673204268756         0.673204255010         0.673204241104         0.673204227145         0.673204213178         0.673204199218         0.673204185272         0.673204171342         0.673204157431         0.673204143537         0.673204129661         0.673204115803         0.673204101963         0.673204088140         0.673204074333         0.673204060537         0.673204046747         0.673204032958         0.673204019257         0.673204006025         0.673203993145         0.673203980055         0.673203966441         0.673203952779         0.673203939145         0.673203925537         0.673203911941         0.673203898339         0.673203884691         0.673203870912         0.673203856816         0.673203841984         0.673203825481         0.673203805209         0.673203776458         0.673203728643         0.673203637920         0.673203450507         0.673203044844         0.673202145566         0.673200126969         0.673195556961         0.673185122196         0.673161420108         0.673107060117         0.672982301153         0.672694047844         0.672021623160         0.670434987408         0.666626357463         0.657204895457         0.632288422711         0.549983772553         0.000000000000
        0.563150565426         0.660358221694         0.675386014524         0.676238004628         0.675146169420         0.674253062032         0.673733810594         0.673462665664         0.673328024736         0.673262957836         0.673232019201         0.673217456422         0.673210648313         0.673207477593         0.673206004363         0.673205317584         0.673204994636         0.673204839226         0.673204761176         0.673204718574         0.673204692212         0.673204673292         0.673204657779         0.673204643823         0.673204630579         0.673204617658         0.673204604882         0.673204592170         0.673204579488         0.673204566820         0.673204554171         0.673204541561         0.673204529056         0.673204516806         0.673204505126         0.673204494605         0.673204486240         0.673204482743         0.673204474928         0.673204355411         0.673204278382         0.673204294998         0.673204327565         0.673204334955         0.673204330387         0.673204320252         0.673204307807         0.673204294447         0.673204280736         0.673204266896         0.673204253017         0.673204239133         0.673204225258         0.673204211397         0.673204197553         0.673204183726         0.673204169917         0.673204156126         0.673204142354         0.673204128601         0.673204114866         0.673204101148         0.673204087449         0.673204073765         0.673204060098         0.673204046475         0.673204032970         0.673204019561         0.673204006105         0.673203992556         0.673203979009         0.673203965479         0.673203951966         0.673203938461         0.673203924947         0.673203911385         0.673203897693         0.673203883682         0.673203868936         0.673203852518         0.673203832329         0.673203803657         0.673203755911         0.673203665237         0.673203477824         0.673203072053         0.673202172428         0.673200153154         0.673195586072         0.673185209039         0.673161489341         0.673107073356         0.672982320068         0.672694067585         0.672021645242         0.670435018591         0.666626364151         0.657204898676         0.632288424264         0.549983772664         0.000000000000
        0.563150565408         0.660358221473         0.675386014224         0.676238004727         0.675146169758         0.674253064326         0.673733812349         0.673462668061         0.673328026258         0.673262959149         0.673232020536         0.673217459316         0.673210652264         0.673207482702         0.673206009251         0.673205322455         0.673204999443         0.673204844108         0.673204766017         0.673204723387         0.673204697021         0.673204678111         0.673204662613         0.673204648676         0.673204635451         0.673204622550         0.673204609794         0.673204597104         0.673204584442         0.673204571795         0.673204559167         0.673204546580         0.673204534100         0.673204521879         0.673204510242         0.673204499782         0.673204491449         0.673204487317         0.673204479222         0.673204359386         0.673204282629         0.673204300146         0.673204333180         0.673204341288         0.673204336548         0.673204326271         0.673204313770         0.673204300402         0.673204286701         0.673204272882         0.673204259025         0.673204245165         0.673204231315         0.673204217479         0.673204203659         0.673204189858         0.673204176074         0.673204162309         0.673204148562         0.673204134834         0.673204121124         0.673204107433         0.673204093761         0.673204080107         0.673204066473         0.673204052865         0.673204039297         0.673204025765         0.673204012237         0.673203998705         0.673203985187         0.673203971687         0.673203958201         0.673203944722         0.673203931233         0.673203917697         0.673203904030         0.673203890045         0.673203875324         0.673203858931         0.673203838767         0.673203810119         0.673203762396         0.673203671739         0.673203484335         0.673203078549         0.673202178872         0.673200159634         0.673195594852         0.673185219830         0.673161499482         0.673107075910         0.672982322868         0.672694070185         0.672021646106         0.670435021869         0.666626365225         0.657204899136         0.632288424466         0.549983772681         0.000000000000
        0.563150565400         0.660358221409         0.675386014125         0.676238004740         0.675146169809         0.674253064975         0.673733812795         0.673462668693         0.673328026601         0.673262959443         0.673232020866         0.673217460089         0.673210653229         0.673207483946         0.673206010448         0.673205323661         0.673205000636         0.673204845328         0.673204767226         0.673204724589         0.673204698223         0.673204679316         0.673204663824         0.673204649893         0.673204636675         0.673204623780         0.673204611031         0.673204598347         0.673204585691         0.673204573052         0.673204560431         0.673204547851         0.673204535379         0.673204523168         0.673204511544         0.673204501100         0.673204492773         0.673204488446         0.673204480329         0.673204360424         0.673204283731         0.673204301521         0.673204334624         0.673204342923         0.673204338151         0.673204327842         0.673204315329         0.673204301959         0.673204288263         0.673204274449         0.673204260600         0.673204246748         0.673204232905         0.673204219077         0.673204205265         0.673204191471         0.673204177695         0.673204163938         0.673204150199         0.673204136478         0.673204122777         0.673204109094         0.673204095431         0.673204081786         0.673204068160         0.673204054556         0.673204040976         0.673204027419         0.673204013877         0.673204000350         0.673203986841         0.673203973349         0.673203959872         0.673203946401         0.673203932921         0.673203919393         0.673203905733         0.673203891756         0.673203877043         0.673203860658         0.673203840501         0.673203811861         0.673203764145         0.673203673494         0.673203486094         0.673203080308         0.673202180628         0.673200161439         0.673195597331         0.673185221969         0.673161502032         0.673107076645         0.672982323515         0.672694070497         0.672021645636         0.670435022114         0.666626365401         0.657204899212         0.632288424503         0.549983772685         0.000000000000
        0.563150565401         0.660358221390         0.675386014092         0.676238004741         0.675146169816         0.674253065169         0.673733812918         0.673462668870         0.673328026685         0.673262959517         0.673232020956         0.673217460309         0.673210653487         0.673207484277         0.673206010767         0.673205323984         0.673205000956         0.673204845656         0.673204767552         0.673204724912         0.673204698547         0.673204679641         0.673204664150         0.673204650221         0.673204637005         0.673204624112         0.673204611365         0.673204598684         0.673204586031         0.673204573393         0.673204560774         0.673204548197         0.673204535727         0.673204523520         0.673204511900         0.673204501461         0.673204493135         0.673204488748         0.673204480628         0.673204360705         0.673204284030         0.673204301903         0.673204335022         0.673204343376         0.673204338596         0.673204328280         0.673204315763         0.673204302393         0.673204288698         0.673204274886         0.673204261040         0.673204247190         0.673204233349         0.673204219523         0.673204205714         0.673204191923         0.673204178150         0.673204164395         0.673204150658         0.673204136940         0.673204123241         0.673204109561         0.673204095900         0.673204082258         0.673204068635         0.673204055033         0.673204041450         0.673204027888         0.673204014344         0.673204000819         0.673203987313         0.673203973824         0.673203960349         0.673203946881         0.673203933402         0.673203919877         0.673203906220         0.673203892246         0.673203877535         0.673203861152         0.673203840998         0.673203812361         0.673203764646         0.673203673998         0.673203486599         0.673203080814         0.673202181134         0.673200161965         0.673195598055         0.673185222510         0.673161502743         0.673107076841         0.672982323667         0.672694070496         0.672021645391         0.670435022084         0.666626365427         0.657204899226         0.632288424512         0.549983772686         0.000000000000
        0.563150565397         0.660358221384         0.675386014082         0.676238004741         0.675146169816         0.674253065228         0.673733812953         0.673462668922         0.673328026707         0.673262959536         0.673232020982         0.673217460373         0.673210653560         0.673207484371         0.673206010856         0.673205324075         0.673205001045         0.673204845749         0.673204767643         0.673204725004         0.673204698639         0.673204679733         0.673204664243         0.673204650315         0.673204637099         0.673204624207         0.673204611460         0.673204598779         0.673204586127         0.673204573490         0.673204560872         0.673204548296         0.673204535827         0.673204523620         0.673204512001         0.673204501565         0.673204493238         0.673204488833         0.673204480712         0.673204360784         0.673204284113         0.673204302013         0.673204335136         0.673204343508         0.673204338725         0.673204328406         0.673204315889         0.673204302519         0.673204288824         0.673204275013         0.673204261167         0.673204247318         0.673204233478         0.673204219654         0.673204205845         0.673204192055         0.673204178282         0.673204164528         0.673204150792         0.673204137075         0.673204123377         0.673204109698         0.673204096037         0.673204082396         0.673204068774         0.673204055172         0.673204041589         0.673204028026         0.673204014482         0.673204000958         0.673203987452         0.673203973964         0.673203960490         0.673203947023         0.673203933545         0.673203920020         0.673203906364         0.673203892391         0.673203877681         0.673203861299         0.673203841145         0.673203812509         0.673203764795         0.673203674147         0.673203486749         0.673203080964         0.673202181284         0.673200162122         0.673195598273         0.673185222664         0.673161502951         0.673107076893         0.672982323703         0.672694070477         0.672021645303         0.670435022059         0.666626365430         0.657204899229         0.632288424514         0.549983772686         0.000000000000
        0.563150565401         0.660358221383         0.675386014078         0.676238004741         0.675146169815         0.674253065247         0.673733812964         0.673462668938         0.673328026713         0.673262959541         0.673232020990         0.673217460393         0.673210653581         0.673207484398         0.673206010882         0.673205324102         0.673205001072         0.673204845776         0.673204767670         0.673204725030         0.673204698665         0.673204679760         0.673204664270         0.673204650342         0.673204637126         0.673204624234         0.673204611488         0.673204598808         0.673204586156         0.673204573519         0.673204560901         0.673204548325         0.673204535856         0.673204523650         0.673204512031         0.673204501595         0.673204493269         0.673204488858         0.673204480737         0.673204360806         0.673204284137         0.673204302046         0.673204335170         0.673204343546         0.673204338764         0.673204328444         0.673204315927         0.673204302556         0.673204288862         0.673204275051         0.673204261205         0.673204247356         0.673204233517         0.673204219692         0.673204205884         0.673204192094         0.673204178322         0.673204164568         0.673204150832         0.673204137115         0.673204123417         0.673204109738         0.673204096078         0.673204082437         0.673204068816         0.673204055213         0.673204041631         0.673204028068         0.673204014524         0.673204001000         0.673203987495         0.673203974006         0.673203960533         0.673203947065         0.673203933588         0.673203920064         0.673203906408         0.673203892434         0.673203877725         0.673203861343         0.673203841190         0.673203812553         0.673203764840         0.673203674193         0.673203486794         0.673203081009         0.673202181330         0.673200162170         0.673195598340         0.673185222709         0.673161503014         0.673107076908         0.672982323712         0.672694070469         0.672021645275         0.670435022050         0.666626365430         0.657204899229         0.632288424515         0.549983772686         0.000000000000
        0.563150565397         0.660358221382         0.675386014077         0.676238004741         0.675146169815         0.674253065253         0.673733812967         0.673462668943         0.673328026715         0.673262959543         0.673232020992         0.673217460399         0.673210653588         0.673207484406         0.673206010889         0.673205324110         0.673205001080         0.673204845784         0.673204767678         0.673204725038         0.673204698673         0.673204679768         0.673204664278         0.673204650350         0.673204637134         0.673204624243         0.673204611497         0.673204598816         0.673204586164         0.673204573528         0.673204560910         0.673204548333         0.673204535865         0.673204523659         0.673204512040         0.673204501604         0.673204493278         0.673204488865         0.673204480744         0.673204360813         0.673204284144         0.673204302056         0.673204335180         0.673204343558         0.673204338775         0.673204328455         0.673204315938         0.673204302568         0.673204288874         0.673204275063         0.673204261217         0.673204247368         0.673204233529         0.673204219704         0.673204205896         0.673204192106         0.673204178334         0.673204164580         0.673204150844         0.673204137128         0.673204123429         0.673204109751         0.673204096091         0.673204082450         0.673204068828         0.673204055226         0.673204041643         0.673204028080         0.673204014537         0.673204001013         0.673203987507         0.673203974019         0.673203960546         0.673203947079         0.673203933601         0.673203920077         0.673203906421         0.673203892448         0.673203877738         0.673203861356         0.673203841203         0.673203812567         0.673203764854         0.673203674206         0.673203486808         0.673203081023         0.673202181344         0.673200162184         0.673195598361         0.673185222723         0.673161503033         0.673107076912         0.672982323714         0.672694070466         0.672021645267         0.670435022047         0.666626365430         0.657204899229         0.632288424515         0.549983772686         0.000000000000
        0.563150565396         0.660358221382         0.675386014077         0.676238004741         0.675146169815         0.674253065255         0.673733812968         0.673462668945         0.673328026715         0.673262959543         0.673232020993         0.673217460401         0.673210653589         0.673207484408         0.673206010892         0.673205324112         0.673205001082         0.673204845786         0.673204767680         0.673204725041         0.673204698676         0.673204679770         0.673204664280         0.673204650352         0.673204637137         0.673204624245         0.673204611499         0.673204598818         0.673204586166         0.673204573530         0.673204560912         0.673204548336         0.673204535867         0.673204523662         0.673204512043         0.673204501607         0.673204493281         0.673204488867         0.673204480746         0.673204360815         0.673204284146         0.673204302058         0.673204335183         0.673204343562         0.673204338779         0.673204328459         0.673204315941         0.673204302571         0.673204288877         0.673204275066         0.673204261220         0.673204247371         0.673204233532         0.673204219708         0.673204205900         0.673204192109         0.673204178337         0.673204164583         0.673204150848         0.673204137131         0.673204123433         0.673204109754         0.673204096094         0.673204082454         0.673204068832         0.673204055230         0.673204041647         0.673204028084         0.673204014541         0.673204001017         0.673203987511         0.673203974023         0.673203960550         0.673203947083         0.673203933605         0.673203920081         0.673203906425         0.673203892452         0.673203877742         0.673203861360         0.673203841208         0.673203812571         0.673203764858         0.673203674211         0.673203486812         0.673203081027         0.673202181348         0.673200162189         0.673195598367         0.673185222728         0.673161503039         0.673107076913         0.672982323715         0.672694070464         0.672021645265         0.670435022046         0.666626365430         0.657204899229         0.632288424515         0.549983772686         0.000000000000
        0.563150565398         0.660358221382         0.675386014077         0.676238004741         0.675146169815         0.674253065255         0.673733812969         0.673462668945         0.673328026715         0.673262959543         0.673232020993         0.673217460401         0.673210653590         0.673207484409         0.673206010893         0.673205324113         0.673205001083         0.673204845787         0.673204767681         0.673204725042         0.673204698676         0.673204679771         0.673204664281         0.673204650353         0.673204637138         0.673204624246         0.673204611500         0.673204598819         0.673204586167         0.673204573531         0.673204560913         0.673204548337         0.673204535868         0.673204523662         0.673204512044         0.673204501608         0.673204493282         0.673204488868         0.673204480747         0.673204360816         0.673204284147         0.673204302059         0.673204335184         0.673204343563         0.673204338780         0.673204328460         0.673204315943         0.673204302572         0.673204288878         0.673204275067         0.673204261221         0.673204247373         0.673204233533         0.673204219709         0.673204205901         0.673204192110         0.673204178338         0.673204164584         0.673204150849         0.673204137132         0.673204123434         0.673204109755         0.673204096095         0.673204082455         0.673204068833         0.673204055231         0.673204041649         0.673204028086         0.673204014542         0.673204001018         0.673203987512         0.673203974025         0.673203960551         0.673203947084         0.673203933607         0.673203920082         0.673203906427         0.673203892453         0.673203877744         0.673203861362         0.673203841209         0.673203812573         0.673203764859         0.673203674212         0.673203486814         0.673203081029         0.673202181350         0.673200162190         0.673195598369         0.673185222729         0.673161503041         0.673107076913         0.672982323715         0.672694070464         0.672021645264         0.670435022046         0.666626365430         0.657204899229         0.632288424515         0.549983772686         0.000000000000
        0.563150565403         0.660358221382         0.675386014077         0.676238004741         0.675146169815         0.674253065255         0.673733812969         0.673462668945         0.673328026715         0.673262959543         0.673232020993         0.673217460401         0.673210653590         0.673207484409         0.673206010893         0.673205324113         0.673205001083         0.673204845787         0.673204767682         0.673204725042         0.673204698676         0.673204679771         0.673204664281         0.673204650354         0.673204637138         0.673204624246         0.673204611500         0.673204598819         0.673204586168         0.673204573531         0.673204560913         0.673204548337         0.673204535869         0.673204523663         0.673204512044         0.673204501609         0.673204493282         0.673204488868         0.673204480747         0.673204360816         0.673204284147         0.673204302060         0.673204335184         0.673204343563         0.673204338780         0.673204328460         0.673204315943         0.673204302572         0.673204288878         0.673204275068         0.673204261222         0.673204247373         0.673204233534         0.673204219709         0.673204205901         0.673204192111         0.673204178339         0.673204164585         0.673204150849         0.673204137133         0.673204123435         0.673204109756         0.673204096096         0.673204082455         0.673204068833         0.673204055231         0.673204041649         0.673204028086         0.673204014542         0.673204001018         0.673203987513         0.673203974025         0.673203960551         0.673203947084         0.673203933607         0.673203920083         0.673203906427         0.673203892454         0.673203877744         0.673203861362         0.673203841209         0.673203812573         0.673203764860         0.673203674212         0.673203486814         0.673203081029         0.673202181350         0.673200162191         0.673195598370         0.673185222730         0.673161503041         0.673107076913         0.672982323715         0.672694070464         0.672021645264         0.670435022046         0.666626365430         0.657204899230         0.632288424515         0.549983772686         0.000000000000
        0.563150565399         0.660358221382         0.675386014077         0.676238004741         0.675146169815         0.674253065256         0.673733812969         0.673462668945         0.673328026715         0.673262959543         0.673232020993         0.673217460402         0.673210653590         0.673207484409         0.673206010893         0.673205324113         0.673205001083         0.673204845787         0.673204767682         0.673204725042         0.673204698677         0.673204679771         0.673204664282         0.673204650354         0.673204637138         0.673204624246         0.673204611501         0.673204598820         0.673204586168         0.673204573531         0.673204560913         0.673204548337         0.673204535869         0.673204523663         0.673204512045         0.673204501609         0.673204493282         0.673204488868         0.673204480747         0.673204360816         0.673204284147         0.673204302059         0.673204335185         0.673204343564         0.673204338780         0.673204328460         0.673204315943         0.673204302573         0.673204288878         0.673204275068         0.673204261222         0.673204247373         0.673204233534         0.673204219709         0.673204205901         0.673204192111         0.673204178339         0.673204164585         0.673204150850         0.673204137133         0.673204123435         0.673204109756         0.673204096096         0.673204082455         0.673204068834         0.673204055232         0.673204041649         0.673204028086         0.673204014542         0.673204001018         0.673203987513         0.673203974025         0.673203960551         0.673203947084         0.673203933607         0.673203920083         0.673203906427         0.673203892454         0.673203877744         0.673203861362         0.673203841209         0.673203812573         0.673203764860         0.673203674213         0.673203486814         0.673203081029         0.673202181350         0.673200162191         0.673195598370         0.673185222730         0.673161503042         0.673107076913         0.672982323715         0.672694070464         0.672021645264         0.670435022046         0.666626365430         0.657204899229         0.632288424515         0.549983772686         0.000000000000
        0.563150565389         0.660358221379         0.675386014076         0.676238004740         0.675146169815         0.674253065256         0.673733812969         0.673462668945         0.673328026715         0.673262959543         0.673232020993         0.673217460401         0.673210653590         0.673207484409         0.673206010893         0.673205324113         0.673205001083         0.673204845787         0.673204767681         0.673204725042         0.673204698677         0.673204679771         0.673204664282         0.673204650354         0.673204637138         0.673204624246         0.673204611500         0.673204598819         0.673204586167         0.673204573531         0.673204560913         0.673204548337         0.673204535869         0.673204523663         0.673204512044         0.673204501609         0.673204493282         0.673204488868         0.673204480747         0.673204360816         0.673204284147         0.673204302060         0.673204335185         0.673204343564         0.673204338780         0.673204328460         0.673204315943         0.673204302573         0.673204288878         0.673204275068         0.673204261222         0.673204247373         0.673204233534         0.673204219709         0.673204205901         0.673204192111         0.673204178339         0.673204164585         0.673204150850         0.673204137133         0.673204123435         0.673204109756         0.673204096096         0.673204082455         0.673204068834         0.673204055232         0.673204041649         0.673204028086         0.673204014543         0.673204001018         0.673203987513         0.673203974025         0.673203960551         0.673203947084         0.673203933607         0.673203920083         0.673203906427         0.673203892454         0.673203877744         0.673203861362         0.673203841209         0.673203812573         0.673203764860         0.673203674213         0.673203486815         0.673203081030         0.673202181350         0.673200162191         0.673195598370         0.673185222730         0.673161503042         0.673107076913         0.672982323715         0.672694070464         0.672021645264         0.670435022046         0.666626365430         0.657204899230         0.632288424515         0.549983772686         0.000000000000
        0.563150565398         0.660358221381         0.675386014076         0.676238004741         0.675146169815         0.674253065256         0.673733812969         0.673462668945         0.673328026716         0.673262959543         0.673232020993         0.673217460401         0.673210653590         0.673207484409         0.673206010893         0.673205324114         0.673205001083         0.673204845787         0.673204767682         0.673204725042         0.673204698677         0.673204679771         0.673204664282         0.673204650353         0.673204637138         0.673204624246         0.673204611501         0.673204598820         0.673204586168         0.673204573531         0.673204560913         0.673204548337         0.673204535869         0.673204523663         0.673204512044         0.673204501609         0.673204493282         0.673204488869         0.673204480747         0.673204360816         0.673204284147         0.673204302060         0.673204335185         0.673204343564         0.673204338780         0.673204328461         0.673204315943         0.673204302573         0.673204288878         0.673204275068         0.673204261222         0.673204247373         0.673204233534         0.673204219709         0.673204205901         0.673204192111         0.673204178339         0.673204164585         0.673204150850         0.673204137133         0.673204123435         0.673204109756         0.673204096096         0.673204082455         0.673204068834         0.673204055232         0.673204041649         0.673204028086         0.673204014542         0.673204001018         0.673203987513         0.673203974025         0.673203960551         0.673203947084         0.673203933607         0.673203920083         0.673203906427         0.673203892454         0.673203877744         0.673203861362         0.673203841209         0.673203812573         0.673203764860         0.673203674213         0.673203486815         0.673203081030         0.673202181350         0.673200162191         0.673195598370         0.673185222730         0.673161503041         0.673107076913         0.672982323715         0.672694070464         0.672021645264         0.670435022046         0.666626365430         0.657204899229         0.632288424515         0.549983772686         0.000000000000
        0.563150565396         0.660358221382         0.675386014077         0.676238004741         0.675146169815         0.674253065256         0.673733812969         0.673462668945         0.673328026715         0.673262959543         0.673232020993         0.673217460401         0.673210653590         0.673207484409         0.673206010893         0.673205324113         0.673205001083         0.673204845787         0.673204767682         0.673204725042         0.673204698677         0.673204679771         0.673204664282         0.673204650354         0.673204637138         0.673204624246         0.673204611500         0.673204598820         0.673204586168         0.673204573531         0.673204560913         0.673204548337         0.673204535869         0.673204523663         0.673204512045         0.673204501609         0.673204493282         0.673204488869         0.673204480747         0.673204360816         0.673204284147         0.673204302060         0.673204335185         0.673204343563         0.673204338780         0.673204328460         0.673204315943         0.673204302573         0.673204288878         0.673204275068         0.673204261222         0.673204247373         0.673204233534         0.673204219709         0.673204205901         0.673204192111         0.673204178339         0.673204164585         0.673204150850         0.673204137133         0.673204123435         0.673204109756         0.673204096096         0.673204082455         0.673204068834         0.673204055232         0.673204041649         0.673204028086         0.673204014542         0.673204001018         0.673203987513         0.673203974025         0.673203960551         0.673203947084         0.673203933607         0.673203920083         0.673203906427         0.673203892454         0.673203877744         0.673203861362         0.673203841209         0.673203812573         0.673203764860         0.673203674213         0.673203486815         0.673203081030         0.673202181350         0.673200162191         0.673195598370         0.673185222730         0.673161503042         0.673107076914         0.672982323715         0.672694070464         0.672021645264         0.670435022046         0.666626365430         0.657204899230         0.632288424515         0.549983772686         0.000000000000
        0.563150565398         0.660358221382         0.675386014077         0.676238004741         0.675146169815         0.674253065256         0.673733812969         0.673462668945         0.673328026716         0.673262959543         0.673232020993         0.673217460401         0.673210653590         0.673207484409         0.673206010893         0.673205324113         0.673205001083         0.673204845787         0.673204767682         0.673204725042         0.673204698677         0.673204679771         0.673204664282         0.673204650353         0.673204637138         0.673204624246         0.673204611501         0.673204598820         0.673204586168         0.673204573531         0.673204560913         0.673204548337         0.673204535869         0.673204523663         0.673204512044         0.673204501609         0.673204493282         0.673204488869         0.673204480747         0.673204360816         0.673204284147         0.673204302060         0.673204335185         0.673204343564         0.673204338781         0.673204328460         0.673204315943         0.673204302573         0.673204288878         0.673204275068         0.673204261222         0.673204247373         0.673204233534         0.673204219709         0.673204205901         0.673204192111         0.673204178339         0.673204164585         0.673204150850         0.673204137133         0.673204123435         0.673204109756         0.673204096096         0.673204082455         0.673204068834         0.673204055232         0.673204041649         0.673204028086         0.673204014542         0.673204001018         0.673203987513         0.673203974025         0.673203960551         0.673203947084         0.673203933607         0.673203920083         0.673203906427         0.673203892454         0.673203877744         0.673203861362         0.673203841209         0.673203812573         0.673203764860         0.673203674213         0.673203486814         0.673203081029         0.673202181350         0.673200162191         0.673195598370         0.673185222730         0.673161503042         0.673107076914         0.672982323715         0.672694070464         0.672021645264         0.670435022046         0.666626365430         0.657204899230         0.632288424515         0.549983772686         0.000000000000
        0.563150565397         0.660358221382         0.675386014077         0.676238004741         0.675146169815         0.674253065256         0.673733812969         0.673462668945         0.673328026715         0.673262959543         0.673232020993         0.673217460401         0.673210653590         0.673207484409         0.673206010893         0.673205324113         0.673205001083         0.673204845787         0.673204767682         0.673204725042         0.673204698677         0.673204679771         0.673204664282         0.673204650354         0.673204637138         0.673204624246         0.673204611500         0.673204598820         0.673204586168         0.673204573531         0.673204560913         0.673204548337         0.673204535869         0.673204523663         0.673204512045         0.673204501609         0.673204493282         0.673204488869         0.673204480747         0.673204360816         0.673204284147         0.673204302060         0.673204335184         0.673204343563         0.673204338780         0.673204328460         0.673204315943         0.673204302573         0.673204288878         0.673204275068         0.673204261222         0.673204247373         0.673204233534         0.673204219709         0.673204205901         0.673204192111         0.673204178339         0.673204164585         0.673204150850         0.673204137133         0.673204123435         0.673204109756         0.673204096096         0.673204082455         0.673204068834         0.673204055232         0.673204041649         0.673204028086         0.673204014542         0.673204001018         0.673203987513         0.673203974025         0.673203960551         0.673203947084         0.673203933607         0.673203920083         0.673203906427         0.673203892454         0.673203877744         0.673203861362         0.673203841209         0.673203812573         0.673203764860         0.673203674213         0.673203486815         0.673203081029         0.673202181350         0.673200162191         0.673195598370         0.673185222730         0.673161503041         0.673107076913         0.672982323715         0.672694070464         0.672021645264         0.670435022046         0.666626365430         0.657204899230         0.632288424515         0.549983772686         0.000000000000
        0.563150565398         0.660358221381         0.675386014076         0.676238004741         0.675146169815         0.674253065256         0.673733812969         0.673462668945         0.673328026715         0.673262959543         0.673232020993         0.673217460401         0.673210653590         0.673207484409         0.673206010893         0.673205324114         0.673205001083         0.673204845787         0.673204767682         0.673204725042         0.673204698677         0.673204679771         0.673204664282         0.673204650353         0.673204637138         0.673204624246         0.673204611500         0.673204598820         0.673204586168         0.673204573531         0.673204560913         0.673204548337         0.673204535869         0.673204523663         0.673204512045         0.673204501609         0.673204493282         0.673204488869         0.673204480747         0.673204360816         0.673204284147         0.673204302059         0.673204335184         0.673204343564         0.673204338781         0.673204328461         0.673204315943         0.673204302573         0.673204288878         0.673204275068         0.673204261222         0.673204247373         0.673204233534         0.673204219709         0.673204205901         0.673204192111         0.673204178339         0.673204164585         0.673204150850         0.673204137133         0.673204123435         0.673204109756         0.673204096096         0.673204082455         0.673204068834         0.673204055232         0.673204041649         0.673204028086         0.673204014543         0.673204001018         0.673203987513         0.673203974025         0.673203960551         0.673203947084         0.673203933607         0.673203920083         0.673203906427         0.673203892454         0.673203877744         0.673203861362         0.673203841209         0.673203812573         0.673203764860         0.673203674213         0.673203486815         0.673203081029         0.673202181350         0.673200162191         0.673195598370         0.673185222730         0.673161503042         0.673107076913         0.672982323715         0.672694070464         0.672021645264         0.670435022046         0.666626365430         0.657204899230         0.632288424515         0.549983772686         0.000000000000
        0.563150779845         0.660365595382         0.675396791248         0.676251938126         0.675160547974         0.674267524710         0.673747957361         0.673476926483         0.673342272541         0.673277081341         0.673245979617         0.673231284753         0.673224386336         0.673221164086         0.673219663462         0.673218966004         0.673218641603         0.673218491491         0.673218421836         0.673218389670         0.673218374881         0.673218368121         0.673218365061         0.673218363705         0.673218363132         0.673218362918         0.673218362870         0.673218362895         0.673218362953         0.673218363022         0.673218363085         0.673218363129         0.673218363129         0.673218363042         0.673218362798         0.673218362296         0.673218361594         0.673218362561         0.673218369467         0.673218382259         0.673218393339         0.673218394852         0.673218395007         0.673218395088         0.673218395133         0.673218395172         0.673218395221         0.673218395284         0.673218395357         0.673218395437         0.673218395522         0.673218395609         0.673218395697         0.673218395786         0.673218395877         0.673218395967         0.673218396058         0.673218396150         0.673218396242         0.673218396335         0.673218396427         0.673218396521         0.673218396614         0.673218396708         0.673218396803         0.673218396898         0.673218396993         0.673218397088         0.673218397184         0.673218397279         0.673218397373         0.673218397463         0.673218397546         0.673218397611         0.673218397639         0.673218397583         0.673218397344         0.673218396702         0.673218395179         0.673218391718         0.673218383992         0.673218366860         0.673218328941         0.673218244964         0.673218058651         0.673217644243         0.673216719653         0.673214649490         0.673209995862         0.673199487966         0.673175644742         0.673121229421         0.672996364824         0.672707772569         0.672034922297         0.670447778343         0.666638841753         0.657216137039         0.632296512198         0.549987820954         0.000000000000
        0.563150763656         0.660365720411         0.675397047699         0.676252192576         0.675160822416         0.674267881263         0.673748380289         0.673477390579         0.673342768663         0.673277584967         0.673246492123         0.673231800809         0.673224903338         0.673221679846         0.673220178319         0.673219480802         0.673219157355         0.673219007738         0.673218938672         0.673218906888         0.673218892340         0.673218885752         0.673218882837         0.673218881616         0.673218881174         0.673218881092         0.673218881175         0.673218881333         0.673218881526         0.673218881733         0.673218881944         0.673218882155         0.673218882358         0.673218882547         0.673218882716         0.673218882863         0.673218883037         0.673218883562         0.673218884991         0.673218886802         0.673218888330         0.673218888913         0.673218889254         0.673218889521         0.673218889759         0.673218889985         0.673218890209         0.673218890433         0.673218890657         0.673218890883         0.673218891110         0.673218891336         0.673218891564         0.673218891791         0.673218892019         0.673218892247         0.673218892475         0.673218892703         0.673218892931         0.673218893160         0.673218893388         0.673218893617         0.673218893846         0.673218894075         0.673218894304         0.673218894533         0.673218894762         0.673218894991         0.673218895220         0.673218895448         0.673218895674         0.673218895896         0.673218896110         0.673218896303         0.673218896454         0.673218896514         0.673218896375         0.673218895806         0.673218894304         0.673218890769         0.673218882799         0.673218865126         0.673218826162         0.673218740326         0.673218550926         0.673218131734         0.673217200013         0.673215119237         0.673210450900         0.673199926180         0.673176072501         0.673121682316         0.672996856301         0.672708321242         0.672035495669         0.670448372769         0.666639506221         0.657216856134         0.632297023985         0.549987972202         0.000000000000
        0.563150761655         0.660365737814         0.675397072968         0.676252210228         0.675160831516         0.674267888128         0.673748391978         0.673477404844         0.673342780348         0.673277595950         0.673246503014         0.673231810490         0.673224911758         0.673221685665         0.673220184357         0.673219487072         0.673219163891         0.673219014443         0.673218945519         0.673218913856         0.673218899408         0.673218892900         0.673218890052         0.673218888887         0.673218888495         0.673218888459         0.673218888585         0.673218888785         0.673218889019         0.673218889269         0.673218889525         0.673218889783         0.673218890040         0.673218890296         0.673218890549         0.673218890802         0.673218891070         0.673218891395         0.673218891804         0.673218892242         0.673218892653         0.673218892971         0.673218893253         0.673218893522         0.673218893786         0.673218894050         0.673218894313         0.673218894577         0.673218894842         0.673218895107         0.673218895372         0.673218895638         0.673218895903         0.673218896169         0.673218896435         0.673218896701         0.673218896968         0.673218897234         0.673218897500         0.673218897766         0.673218898033         0.673218898300         0.673218898566         0.673218898833         0.673218899100         0.673218899367         0.673218899633         0.673218899900         0.673218900166         0.673218900431         0.673218900695         0.673218900954         0.673218901203         0.673218901431         0.673218901615         0.673218901703         0.673218901585         0.673218901022         0.673218899501         0.673218895900         0.673218887784         0.673218869828         0.673218830348         0.673218743622         0.673218552744         0.673218131225         0.673217196275         0.673215110758         0.673210439009         0.673199915201         0.673176061367         0.673121669389         0.672996850586         0.672708333774         0.672035521952         0.670448414819         0.666639565168         0.657216926873         0.632297075081         0.549987975314         0.000000000000
        0.563150761248         0.660365742232         0.675397079161         0.676252214852         0.675160831416         0.674267884985         0.673748387211         0.673477397609         0.673342776155         0.673277591965         0.673246500232         0.673231810455         0.673224915827         0.673221694782         0.673220195102         0.673219498415         0.673219175623         0.673219026451         0.673218957719         0.673218926185         0.673218911822         0.673218905372         0.673218902563         0.673218901428         0.673218901059         0.673218901042         0.673218901186         0.673218901403         0.673218901653         0.673218901919         0.673218902191         0.673218902467         0.673218902743         0.673218903019         0.673218903296         0.673218903573         0.673218903854         0.673218904142         0.673218904438         0.673218904737         0.673218905034         0.673218905322         0.673218905604         0.673218905884         0.673218906164         0.673218906443         0.673218906723         0.673218907003         0.673218907283         0.673218907563         0.673218907844         0.673218908125         0.673218908406         0.673218908687         0.673218908968         0.673218909249         0.673218909530         0.673218909811         0.673218910093         0.673218910374         0.673218910656         0.673218910938         0.673218911219         0.673218911501         0.673218911783         0.673218912065         0.673218912347         0.673218912629         0.673218912910         0.673218913190         0.673218913468         0.673218913740         0.673218914001         0.673218914239         0.673218914427         0.673218914509         0.673218914367         0.673218913746         0.673218912105         0.673218908285         0.673218899793         0.673218881253         0.673218840984         0.673218753388         0.673218561563         0.673218138316         0.673217201412         0.673215116463         0.673210445233         0.673199916818         0.673176059292         0.673121667378         0.672996852090         0.672708328000         0.672035521567         0.670448421220         0.666639577533         0.657216942025         0.632297085915         0.549987975975         0.000000000000
        0.563150761214         0.660365743413         0.675397080924         0.676252216536         0.675160832595         0.674267885725         0.673748387744         0.673477398454         0.673342777537         0.673277596497         0.673246511022         0.673231822494         0.673224926051         0.673221703166         0.673220202256         0.673219505338         0.673219182575         0.673219033479         0.673218964817         0.673218933333         0.673218919004         0.673218912578         0.673218909784         0.673218908657         0.673218908295         0.673218908282         0.673218908429         0.673218908649         0.673218908901         0.673218909168         0.673218909442         0.673218909720         0.673218909998         0.673218910278         0.673218910557         0.673218910837         0.673218911118         0.673218911399         0.673218911682         0.673218911965         0.673218912249         0.673218912531         0.673218912813         0.673218913094         0.673218913375         0.673218913656         0.673218913938         0.673218914219         0.673218914501         0.673218914782         0.673218915064         0.673218915346         0.673218915628         0.673218915911         0.673218916193         0.673218916475         0.673218916758         0.673218917041         0.673218917323         0.673218917606         0.673218917889         0.673218918172         0.673218918455         0.673218918738         0.673218919021         0.673218919304         0.673218919587         0.673218919870         0.673218920153         0.673218920434         0.673218920713         0.673218920987         0.673218921251         0.673218921491         0.673218921684         0.673218921776         0.673218921651         0.673218921065         0.673218919493         0.673218915801         0.673218907538         0.673218889371         0.673218849643         0.673218762698         0.673218571526         0.673218149309         0.673217213508         0.673215127567         0.673210452467         0.673199916922         0.673176056013         0.673121662990         0.672996848360         0.672708324224         0.672035519667         0.670448422282         0.666639581812         0.657216946416         0.632297088778         0.549987975989         0.000000000000
        0.563150761218         0.660365743775         0.675397081545         0.676252217280         0.675160833371         0.674267886390         0.673748388104         0.673477399275         0.673342780469         0.673277601361         0.673246511780         0.673231822900         0.673224926798         0.673221703987         0.673220203095         0.673219506131         0.673219183320         0.673219034192         0.673218965513         0.673218934024         0.673218919696         0.673218913271         0.673218910479         0.673218909356         0.673218908996         0.673218908985         0.673218909133         0.673218909354         0.673218909608         0.673218909877         0.673218910153         0.673218910431         0.673218910711         0.673218910992         0.673218911273         0.673218911555         0.673218911836         0.673218912118         0.673218912401         0.673218912683         0.673218912965         0.673218913248         0.673218913530         0.673218913813         0.673218914095         0.673218914378         0.673218914661         0.673218914943         0.673218915226         0.673218915509         0.673218915792         0.673218916076         0.673218916359         0.673218916642         0.673218916926         0.673218917209         0.673218917493         0.673218917777         0.673218918061         0.673218918345         0.673218918629         0.673218918913         0.673218919197         0.673218919481         0.673218919766         0.673218920050         0.673218920334         0.673218920619         0.673218920902         0.673218921185         0.673218921465         0.673218921740         0.673218922005         0.673218922248         0.673218922444         0.673218922539         0.673218922420         0.673218921845         0.673218920290         0.673218916625         0.673218908400         0.673218890274         0.673218850555         0.673218763505         0.673218572164         0.673218149982         0.673217214223         0.673215128677         0.673210454295         0.673199921075         0.673176058575         0.673121666599         0.672996848933         0.672708325159         0.672035520705         0.670448422660         0.666639583300         0.657216948334         0.632297089978         0.549987976033         0.000000000000
        0.563150761221         0.660365743875         0.675397081723         0.676252217491         0.675160833557         0.674267886444         0.673748387895         0.673477399050         0.673342780447         0.673277601393         0.673246511496         0.673231822762         0.673224926782         0.673221704040         0.673220203190         0.673219506238         0.673219183426         0.673219034296         0.673218965616         0.673218934128         0.673218919800         0.673218913377         0.673218910587         0.673218909465         0.673218909106         0.673218909096         0.673218909245         0.673218909466         0.673218909721         0.673218909990         0.673218910266         0.673218910546         0.673218910826         0.673218911107         0.673218911389         0.673218911671         0.673218911953         0.673218912236         0.673218912518         0.673218912801         0.673218913083         0.673218913366         0.673218913649         0.673218913932         0.673218914215         0.673218914498         0.673218914781         0.673218915064         0.673218915348         0.673218915631         0.673218915914         0.673218916198         0.673218916482         0.673218916766         0.673218917050         0.673218917334         0.673218917618         0.673218917902         0.673218918186         0.673218918471         0.673218918755         0.673218919040         0.673218919324         0.673218919609         0.673218919894         0.673218920179         0.673218920464         0.673218920748         0.673218921032         0.673218921316         0.673218921596         0.673218921872         0.673218922138         0.673218922381         0.673218922578         0.673218922675         0.673218922559         0.673218921989         0.673218920442         0.673218916791         0.673218908586         0.673218890487         0.673218850798         0.673218763778         0.673218572509         0.673218150498         0.673217215011         0.673215129869         0.673210455901         0.673199924759         0.673176062899         0.673121668254         0.672996850202         0.672708326416         0.672035521437         0.670448423052         0.666639583811         0.657216948951         0.632297090374         0.549987976044         0.000000000000
        0.563150761222         0.660365743904         0.675397081780         0.676252217559         0.675160833614         0.674267886449         0.673748387814         0.673477398954         0.673342780352         0.673277601306         0.673246511389         0.673231822703         0.673224926760         0.673221704042         0.673220203206         0.673219506259         0.673219183449         0.673219034320         0.673218965641         0.673218934153         0.673218919826         0.673218913403         0.673218910614         0.673218909492         0.673218909133         0.673218909124         0.673218909273         0.673218909495         0.673218909749         0.673218910019         0.673218910295         0.673218910575         0.673218910856         0.673218911137         0.673218911419         0.673218911701         0.673218911983         0.673218912266         0.673218912548         0.673218912831         0.673218913114         0.673218913397         0.673218913680         0.673218913963         0.673218914246         0.673218914529         0.673218914812         0.673218915096         0.673218915379         0.673218915663         0.673218915947         0.673218916230         0.673218916514         0.673218916798         0.673218917082         0.673218917367         0.673218917651         0.673218917935         0.673218918220         0.673218918504         0.673218918789         0.673218919074         0.673218919359         0.673218919643         0.673218919928         0.673218920213         0.673218920498         0.673218920783         0.673218921067         0.673218921350         0.673218921631         0.673218921907         0.673218922173         0.673218922417         0.673218922614         0.673218922712         0.673218922597         0.673218922029         0.673218920485         0.673218916837         0.673218908637         0.673218890544         0.673218850860         0.673218763844         0.673218572581         0.673218150583         0.673217215097         0.673215129899         0.673210455805         0.673199925066         0.673176062845         0.673121668116         0.672996849513         0.672708326032         0.672035521283         0.670448423013         0.666639583922         0.657216949143         0.632297090508         0.549987976046         0.000000000000
        0.563150761222         0.660365743913         0.675397081797         0.676252217580         0.675160833631         0.674267886449         0.673748387787         0.673477398922         0.673342780316         0.673277601273         0.673246511357         0.673231822685         0.673224926754         0.673221704042         0.673220203209         0.673219506265         0.673219183456         0.673219034327         0.673218965648         0.673218934160         0.673218919834         0.673218913411         0.673218910622         0.673218909501         0.673218909142         0.673218909133         0.673218909282         0.673218909504         0.673218909759         0.673218910028         0.673218910305         0.673218910584         0.673218910865         0.673218911147         0.673218911429         0.673218911711         0.673218911993         0.673218912276         0.673218912558         0.673218912841         0.673218913124         0.673218913407         0.673218913690         0.673218913973         0.673218914256         0.673218914539         0.673218914823         0.673218915106         0.673218915390         0.673218915673         0.673218915957         0.673218916241         0.673218916525         0.673218916809         0.673218917093         0.673218917377         0.673218917662         0.673218917946         0.673218918231         0.673218918515         0.673218918800         0.673218919085         0.673218919369         0.673218919654         0.673218919939         0.673218920224         0.673218920509         0.673218920794         0.673218921078         0.673218921362         0.673218921643         0.673218921919         0.673218922185         0.673218922429         0.673218922626         0.673218922724         0.673218922610         0.673218922042         0.673218920499         0.673218916852         0.673218908654         0.673218890562         0.673218850878         0.673218763862         0.673218572599         0.673218150601         0.673217215108         0.673215129888         0.673210455757         0.673199925048         0.673176062776         0.673121668024         0.672996849345         0.672708325897         0.672035521205         0.670448422980         0.666639583950         0.657216949206         0.632297090553         0.549987976047         0.000000000000
        0.563150761222         0.660365743916         0.675397081803         0.676252217587         0.675160833636         0.674267886448         0.673748387778         0.673477398912         0.673342780305         0.673277601264         0.673246511348         0.673231822680         0.673224926751         0.673221704042         0.673220203211         0.673219506267         0.673219183457         0.673219034329         0.673218965650         0.673218934163         0.673218919836         0.673218913414         0.673218910625         0.673218909503         0.673218909145         0.673218909136         0.673218909285         0.673218909507         0.673218909762         0.673218910032         0.673218910308         0.673218910587         0.673218910868         0.673218911150         0.673218911432         0.673218911714         0.673218911996         0.673218912279         0.673218912562         0.673218912844         0.673218913127         0.673218913410         0.673218913693         0.673218913976         0.673218914259         0.673218914543         0.673218914826         0.673218915109         0.673218915393         0.673218915677         0.673218915961         0.673218916245         0.673218916529         0.673218916812         0.673218917097         0.673218917381         0.673218917665         0.673218917950         0.673218918234         0.673218918519         0.673218918803         0.673218919088         0.673218919373         0.673218919658         0.673218919943         0.673218920228         0.673218920513         0.673218920798         0.673218921082         0.673218921366         0.673218921647         0.673218921923         0.673218922189         0.673218922433         0.673218922630         0.673218922728         0.673218922614         0.673218922046         0.673218920503         0.673218916857         0.673218908659         0.673218890567         0.673218850883         0.673218763867         0.673218572604         0.673218150604         0.673217215109         0.673215129884         0.673210455744         0.673199925033         0.673176062748         0.673121667991         0.672996849300         0.672708325852         0.672035521175         0.670448422965         0.666639583959         0.657216949227         0.632297090568         0.549987976047         0.000000000000
        0.563150761222         0.660365743917         0.675397081804         0.676252217589         0.675160833638         0.674267886448         0.673748387775         0.673477398909         0.673342780302         0.673277601261         0.673246511345         0.673231822678         0.673224926751         0.673221704042         0.673220203211         0.673219506267         0.673219183458         0.673219034330         0.673218965651         0.673218934164         0.673218919837         0.673218913415         0.673218910626         0.673218909504         0.673218909146         0.673218909137         0.673218909286         0.673218909508         0.673218909763         0.673218910033         0.673218910309         0.673218910589         0.673218910870         0.673218911151         0.673218911433         0.673218911715         0.673218911998         0.673218912280         0.673218912563         0.673218912845         0.673218913128         0.673218913411         0.673218913694         0.673218913977         0.673218914261         0.673218914544         0.673218914827         0.673218915111         0.673218915394         0.673218915678         0.673218915962         0.673218916246         0.673218916530         0.673218916814         0.673218917098         0.673218917382         0.673218917666         0.673218917951         0.673218918235         0.673218918520         0.673218918805         0.673218919090         0.673218919374         0.673218919659         0.673218919944         0.673218920229         0.673218920515         0.673218920799         0.673218921084         0.673218921367         0.673218921648         0.673218921924         0.673218922190         0.673218922434         0.673218922631         0.673218922729         0.673218922616         0.673218922048         0.673218920505         0.673218916859         0.673218908661         0.673218890569         0.673218850885         0.673218763868         0.673218572605         0.673218150605         0.673217215109         0.673215129883         0.673210455740         0.673199925028         0.673176062740         0.673121667980         0.672996849286         0.672708325837         0.672035521163         0.670448422959         0.666639583961         0.657216949235         0.632297090574         0.549987976047         0.000000000000
        0.563150761222         0.660365743917         0.675397081805         0.676252217590         0.675160833638         0.674267886448         0.673748387775         0.673477398908         0.673342780301         0.673277601260         0.673246511344         0.673231822678         0.673224926751         0.673221704042         0.673220203211         0.673219506268         0.673219183458         0.673219034330         0.673218965652         0.673218934164         0.673218919838         0.673218913415         0.673218910626         0.673218909505         0.673218909146         0.673218909137         0.673218909287         0.673218909509         0.673218909763         0.673218910033         0.673218910309         0.673218910589         0.673218910870         0.673218911151         0.673218911433         0.673218911716         0.673218911998         0.673218912280         0.673218912563         0.673218912846         0.673218913129         0.673218913412         0.673218913695         0.673218913978         0.673218914261         0.673218914544         0.673218914827         0.673218915111         0.673218915395         0.673218915678         0.673218915962         0.673218916246         0.673218916530         0.673218916814         0.673218917098         0.673218917382         0.673218917667         0.673218917951         0.673218918236         0.673218918521         0.673218918805         0.673218919090         0.673218919375         0.673218919660         0.673218919945         0.673218920230         0.673218920515         0.673218920800         0.673218921084         0.673218921367         0.673218921649         0.673218921925         0.673218922191         0.673218922435         0.673218922632         0.673218922730         0.673218922616         0.673218922049         0.673218920505         0.673218916859         0.673218908661         0.673218890569         0.673218850886         0.673218763869         0.673218572606         0.673218150605         0.673217215109         0.673215129882         0.673210455739         0.673199925026         0.673176062737         0.673121667977         0.672996849282         0.672708325832         0.672035521160         0.670448422957         0.666639583962         0.657216949237         0.632297090576         0.549987976047         0.000000000000
        0.563150761222         0.660365743918         0.675397081805         0.676252217590         0.675160833638         0.674267886448         0.673748387774         0.673477398908         0.673342780301         0.673277601260         0.673246511344         0.673231822678         0.673224926751         0.673221704042         0.673220203211         0.673219506268         0.673219183458         0.673219034330         0.673218965652         0.673218934164         0.673218919838         0.673218913415         0.673218910626         0.673218909505         0.673218909147         0.673218909137         0.673218909287         0.673218909509         0.673218909763         0.673218910033         0.673218910310         0.673218910589         0.673218910870         0.673218911151         0.673218911433         0.673218911716         0.673218911998         0.673218912281         0.673218912563         0.673218912846         0.673218913129         0.673218913412         0.673218913695         0.673218913978         0.673218914261         0.673218914544         0.673218914828         0.673218915111         0.673218915395         0.673218915678         0.673218915962         0.673218916246         0.673218916530         0.673218916814         0.673218917098         0.673218917383         0.673218917667         0.673218917952         0.673218918236         0.673218918521         0.673218918805         0.673218919090         0.673218919375         0.673218919660         0.673218919945         0.673218920230         0.673218920515         0.673218920800         0.673218921084         0.673218921368         0.673218921649         0.673218921925         0.673218922191         0.673218922435         0.673218922632         0.673218922730         0.673218922616         0.673218922049         0.673218920506         0.673218916860         0.673218908661         0.673218890569         0.673218850886         0.673218763869         0.673218572606         0.673218150605         0.673217215109         0.673215129882         0.673210455739         0.673199925026         0.673176062736         0.673121667976         0.672996849280         0.672708325830         0.672035521158         0.670448422956         0.666639583962         0.657216949238         0.632297090577         0.549987976047         0.000000000000
        0.563150761222         0.660365743918         0.675397081805         0.676252217590         0.675160833639         0.674267886448         0.673748387774         0.673477398908         0.673342780301         0.673277601260         0.673246511344         0.673231822678         0.673224926751         0.673221704042         0.673220203211         0.673219506267         0.673219183458         0.673219034330         0.673218965652         0.673218934164         0.673218919838         0.673218913415         0.673218910627         0.673218909505         0.673218909147         0.673218909137         0.673218909287         0.673218909509         0.673218909764         0.673218910033         0.673218910310         0.673218910589         0.673218910870         0.673218911152         0.673218911433         0.673218911716         0.673218911998         0.673218912281         0.673218912563         0.673218912846         0.673218913129         0.673218913412         0.673218913695         0.673218913978         0.673218914261         0.673218914544         0.673218914828         0.673218915111         0.673218915395         0.673218915679         0.673218915962         0.673218916246         0.673218916530         0.673218916814         0.673218917099         0.673218917383         0.673218917667         0.673218917952         0.673218918236         0.673218918521         0.673218918805         0.673218919090         0.673218919375         0.673218919660         0.673218919945         0.673218920230         0.673218920515         0.673218920800         0.673218921084         0.673218921368         0.673218921649         0.673218921925         0.673218922191         0.673218922435         0.673218922632         0.673218922730         0.673218922616         0.673218922049         0.673218920506         0.673218916859         0.673218908661         0.673218890570         0.673218850886         0.673218763869         0.673218572605         0.673218150605         0.673217215109         0.673215129882         0.673210455739         0.673199925026         0.673176062736         0.673121667976         0.672996849280         0.672708325830         0.672035521158         0.670448422956         0.666639583963         0.657216949239         0.632297090577         0.549987976047         0.000000000000
        0.563150761222         0.660365743917         0.675397081805         0.676252217590         0.675160833639         0.674267886448         0.673748387774         0.673477398908         0.673342780301         0.673277601260         0.673246511344         0.673231822678         0.673224926751         0.673221704042         0.673220203211         0.673219506268         0.673219183458         0.673219034330         0.673218965652         0.673218934164         0.673218919838         0.673218913415         0.673218910627         0.673218909505         0.673218909147         0.673218909137         0.673218909287         0.673218909509         0.673218909764         0.673218910033         0.673218910310         0.673218910589         0.673218910870         0.673218911152         0.673218911434         0.673218911716         0.673218911998         0.673218912281         0.673218912563         0.673218912846         0.673218913129         0.673218913412         0.673218913695         0.673218913978         0.673218914261         0.673218914544         0.673218914828         0.673218915111         0.673218915395         0.673218915679         0.673218915962         0.673218916246         0.673218916530         0.673218916814         0.673218917098         0.673218917383         0.673218917667         0.673218917951         0.673218918236         0.673218918521         0.673218918805         0.673218919090         0.673218919375         0.673218919660         0.673218919945         0.673218920230         0.673218920515         0.673218920800         0.673218921084         0.673218921368         0.673218921649         0.673218921925         0.673218922191         0.673218922435         0.673218922632         0.673218922730         0.673218922616         0.673218922049         0.673218920506         0.673218916860         0.673218908661         0.673218890570         0.673218850886         0.673218763869         0.673218572606         0.673218150605         0.673217215109         0.673215129882         0.673210455739         0.673199925026         0.673176062736         0.673121667975         0.672996849280         0.672708325830         0.672035521158         0.670448422956         0.666639583963         0.657216949239         0.632297090577         0.549987976047         0.000000000000
        0.563150761222         0.660365743918         0.675397081805         0.676252217590         0.675160833638         0.674267886448         0.673748387774         0.673477398908         0.673342780301         0.673277601260         0.673246511344         0.673231822678         0.673224926751         0.673221704042         0.673220203211         0.673219506268         0.673219183458         0.673219034330         0.673218965652         0.673218934164         0.673218919838         0.673218913415         0.673218910626         0.673218909505         0.673218909147         0.673218909137         0.673218909287         0.673218909509         0.673218909763         0.673218910033         0.673218910309         0.673218910589         0.673218910870         0.673218911152         0.673218911434         0.673218911716         0.673218911998         0.673218912281         0.673218912563         0.673218912846         0.673218913129         0.673218913412         0.673218913695         0.673218913978         0.673218914261         0.673218914544         0.673218914828         0.673218915111         0.673218915395         0.673218915679         0.673218915962         0.673218916246         0.673218916530         0.673218916814         0.673218917098         0.673218917383         0.673218917667         0.673218917952         0.673218918236         0.673218918521         0.673218918805         0.673218919090         0.673218919375         0.673218919660         0.673218919945         0.673218920230         0.673218920515         0.673218920800         0.673218921084         0.673218921368         0.673218921649         0.673218921925         0.673218922191         0.673218922435         0.673218922632         0.673218922730         0.673218922616         0.673218922049         0.673218920506         0.673218916860         0.673218908661         0.673218890570         0.673218850886         0.673218763869         0.673218572605         0.673218150605         0.673217215109         0.673215129882         0.673210455739         0.673199925026         0.673176062736         0.673121667976         0.672996849280         0.672708325830         0.672035521158         0.670448422956         0.666639583963         0.657216949239         0.632297090577         0.549987976047         0.000000000000
        0.563150782438         0.660365888120         0.675397415938         0.676252542825         0.675161134471         0.674268192274         0.673748708239         0.673477738938         0.673343135398         0.673277969024         0.673246886522         0.673232204105         0.673225311792         0.673222091969         0.673220593202         0.673219897453         0.673219575112         0.673219429936         0.673219360449         0.673219327776         0.673219312709         0.673219305860         0.673219302777         0.673219301404         0.673219300798         0.673219300535         0.673219300424         0.673219300384         0.673219300374         0.673219300377         0.673219300382         0.673219300388         0.673219300401         0.673219300410         0.673219300419         0.673219300429         0.673219300443         0.673219300450         0.673219300463         0.673219300476         0.673219300484         0.673219300496         0.673219300507         0.673219300518         0.673219300529         0.673219300539         0.673219300549         0.673219300560         0.673219300569         0.673219300582         0.673219300592         0.673219300602         0.673219300615         0.673219300626         0.673219300635         0.673219300652         0.673219300656         0.673219300669         0.673219300679         0.673219300691         0.673219300705         0.673219300710         0.673219300723         0.673219300733         0.673219300744         0.673219300755         0.673219300765         0.673219300776         0.673219300786         0.673219300798         0.673219300802         0.673219300800         0.673219300788         0.673219300757         0.673219300671         0.673219300483         0.673219300067         0.673219299184         0.673219297305         0.673219293272         0.673219284619         0.673219265964         0.673219225511         0.673219137395         0.673218944502         0.673218519973         0.673217577133         0.673215487316         0.673210806794         0.673200267724         0.673176398123         0.673121991986         0.672997163491         0.672708624350         0.672035797042         0.670448694903         0.666639861926         0.657217216353         0.632297268513         0.549988047497         0.000000000000
        0.563150779774         0.660365917236         0.675397454363         0.676252572290         0.675161176389         0.674268244319         0.673748787483         0.673477837769         0.673343250084         0.673278092974         0.673247018729         0.673232340047         0.673225451012         0.673222233169         0.673220735537         0.673220040592         0.673219718966         0.673219570614         0.673219502205         0.673219470793         0.673219456417         0.673219449860         0.673219446880         0.673219445533         0.673219444928         0.673219444659         0.673219444540         0.673219444489         0.673219444468         0.673219444460         0.673219444458         0.673219444458         0.673219444459         0.673219444461         0.673219444462         0.673219444464         0.673219444466         0.673219444467         0.673219444469         0.673219444471         0.673219444472         0.673219444474         0.673219444476         0.673219444477         0.673219444479         0.673219444481         0.673219444483         0.673219444484         0.673219444486         0.673219444488         0.673219444489         0.673219444491         0.673219444493         0.673219444495         0.673219444496         0.673219444498         0.673219444500         0.673219444502         0.673219444503         0.673219444505         0.673219444507         0.673219444509         0.673219444510         0.673219444512         0.673219444514         0.673219444515         0.673219444517         0.673219444518         0.673219444518         0.673219444517         0.673219444513         0.673219444503         0.673219444481         0.673219444433         0.673219444333         0.673219444124         0.673219443686         0.673219442768         0.673219440833         0.673219436741         0.673219428021         0.673219409046         0.673219368211         0.673219279654         0.673219086119         0.673218660586         0.673217719326         0.673215625593         0.673210940331         0.673200394553         0.673176513127         0.673122092619         0.672997244430         0.672708684900         0.672035845340         0.670448739535         0.666639916907         0.657217277688         0.632297313455         0.549988055797         0.000000000000
        0.563150779816         0.660365923777         0.675397459111         0.676252570257         0.675161181527         0.674268253217         0.673748803502         0.673477860429         0.673343275895         0.673278119845         0.673247046303         0.673232367754         0.673225478793         0.673222260898         0.673220763298         0.673220068395         0.673219746821         0.673219598414         0.673219530082         0.673219498720         0.673219484372         0.673219477830         0.673219474861         0.673219473521         0.673219472919         0.673219472652         0.673219472535         0.673219472484         0.673219472463         0.673219472455         0.673219472453         0.673219472452         0.673219472453         0.673219472454         0.673219472455         0.673219472457         0.673219472458         0.673219472459         0.673219472461         0.673219472462         0.673219472463         0.673219472464         0.673219472466         0.673219472467         0.673219472468         0.673219472469         0.673219472471         0.673219472472         0.673219472473         0.673219472474         0.673219472476         0.673219472477         0.673219472478         0.673219472479         0.673219472481         0.673219472482         0.673219472483         0.673219472485         0.673219472486         0.673219472487         0.673219472488         0.673219472490         0.673219472491         0.673219472492         0.673219472493         0.673219472494         0.673219472495         0.673219472496         0.673219472496         0.673219472494         0.673219472490         0.673219472479         0.673219472456         0.673219472408         0.673219472308         0.673219472098         0.673219471658         0.673219470737         0.673219468795         0.673219464678         0.673219455900         0.673219437003         0.673219396219         0.673219307634         0.673219114017         0.673218688337         0.673217746913         0.673215652820         0.673210967236         0.673200420890         0.673176538906         0.673122116810         0.672997265241         0.672708702415         0.672035857957         0.670448748326         0.666639927079         0.657217289064         0.632297323225         0.549988056738         0.000000000000
        0.563150779907         0.660365925722         0.675397459752         0.676252568673         0.675161182625         0.674268255112         0.673748807022         0.673477865128         0.673343281024         0.673278124955         0.673247051336         0.673232372720         0.673225483716         0.673222265801         0.673220768189         0.673220073320         0.673219751772         0.673219603369         0.673219535056         0.673219503704         0.673219489360         0.673219482822         0.673219479855         0.673219478516         0.673219477915         0.673219477649         0.673219477532         0.673219477481         0.673219477460         0.673219477452         0.673219477450         0.673219477449         0.673219477450         0.673219477451         0.673219477452         0.673219477453         0.673219477454         0.673219477455         0.673219477456         0.673219477457         0.673219477458         0.673219477459         0.673219477460         0.673219477461         0.673219477462         0.673219477463         0.673219477465         0.673219477466         0.673219477467         0.673219477468         0.673219477469         0.673219477470         0.673219477471         0.673219477472         0.673219477473         0.673219477474         0.673219477475         0.673219477476         0.673219477477         0.673219477478         0.673219477479         0.673219477480         0.673219477481         0.673219477483         0.673219477483         0.673219477484         0.673219477485         0.673219477485         0.673219477485         0.673219477483         0.673219477479         0.673219477468         0.673219477445         0.673219477397         0.673219477297         0.673219477087         0.673219476649         0.673219475729         0.673219473788         0.673219469671         0.673219460883         0.673219441999         0.673219401212         0.673219312599         0.673219118940         0.673218693190         0.673217751692         0.673215657480         0.673210971772         0.673200425278         0.673176543233         0.673122120883         0.672997268956         0.672708705720         0.672035860033         0.670448749686         0.666639929062         0.657217291671         0.632297325688         0.549988056895         0.000000000000
        0.563150779942         0.660365926289         0.675397459828         0.676252568156         0.675161182900         0.674268255518         0.673748807706         0.673477865999         0.673343281946         0.673278125828         0.673247052174         0.673232373536         0.673225484531         0.673222266616         0.673220769002         0.673220074138         0.673219752598         0.673219604196         0.673219535886         0.673219504535         0.673219490192         0.673219483655         0.673219480689         0.673219479350         0.673219478750         0.673219478483         0.673219478366         0.673219478316         0.673219478295         0.673219478287         0.673219478284         0.673219478283         0.673219478284         0.673219478285         0.673219478286         0.673219478287         0.673219478288         0.673219478289         0.673219478290         0.673219478291         0.673219478292         0.673219478293         0.673219478294         0.673219478295         0.673219478296         0.673219478297         0.673219478298         0.673219478299         0.673219478300         0.673219478301         0.673219478302         0.673219478303         0.673219478304         0.673219478305         0.673219478306         0.673219478307         0.673219478308         0.673219478309         0.673219478310         0.673219478311         0.673219478312         0.673219478313         0.673219478314         0.673219478315         0.673219478316         0.673219478317         0.673219478317         0.673219478318         0.673219478317         0.673219478315         0.673219478311         0.673219478300         0.673219478277         0.673219478229         0.673219478129         0.673219477920         0.673219477483         0.673219476565         0.673219474626         0.673219470509         0.673219461720         0.673219442842         0.673219402062         0.673219313454         0.673219119791         0.673218694036         0.673217752511         0.673215658250         0.673210972499         0.673200425973         0.673176543887         0.673122121498         0.672997269559         0.672708706264         0.672035860287         0.670448749880         0.666639929522         0.657217292340         0.632297326333         0.549988056928         0.000000000000
        0.563150779949         0.660365926485         0.675397459879         0.676252568063         0.675161183006         0.674268255613         0.673748807866         0.673477866148         0.673343282113         0.673278125988         0.673247052327         0.673232373684         0.673225484679         0.673222266763         0.673220769147         0.673220074283         0.673219752746         0.673219604343         0.673219536034         0.673219504683         0.673219490341         0.673219483803         0.673219480837         0.673219479498         0.673219478898         0.673219478631         0.673219478514         0.673219478464         0.673219478443         0.673219478435         0.673219478432         0.673219478431         0.673219478432         0.673219478433         0.673219478434         0.673219478435         0.673219478436         0.673219478437         0.673219478438         0.673219478439         0.673219478440         0.673219478441         0.673219478442         0.673219478443         0.673219478444         0.673219478445         0.673219478446         0.673219478447         0.673219478448         0.673219478449         0.673219478450         0.673219478451         0.673219478451         0.673219478453         0.673219478454         0.673219478455         0.673219478455         0.673219478456         0.673219478457         0.673219478458         0.673219478459         0.673219478460         0.673219478461         0.673219478462         0.673219478463         0.673219478464         0.673219478465         0.673219478465         0.673219478464         0.673219478463         0.673219478458         0.673219478447         0.673219478425         0.673219478377         0.673219478276         0.673219478068         0.673219477631         0.673219476713         0.673219474774         0.673219470658         0.673219461870         0.673219442993         0.673219402217         0.673219313613         0.673219119951         0.673218694185         0.673217752673         0.673215658411         0.673210972657         0.673200426112         0.673176544006         0.673122121605         0.672997269650         0.672708706357         0.672035860312         0.670448749921         0.666639929653         0.657217292525         0.632297326508         0.549988056937         0.000000000000
        0.563150779953         0.660365926540         0.675397459861         0.676252568011         0.675161183025         0.674268255639         0.673748807910         0.673477866194         0.673343282157         0.673278126027         0.673247052364         0.673232373719         0.673225484716         0.673222266800         0.673220769184         0.673220074320         0.673219752783         0.673219604381         0.673219536072         0.673219504721         0.673219490378         0.673219483841         0.673219480875         0.673219479536         0.673219478936         0.673219478669         0.673219478552         0.673219478501         0.673219478481         0.673219478472         0.673219478470         0.673219478469         0.673219478470         0.673219478470         0.673219478471         0.673219478472         0.673219478474         0.673219478474         0.673219478475         0.673219478476         0.673219478477         0.673219478478         0.673219478479         0.673219478480         0.673219478481         0.673219478482         0.673219478483         0.673219478484         0.673219478485         0.673219478486         0.673219478487         0.673219478488         0.673219478489         0.673219478490         0.673219478491         0.673219478492         0.673219478493         0.673219478494         0.673219478495         0.673219478496         0.673219478497         0.673219478498         0.673219478499         0.673219478500         0.673219478501         0.673219478502         0.673219478502         0.673219478502         0.673219478502         0.673219478500         0.673219478495         0.673219478485         0.673219478462         0.673219478414         0.673219478314         0.673219478105         0.673219477668         0.673219476750         0.673219474812         0.673219470696         0.673219461907         0.673219443032         0.673219402256         0.673219313653         0.673219119992         0.673218694225         0.673217752714         0.673215658449         0.673210972697         0.673200426148         0.673176544033         0.673122121633         0.672997269665         0.672708706376         0.672035860313         0.670448749935         0.666639929696         0.657217292581         0.632297326558         0.549988056940         0.000000000000
        0.563150779955         0.660365926560         0.675397459855         0.676252568001         0.675161183030         0.674268255645         0.673748807921         0.673477866205         0.673343282170         0.673278126040         0.673247052377         0.673232373734         0.673225484730         0.673222266815         0.673220769199         0.673220074335         0.673219752798         0.673219604396         0.673219536087         0.673219504736         0.673219490394         0.673219483857         0.673219480891         0.673219479552         0.673219478952         0.673219478685         0.673219478568         0.673219478518         0.673219478497         0.673219478489         0.673219478486         0.673219478485         0.673219478486         0.673219478487         0.673219478488         0.673219478488         0.673219478489         0.673219478490         0.673219478491         0.673219478492         0.673219478493         0.673219478494         0.673219478495         0.673219478496         0.673219478497         0.673219478498         0.673219478499         0.673219478500         0.673219478501         0.673219478502         0.673219478503         0.673219478504         0.673219478505         0.673219478506         0.673219478507         0.673219478508         0.673219478509         0.673219478510         0.673219478511         0.673219478512         0.673219478513         0.673219478514         0.673219478515         0.673219478516         0.673219478517         0.673219478518         0.673219478518         0.673219478518         0.673219478518         0.673219478516         0.673219478511         0.673219478501         0.673219478478         0.673219478430         0.673219478330         0.673219478121         0.673219477684         0.673219476766         0.673219474828         0.673219470712         0.673219461923         0.673219443048         0.673219402272         0.673219313670         0.673219120008         0.673218694241         0.673217752730         0.673215658465         0.673210972713         0.673200426163         0.673176544043         0.673122121642         0.672997269670         0.672708706381         0.672035860313         0.670448749942         0.666639929713         0.657217292599         0.632297326573         0.549988056941         0.000000000000
        0.563150779758         0.660365925964         0.675397459544         0.676252567493         0.675161181227         0.674268254445         0.673748807134         0.673477865500         0.673343281354         0.673278125106         0.673247051441         0.673232372873         0.673225483917         0.673222266031         0.673220768422         0.673220073551         0.673219752012         0.673219603605         0.673219535289         0.673219503930         0.673219489581         0.673219483038         0.673219480068         0.673219478726         0.673219478123         0.673219477855         0.673219477736         0.673219477684         0.673219477662         0.673219477652         0.673219477648         0.673219477647         0.673219477646         0.673219477645         0.673219477645         0.673219477645         0.673219477645         0.673219477644         0.673219477644         0.673219477644         0.673219477644         0.673219477643         0.673219477643         0.673219477643         0.673219477642         0.673219477642         0.673219477642         0.673219477641         0.673219477641         0.673219477641         0.673219477641         0.673219477640         0.673219477640         0.673219477640         0.673219477639         0.673219477639         0.673219477639         0.673219477639         0.673219477638         0.673219477638         0.673219477638         0.673219477637         0.673219477637         0.673219477637         0.673219477636         0.673219477636         0.673219477635         0.673219477634         0.673219477633         0.673219477629         0.673219477623         0.673219477612         0.673219477588         0.673219477539         0.673219477437         0.673219477228         0.673219476791         0.673219475873         0.673219473936         0.673219469822         0.673219461039         0.673219442171         0.673219401408         0.673219312823         0.673219119186         0.673218693448         0.673217751933         0.673215657671         0.673210971906         0.673200425390         0.673176543183         0.673122120750         0.672997268853         0.672708705674         0.672035859628         0.670448749392         0.666639929269         0.657217292096         0.632297325663         0.549988056823         0.000000000000
        0.563150780111         0.660365928871         0.675397464721         0.676252573499         0.675161187372         0.674268261478         0.673748814775         0.673477873672         0.673343289856         0.673278133827         0.673247060288         0.673232381778         0.673225492866         0.673222274985         0.673220777371         0.673220082492         0.673219760943         0.673219612538         0.673219544227         0.673219512872         0.673219498526         0.673219491985         0.673219489016         0.673219487675         0.673219487073         0.673219486805         0.673219486687         0.673219486635         0.673219486613         0.673219486604         0.673219486600         0.673219486598         0.673219486597         0.673219486597         0.673219486597         0.673219486597         0.673219486597         0.673219486597         0.673219486597         0.673219486597         0.673219486597         0.673219486597         0.673219486597         0.673219486597         0.673219486597         0.673219486597         0.673219486597         0.673219486597         0.673219486597         0.673219486597         0.673219486597         0.673219486597         0.673219486597         0.673219486597         0.673219486597         0.673219486597         0.673219486597         0.673219486597         0.673219486597         0.673219486597         0.673219486597         0.673219486597         0.673219486597         0.673219486597         0.673219486596         0.673219486596         0.673219486596         0.673219486595         0.673219486594         0.673219486591         0.673219486585         0.673219486573         0.673219486549         0.673219486500         0.673219486399         0.673219486189         0.673219485751         0.673219484832         0.673219482893         0.673219478776         0.673219469988         0.673219451115         0.673219410343         0.673219321734         0.673219128069         0.673218702283         0.673217760715         0.673215666368         0.673210980443         0.673200433653         0.673176551103         0.673122128289         0.672997276135         0.672708712676         0.672035866134         0.670448755072         0.666639934829         0.657217297143         0.632297328684         0.549988058071         0.000000000000
        0.563150780077         0.660365929504         0.675397465275         0.676252574113         0.675161188396         0.674268262770         0.673748816556         0.673477875960         0.673343292618         0.673278136832         0.673247063408         0.673232384941         0.673225496059         0.673222278202         0.673220780600         0.673220085728         0.673219764188         0.673219615784         0.673219547471         0.673219516113         0.673219501765         0.673219495224         0.673219492254         0.673219490913         0.673219490311         0.673219490043         0.673219489925         0.673219489874         0.673219489852         0.673219489843         0.673219489839         0.673219489837         0.673219489837         0.673219489837         0.673219489837         0.673219489837         0.673219489837         0.673219489836         0.673219489836         0.673219489837         0.673219489837         0.673219489836         0.673219489836         0.673219489836         0.673219489836         0.673219489836         0.673219489837         0.673219489837         0.673219489837         0.673219489836         0.673219489836         0.673219489837         0.673219489836         0.673219489836         0.673219489836         0.673219489836         0.673219489836         0.673219489836         0.673219489837         0.673219489836         0.673219489836         0.673219489836         0.673219489836         0.673219489836         0.673219489836         0.673219489836         0.673219489836         0.673219489835         0.673219489833         0.673219489831         0.673219489825         0.673219489813         0.673219489789         0.673219489740         0.673219489639         0.673219489428         0.673219488989         0.673219488069         0.673219486127         0.673219482008         0.673219473214         0.673219454332         0.673219413546         0.673219324924         0.673219131232         0.673218705409         0.673217763782         0.673215669363         0.673210983370         0.673200436517         0.673176553906         0.673122130964         0.672997278539         0.672708714617         0.672035867661         0.670448756500         0.666639936061         0.657217298457         0.632297329714         0.549988058328         0.000000000000
        0.563150780082         0.660365929691         0.675397465226         0.676252574025         0.675161188471         0.674268262921         0.673748816808         0.673477876271         0.673343292969         0.673278137191         0.673247063756         0.673232385287         0.673225496414         0.673222278567         0.673220780978         0.673220086114         0.673219764578         0.673219616177         0.673219547866         0.673219516510         0.673219502162         0.673219495621         0.673219492651         0.673219491310         0.673219490708         0.673219490440         0.673219490321         0.673219490270         0.673219490248         0.673219490238         0.673219490235         0.673219490233         0.673219490233         0.673219490233         0.673219490233         0.673219490233         0.673219490233         0.673219490233         0.673219490233         0.673219490233         0.673219490233         0.673219490233         0.673219490233         0.673219490233         0.673219490233         0.673219490233         0.673219490233         0.673219490233         0.673219490233         0.673219490233         0.673219490233         0.673219490233         0.673219490233         0.673219490233         0.673219490233         0.673219490233         0.673219490233         0.673219490233         0.673219490233         0.673219490233         0.673219490233         0.673219490233         0.673219490233         0.673219490233         0.673219490233         0.673219490232         0.673219490232         0.673219490231         0.673219490230         0.673219490227         0.673219490221         0.673219490209         0.673219490185         0.673219490136         0.673219490034         0.673219489824         0.673219489385         0.673219488464         0.673219486522         0.673219482402         0.673219473608         0.673219454724         0.673219413936         0.673219325311         0.673219131614         0.673218705785         0.673217764151         0.673215669720         0.673210983719         0.673200436862         0.673176554248         0.673122131285         0.672997278818         0.672708714827         0.672035867830         0.670448756709         0.666639936267         0.657217298692         0.632297329899         0.549988058338         0.000000000000
        0.563150780083         0.660365929751         0.675397465202         0.676252573992         0.675161188481         0.674268262949         0.673748816848         0.673477876313         0.673343293014         0.673278137233         0.673247063793         0.673232385321         0.673225496449         0.673222278605         0.673220781017         0.673220086155         0.673219764620         0.673219616221         0.673219547910         0.673219516554         0.673219502206         0.673219495665         0.673219492695         0.673219491354         0.673219490752         0.673219490484         0.673219490365         0.673219490314         0.673219490292         0.673219490283         0.673219490279         0.673219490277         0.673219490277         0.673219490277         0.673219490277         0.673219490277         0.673219490277         0.673219490277         0.673219490277         0.673219490277         0.673219490277         0.673219490277         0.673219490277         0.673219490277         0.673219490277         0.673219490277         0.673219490277         0.673219490277         0.673219490277         0.673219490277         0.673219490277         0.673219490277         0.673219490277         0.673219490277         0.673219490277         0.673219490277         0.673219490277         0.673219490277         0.673219490277         0.673219490277         0.673219490277         0.673219490277         0.673219490277         0.673219490277         0.673219490277         0.673219490277         0.673219490276         0.673219490275         0.673219490274         0.673219490271         0.673219490265         0.673219490254         0.673219490230         0.673219490180         0.673219490079         0.673219489868         0.673219489429         0.673219488508         0.673219486567         0.673219482447         0.673219473652         0.673219454769         0.673219413980         0.673219325355         0.673219131658         0.673218705829         0.673217764195         0.673215669764         0.673210983762         0.673200436935         0.673176554293         0.673122131324         0.672997278848         0.672708714847         0.672035867850         0.670448756749         0.666639936318         0.657217298754         0.632297329942         0.549988058337         0.000000000000
