        0.736110503184         0.705082356255         0.692225941705         0.682744838135         0.676224223213         0.673809758345         0.674012544556         0.675995317453         0.676767011765         0.677323024091         0.677956859843         0.678476296940         0.678774008920         0.678995009917         0.679072999157         0.679123338334         0.679134186156         0.679142893599         0.679217435337         0.679329967560         0.679350924181         0.679325609814         0.679301475155         0.679254291754         0.679352605326         0.679292238130         0.679289870473         0.679301357498         0.679310573861         0.679318191345         0.679238198229         0.679262472690         0.679279274210         0.679280673234         0.679115793639         0.679181399428         0.679196324281         0.679212514475         0.679015870128         0.679062592976         0.679197890156         0.679257805986         0.679250989488         0.679262575226         0.679298501947         0.679279687609         0.679289746345         0.679273779595         0.679200078811         0.679217038683         0.679195202203         0.679237418981         0.679222491707         0.679339250816         0.679260562756         0.679140985571         0.679179765414         0.679252141888         0.679287535402         0.679296373021         0.679317472160         0.679340533673         0.679332173243         0.679278464019         0.679287324102         0.679352309819         0.679267152233         0.679257089560         0.679237831261         0.679300781856         0.679263437340         0.679160716617         0.679217871280         0.679228521824         0.679231190342         0.679207542234         0.679326858761         0.679280694799         0.679296345740         0.679256920318         0.679365812501         0.679298743913         0.679322733151         0.679305615536         0.679349671118         0.679402078202         0.679419639530         0.679430202128         0.679461743584         0.679437251201         0.679353065539         0.679187739678         0.679092610309         0.678707597623         0.677390636009         0.674424263779         0.667419520503         0.651331708025         0.613717149333         0.509455163095         0.000000000000
        0.739456038355         0.709596481310         0.697501210904         0.687081492683         0.683366587738         0.681801979391         0.681326137847         0.681195321933         0.681180213017         0.681189374256         0.681199121346         0.681205117111         0.681207775872         0.681208852428         0.681209279061         0.681209155568         0.681208789996         0.681208614089         0.681208373842         0.681208129269         0.681207602330         0.681207474387         0.681207121048         0.681206788202         0.681206608503         0.681206105701         0.681205960108         0.681205654148         0.681205546455         0.681205408225         0.681205146375         0.681204841455         0.681204431527         0.681204240257         0.681203834033         0.681203588400         0.681203406324         0.681203084425         0.681202403430         0.681202305690         0.681202447395         0.681202629108         0.681202531426         0.681202207334         0.681201991167         0.681201875372         0.681201629246         0.681201556234         0.681201324740         0.681201202231         0.681201108917         0.681201037411         0.681201095581         0.681200808774         0.681200784846         0.681200564628         0.681200563264         0.681200543018         0.681200562520         0.681200107808         0.681200105185         0.681200306983         0.681200443005         0.681200360713         0.681200446467         0.681200408688         0.681200572091         0.681200674924         0.681200481154         0.681200373664         0.681200316000         0.681200411835         0.681200633393         0.681200736518         0.681200601569         0.681200805417         0.681200892802         0.681201017300         0.681201135527         0.681201270911         0.681201534393         0.681201421642         0.681201438163         0.681201575552         0.681201804169         0.681202188425         0.681202283551         0.681201688128         0.681198836604         0.681189136917         0.681161928793         0.681085124126         0.680879637076         0.680350810044         0.679043652240         0.675928366824         0.668755840269         0.652382684334         0.614432869511         0.509900815953         0.000000000000
        0.739515184290         0.709677771405         0.697582428753         0.687140699165         0.683410011716         0.681834120774         0.681351240068         0.681212524626         0.681191815185         0.681197527453         0.681205779258         0.681211146373         0.681213891811         0.681215040905         0.681215387118         0.681215344996         0.681215113767         0.681214838513         0.681214532933         0.681214222242         0.681213897126         0.681213601090         0.681213302272         0.681213008101         0.681212717804         0.681212411878         0.681212136763         0.681211855094         0.681211597301         0.681211347766         0.681211090820         0.681210827567         0.681210577433         0.681210347805         0.681210111375         0.681209900399         0.681209690524         0.681209458243         0.681209213743         0.681209011099         0.681208846135         0.681208684565         0.681208509173         0.681208323735         0.681208158515         0.681208008716         0.681207852307         0.681207721433         0.681207589632         0.681207464882         0.681207348576         0.681207223117         0.681207132908         0.681207027551         0.681206955483         0.681206859207         0.681206785913         0.681206732237         0.681206675646         0.681206603009         0.681206567194         0.681206554076         0.681206549343         0.681206513384         0.681206516937         0.681206535932         0.681206553423         0.681206574925         0.681206588793         0.681206607818         0.681206648701         0.681206726366         0.681206793985         0.681206875855         0.681206928259         0.681207034548         0.681207124002         0.681207236596         0.681207338258         0.681207471546         0.681207613021         0.681207730716         0.681207870242         0.681208036767         0.681208204159         0.681208352552         0.681208287161         0.681207536630         0.681204617251         0.681195246942         0.681167714576         0.681090765715         0.680884973776         0.680355830999         0.679048435432         0.675931814068         0.668759030331         0.652386113031         0.614438094989         0.509906846362         0.000000000000
        0.739519400442         0.709683581005         0.697589287519         0.687147105341         0.683414645958         0.681836317083         0.681352456089         0.681213274288         0.681192289573         0.681197820680         0.681205990138         0.681211326888         0.681214078881         0.681215239135         0.681215579528         0.681215533161         0.681215315042         0.681215033071         0.681214726460         0.681214413081         0.681214099611         0.681213792271         0.681213489368         0.681213192111         0.681212899102         0.681212609602         0.681212329245         0.681212053241         0.681211784686         0.681211522578         0.681211265083         0.681211012327         0.681210767426         0.681210529527         0.681210297414         0.681210074306         0.681209856132         0.681209640173         0.681209430607         0.681209231449         0.681209043078         0.681208860145         0.681208682257         0.681208509967         0.681208346589         0.681208191308         0.681208041656         0.681207901674         0.681207768626         0.681207642539         0.681207524380         0.681207411224         0.681207310385         0.681207214414         0.681207129227         0.681207047536         0.681206975908         0.681206914550         0.681206859002         0.681206809899         0.681206771683         0.681206743340         0.681206723838         0.681206706672         0.681206702766         0.681206708892         0.681206720453         0.681206740649         0.681206768669         0.681206803383         0.681206848710         0.681206907603         0.681206970785         0.681207044351         0.681207120762         0.681207212827         0.681207309340         0.681207417276         0.681207530408         0.681207656645         0.681207791179         0.681207931619         0.681208083530         0.681208247149         0.681208409612         0.681208532501         0.681208458172         0.681207702108         0.681204782818         0.681195431725         0.681167883407         0.681090924924         0.680885101109         0.680355896607         0.679048380581         0.675931450094         0.668758865239         0.652386119098         0.614438040254         0.509906855812         0.000000000000
        0.739519976859         0.709684368157         0.697590197358         0.687147926286         0.683415168565         0.681836458344         0.681352527573         0.681213323409         0.681192322581         0.681197839481         0.681206001631         0.681211336321         0.681214089161         0.681215250610         0.681215590102         0.681215543028         0.681215327286         0.681215044427         0.681214737332         0.681214423971         0.681214111538         0.681213803169         0.681213499674         0.681213201596         0.681212908805         0.681212621420         0.681212340288         0.681212064772         0.681211795343         0.681211531982         0.681211274538         0.681211023127         0.681210778214         0.681210539648         0.681210307520         0.681210082235         0.681209863260         0.681209650355         0.681209444310         0.681209245522         0.681209054169         0.681208869527         0.681208691757         0.681208520972         0.681208357645         0.681208201713         0.681208052919         0.681207911875         0.681207778307         0.681207652214         0.681207533849         0.681207422809         0.681207320249         0.681207225075         0.681207138247         0.681207058719         0.681206987528         0.681206924759         0.681206869748         0.681206822802         0.681206784370         0.681206754422         0.681206732923         0.681206718907         0.681206714032         0.681206717816         0.681206729588         0.681206749974         0.681206778870         0.681206815980         0.681206861950         0.681206917327         0.681206980595         0.681207052874         0.681207132889         0.681207222679         0.681207320468         0.681207427471         0.681207542672         0.681207667498         0.681207801376         0.681207944539         0.681208098055         0.681208260902         0.681208422856         0.681208542421         0.681208467859         0.681207711563         0.681204792608         0.681195443531         0.681167893815         0.681090933119         0.680885099859         0.680355870857         0.679048292045         0.675931266924         0.668758777164         0.652386110754         0.614438007158         0.509906839094         0.000000000000
        0.739520101514         0.709684537857         0.697590387370         0.687148100421         0.683415274492         0.681836481737         0.681352538374         0.681213329724         0.681192326138         0.681197841052         0.681206002274         0.681211336814         0.681214089802         0.681215251404         0.681215590775         0.681215543618         0.681215328268         0.681215045272         0.681214738090         0.681214424743         0.681214112422         0.681213803955         0.681213500388         0.681213202169         0.681212909445         0.681212622346         0.681212341074         0.681212065608         0.681211796090         0.681211532593         0.681211275171         0.681211023917         0.681210778964         0.681210540356         0.681210308192         0.681210082591         0.681209863550         0.681209651109         0.681209445459         0.681209246705         0.681209054947         0.681208870148         0.681208692409         0.681208521807         0.681208358471         0.681208202455         0.681208053786         0.681207912613         0.681207778961         0.681207652885         0.681207534483         0.681207423750         0.681207320911         0.681207225853         0.681207138780         0.681207059579         0.681206988456         0.681206925469         0.681206870565         0.681206823844         0.681206785393         0.681206755256         0.681206733471         0.681206719928         0.681206714906         0.681206718360         0.681206730224         0.681206750627         0.681206779572         0.681206817032         0.681206863120         0.681206917946         0.681206981289         0.681207053348         0.681207133926         0.681207223352         0.681207321362         0.681207428187         0.681207543716         0.681207668304         0.681207802116         0.681207945625         0.681208099356         0.681208262085         0.681208423995         0.681208543106         0.681208468605         0.681207712301         0.681204793447         0.681195444649         0.681167894742         0.681090933211         0.680885096208         0.680355856356         0.679048247266         0.675931187936         0.668758739516         0.652386108174         0.614437995818         0.509906834192         0.000000000000
        0.739520132846         0.709684580493         0.697590434102         0.687148143680         0.683415301156         0.681836488712         0.681352541325         0.681213331042         0.681192326680         0.681197841211         0.681206002290         0.681211336823         0.681214089840         0.681215251466         0.681215590823         0.681215543656         0.681215328367         0.681215045351         0.681214738156         0.681214424811         0.681214112503         0.681213804027         0.681213500451         0.681213202210         0.681212909498         0.681212622438         0.681212341142         0.681212065683         0.681211796154         0.681211532641         0.681211275223         0.681211023989         0.681210779027         0.681210540418         0.681210308247         0.681210082603         0.681209863555         0.681209651181         0.681209445578         0.681209246828         0.681209055015         0.681208870199         0.681208692464         0.681208521886         0.681208358548         0.681208202520         0.681208053870         0.681207912681         0.681207779016         0.681207652944         0.681207534535         0.681207423846         0.681207320964         0.681207225925         0.681207138814         0.681207059662         0.681206988549         0.681206925531         0.681206870644         0.681206823948         0.681206785496         0.681206755335         0.681206733508         0.681206720035         0.681206714991         0.681206718399         0.681206730281         0.681206750683         0.681206779630         0.681206817139         0.681206863249         0.681206917992         0.681206981353         0.681207053375         0.681207134038         0.681207223407         0.681207321455         0.681207428248         0.681207543827         0.681207668378         0.681207802183         0.681207945738         0.681208099498         0.681208262211         0.681208424120         0.681208543168         0.681208468688         0.681207712393         0.681204793573         0.681195444832         0.681167894880         0.681090932992         0.680885094380         0.680355849697         0.679048226621         0.675931153429         0.668758723173         0.652386107511         0.614437991553         0.509906832535         0.000000000000
        0.739670608747         0.709978211488         0.698065311951         0.687693305834         0.683902559277         0.682286131569         0.681787033357         0.681635592705         0.681609787733         0.681613638501         0.681621429434         0.681626791058         0.681629649936         0.681630904268         0.681631309535         0.681631307178         0.681631121556         0.681630854267         0.681630544740         0.681630203846         0.681629840529         0.681629510914         0.681629442201         0.681630302995         0.681633505633         0.681640110603         0.681645716558         0.681651570580         0.681649886768         0.681648321674         0.681647594106         0.681647170294         0.681646873948         0.681646624805         0.681646396521         0.681646180065         0.681645972713         0.681645773718         0.681645582962         0.681645400516         0.681645226496         0.681645061024         0.681644904219         0.681644756193         0.681644617052         0.681644486893         0.681644365805         0.681644253870         0.681644151162         0.681644057749         0.681643973688         0.681643899036         0.681643833837         0.681643778135         0.681643731960         0.681643695342         0.681643668292         0.681643650805         0.681643642822         0.681643644157         0.681643654372         0.681643672538         0.681643697213         0.681643727734         0.681643773808         0.681643890830         0.681644343189         0.681646114619         0.681656313256         0.681659380123         0.681663272583         0.681671124432         0.681676510405         0.681676343228         0.681676819267         0.681677093020         0.681677354290         0.681677593369         0.681677828910         0.681678067666         0.681678314052         0.681678570922         0.681678841039         0.681679126673         0.681679423885         0.681679698218         0.681679800664         0.681679203641         0.681676228997         0.681665891206         0.681634212944         0.681543650267         0.681311671372         0.680756395223         0.679396165167         0.676223105273         0.668944638446         0.652456945031         0.614459963463         0.509910936057         0.000000000000
        0.739680164622         0.710001005229         0.698109769823         0.687728053079         0.683921995183         0.682299929878         0.681799179885         0.681651569410         0.681627571894         0.681632109672         0.681640087852         0.681645444667         0.681648228669         0.681649378744         0.681649711831         0.681649884464         0.681650746344         0.681653702234         0.681659666203         0.681663960577         0.681668434277         0.681665569793         0.681663574002         0.681662677623         0.681662185763         0.681661907848         0.681661561999         0.681661500013         0.681661420216         0.681661119472         0.681660797176         0.681660575471         0.681660803625         0.681662835614         0.681674069020         0.681686127942         0.681688924525         0.681687333427         0.681687614738         0.681687644270         0.681687622484         0.681687530995         0.681687412329         0.681687285247         0.681687160213         0.681687041860         0.681686932248         0.681686832261         0.681686742290         0.681686662517         0.681686593041         0.681686533923         0.681686485203         0.681686446915         0.681686419085         0.681686401733         0.681686394876         0.681686398530         0.681686412716         0.681686437462         0.681686472822         0.681686518876         0.681686575727         0.681686643341         0.681686721409         0.681686807833         0.681686902335         0.681686989632         0.681687473034         0.681687089924         0.681687259606         0.681687748919         0.681687467303         0.681687643220         0.681687852652         0.681688055945         0.681688259533         0.681688467790         0.681688683807         0.681688909070         0.681689144707         0.681689392069         0.681689653075         0.681689929268         0.681690215700         0.681690476527         0.681690562120         0.681689952803         0.681687015281         0.681676964874         0.681646531890         0.681560776634         0.681329493701         0.680769084204         0.679409045278         0.676231065341         0.668948808837         0.652459289260         0.614460307669         0.509910832296         0.000000000000
        0.739680296766         0.710001222943         0.698110239688         0.687728516550         0.683922100803         0.682299948857         0.681799094718         0.681651427532         0.681627412677         0.681631938870         0.681639901462         0.681645235350         0.681647997966         0.681649177153         0.681649752373         0.681650791655         0.681653821613         0.681659818116         0.681664107569         0.681668449883         0.681665714690         0.681663900805         0.681662979304         0.681662401546         0.681661982206         0.681661624162         0.681661272630         0.681660941725         0.681660615424         0.681660304893         0.681660089155         0.681660317827         0.681662345641         0.681673554537         0.681685891423         0.681688520048         0.681686479990         0.681686806124         0.681686884147         0.681686882671         0.681686794341         0.681686670221         0.681686533950         0.681686398089         0.681686268187         0.681686146676         0.681686034593         0.681685932392         0.681685840285         0.681685758386         0.681685686764         0.681685625471         0.681685574548         0.681685534026         0.681685503933         0.681685484290         0.681685475115         0.681685476419         0.681685488209         0.681685510488         0.681685543256         0.681685586509         0.681685640238         0.681685704424         0.681685779049         0.681685864014         0.681685959541         0.681686063950         0.681686197852         0.681686301752         0.681686445076         0.681686600475         0.681686743506         0.681686909154         0.681687086247         0.681687272854         0.681687469465         0.681687675929         0.681687892358         0.681688118962         0.681688356287         0.681688605447         0.681688868253         0.681689146187         0.681689434239         0.681689696478         0.681689783202         0.681689175096         0.681686241119         0.681676207685         0.681645840537         0.681560322304         0.681329180838         0.680768894753         0.679409261761         0.676231045724         0.668948825742         0.652459466285         0.614460337229         0.509910816171         0.000000000000
        0.739680304691         0.710001231086         0.698110257570         0.687728527047         0.683922091925         0.682299941167         0.681799088633         0.681651418441         0.681627403025         0.681631929101         0.681639891456         0.681645224966         0.681647987274         0.681649167181         0.681649746853         0.681650800470         0.681653862365         0.681659919886         0.681664077370         0.681668649560         0.681665881430         0.681663840409         0.681662876117         0.681662301548         0.681661883092         0.681661521791         0.681661180431         0.681660849056         0.681660523068         0.681660214892         0.681659999779         0.681660229327         0.681662258848         0.681673772095         0.681685708158         0.681688033967         0.681686432584         0.681686764495         0.681686816896         0.681686800577         0.681686705064         0.681686578118         0.681686440850         0.681686304772         0.681686174953         0.681686053635         0.681685941780         0.681685839813         0.681685747936         0.681685666257         0.681685594846         0.681685533754         0.681685483021         0.681685442679         0.681685412757         0.681685393275         0.681685384251         0.681685385697         0.681685397620         0.681685420022         0.681685452901         0.681685496250         0.681685550060         0.681685614315         0.681685688997         0.681685774084         0.681685869586         0.681685975402         0.681686092845         0.681686218288         0.681686355833         0.681686503127         0.681686659835         0.681686826903         0.681687003930         0.681687190877         0.681687387753         0.681687594544         0.681687811307         0.681688038256         0.681688275926         0.681688525425         0.681688788563         0.681689066818         0.681689355177         0.681689617703         0.681689704687         0.681689096831         0.681686163223         0.681676130962         0.681645768015         0.681560264804         0.681329135776         0.680768873360         0.679409282214         0.676231035746         0.668948825594         0.652459483263         0.614460340278         0.509910813263         0.000000000000
        0.739680305180         0.710001231397         0.698110258308         0.687728527323         0.683922090932         0.682299940405         0.681799088255         0.681651417909         0.681627402478         0.681631928566         0.681639890917         0.681645224415         0.681647986711         0.681649166649         0.681649746508         0.681650800732         0.681653863932         0.681659924742         0.681664062544         0.681668640743         0.681665869979         0.681663825943         0.681662861798         0.681662287406         0.681661868838         0.681661507105         0.681661167299         0.681660836761         0.681660511454         0.681660203666         0.681659988737         0.681660218622         0.681662247690         0.681673771690         0.681685694176         0.681688011062         0.681686423268         0.681686756088         0.681686807867         0.681686791457         0.681686695867         0.681686568946         0.681686431727         0.681686295715         0.681686165968         0.681686044726         0.681685932947         0.681685831055         0.681685739251         0.681685657643         0.681685586300         0.681685525274         0.681685474605         0.681685434325         0.681685404462         0.681685385039         0.681685376070         0.681685377570         0.681685389544         0.681685411995         0.681685444922         0.681685488317         0.681685542171         0.681685606467         0.681685681187         0.681685766308         0.681685861806         0.681685967651         0.681686083917         0.681686210286         0.681686347019         0.681686493889         0.681686650850         0.681686817887         0.681686994932         0.681687181942         0.681687378879         0.681687585730         0.681687802551         0.681688029555         0.681688267277         0.681688516827         0.681688780014         0.681689058315         0.681689346719         0.681689609288         0.681689696311         0.681689088495         0.681686154938         0.681676122798         0.681645760233         0.681560258341         0.681329130556         0.680768871169         0.679409285206         0.676231035187         0.668948826024         0.652459485023         0.614460340550         0.509910812749         0.000000000000
        0.739680305220         0.710001231419         0.698110258351         0.687728527326         0.683922090847         0.682299940340         0.681799088229         0.681651417875         0.681627402444         0.681631928534         0.681639890886         0.681645224383         0.681647986679         0.681649166621         0.681649746497         0.681650800771         0.681653864063         0.681659925112         0.681664060157         0.681668638500         0.681665867674         0.681663823812         0.681662859807         0.681662285428         0.681661866844         0.681661505065         0.681661165481         0.681660835094         0.681660509907         0.681660202185         0.681659987293         0.681660217233         0.681662246309         0.681673771002         0.681685693150         0.681688009766         0.681686422311         0.681686755064         0.681686806789         0.681686790379         0.681686694799         0.681686567892         0.681686430689         0.681686294693         0.681686164961         0.681686043734         0.681685931969         0.681685830091         0.681685738300         0.681685656705         0.681685585375         0.681685524361         0.681685473703         0.681685433435         0.681685403583         0.681685384170         0.681685375212         0.681685376721         0.681685388705         0.681685411165         0.681685444101         0.681685487504         0.681685541366         0.681685605669         0.681685680396         0.681685765523         0.681685861023         0.681685966864         0.681686083023         0.681686209435         0.681686346083         0.681686492907         0.681686649856         0.681686816881         0.681686993927         0.681687180945         0.681687377890         0.681687584750         0.681687801580         0.681688028591         0.681688266320         0.681688515878         0.681688779071         0.681689057379         0.681689345788         0.681689608363         0.681689695393         0.681689087581         0.681686154032         0.681676121909         0.681645759388         0.681560257633         0.681329129976         0.680768870961         0.679409285694         0.676231035274         0.668948826149         0.652459485219         0.614460340566         0.509910812659         0.000000000000
        0.739680305234         0.710001231429         0.698110258354         0.687728527325         0.683922090839         0.682299940335         0.681799088227         0.681651417872         0.681627402442         0.681631928532         0.681639890883         0.681645224381         0.681647986677         0.681649166620         0.681649746497         0.681650800778         0.681653864080         0.681659925153         0.681664059814         0.681668638150         0.681665867324         0.681663823502         0.681662859521         0.681662285147         0.681661866562         0.681661504779         0.681661165228         0.681660834863         0.681660509696         0.681660201984         0.681659987099         0.681660217047         0.681662246126         0.681673770890         0.681685693049         0.681688009651         0.681686422199         0.681686754938         0.681686806655         0.681686790244         0.681686694666         0.681686567763         0.681686430562         0.681686294568         0.681686164839         0.681686043614         0.681685931852         0.681685829976         0.681685738187         0.681685656594         0.681685585266         0.681685524254         0.681685473598         0.681685433332         0.681685403482         0.681685384070         0.681685375114         0.681685376625         0.681685388610         0.681685411072         0.681685444009         0.681685487413         0.681685541276         0.681685605581         0.681685680309         0.681685765437         0.681685860937         0.681685966778         0.681686082926         0.681686209340         0.681686345980         0.681686492797         0.681686649744         0.681686816767         0.681686993814         0.681687180832         0.681687377779         0.681687584640         0.681687801471         0.681688028483         0.681688266214         0.681688515772         0.681688778966         0.681689057275         0.681689345685         0.681689608261         0.681689695291         0.681689087480         0.681686153932         0.681676121811         0.681645759296         0.681560257556         0.681329129912         0.680768870943         0.679409285774         0.676231035310         0.668948826174         0.652459485242         0.614460340566         0.509910812643         0.000000000000
        0.739873772003         0.709993188669         0.698070452985         0.687698611653         0.683909474225         0.682293806940         0.681796572669         0.681650562390         0.681627181741         0.681631908479         0.681639914816         0.681645247437         0.681648001104         0.681649174247         0.681649750151         0.681650802412         0.681653864773         0.681659925437         0.681664059872         0.681668638137         0.681665867285         0.681663823460         0.681662859480         0.681662285105         0.681661866520         0.681661504737         0.681661165190         0.681660834829         0.681660509665         0.681660201954         0.681659987071         0.681660217020         0.681662246100         0.681673770872         0.681685693035         0.681688009636         0.681686422184         0.681686754920         0.681686806637         0.681686790226         0.681686694649         0.681686567746         0.681686430545         0.681686294552         0.681686164823         0.681686043598         0.681685931837         0.681685829961         0.681685738173         0.681685656580         0.681685585253         0.681685524241         0.681685473586         0.681685433319         0.681685403470         0.681685384058         0.681685375102         0.681685376613         0.681685388599         0.681685411061         0.681685443998         0.681685487403         0.681685541266         0.681685605571         0.681685680299         0.681685765427         0.681685860927         0.681685966769         0.681686082916         0.681686209330         0.681686345969         0.681686492786         0.681686649732         0.681686816755         0.681686993802         0.681687180820         0.681687377768         0.681687584629         0.681687801461         0.681688028478         0.681688266224         0.681688515825         0.681688779140         0.681689057778         0.681689347049         0.681689611793         0.681689704090         0.681689108545         0.681686202155         0.681676226387         0.681645970164         0.681560638215         0.681329684197         0.680769256245         0.679407918751         0.676223375767         0.668917090019         0.652383160155         0.614361073200         0.509797315572         0.000000000000
        0.739873541458         0.709992635163         0.698069719823         0.687697801218         0.683909155467         0.682293694881         0.681796521041         0.681650542466         0.681627174265         0.681631906216         0.681639914322         0.681645247458         0.681648001209         0.681649174328         0.681649750197         0.681650802435         0.681653864783         0.681659925442         0.681664059867         0.681668638130         0.681665867278         0.681663823454         0.681662859474         0.681662285100         0.681661866514         0.681661504731         0.681661165185         0.681660834824         0.681660509660         0.681660201950         0.681659987067         0.681660217016         0.681662246097         0.681673770870         0.681685693033         0.681688009634         0.681686422182         0.681686754918         0.681686806635         0.681686790224         0.681686694646         0.681686567743         0.681686430543         0.681686294550         0.681686164821         0.681686043597         0.681685931835         0.681685829959         0.681685738171         0.681685656578         0.681685585251         0.681685524240         0.681685473584         0.681685433318         0.681685403468         0.681685384057         0.681685375101         0.681685376612         0.681685388597         0.681685411060         0.681685443997         0.681685487402         0.681685541265         0.681685605570         0.681685680298         0.681685765426         0.681685860926         0.681685966767         0.681686082914         0.681686209329         0.681686345967         0.681686492784         0.681686649731         0.681686816754         0.681686993801         0.681687180819         0.681687377766         0.681687584628         0.681687801460         0.681688028477         0.681688266223         0.681688515824         0.681688779141         0.681689057783         0.681689347065         0.681689611839         0.681689704209         0.681689108835         0.681686202816         0.681676227793         0.681645972895         0.681560642840         0.681329689991         0.680769256828         0.679407887413         0.676223254542         0.668916519436         0.652381923332         0.614357816321         0.509793358755         0.000000000000
        0.739873533248         0.709992616289         0.698069692556         0.687697797014         0.683909163233         0.682293699978         0.681796522549         0.681650542865         0.681627174272         0.681631906156         0.681639914271         0.681645247428         0.681648001194         0.681649174321         0.681649750194         0.681650802434         0.681653864783         0.681659925442         0.681664059866         0.681668638129         0.681665867276         0.681663823453         0.681662859473         0.681662285099         0.681661866514         0.681661504730         0.681661165184         0.681660834824         0.681660509660         0.681660201950         0.681659987066         0.681660217016         0.681662246096         0.681673770869         0.681685693033         0.681688009634         0.681686422181         0.681686754918         0.681686806634         0.681686790224         0.681686694646         0.681686567743         0.681686430542         0.681686294549         0.681686164821         0.681686043596         0.681685931835         0.681685829959         0.681685738171         0.681685656578         0.681685585251         0.681685524239         0.681685473584         0.681685433318         0.681685403468         0.681685384057         0.681685375101         0.681685376612         0.681685388597         0.681685411060         0.681685443996         0.681685487402         0.681685541265         0.681685605570         0.681685680298         0.681685765426         0.681685860926         0.681685966767         0.681686082914         0.681686209328         0.681686345967         0.681686492784         0.681686649730         0.681686816754         0.681686993801         0.681687180819         0.681687377766         0.681687584628         0.681687801460         0.681688028477         0.681688266222         0.681688515824         0.681688779141         0.681689057784         0.681689347067         0.681689611845         0.681689704225         0.681689108874         0.681686202910         0.681676228009         0.681645973362         0.681560643776         0.681329691640         0.680769259031         0.679407887831         0.676223244262         0.668916459471         0.652381777205         0.614357228563         0.509792853425         0.000000000000
        0.739873533018         0.709992615697         0.698069690878         0.687697797517         0.683909164514         0.682293700743         0.681796522830         0.681650542960         0.681627174293         0.681631906156         0.681639914267         0.681645247424         0.681648001192         0.681649174320         0.681649750194         0.681650802433         0.681653864783         0.681659925442         0.681664059866         0.681668638129         0.681665867276         0.681663823452         0.681662859473         0.681662285098         0.681661866514         0.681661504730         0.681661165184         0.681660834824         0.681660509660         0.681660201950         0.681659987066         0.681660217016         0.681662246096         0.681673770869         0.681685693033         0.681688009634         0.681686422181         0.681686754918         0.681686806634         0.681686790224         0.681686694646         0.681686567743         0.681686430543         0.681686294549         0.681686164821         0.681686043596         0.681685931835         0.681685829959         0.681685738171         0.681685656578         0.681685585251         0.681685524239         0.681685473584         0.681685433318         0.681685403468         0.681685384057         0.681685375101         0.681685376612         0.681685388597         0.681685411059         0.681685443996         0.681685487402         0.681685541265         0.681685605570         0.681685680298         0.681685765426         0.681685860926         0.681685966767         0.681686082914         0.681686209329         0.681686345967         0.681686492784         0.681686649730         0.681686816754         0.681686993800         0.681687180819         0.681687377766         0.681687584628         0.681687801460         0.681688028477         0.681688266223         0.681688515824         0.681688779141         0.681689057784         0.681689347067         0.681689611846         0.681689704228         0.681689108883         0.681686202932         0.681676228057         0.681645973467         0.681560643984         0.681329692005         0.680769259514         0.679407887940         0.676223241972         0.668916448031         0.652381750763         0.614357115846         0.509792724581         0.000000000000
        0.739873534038         0.709992615909         0.698069690799         0.687697797590         0.683909164635         0.682293700815         0.681796522857         0.681650542969         0.681627174296         0.681631906156         0.681639914267         0.681645247424         0.681648001191         0.681649174319         0.681649750194         0.681650802433         0.681653864783         0.681659925442         0.681664059866         0.681668638129         0.681665867276         0.681663823452         0.681662859473         0.681662285099         0.681661866514         0.681661504730         0.681661165184         0.681660834824         0.681660509660         0.681660201950         0.681659987066         0.681660217016         0.681662246096         0.681673770869         0.681685693033         0.681688009634         0.681686422181         0.681686754918         0.681686806634         0.681686790224         0.681686694646         0.681686567743         0.681686430543         0.681686294549         0.681686164821         0.681686043596         0.681685931835         0.681685829959         0.681685738171         0.681685656578         0.681685585251         0.681685524239         0.681685473584         0.681685433318         0.681685403468         0.681685384057         0.681685375101         0.681685376612         0.681685388597         0.681685411059         0.681685443997         0.681685487402         0.681685541265         0.681685605570         0.681685680298         0.681685765426         0.681685860926         0.681685966767         0.681686082914         0.681686209329         0.681686345967         0.681686492784         0.681686649730         0.681686816754         0.681686993800         0.681687180819         0.681687377766         0.681687584628         0.681687801460         0.681688028477         0.681688266222         0.681688515824         0.681688779141         0.681689057784         0.681689347067         0.681689611846         0.681689704229         0.681689108885         0.681686202936         0.681676228068         0.681645973489         0.681560644028         0.681329692079         0.680769259606         0.679407887937         0.676223241431         0.668916445640         0.652381745767         0.614357092399         0.509792693037         0.000000000000
        0.739873533617         0.709992615745         0.698069690762         0.687697797596         0.683909164650         0.682293700824         0.681796522861         0.681650542971         0.681627174296         0.681631906156         0.681639914267         0.681645247424         0.681648001191         0.681649174319         0.681649750194         0.681650802434         0.681653864783         0.681659925442         0.681664059866         0.681668638129         0.681665867276         0.681663823452         0.681662859473         0.681662285098         0.681661866513         0.681661504730         0.681661165184         0.681660834824         0.681660509660         0.681660201950         0.681659987066         0.681660217016         0.681662246096         0.681673770869         0.681685693033         0.681688009634         0.681686422181         0.681686754918         0.681686806634         0.681686790224         0.681686694646         0.681686567743         0.681686430542         0.681686294549         0.681686164821         0.681686043596         0.681685931835         0.681685829959         0.681685738171         0.681685656578         0.681685585251         0.681685524239         0.681685473584         0.681685433318         0.681685403468         0.681685384057         0.681685375101         0.681685376612         0.681685388597         0.681685411059         0.681685443997         0.681685487402         0.681685541265         0.681685605570         0.681685680298         0.681685765426         0.681685860926         0.681685966767         0.681686082914         0.681686209328         0.681686345967         0.681686492784         0.681686649730         0.681686816754         0.681686993801         0.681687180819         0.681687377766         0.681687584628         0.681687801460         0.681688028477         0.681688266223         0.681688515824         0.681688779141         0.681689057784         0.681689347067         0.681689611846         0.681689704229         0.681689108885         0.681686202937         0.681676228070         0.681645973493         0.681560644036         0.681329692093         0.680769259623         0.679407887932         0.676223241311         0.668916445143         0.652381744831         0.614357087420         0.509792685701         0.000000000000
        0.739873532723         0.709992615526         0.698069690709         0.687697797581         0.683909164647         0.682293700824         0.681796522861         0.681650542971         0.681627174296         0.681631906156         0.681639914267         0.681645247424         0.681648001191         0.681649174319         0.681649750193         0.681650802434         0.681653864783         0.681659925442         0.681664059866         0.681668638129         0.681665867276         0.681663823452         0.681662859473         0.681662285099         0.681661866514         0.681661504730         0.681661165184         0.681660834824         0.681660509660         0.681660201950         0.681659987066         0.681660217015         0.681662246096         0.681673770869         0.681685693033         0.681688009634         0.681686422181         0.681686754918         0.681686806634         0.681686790224         0.681686694646         0.681686567743         0.681686430542         0.681686294549         0.681686164821         0.681686043596         0.681685931835         0.681685829959         0.681685738171         0.681685656578         0.681685585251         0.681685524239         0.681685473584         0.681685433318         0.681685403468         0.681685384057         0.681685375101         0.681685376612         0.681685388597         0.681685411059         0.681685443996         0.681685487402         0.681685541265         0.681685605570         0.681685680298         0.681685765426         0.681685860926         0.681685966767         0.681686082914         0.681686209328         0.681686345967         0.681686492784         0.681686649730         0.681686816754         0.681686993800         0.681687180819         0.681687377766         0.681687584628         0.681687801460         0.681688028477         0.681688266222         0.681688515824         0.681688779141         0.681689057784         0.681689347067         0.681689611846         0.681689704229         0.681689108885         0.681686202937         0.681676228070         0.681645973494         0.681560644038         0.681329692096         0.680769259626         0.679407887930         0.676223241286         0.668916445041         0.652381744657         0.614357086361         0.509792684043         0.000000000000
        0.739873533783         0.709992615763         0.698069690765         0.687697797595         0.683909164649         0.682293700824         0.681796522861         0.681650542971         0.681627174296         0.681631906156         0.681639914267         0.681645247424         0.681648001191         0.681649174319         0.681649750194         0.681650802434         0.681653864783         0.681659925442         0.681664059866         0.681668638129         0.681665867276         0.681663823452         0.681662859473         0.681662285098         0.681661866514         0.681661504730         0.681661165184         0.681660834824         0.681660509660         0.681660201950         0.681659987066         0.681660217016         0.681662246096         0.681673770869         0.681685693033         0.681688009634         0.681686422181         0.681686754918         0.681686806634         0.681686790224         0.681686694646         0.681686567743         0.681686430543         0.681686294549         0.681686164821         0.681686043596         0.681685931835         0.681685829959         0.681685738171         0.681685656578         0.681685585251         0.681685524239         0.681685473584         0.681685433318         0.681685403468         0.681685384057         0.681685375101         0.681685376612         0.681685388597         0.681685411059         0.681685443997         0.681685487402         0.681685541265         0.681685605570         0.681685680298         0.681685765426         0.681685860926         0.681685966767         0.681686082914         0.681686209328         0.681686345967         0.681686492784         0.681686649730         0.681686816754         0.681686993801         0.681687180819         0.681687377766         0.681687584628         0.681687801460         0.681688028477         0.681688266223         0.681688515824         0.681688779141         0.681689057784         0.681689347068         0.681689611846         0.681689704229         0.681689108885         0.681686202937         0.681676228071         0.681645973495         0.681560644038         0.681329692097         0.680769259627         0.679407887930         0.676223241280         0.668916445020         0.652381744625         0.614357086136         0.509792683675         0.000000000000
        0.739873533866         0.709992615892         0.698069690789         0.687697797599         0.683909164649         0.682293700823         0.681796522860         0.681650542970         0.681627174296         0.681631906156         0.681639914267         0.681645247424         0.681648001191         0.681649174319         0.681649750194         0.681650802434         0.681653864783         0.681659925442         0.681664059866         0.681668638129         0.681665867276         0.681663823452         0.681662859473         0.681662285098         0.681661866513         0.681661504730         0.681661165184         0.681660834824         0.681660509660         0.681660201950         0.681659987066         0.681660217015         0.681662246096         0.681673770869         0.681685693033         0.681688009634         0.681686422181         0.681686754918         0.681686806634         0.681686790224         0.681686694646         0.681686567743         0.681686430542         0.681686294549         0.681686164821         0.681686043596         0.681685931835         0.681685829959         0.681685738171         0.681685656578         0.681685585251         0.681685524239         0.681685473584         0.681685433318         0.681685403468         0.681685384057         0.681685375101         0.681685376612         0.681685388597         0.681685411059         0.681685443996         0.681685487402         0.681685541265         0.681685605570         0.681685680298         0.681685765426         0.681685860926         0.681685966767         0.681686082914         0.681686209328         0.681686345967         0.681686492784         0.681686649730         0.681686816754         0.681686993801         0.681687180819         0.681687377766         0.681687584628         0.681687801460         0.681688028477         0.681688266223         0.681688515824         0.681688779141         0.681689057784         0.681689347067         0.681689611846         0.681689704229         0.681689108885         0.681686202937         0.681676228071         0.681645973495         0.681560644038         0.681329692097         0.680769259627         0.679407887929         0.676223241279         0.668916445015         0.652381744619         0.614357086088         0.509792683594         0.000000000000
        0.739873532551         0.709992615619         0.698069690719         0.687697797583         0.683909164647         0.682293700824         0.681796522861         0.681650542971         0.681627174296         0.681631906156         0.681639914267         0.681645247424         0.681648001191         0.681649174319         0.681649750194         0.681650802434         0.681653864783         0.681659925442         0.681664059866         0.681668638129         0.681665867276         0.681663823452         0.681662859473         0.681662285099         0.681661866514         0.681661504730         0.681661165184         0.681660834824         0.681660509660         0.681660201950         0.681659987066         0.681660217016         0.681662246096         0.681673770869         0.681685693033         0.681688009634         0.681686422181         0.681686754918         0.681686806634         0.681686790224         0.681686694646         0.681686567743         0.681686430542         0.681686294549         0.681686164821         0.681686043596         0.681685931835         0.681685829959         0.681685738171         0.681685656578         0.681685585251         0.681685524239         0.681685473584         0.681685433318         0.681685403468         0.681685384057         0.681685375101         0.681685376612         0.681685388597         0.681685411059         0.681685443996         0.681685487402         0.681685541264         0.681685605570         0.681685680298         0.681685765426         0.681685860926         0.681685966767         0.681686082914         0.681686209328         0.681686345967         0.681686492784         0.681686649730         0.681686816754         0.681686993801         0.681687180819         0.681687377766         0.681687584628         0.681687801460         0.681688028477         0.681688266222         0.681688515824         0.681688779141         0.681689057784         0.681689347067         0.681689611846         0.681689704229         0.681689108885         0.681686202937         0.681676228071         0.681645973495         0.681560644039         0.681329692097         0.680769259627         0.679407887929         0.676223241279         0.668916445015         0.652381744618         0.614357086078         0.509792683576         0.000000000000
        0.739873533180         0.709992615798         0.698069690749         0.687697797585         0.683909164643         0.682293700821         0.681796522859         0.681650542970         0.681627174296         0.681631906156         0.681639914267         0.681645247424         0.681648001191         0.681649174319         0.681649750194         0.681650802434         0.681653864783         0.681659925442         0.681664059866         0.681668638129         0.681665867276         0.681663823452         0.681662859473         0.681662285099         0.681661866514         0.681661504730         0.681661165184         0.681660834824         0.681660509660         0.681660201950         0.681659987066         0.681660217015         0.681662246096         0.681673770869         0.681685693033         0.681688009634         0.681686422181         0.681686754918         0.681686806634         0.681686790224         0.681686694646         0.681686567743         0.681686430543         0.681686294549         0.681686164821         0.681686043596         0.681685931835         0.681685829959         0.681685738171         0.681685656578         0.681685585251         0.681685524239         0.681685473584         0.681685433318         0.681685403468         0.681685384057         0.681685375101         0.681685376612         0.681685388597         0.681685411059         0.681685443996         0.681685487402         0.681685541264         0.681685605570         0.681685680298         0.681685765426         0.681685860926         0.681685966767         0.681686082914         0.681686209328         0.681686345967         0.681686492784         0.681686649731         0.681686816754         0.681686993801         0.681687180819         0.681687377766         0.681687584628         0.681687801460         0.681688028477         0.681688266223         0.681688515824         0.681688779141         0.681689057784         0.681689347068         0.681689611846         0.681689704229         0.681689108885         0.681686202937         0.681676228071         0.681645973495         0.681560644038         0.681329692097         0.680769259627         0.679407887929         0.676223241279         0.668916445014         0.652381744617         0.614357086076         0.509792683572         0.000000000000
        0.739873534826         0.709992616083         0.698069690827         0.687697797605         0.683909164647         0.682293700820         0.681796522859         0.681650542969         0.681627174296         0.681631906156         0.681639914267         0.681645247424         0.681648001191         0.681649174319         0.681649750194         0.681650802434         0.681653864783         0.681659925442         0.681664059866         0.681668638129         0.681665867276         0.681663823452         0.681662859473         0.681662285098         0.681661866513         0.681661504730         0.681661165184         0.681660834824         0.681660509660         0.681660201950         0.681659987066         0.681660217016         0.681662246096         0.681673770869         0.681685693033         0.681688009634         0.681686422181         0.681686754918         0.681686806634         0.681686790224         0.681686694646         0.681686567743         0.681686430543         0.681686294549         0.681686164821         0.681686043596         0.681685931835         0.681685829959         0.681685738171         0.681685656578         0.681685585251         0.681685524239         0.681685473584         0.681685433318         0.681685403468         0.681685384057         0.681685375101         0.681685376612         0.681685388597         0.681685411059         0.681685443997         0.681685487402         0.681685541265         0.681685605570         0.681685680298         0.681685765426         0.681685860926         0.681685966767         0.681686082914         0.681686209329         0.681686345967         0.681686492784         0.681686649730         0.681686816754         0.681686993801         0.681687180819         0.681687377766         0.681687584628         0.681687801460         0.681688028477         0.681688266223         0.681688515824         0.681688779141         0.681689057784         0.681689347068         0.681689611846         0.681689704230         0.681689108885         0.681686202937         0.681676228070         0.681645973495         0.681560644038         0.681329692097         0.680769259627         0.679407887929         0.676223241279         0.668916445014         0.652381744617         0.614357086075         0.509792683571         0.000000000000
        0.739873533417         0.709992615783         0.698069690761         0.687697797594         0.683909164649         0.682293700824         0.681796522861         0.681650542971         0.681627174296         0.681631906156         0.681639914267         0.681645247424         0.681648001191         0.681649174319         0.681649750194         0.681650802434         0.681653864783         0.681659925442         0.681664059866         0.681668638129         0.681665867276         0.681663823452         0.681662859473         0.681662285098         0.681661866513         0.681661504730         0.681661165184         0.681660834824         0.681660509660         0.681660201950         0.681659987066         0.681660217016         0.681662246096         0.681673770869         0.681685693033         0.681688009634         0.681686422181         0.681686754918         0.681686806634         0.681686790224         0.681686694646         0.681686567743         0.681686430542         0.681686294549         0.681686164821         0.681686043596         0.681685931835         0.681685829959         0.681685738171         0.681685656578         0.681685585251         0.681685524239         0.681685473584         0.681685433318         0.681685403468         0.681685384057         0.681685375101         0.681685376612         0.681685388597         0.681685411059         0.681685443996         0.681685487402         0.681685541265         0.681685605570         0.681685680298         0.681685765426         0.681685860926         0.681685966767         0.681686082914         0.681686209328         0.681686345967         0.681686492784         0.681686649730         0.681686816754         0.681686993801         0.681687180819         0.681687377766         0.681687584628         0.681687801460         0.681688028477         0.681688266223         0.681688515824         0.681688779141         0.681689057784         0.681689347068         0.681689611846         0.681689704229         0.681689108885         0.681686202937         0.681676228071         0.681645973495         0.681560644038         0.681329692097         0.680769259627         0.679407887929         0.676223241279         0.668916445014         0.652381744618         0.614357086075         0.509792683571         0.000000000000
        0.739873532257         0.709992615841         0.698069690718         0.687697797555         0.683909164624         0.682293700810         0.681796522854         0.681650542968         0.681627174295         0.681631906156         0.681639914266         0.681645247424         0.681648001191         0.681649174319         0.681649750194         0.681650802433         0.681653864783         0.681659925442         0.681664059866         0.681668638129         0.681665867276         0.681663823452         0.681662859473         0.681662285098         0.681661866513         0.681661504730         0.681661165184         0.681660834824         0.681660509660         0.681660201950         0.681659987066         0.681660217016         0.681662246096         0.681673770869         0.681685693033         0.681688009634         0.681686422181         0.681686754918         0.681686806634         0.681686790224         0.681686694646         0.681686567743         0.681686430542         0.681686294549         0.681686164821         0.681686043596         0.681685931835         0.681685829959         0.681685738171         0.681685656578         0.681685585251         0.681685524239         0.681685473584         0.681685433318         0.681685403468         0.681685384057         0.681685375101         0.681685376612         0.681685388597         0.681685411059         0.681685443996         0.681685487402         0.681685541265         0.681685605570         0.681685680298         0.681685765426         0.681685860926         0.681685966767         0.681686082914         0.681686209329         0.681686345967         0.681686492784         0.681686649730         0.681686816754         0.681686993801         0.681687180819         0.681687377766         0.681687584628         0.681687801460         0.681688028477         0.681688266222         0.681688515824         0.681688779141         0.681689057784         0.681689347068         0.681689611846         0.681689704229         0.681689108885         0.681686202937         0.681676228071         0.681645973495         0.681560644038         0.681329692097         0.680769259627         0.679407887929         0.676223241279         0.668916445014         0.652381744617         0.614357086075         0.509792683571         0.000000000000
        0.739873533336         0.709992615549         0.698069690727         0.687697797593         0.683909164653         0.682293700827         0.681796522862         0.681650542971         0.681627174297         0.681631906156         0.681639914267         0.681645247424         0.681648001191         0.681649174319         0.681649750194         0.681650802433         0.681653864783         0.681659925442         0.681664059866         0.681668638129         0.681665867276         0.681663823452         0.681662859473         0.681662285098         0.681661866514         0.681661504730         0.681661165184         0.681660834824         0.681660509660         0.681660201950         0.681659987066         0.681660217016         0.681662246096         0.681673770869         0.681685693033         0.681688009634         0.681686422181         0.681686754918         0.681686806634         0.681686790224         0.681686694646         0.681686567743         0.681686430542         0.681686294549         0.681686164821         0.681686043597         0.681685931835         0.681685829959         0.681685738171         0.681685656578         0.681685585251         0.681685524239         0.681685473584         0.681685433318         0.681685403468         0.681685384057         0.681685375101         0.681685376612         0.681685388597         0.681685411059         0.681685443996         0.681685487402         0.681685541265         0.681685605570         0.681685680298         0.681685765426         0.681685860926         0.681685966767         0.681686082914         0.681686209328         0.681686345967         0.681686492784         0.681686649730         0.681686816754         0.681686993800         0.681687180819         0.681687377766         0.681687584628         0.681687801460         0.681688028477         0.681688266223         0.681688515824         0.681688779141         0.681689057784         0.681689347067         0.681689611846         0.681689704230         0.681689108885         0.681686202937         0.681676228071         0.681645973495         0.681560644038         0.681329692097         0.680769259627         0.679407887929         0.676223241279         0.668916445014         0.652381744617         0.614357086075         0.509792683571         0.000000000000
        0.739873534454         0.709992616117         0.698069690819         0.687697797596         0.683909164641         0.682293700818         0.681796522857         0.681650542969         0.681627174295         0.681631906156         0.681639914267         0.681645247424         0.681648001191         0.681649174319         0.681649750194         0.681650802434         0.681653864783         0.681659925442         0.681664059866         0.681668638129         0.681665867276         0.681663823452         0.681662859473         0.681662285099         0.681661866514         0.681661504730         0.681661165184         0.681660834824         0.681660509660         0.681660201950         0.681659987066         0.681660217016         0.681662246096         0.681673770869         0.681685693033         0.681688009634         0.681686422181         0.681686754918         0.681686806634         0.681686790224         0.681686694646         0.681686567743         0.681686430542         0.681686294549         0.681686164821         0.681686043596         0.681685931835         0.681685829959         0.681685738171         0.681685656578         0.681685585251         0.681685524239         0.681685473584         0.681685433318         0.681685403468         0.681685384057         0.681685375101         0.681685376612         0.681685388597         0.681685411059         0.681685443996         0.681685487402         0.681685541265         0.681685605570         0.681685680298         0.681685765426         0.681685860926         0.681685966767         0.681686082914         0.681686209328         0.681686345967         0.681686492784         0.681686649731         0.681686816754         0.681686993800         0.681687180819         0.681687377766         0.681687584628         0.681687801460         0.681688028477         0.681688266222         0.681688515824         0.681688779141         0.681689057784         0.681689347068         0.681689611846         0.681689704229         0.681689108885         0.681686202937         0.681676228071         0.681645973495         0.681560644038         0.681329692097         0.680769259627         0.679407887929         0.676223241279         0.668916445014         0.652381744617         0.614357086075         0.509792683571         0.000000000000
        0.739873532652         0.709992615433         0.698069690700         0.687697797586         0.683909164652         0.682293700827         0.681796522863         0.681650542972         0.681627174297         0.681631906156         0.681639914267         0.681645247424         0.681648001191         0.681649174319         0.681649750194         0.681650802433         0.681653864783         0.681659925442         0.681664059866         0.681668638129         0.681665867276         0.681663823452         0.681662859473         0.681662285099         0.681661866514         0.681661504731         0.681661165184         0.681660834824         0.681660509660         0.681660201950         0.681659987066         0.681660217016         0.681662246096         0.681673770869         0.681685693033         0.681688009634         0.681686422181         0.681686754918         0.681686806634         0.681686790224         0.681686694646         0.681686567743         0.681686430542         0.681686294549         0.681686164821         0.681686043596         0.681685931835         0.681685829959         0.681685738171         0.681685656578         0.681685585251         0.681685524239         0.681685473584         0.681685433318         0.681685403468         0.681685384057         0.681685375101         0.681685376612         0.681685388597         0.681685411059         0.681685443996         0.681685487402         0.681685541264         0.681685605570         0.681685680298         0.681685765426         0.681685860926         0.681685966767         0.681686082914         0.681686209328         0.681686345967         0.681686492784         0.681686649730         0.681686816754         0.681686993800         0.681687180819         0.681687377766         0.681687584628         0.681687801460         0.681688028477         0.681688266223         0.681688515824         0.681688779141         0.681689057784         0.681689347067         0.681689611846         0.681689704230         0.681689108885         0.681686202937         0.681676228071         0.681645973495         0.681560644038         0.681329692097         0.680769259627         0.679407887929         0.676223241279         0.668916445014         0.652381744617         0.614357086075         0.509792683571         0.000000000000
        0.739873533036         0.709992615682         0.698069690739         0.687697797590         0.683909164649         0.682293700824         0.681796522861         0.681650542971         0.681627174296         0.681631906156         0.681639914267         0.681645247424         0.681648001191         0.681649174319         0.681649750194         0.681650802434         0.681653864783         0.681659925442         0.681664059866         0.681668638129         0.681665867276         0.681663823452         0.681662859473         0.681662285098         0.681661866514         0.681661504730         0.681661165184         0.681660834824         0.681660509660         0.681660201950         0.681659987066         0.681660217016         0.681662246096         0.681673770869         0.681685693033         0.681688009634         0.681686422181         0.681686754918         0.681686806634         0.681686790224         0.681686694646         0.681686567743         0.681686430542         0.681686294549         0.681686164821         0.681686043596         0.681685931835         0.681685829959         0.681685738171         0.681685656578         0.681685585251         0.681685524239         0.681685473584         0.681685433318         0.681685403468         0.681685384057         0.681685375101         0.681685376612         0.681685388597         0.681685411059         0.681685443996         0.681685487402         0.681685541264         0.681685605570         0.681685680298         0.681685765426         0.681685860926         0.681685966767         0.681686082914         0.681686209328         0.681686345967         0.681686492784         0.681686649730         0.681686816754         0.681686993801         0.681687180819         0.681687377766         0.681687584628         0.681687801460         0.681688028477         0.681688266223         0.681688515824         0.681688779141         0.681689057784         0.681689347068         0.681689611846         0.681689704230         0.681689108885         0.681686202937         0.681676228071         0.681645973495         0.681560644038         0.681329692097         0.680769259627         0.679407887929         0.676223241279         0.668916445014         0.652381744617         0.614357086075         0.509792683571         0.000000000000
        0.739873534149         0.709992615823         0.698069690782         0.687697797599         0.683909164650         0.682293700824         0.681796522861         0.681650542971         0.681627174296         0.681631906156         0.681639914267         0.681645247424         0.681648001191         0.681649174320         0.681649750194         0.681650802433         0.681653864783         0.681659925442         0.681664059866         0.681668638129         0.681665867276         0.681663823452         0.681662859473         0.681662285099         0.681661866514         0.681661504730         0.681661165184         0.681660834823         0.681660509660         0.681660201950         0.681659987066         0.681660217016         0.681662246096         0.681673770869         0.681685693033         0.681688009634         0.681686422181         0.681686754918         0.681686806634         0.681686790224         0.681686694646         0.681686567743         0.681686430542         0.681686294549         0.681686164821         0.681686043596         0.681685931835         0.681685829959         0.681685738171         0.681685656578         0.681685585251         0.681685524239         0.681685473584         0.681685433318         0.681685403468         0.681685384057         0.681685375101         0.681685376612         0.681685388597         0.681685411059         0.681685443996         0.681685487402         0.681685541264         0.681685605570         0.681685680298         0.681685765426         0.681685860926         0.681685966767         0.681686082914         0.681686209328         0.681686345967         0.681686492784         0.681686649730         0.681686816754         0.681686993800         0.681687180819         0.681687377766         0.681687584628         0.681687801460         0.681688028477         0.681688266223         0.681688515824         0.681688779141         0.681689057784         0.681689347068         0.681689611846         0.681689704229         0.681689108885         0.681686202937         0.681676228071         0.681645973495         0.681560644039         0.681329692097         0.680769259627         0.679407887929         0.676223241279         0.668916445014         0.652381744617         0.614357086075         0.509792683571         0.000000000000
        0.739873533234         0.709992615594         0.698069690732         0.687697797589         0.683909164650         0.682293700825         0.681796522862         0.681650542971         0.681627174296         0.681631906156         0.681639914267         0.681645247424         0.681648001191         0.681649174319         0.681649750194         0.681650802434         0.681653864783         0.681659925442         0.681664059866         0.681668638129         0.681665867276         0.681663823452         0.681662859473         0.681662285099         0.681661866514         0.681661504730         0.681661165184         0.681660834824         0.681660509660         0.681660201950         0.681659987066         0.681660217016         0.681662246096         0.681673770869         0.681685693033         0.681688009634         0.681686422181         0.681686754918         0.681686806634         0.681686790224         0.681686694646         0.681686567743         0.681686430542         0.681686294549         0.681686164821         0.681686043596         0.681685931835         0.681685829959         0.681685738171         0.681685656578         0.681685585251         0.681685524239         0.681685473584         0.681685433318         0.681685403468         0.681685384057         0.681685375101         0.681685376612         0.681685388597         0.681685411059         0.681685443996         0.681685487402         0.681685541264         0.681685605570         0.681685680298         0.681685765426         0.681685860926         0.681685966767         0.681686082914         0.681686209328         0.681686345967         0.681686492784         0.681686649730         0.681686816754         0.681686993801         0.681687180819         0.681687377766         0.681687584628         0.681687801460         0.681688028477         0.681688266223         0.681688515824         0.681688779141         0.681689057784         0.681689347068         0.681689611846         0.681689704229         0.681689108885         0.681686202937         0.681676228071         0.681645973495         0.681560644038         0.681329692097         0.680769259627         0.679407887929         0.676223241278         0.668916445014         0.652381744617         0.614357086075         0.509792683571         0.000000000000
        0.739873533531         0.709992615820         0.698069690769         0.687697797596         0.683909164649         0.682293700823         0.681796522860         0.681650542970         0.681627174296         0.681631906156         0.681639914267         0.681645247424         0.681648001191         0.681649174319         0.681649750194         0.681650802434         0.681653864783         0.681659925442         0.681664059866         0.681668638129         0.681665867276         0.681663823452         0.681662859473         0.681662285099         0.681661866514         0.681661504731         0.681661165184         0.681660834824         0.681660509660         0.681660201950         0.681659987066         0.681660217016         0.681662246096         0.681673770869         0.681685693033         0.681688009634         0.681686422181         0.681686754918         0.681686806634         0.681686790224         0.681686694646         0.681686567743         0.681686430542         0.681686294549         0.681686164821         0.681686043596         0.681685931835         0.681685829959         0.681685738171         0.681685656578         0.681685585251         0.681685524239         0.681685473584         0.681685433318         0.681685403468         0.681685384057         0.681685375101         0.681685376612         0.681685388597         0.681685411059         0.681685443997         0.681685487402         0.681685541265         0.681685605570         0.681685680298         0.681685765426         0.681685860926         0.681685966767         0.681686082914         0.681686209328         0.681686345967         0.681686492784         0.681686649730         0.681686816754         0.681686993801         0.681687180819         0.681687377766         0.681687584628         0.681687801460         0.681688028477         0.681688266223         0.681688515824         0.681688779141         0.681689057784         0.681689347068         0.681689611846         0.681689704229         0.681689108885         0.681686202937         0.681676228070         0.681645973495         0.681560644038         0.681329692097         0.680769259627         0.679407887929         0.676223241279         0.668916445014         0.652381744617         0.614357086075         0.509792683571         0.000000000000
        0.739873533346         0.709992615713         0.698069690750         0.687697797593         0.683909164650         0.682293700824         0.681796522861         0.681650542971         0.681627174296         0.681631906156         0.681639914267         0.681645247424         0.681648001191         0.681649174319         0.681649750194         0.681650802434         0.681653864783         0.681659925442         0.681664059866         0.681668638129         0.681665867276         0.681663823452         0.681662859473         0.681662285098         0.681661866513         0.681661504730         0.681661165184         0.681660834824         0.681660509660         0.681660201950         0.681659987066         0.681660217016         0.681662246096         0.681673770869         0.681685693033         0.681688009634         0.681686422181         0.681686754918         0.681686806634         0.681686790224         0.681686694646         0.681686567743         0.681686430542         0.681686294549         0.681686164821         0.681686043596         0.681685931835         0.681685829959         0.681685738171         0.681685656578         0.681685585251         0.681685524239         0.681685473584         0.681685433318         0.681685403468         0.681685384057         0.681685375101         0.681685376612         0.681685388597         0.681685411059         0.681685443996         0.681685487402         0.681685541265         0.681685605570         0.681685680298         0.681685765426         0.681685860926         0.681685966767         0.681686082914         0.681686209328         0.681686345967         0.681686492784         0.681686649730         0.681686816754         0.681686993801         0.681687180819         0.681687377766         0.681687584628         0.681687801460         0.681688028477         0.681688266222         0.681688515824         0.681688779141         0.681689057784         0.681689347068         0.681689611846         0.681689704229         0.681689108885         0.681686202937         0.681676228071         0.681645973495         0.681560644038         0.681329692097         0.680769259627         0.679407887929         0.676223241279         0.668916445014         0.652381744617         0.614357086075         0.509792683571         0.000000000000
        0.739921557997         0.710494585204         0.698724664095         0.688399173690         0.684613630931         0.682957758794         0.682421564131         0.682256193186         0.682224657792         0.682226881480         0.682234645770         0.682240456585         0.682243820857         0.682245524369         0.682246322218         0.682246684358         0.682246868606         0.682247021860         0.682247215739         0.682247625279         0.682248300819         0.682248515741         0.682248591437         0.682248615993         0.682248616460         0.682248608626         0.682248597617         0.682248585498         0.682248572734         0.682248559335         0.682248545662         0.682248532971         0.682248537085         0.682248577000         0.682248531946         0.682248461164         0.682248447058         0.682248433309         0.682248419563         0.682248406392         0.682248393786         0.682248381604         0.682248369664         0.682248357853         0.682248346110         0.682248334410         0.682248322742         0.682248311103         0.682248299493         0.682248287913         0.682248276363         0.682248264843         0.682248253355         0.682248241899         0.682248230476         0.682248219086         0.682248207729         0.682248196406         0.682248185117         0.682248173863         0.682248162644         0.682248151460         0.682248140312         0.682248129199         0.682248118123         0.682248107083         0.682248096080         0.682248085113         0.682248074184         0.682248063292         0.682248052437         0.682248041620         0.682248030841         0.682248020102         0.682248009404         0.682247998754         0.682247988174         0.682247977718         0.682247967524         0.682247957922         0.682247949660         0.682247944261         0.682247944410         0.682247953396         0.682247969803         0.682247964513         0.682247800652         0.682246983708         0.682243943992         0.682234023134         0.682204391547         0.682121497590         0.681901486169         0.681341667181         0.679973193933         0.676747374459         0.669394894316         0.652807177998         0.614660265781         0.509992757378         0.000000000000
        0.739928580980         0.710508415723         0.698742408912         0.688419964871         0.684636969599         0.682982470174         0.682444996499         0.682277151776         0.682243587909         0.682244627990         0.682251862585         0.682257492178         0.682260820048         0.682262530645         0.682263336937         0.682263690485         0.682263834596         0.682263886356         0.682263904289         0.682263910081         0.682263910686         0.682263906081         0.682263898087         0.682263889549         0.682263880838         0.682263872000         0.682263863075         0.682263854087         0.682263845050         0.682263835976         0.682263826901         0.682263817881         0.682263809843         0.682263801860         0.682263792989         0.682263784997         0.682263780052         0.682263766665         0.682263822318         0.682263842092         0.682263830180         0.682263902242         0.682263910248         0.682263914705         0.682263914026         0.682263909347         0.682263902304         0.682263894202         0.682263885665         0.682263876969         0.682263868221         0.682263859465         0.682263850713         0.682263841972         0.682263833242         0.682263824526         0.682263815822         0.682263807131         0.682263798453         0.682263789788         0.682263781136         0.682263772498         0.682263763873         0.682263755261         0.682263746663         0.682263738079         0.682263729508         0.682263720951         0.682263712408         0.682263703878         0.682263695363         0.682263686862         0.682263678375         0.682263669904         0.682263661451         0.682263653023         0.682263644641         0.682263636360         0.682263628318         0.682263620845         0.682263614677         0.682263611309         0.682263613346         0.682263623896         0.682263641199         0.682263635755         0.682263470613         0.682262661567         0.682259571885         0.682249602024         0.682220066860         0.682137298254         0.681916996268         0.681356169848         0.679986608548         0.676759270163         0.669405127619         0.652816193550         0.614668336031         0.510000871179         0.000000000000
        0.739929253872         0.710509621568         0.698743854417         0.688421490182         0.684638860942         0.682984201744         0.682446800788         0.682278895347         0.682245069766         0.682245990187         0.682253139927         0.682258723022         0.682262028719         0.682263738761         0.682264617996         0.682265250825         0.682265595432         0.682265729246         0.682265781510         0.682265797709         0.682265798387         0.682265792737         0.682265784659         0.682265775812         0.682265766760         0.682265757674         0.682265748599         0.682265739541         0.682265730498         0.682265721468         0.682265712450         0.682265703444         0.682265694485         0.682265685517         0.682265676513         0.682265667411         0.682265658174         0.682265647394         0.682265642858         0.682265632441         0.682265625561         0.682265619423         0.682265612183         0.682265604817         0.682265596840         0.682265588530         0.682265579991         0.682265571317         0.682265562569         0.682265553788         0.682265544999         0.682265536213         0.682265527435         0.682265518668         0.682265509913         0.682265501169         0.682265492437         0.682265483716         0.682265475007         0.682265466311         0.682265457626         0.682265448954         0.682265440294         0.682265431646         0.682265423010         0.682265414388         0.682265405777         0.682265397179         0.682265388594         0.682265380022         0.682265371463         0.682265362917         0.682265354384         0.682265345866         0.682265337363         0.682265328884         0.682265320448         0.682265312110         0.682265304009         0.682265296487         0.682265290322         0.682265287125         0.682265289786         0.682265302024         0.682265323164         0.682265324832         0.682265168702         0.682264350569         0.682261229761         0.682251064472         0.682221309639         0.682138450721         0.681918105811         0.681357076144         0.679987442377         0.676760111726         0.669405800266         0.652816676483         0.614668768887         0.510001256417         0.000000000000
        0.739929310471         0.710509717240         0.698743968406         0.688421590943         0.684638981348         0.682984326503         0.682446909682         0.682278994514         0.682245151184         0.682246053277         0.682253190090         0.682258766042         0.682262077749         0.682263855497         0.682264941475         0.682265498816         0.682265726475         0.682265818551         0.682265850788         0.682265857633         0.682265854253         0.682265847033         0.682265838480         0.682265829521         0.682265820463         0.682265811399         0.682265802348         0.682265793313         0.682265784291         0.682265775281         0.682265766281         0.682265757291         0.682265748312         0.682265739341         0.682265730377         0.682265721416         0.682265712459         0.682265703448         0.682265694678         0.682265685666         0.682265676843         0.682265668055         0.682265659182         0.682265650387         0.682265641556         0.682265632720         0.682265623888         0.682265615062         0.682265606244         0.682265597435         0.682265588636         0.682265579849         0.682265571071         0.682265562305         0.682265553550         0.682265544807         0.682265536075         0.682265527354         0.682265518645         0.682265509947         0.682265501261         0.682265492587         0.682265483925         0.682265475274         0.682265466636         0.682265458011         0.682265449397         0.682265440796         0.682265432207         0.682265423631         0.682265415067         0.682265406516         0.682265397979         0.682265389454         0.682265380946         0.682265372461         0.682265364018         0.682265355670         0.682265347555         0.682265340010         0.682265333798         0.682265330497         0.682265332930         0.682265344684         0.682265364899         0.682265365241         0.682265209117         0.682264399351         0.682261348649         0.682251378061         0.682221541958         0.682138565800         0.681918190155         0.681357157483         0.679987516019         0.676760232315         0.669405965258         0.652816756023         0.614668828963         0.510001297741         0.000000000000
        0.739929338276         0.710509772654         0.698744050139         0.688421713951         0.684639158291         0.682984487533         0.682446974753         0.682279024931         0.682245165463         0.682246057784         0.682253190536         0.682258774165         0.682262154286         0.682264138752         0.682265147288         0.682265584303         0.682265767911         0.682265838099         0.682265859920         0.682265862144         0.682265856901         0.682265848997         0.682265840225         0.682265831208         0.682265822142         0.682265813082         0.682265804036         0.682265795004         0.682265785984         0.682265776975         0.682265767976         0.682265758986         0.682265750006         0.682265741035         0.682265732073         0.682265723120         0.682265714177         0.682265705241         0.682265696322         0.682265687406         0.682265678504         0.682265669616         0.682265660731         0.682265651862         0.682265643001         0.682265634149         0.682265625307         0.682265616476         0.682265607655         0.682265598845         0.682265590046         0.682265581258         0.682265572480         0.682265563714         0.682265554959         0.682265546215         0.682265537483         0.682265528762         0.682265520052         0.682265511354         0.682265502668         0.682265493994         0.682265485331         0.682265476681         0.682265468042         0.682265459416         0.682265450802         0.682265442201         0.682265433611         0.682265425035         0.682265416471         0.682265407919         0.682265399381         0.682265390857         0.682265382348         0.682265373862         0.682265365418         0.682265357070         0.682265348955         0.682265341409         0.682265335195         0.682265331892         0.682265334317         0.682265346057         0.682265366247         0.682265366564         0.682265210499         0.682264400956         0.682261351843         0.682251382318         0.682221544579         0.682138567320         0.681918192592         0.681357162893         0.679987523913         0.676760239668         0.669405968934         0.652816755171         0.614668832253         0.510001298839         0.000000000000
        0.739929358478         0.710509808993         0.698744088098         0.688421747710         0.684639194027         0.682984528662         0.682447011763         0.682279073672         0.682245197526         0.682246076152         0.682253199967         0.682258778875         0.682262158133         0.682264143020         0.682265149864         0.682265586443         0.682265769264         0.682265838911         0.682265860376         0.682265862394         0.682265857042         0.682265849086         0.682265840293         0.682265831269         0.682265822201         0.682265813140         0.682265804094         0.682265795063         0.682265786043         0.682265777034         0.682265768035         0.682265759045         0.682265750065         0.682265741094         0.682265732132         0.682265723180         0.682265714238         0.682265705305         0.682265696382         0.682265687469         0.682265678565         0.682265669672         0.682265660789         0.682265651916         0.682265643054         0.682265634201         0.682265625359         0.682265616528         0.682265607707         0.682265598897         0.682265590098         0.682265581310         0.682265572532         0.682265563766         0.682265555011         0.682265546267         0.682265537535         0.682265528814         0.682265520104         0.682265511406         0.682265502720         0.682265494046         0.682265485383         0.682265476733         0.682265468094         0.682265459468         0.682265450854         0.682265442252         0.682265433663         0.682265425086         0.682265416522         0.682265407971         0.682265399433         0.682265390908         0.682265382400         0.682265373914         0.682265365470         0.682265357121         0.682265349006         0.682265341461         0.682265335246         0.682265331943         0.682265334368         0.682265346108         0.682265366296         0.682265366610         0.682265210540         0.682264400984         0.682261351853         0.682251382192         0.682221544142         0.682138566425         0.681918191621         0.681357163327         0.679987526915         0.676760241067         0.669405968662         0.652816747405         0.614668832114         0.510001297023         0.000000000000
        0.739929360534         0.710509812392         0.698744091639         0.688421750931         0.684639196506         0.682984531136         0.682447013503         0.682279076340         0.682245199434         0.682246077308         0.682253200588         0.682258779185         0.682262158327         0.682264143162         0.682265149946         0.682265586499         0.682265769306         0.682265838939         0.682265860393         0.682265862403         0.682265857047         0.682265849090         0.682265840296         0.682265831271         0.682265822203         0.682265813142         0.682265804097         0.682265795065         0.682265786045         0.682265777037         0.682265768037         0.682265759047         0.682265750067         0.682265741096         0.682265732135         0.682265723183         0.682265714240         0.682265705307         0.682265696384         0.682265687471         0.682265678568         0.682265669674         0.682265660791         0.682265651918         0.682265643056         0.682265634203         0.682265625361         0.682265616530         0.682265607709         0.682265598899         0.682265590100         0.682265581311         0.682265572534         0.682265563768         0.682265555013         0.682265546269         0.682265537537         0.682265528815         0.682265520106         0.682265511408         0.682265502722         0.682265494048         0.682265485385         0.682265476735         0.682265468096         0.682265459470         0.682265450856         0.682265442254         0.682265433665         0.682265425088         0.682265416524         0.682265407973         0.682265399435         0.682265390910         0.682265382401         0.682265373915         0.682265365472         0.682265357123         0.682265349008         0.682265341463         0.682265335249         0.682265331946         0.682265334373         0.682265346115         0.682265366306         0.682265366622         0.682265210541         0.682264400930         0.682261351632         0.682251381543         0.682221542599         0.682138563372         0.681918186812         0.681357157488         0.679987522251         0.676760256983         0.669405980638         0.652816779627         0.614668848085         0.510001300030         0.000000000000
        0.739929360728         0.710509812715         0.698744091983         0.688421751247         0.684639196743         0.682984531438         0.682447013690         0.682279076576         0.682245199596         0.682246077403         0.682253200638         0.682258779210         0.682262158341         0.682264143170         0.682265149949         0.682265586502         0.682265769308         0.682265838940         0.682265860393         0.682265862403         0.682265857047         0.682265849089         0.682265840296         0.682265831271         0.682265822203         0.682265813142         0.682265804097         0.682265795065         0.682265786046         0.682265777036         0.682265768037         0.682265759048         0.682265750067         0.682265741096         0.682265732135         0.682265723183         0.682265714240         0.682265705307         0.682265696384         0.682265687471         0.682265678568         0.682265669674         0.682265660791         0.682265651918         0.682265643056         0.682265634203         0.682265625361         0.682265616530         0.682265607709         0.682265598899         0.682265590100         0.682265581312         0.682265572534         0.682265563768         0.682265555013         0.682265546269         0.682265537537         0.682265528816         0.682265520106         0.682265511408         0.682265502722         0.682265494048         0.682265485385         0.682265476735         0.682265468096         0.682265459470         0.682265450856         0.682265442254         0.682265433665         0.682265425088         0.682265416524         0.682265407973         0.682265399435         0.682265390910         0.682265382401         0.682265373916         0.682265365472         0.682265357123         0.682265349008         0.682265341463         0.682265335249         0.682265331946         0.682265334374         0.682265346116         0.682265366306         0.682265366618         0.682265210525         0.682264400885         0.682261351519         0.682251381298         0.682221542158         0.682138562802         0.681918186641         0.681357159404         0.679987525492         0.676760263285         0.669405992447         0.652816772190         0.614668846795         0.510001297195         0.000000000000
        0.739929360749         0.710509812750         0.698744092022         0.688421751282         0.684639196770         0.682984531476         0.682447013713         0.682279076602         0.682245199612         0.682246077413         0.682253200643         0.682258779212         0.682262158342         0.682264143170         0.682265149950         0.682265586502         0.682265769308         0.682265838940         0.682265860394         0.682265862403         0.682265857047         0.682265849090         0.682265840296         0.682265831271         0.682265822203         0.682265813142         0.682265804097         0.682265795065         0.682265786046         0.682265777036         0.682265768037         0.682265759047         0.682265750067         0.682265741096         0.682265732135         0.682265723183         0.682265714240         0.682265705307         0.682265696384         0.682265687471         0.682265678568         0.682265669674         0.682265660791         0.682265651918         0.682265643056         0.682265634203         0.682265625361         0.682265616530         0.682265607709         0.682265598899         0.682265590100         0.682265581312         0.682265572534         0.682265563768         0.682265555013         0.682265546269         0.682265537537         0.682265528816         0.682265520106         0.682265511408         0.682265502722         0.682265494048         0.682265485385         0.682265476735         0.682265468096         0.682265459470         0.682265450856         0.682265442254         0.682265433665         0.682265425088         0.682265416524         0.682265407973         0.682265399435         0.682265390910         0.682265382402         0.682265373916         0.682265365472         0.682265357123         0.682265349008         0.682265341463         0.682265335249         0.682265331947         0.682265334374         0.682265346116         0.682265366306         0.682265366616         0.682265210514         0.682264400848         0.682261351421         0.682251381075         0.682221541725         0.682138562163         0.681918186204         0.681357160532         0.679987529363         0.676760268579         0.669406000543         0.652816762641         0.614668844063         0.510001293081         0.000000000000
        0.739929360751         0.710509812754         0.698744092027         0.688421751286         0.684639196773         0.682984531481         0.682447013716         0.682279076605         0.682245199614         0.682246077414         0.682253200644         0.682258779212         0.682262158342         0.682264143170         0.682265149950         0.682265586502         0.682265769308         0.682265838940         0.682265860394         0.682265862403         0.682265857047         0.682265849090         0.682265840296         0.682265831271         0.682265822203         0.682265813142         0.682265804097         0.682265795065         0.682265786046         0.682265777037         0.682265768037         0.682265759048         0.682265750067         0.682265741096         0.682265732135         0.682265723183         0.682265714240         0.682265705307         0.682265696384         0.682265687471         0.682265678568         0.682265669674         0.682265660791         0.682265651918         0.682265643056         0.682265634203         0.682265625361         0.682265616530         0.682265607709         0.682265598899         0.682265590100         0.682265581312         0.682265572534         0.682265563768         0.682265555013         0.682265546269         0.682265537537         0.682265528816         0.682265520106         0.682265511408         0.682265502722         0.682265494048         0.682265485385         0.682265476735         0.682265468096         0.682265459470         0.682265450856         0.682265442254         0.682265433665         0.682265425088         0.682265416524         0.682265407973         0.682265399435         0.682265390910         0.682265382402         0.682265373916         0.682265365472         0.682265357123         0.682265349008         0.682265341463         0.682265335249         0.682265331945         0.682265334369         0.682265346105         0.682265366282         0.682265366567         0.682265210427         0.682264400715         0.682261351280         0.682251381117         0.682221542558         0.682138565345         0.681918195562         0.681357183194         0.679987596756         0.676760373282         0.669406099166         0.652816770390         0.614668838806         0.510001287565         0.000000000000
        0.739929360752         0.710509812755         0.698744092028         0.688421751287         0.684639196773         0.682984531482         0.682447013717         0.682279076606         0.682245199614         0.682246077414         0.682253200644         0.682258779212         0.682262158342         0.682264143170         0.682265149950         0.682265586502         0.682265769308         0.682265838940         0.682265860394         0.682265862403         0.682265857047         0.682265849089         0.682265840296         0.682265831271         0.682265822203         0.682265813142         0.682265804097         0.682265795065         0.682265786046         0.682265777037         0.682265768037         0.682265759048         0.682265750067         0.682265741096         0.682265732135         0.682265723183         0.682265714240         0.682265705307         0.682265696384         0.682265687471         0.682265678568         0.682265669674         0.682265660791         0.682265651918         0.682265643056         0.682265634203         0.682265625361         0.682265616530         0.682265607709         0.682265598899         0.682265590100         0.682265581312         0.682265572534         0.682265563768         0.682265555013         0.682265546269         0.682265537537         0.682265528816         0.682265520106         0.682265511408         0.682265502722         0.682265494048         0.682265485385         0.682265476735         0.682265468096         0.682265459470         0.682265450856         0.682265442254         0.682265433665         0.682265425088         0.682265416524         0.682265407973         0.682265399435         0.682265390910         0.682265382402         0.682265373916         0.682265365472         0.682265357123         0.682265349008         0.682265341463         0.682265335248         0.682265331945         0.682265334369         0.682265346105         0.682265366282         0.682265366567         0.682265210424         0.682264400701         0.682261351239         0.682251381016         0.682221542345         0.682138564982         0.681918195167         0.681357183315         0.679987598751         0.676760375504         0.669406101276         0.652816763581         0.614668833269         0.510001282633         0.000000000000
        0.739929360752         0.710509812755         0.698744092028         0.688421751287         0.684639196774         0.682984531482         0.682447013717         0.682279076606         0.682245199614         0.682246077414         0.682253200644         0.682258779212         0.682262158342         0.682264143170         0.682265149950         0.682265586502         0.682265769308         0.682265838941         0.682265860394         0.682265862403         0.682265857047         0.682265849090         0.682265840296         0.682265831271         0.682265822203         0.682265813142         0.682265804097         0.682265795065         0.682265786046         0.682265777037         0.682265768037         0.682265759048         0.682265750067         0.682265741096         0.682265732135         0.682265723182         0.682265714240         0.682265705307         0.682265696384         0.682265687471         0.682265678568         0.682265669674         0.682265660791         0.682265651918         0.682265643056         0.682265634203         0.682265625361         0.682265616530         0.682265607709         0.682265598899         0.682265590100         0.682265581312         0.682265572534         0.682265563768         0.682265555013         0.682265546269         0.682265537537         0.682265528816         0.682265520106         0.682265511408         0.682265502722         0.682265494048         0.682265485385         0.682265476735         0.682265468096         0.682265459470         0.682265450856         0.682265442254         0.682265433665         0.682265425088         0.682265416524         0.682265407973         0.682265399435         0.682265390910         0.682265382402         0.682265373916         0.682265365472         0.682265357123         0.682265349008         0.682265341463         0.682265335249         0.682265331945         0.682265334370         0.682265346106         0.682265366283         0.682265366567         0.682265210422         0.682264400693         0.682261351210         0.682251380938         0.682221542168         0.682138564655         0.681918194718         0.681357183010         0.679987599254         0.676760376071         0.669406101267         0.652816757603         0.614668828079         0.510001278406         0.000000000000
        0.739929360752         0.710509812755         0.698744092028         0.688421751287         0.684639196773         0.682984531482         0.682447013717         0.682279076606         0.682245199614         0.682246077414         0.682253200644         0.682258779212         0.682262158342         0.682264143170         0.682265149950         0.682265586502         0.682265769308         0.682265838940         0.682265860393         0.682265862403         0.682265857047         0.682265849090         0.682265840296         0.682265831271         0.682265822203         0.682265813142         0.682265804097         0.682265795065         0.682265786046         0.682265777037         0.682265768037         0.682265759048         0.682265750067         0.682265741096         0.682265732135         0.682265723182         0.682265714240         0.682265705307         0.682265696384         0.682265687471         0.682265678568         0.682265669674         0.682265660791         0.682265651918         0.682265643056         0.682265634203         0.682265625361         0.682265616530         0.682265607709         0.682265598899         0.682265590100         0.682265581312         0.682265572534         0.682265563768         0.682265555013         0.682265546269         0.682265537537         0.682265528816         0.682265520106         0.682265511408         0.682265502722         0.682265494048         0.682265485385         0.682265476735         0.682265468096         0.682265459470         0.682265450856         0.682265442254         0.682265433665         0.682265425088         0.682265416524         0.682265407973         0.682265399435         0.682265390910         0.682265382401         0.682265373916         0.682265365472         0.682265357123         0.682265349008         0.682265341463         0.682265335249         0.682265331945         0.682265334370         0.682265346106         0.682265366284         0.682265366568         0.682265210422         0.682264400688         0.682261351193         0.682251380890         0.682221542060         0.682138564451         0.681918194427         0.681357182765         0.679987599449         0.676760376241         0.669406100881         0.652816753481         0.614668824296         0.510001275492         0.000000000000
        0.739929360752         0.710509812755         0.698744092028         0.688421751287         0.684639196773         0.682984531482         0.682447013717         0.682279076606         0.682245199614         0.682246077414         0.682253200644         0.682258779212         0.682262158342         0.682264143171         0.682265149950         0.682265586502         0.682265769308         0.682265838941         0.682265860394         0.682265862403         0.682265857047         0.682265849090         0.682265840296         0.682265831271         0.682265822203         0.682265813142         0.682265804096         0.682265795065         0.682265786046         0.682265777037         0.682265768037         0.682265759047         0.682265750067         0.682265741096         0.682265732135         0.682265723183         0.682265714240         0.682265705307         0.682265696384         0.682265687471         0.682265678568         0.682265669674         0.682265660791         0.682265651918         0.682265643056         0.682265634203         0.682265625361         0.682265616530         0.682265607709         0.682265598899         0.682265590100         0.682265581312         0.682265572534         0.682265563768         0.682265555013         0.682265546269         0.682265537537         0.682265528815         0.682265520106         0.682265511408         0.682265502722         0.682265494048         0.682265485385         0.682265476735         0.682265468096         0.682265459470         0.682265450856         0.682265442254         0.682265433665         0.682265425088         0.682265416524         0.682265407973         0.682265399435         0.682265390910         0.682265382401         0.682265373916         0.682265365472         0.682265357123         0.682265349008         0.682265341463         0.682265335249         0.682265331945         0.682265334370         0.682265346106         0.682265366284         0.682265366568         0.682265210421         0.682264400685         0.682261351183         0.682251380863         0.682221541998         0.682138564332         0.681918194255         0.681357182608         0.679987599532         0.676760376290         0.669406100532         0.652816750935         0.614668821903         0.510001273702         0.000000000000
        0.739929360752         0.710509812755         0.698744092028         0.688421751287         0.684639196773         0.682984531482         0.682447013717         0.682279076606         0.682245199614         0.682246077414         0.682253200644         0.682258779212         0.682262158342         0.682264143170         0.682265149950         0.682265586502         0.682265769308         0.682265838940         0.682265860394         0.682265862403         0.682265857047         0.682265849090         0.682265840296         0.682265831271         0.682265822203         0.682265813142         0.682265804097         0.682265795065         0.682265786046         0.682265777036         0.682265768037         0.682265759047         0.682265750067         0.682265741096         0.682265732134         0.682265723182         0.682265714240         0.682265705307         0.682265696384         0.682265687471         0.682265678568         0.682265669674         0.682265660791         0.682265651918         0.682265643056         0.682265634203         0.682265625361         0.682265616530         0.682265607709         0.682265598899         0.682265590100         0.682265581312         0.682265572534         0.682265563768         0.682265555013         0.682265546269         0.682265537537         0.682265528816         0.682265520106         0.682265511408         0.682265502722         0.682265494048         0.682265485385         0.682265476735         0.682265468096         0.682265459470         0.682265450856         0.682265442254         0.682265433665         0.682265425088         0.682265416524         0.682265407973         0.682265399435         0.682265390910         0.682265382402         0.682265373915         0.682265365472         0.682265357123         0.682265349008         0.682265341463         0.682265335249         0.682265331945         0.682265334370         0.682265346106         0.682265366284         0.682265366568         0.682265210421         0.682264400684         0.682261351178         0.682251380849         0.682221541964         0.682138564266         0.681918194158         0.681357182515         0.679987599569         0.676760376303         0.669406100296         0.652816749451         0.614668820497         0.510001272667         0.000000000000
        0.739929360752         0.710509812755         0.698744092028         0.688421751287         0.684639196773         0.682984531482         0.682447013717         0.682279076606         0.682245199614         0.682246077414         0.682253200644         0.682258779212         0.682262158342         0.682264143170         0.682265149950         0.682265586502         0.682265769308         0.682265838940         0.682265860394         0.682265862403         0.682265857047         0.682265849090         0.682265840296         0.682265831271         0.682265822203         0.682265813142         0.682265804097         0.682265795065         0.682265786045         0.682265777037         0.682265768037         0.682265759048         0.682265750067         0.682265741096         0.682265732135         0.682265723182         0.682265714240         0.682265705307         0.682265696384         0.682265687471         0.682265678568         0.682265669674         0.682265660791         0.682265651918         0.682265643056         0.682265634203         0.682265625361         0.682265616530         0.682265607709         0.682265598899         0.682265590100         0.682265581312         0.682265572534         0.682265563768         0.682265555013         0.682265546269         0.682265537537         0.682265528816         0.682265520106         0.682265511408         0.682265502722         0.682265494048         0.682265485385         0.682265476735         0.682265468096         0.682265459470         0.682265450856         0.682265442254         0.682265433665         0.682265425088         0.682265416524         0.682265407973         0.682265399435         0.682265390910         0.682265382402         0.682265373916         0.682265365472         0.682265357123         0.682265349008         0.682265341463         0.682265335249         0.682265331945         0.682265334370         0.682265346106         0.682265366284         0.682265366568         0.682265210421         0.682264400683         0.682261351175         0.682251380840         0.682221541945         0.682138564230         0.681918194104         0.681357182463         0.679987599587         0.676760376306         0.669406100154         0.652816748613         0.614668819700         0.510001272085         0.000000000000
        0.739929360752         0.710509812755         0.698744092028         0.688421751287         0.684639196773         0.682984531482         0.682447013717         0.682279076606         0.682245199614         0.682246077414         0.682253200644         0.682258779212         0.682262158342         0.682264143170         0.682265149950         0.682265586502         0.682265769308         0.682265838940         0.682265860394         0.682265862403         0.682265857047         0.682265849090         0.682265840296         0.682265831271         0.682265822203         0.682265813142         0.682265804096         0.682265795065         0.682265786045         0.682265777037         0.682265768037         0.682265759048         0.682265750067         0.682265741096         0.682265732135         0.682265723183         0.682265714240         0.682265705307         0.682265696384         0.682265687471         0.682265678568         0.682265669674         0.682265660791         0.682265651918         0.682265643056         0.682265634203         0.682265625361         0.682265616530         0.682265607709         0.682265598899         0.682265590100         0.682265581312         0.682265572534         0.682265563768         0.682265555013         0.682265546269         0.682265537537         0.682265528816         0.682265520106         0.682265511408         0.682265502722         0.682265494047         0.682265485385         0.682265476735         0.682265468096         0.682265459470         0.682265450856         0.682265442254         0.682265433665         0.682265425088         0.682265416524         0.682265407973         0.682265399435         0.682265390910         0.682265382401         0.682265373915         0.682265365472         0.682265357123         0.682265349008         0.682265341463         0.682265335249         0.682265331945         0.682265334370         0.682265346106         0.682265366284         0.682265366569         0.682265210421         0.682264400682         0.682261351173         0.682251380836         0.682221541934         0.682138564209         0.681918194075         0.681357182433         0.679987599597         0.676760376306         0.669406100072         0.652816748147         0.614668819257         0.510001271763         0.000000000000
        0.739929360752         0.710509812755         0.698744092028         0.688421751287         0.684639196773         0.682984531482         0.682447013717         0.682279076606         0.682245199614         0.682246077414         0.682253200644         0.682258779212         0.682262158342         0.682264143170         0.682265149950         0.682265586502         0.682265769308         0.682265838940         0.682265860393         0.682265862403         0.682265857047         0.682265849090         0.682265840296         0.682265831271         0.682265822203         0.682265813142         0.682265804097         0.682265795065         0.682265786046         0.682265777037         0.682265768037         0.682265759048         0.682265750067         0.682265741096         0.682265732135         0.682265723183         0.682265714240         0.682265705307         0.682265696384         0.682265687471         0.682265678568         0.682265669674         0.682265660791         0.682265651918         0.682265643056         0.682265634203         0.682265625361         0.682265616530         0.682265607709         0.682265598899         0.682265590100         0.682265581312         0.682265572534         0.682265563768         0.682265555013         0.682265546269         0.682265537537         0.682265528816         0.682265520106         0.682265511408         0.682265502722         0.682265494048         0.682265485385         0.682265476734         0.682265468096         0.682265459470         0.682265450856         0.682265442254         0.682265433665         0.682265425088         0.682265416524         0.682265407973         0.682265399435         0.682265390910         0.682265382402         0.682265373916         0.682265365472         0.682265357123         0.682265349008         0.682265341463         0.682265335249         0.682265331945         0.682265334370         0.682265346107         0.682265366284         0.682265366569         0.682265210421         0.682264400682         0.682261351172         0.682251380833         0.682221541929         0.682138564199         0.681918194059         0.681357182418         0.679987599602         0.676760376306         0.669406100027         0.652816747891         0.614668819013         0.510001271586         0.000000000000
        0.739929360752         0.710509812755         0.698744092028         0.688421751287         0.684639196773         0.682984531482         0.682447013717         0.682279076606         0.682245199614         0.682246077414         0.682253200644         0.682258779212         0.682262158342         0.682264143171         0.682265149950         0.682265586502         0.682265769308         0.682265838940         0.682265860394         0.682265862403         0.682265857047         0.682265849090         0.682265840296         0.682265831271         0.682265822203         0.682265813142         0.682265804097         0.682265795065         0.682265786046         0.682265777036         0.682265768037         0.682265759048         0.682265750067         0.682265741096         0.682265732135         0.682265723182         0.682265714240         0.682265705307         0.682265696384         0.682265687471         0.682265678568         0.682265669674         0.682265660791         0.682265651918         0.682265643056         0.682265634203         0.682265625361         0.682265616530         0.682265607709         0.682265598899         0.682265590100         0.682265581312         0.682265572534         0.682265563768         0.682265555013         0.682265546269         0.682265537537         0.682265528816         0.682265520106         0.682265511408         0.682265502722         0.682265494048         0.682265485385         0.682265476735         0.682265468096         0.682265459470         0.682265450856         0.682265442254         0.682265433665         0.682265425088         0.682265416524         0.682265407973         0.682265399435         0.682265390910         0.682265382402         0.682265373916         0.682265365472         0.682265357123         0.682265349008         0.682265341463         0.682265335249         0.682265331945         0.682265334370         0.682265346106         0.682265366284         0.682265366568         0.682265210421         0.682264400682         0.682261351172         0.682251380832         0.682221541925         0.682138564193         0.681918194050         0.681357182409         0.679987599604         0.676760376306         0.669406100001         0.652816747751         0.614668818879         0.510001271489         0.000000000000
        0.739929360752         0.710509812755         0.698744092028         0.688421751287         0.684639196773         0.682984531482         0.682447013717         0.682279076606         0.682245199614         0.682246077414         0.682253200644         0.682258779212         0.682262158342         0.682264143170         0.682265149950         0.682265586502         0.682265769308         0.682265838940         0.682265860393         0.682265862403         0.682265857047         0.682265849090         0.682265840296         0.682265831271         0.682265822203         0.682265813142         0.682265804097         0.682265795065         0.682265786046         0.682265777037         0.682265768037         0.682265759048         0.682265750067         0.682265741096         0.682265732135         0.682265723183         0.682265714240         0.682265705307         0.682265696384         0.682265687471         0.682265678568         0.682265669674         0.682265660791         0.682265651918         0.682265643056         0.682265634203         0.682265625361         0.682265616530         0.682265607709         0.682265598899         0.682265590100         0.682265581312         0.682265572534         0.682265563768         0.682265555013         0.682265546269         0.682265537537         0.682265528816         0.682265520106         0.682265511408         0.682265502722         0.682265494048         0.682265485385         0.682265476735         0.682265468096         0.682265459470         0.682265450856         0.682265442254         0.682265433665         0.682265425088         0.682265416524         0.682265407973         0.682265399435         0.682265390910         0.682265382401         0.682265373916         0.682265365472         0.682265357123         0.682265349008         0.682265341463         0.682265335249         0.682265331945         0.682265334370         0.682265346107         0.682265366284         0.682265366569         0.682265210421         0.682264400682         0.682261351172         0.682251380831         0.682221541924         0.682138564189         0.681918194045         0.681357182404         0.679987599606         0.676760376306         0.669406099987         0.652816747674         0.614668818805         0.510001271436         0.000000000000
        0.739929360752         0.710509812755         0.698744092028         0.688421751287         0.684639196773         0.682984531482         0.682447013717         0.682279076606         0.682245199614         0.682246077414         0.682253200644         0.682258779212         0.682262158342         0.682264143170         0.682265149950         0.682265586502         0.682265769308         0.682265838940         0.682265860394         0.682265862403         0.682265857047         0.682265849090         0.682265840296         0.682265831271         0.682265822203         0.682265813142         0.682265804096         0.682265795065         0.682265786046         0.682265777037         0.682265768037         0.682265759048         0.682265750067         0.682265741096         0.682265732135         0.682265723183         0.682265714240         0.682265705307         0.682265696384         0.682265687471         0.682265678568         0.682265669674         0.682265660791         0.682265651918         0.682265643056         0.682265634203         0.682265625361         0.682265616530         0.682265607709         0.682265598899         0.682265590100         0.682265581312         0.682265572534         0.682265563768         0.682265555013         0.682265546269         0.682265537537         0.682265528816         0.682265520106         0.682265511408         0.682265502722         0.682265494048         0.682265485385         0.682265476735         0.682265468096         0.682265459470         0.682265450856         0.682265442254         0.682265433665         0.682265425088         0.682265416524         0.682265407973         0.682265399435         0.682265390910         0.682265382401         0.682265373916         0.682265365472         0.682265357123         0.682265349008         0.682265341463         0.682265335249         0.682265331945         0.682265334370         0.682265346106         0.682265366284         0.682265366568         0.682265210421         0.682264400682         0.682261351171         0.682251380831         0.682221541923         0.682138564188         0.681918194042         0.681357182401         0.679987599607         0.676760376306         0.669406099980         0.652816747632         0.614668818766         0.510001271408         0.000000000000
        0.739929360752         0.710509812755         0.698744092028         0.688421751287         0.684639196773         0.682984531482         0.682447013717         0.682279076606         0.682245199614         0.682246077414         0.682253200644         0.682258779212         0.682262158342         0.682264143170         0.682265149950         0.682265586502         0.682265769308         0.682265838940         0.682265860394         0.682265862403         0.682265857047         0.682265849090         0.682265840296         0.682265831271         0.682265822203         0.682265813142         0.682265804096         0.682265795065         0.682265786046         0.682265777037         0.682265768037         0.682265759047         0.682265750067         0.682265741096         0.682265732135         0.682265723183         0.682265714240         0.682265705307         0.682265696384         0.682265687471         0.682265678568         0.682265669674         0.682265660791         0.682265651918         0.682265643056         0.682265634203         0.682265625361         0.682265616530         0.682265607709         0.682265598899         0.682265590100         0.682265581312         0.682265572534         0.682265563768         0.682265555013         0.682265546269         0.682265537537         0.682265528816         0.682265520106         0.682265511408         0.682265502722         0.682265494048         0.682265485385         0.682265476735         0.682265468096         0.682265459470         0.682265450856         0.682265442254         0.682265433665         0.682265425088         0.682265416524         0.682265407973         0.682265399435         0.682265390910         0.682265382401         0.682265373916         0.682265365472         0.682265357123         0.682265349008         0.682265341463         0.682265335249         0.682265331945         0.682265334370         0.682265346107         0.682265366284         0.682265366569         0.682265210421         0.682264400682         0.682261351171         0.682251380831         0.682221541922         0.682138564187         0.681918194041         0.681357182400         0.679987599607         0.676760376306         0.669406099976         0.652816747609         0.614668818744         0.510001271392         0.000000000000
        0.739934342146         0.710522450833         0.698762025546         0.688439329650         0.684655898291         0.683001029211         0.682463273943         0.682295085284         0.682261042771         0.682261732174         0.682268747346         0.682274268969         0.682277557491         0.682279262252         0.682280075313         0.682280438691         0.682280592786         0.682280654910         0.682280678694         0.682280687260         0.682280690086         0.682280690867         0.682280690969         0.682280690869         0.682280690718         0.682280690558         0.682280690401         0.682280690247         0.682280690094         0.682280689942         0.682280689791         0.682280689639         0.682280689488         0.682280689337         0.682280689186         0.682280689035         0.682280688884         0.682280688733         0.682280688583         0.682280688432         0.682280688282         0.682280688131         0.682280687981         0.682280687830         0.682280687680         0.682280687530         0.682280687380         0.682280687230         0.682280687080         0.682280686930         0.682280686780         0.682280686630         0.682280686481         0.682280686331         0.682280686182         0.682280686032         0.682280685883         0.682280685734         0.682280685584         0.682280685435         0.682280685286         0.682280685137         0.682280684988         0.682280684840         0.682280684691         0.682280684542         0.682280684394         0.682280684245         0.682280684097         0.682280683949         0.682280683801         0.682280683652         0.682280683504         0.682280683356         0.682280683209         0.682280683069         0.682280682953         0.682280682907         0.682280683063         0.682280683743         0.682280685687         0.682280690432         0.682280700709         0.682280719872         0.682280746462         0.682280750706         0.682280592967         0.682279770978         0.682276692908         0.682266706766         0.682237006724         0.682154010046         0.681933502353         0.681372536899         0.680002493359         0.676774214078         0.669418510511         0.652827480516         0.614677128125         0.510006378541         0.000000000000
        0.739934451068         0.710522694400         0.698762368895         0.688439716139         0.684656314342         0.683001468666         0.682463722051         0.682295529151         0.682261485135         0.682262151808         0.682269135153         0.682274629515         0.682277899333         0.682279592726         0.682280399715         0.682280760298         0.682280913087         0.682280974659         0.682280998232         0.682281006730         0.682281009547         0.682281010341         0.682281010464         0.682281010386         0.682281010259         0.682281010123         0.682281009989         0.682281009858         0.682281009728         0.682281009599         0.682281009471         0.682281009342         0.682281009214         0.682281009086         0.682281008958         0.682281008829         0.682281008701         0.682281008573         0.682281008445         0.682281008317         0.682281008189         0.682281008061         0.682281007933         0.682281007805         0.682281007677         0.682281007550         0.682281007422         0.682281007294         0.682281007167         0.682281007039         0.682281006912         0.682281006784         0.682281006657         0.682281006529         0.682281006402         0.682281006274         0.682281006147         0.682281006020         0.682281005892         0.682281005765         0.682281005638         0.682281005511         0.682281005384         0.682281005257         0.682281005130         0.682281005003         0.682281004876         0.682281004749         0.682281004622         0.682281004495         0.682281004368         0.682281004241         0.682281004114         0.682281003987         0.682281003860         0.682281003740         0.682281003641         0.682281003610         0.682281003774         0.682281004450         0.682281006368         0.682281011045         0.682281021173         0.682281040036         0.682281066043         0.682281069158         0.682280909291         0.682280082826         0.682276998154         0.682267005172         0.682237298021         0.682154292607         0.681933777226         0.681372803589         0.680002750304         0.676774474772         0.669418786374         0.652827807080         0.614677511451         0.510006708406         0.000000000000
        0.739934456498         0.710522704732         0.698762381740         0.688439732189         0.684656331851         0.683001487621         0.682463740708         0.682295543994         0.682261496326         0.682262166168         0.682269147397         0.682274640386         0.682277909150         0.682279601840         0.682280408412         0.682280768764         0.682280921430         0.682280982944         0.682281006494         0.682281014987         0.682281017805         0.682281018603         0.682281018731         0.682281018659         0.682281018537         0.682281018407         0.682281018278         0.682281018152         0.682281018028         0.682281017904         0.682281017780         0.682281017657         0.682281017534         0.682281017411         0.682281017288         0.682281017165         0.682281017042         0.682281016919         0.682281016796         0.682281016673         0.682281016550         0.682281016427         0.682281016304         0.682281016182         0.682281016059         0.682281015937         0.682281015814         0.682281015692         0.682281015569         0.682281015447         0.682281015324         0.682281015202         0.682281015079         0.682281014957         0.682281014835         0.682281014713         0.682281014590         0.682281014468         0.682281014346         0.682281014224         0.682281014102         0.682281013980         0.682281013859         0.682281013737         0.682281013615         0.682281013493         0.682281013371         0.682281013250         0.682281013128         0.682281013006         0.682281012885         0.682281012763         0.682281012641         0.682281012518         0.682281012397         0.682281012282         0.682281012188         0.682281012161         0.682281012329         0.682281013008         0.682281014926         0.682281019598         0.682281029714         0.682281048553         0.682281074526         0.682281077615         0.682280917777         0.682280092141         0.682277008250         0.682267015008         0.682237307656         0.682154303504         0.681933788854         0.681372814087         0.680002760291         0.676774484080         0.669418796184         0.652827819883         0.614677528268         0.510006722907         0.000000000000
        0.739934456683         0.710522705056         0.698762382036         0.688439732611         0.684656332329         0.683001488189         0.682463741339         0.682295544645         0.682261496918         0.682262166761         0.682269148042         0.682274641051         0.682277909810         0.682279602484         0.682280409043         0.682280769386         0.682280922044         0.682280983553         0.682281007100         0.682281015592         0.682281018410         0.682281019207         0.682281019336         0.682281019264         0.682281019141         0.682281019011         0.682281018883         0.682281018757         0.682281018632         0.682281018509         0.682281018385         0.682281018262         0.682281018139         0.682281018016         0.682281017893         0.682281017770         0.682281017647         0.682281017525         0.682281017402         0.682281017279         0.682281017156         0.682281017033         0.682281016911         0.682281016788         0.682281016666         0.682281016543         0.682281016421         0.682281016298         0.682281016176         0.682281016054         0.682281015931         0.682281015809         0.682281015687         0.682281015565         0.682281015442         0.682281015320         0.682281015198         0.682281015076         0.682281014954         0.682281014832         0.682281014710         0.682281014589         0.682281014467         0.682281014345         0.682281014223         0.682281014101         0.682281013980         0.682281013858         0.682281013737         0.682281013615         0.682281013493         0.682281013372         0.682281013250         0.682281013128         0.682281013007         0.682281012891         0.682281012797         0.682281012771         0.682281012940         0.682281013622         0.682281015549         0.682281020239         0.682281030386         0.682281049276         0.682281075322         0.682281078510         0.682280918796         0.682280093294         0.682277009611         0.682267016183         0.682237308217         0.682154303644         0.681933789133         0.681372814406         0.680002760641         0.676774484408         0.669418796665         0.652827820687         0.614677529443         0.510006723939         0.000000000000
        0.739934456688         0.710522705064         0.698762382044         0.688439732624         0.684656332357         0.683001488238         0.682463741389         0.682295544703         0.682261496972         0.682262166817         0.682269148104         0.682274641123         0.682277909890         0.682279602568         0.682280409129         0.682280769472         0.682280922130         0.682280983639         0.682281007186         0.682281015678         0.682281018495         0.682281019293         0.682281019421         0.682281019349         0.682281019227         0.682281019097         0.682281018968         0.682281018842         0.682281018718         0.682281018594         0.682281018471         0.682281018348         0.682281018224         0.682281018101         0.682281017979         0.682281017856         0.682281017733         0.682281017610         0.682281017487         0.682281017364         0.682281017242         0.682281017119         0.682281016996         0.682281016874         0.682281016751         0.682281016628         0.682281016506         0.682281016384         0.682281016261         0.682281016139         0.682281016017         0.682281015894         0.682281015772         0.682281015650         0.682281015528         0.682281015406         0.682281015284         0.682281015162         0.682281015040         0.682281014918         0.682281014796         0.682281014674         0.682281014552         0.682281014430         0.682281014309         0.682281014187         0.682281014065         0.682281013944         0.682281013822         0.682281013701         0.682281013579         0.682281013457         0.682281013335         0.682281013213         0.682281013092         0.682281012977         0.682281012883         0.682281012857         0.682281013026         0.682281013708         0.682281015635         0.682281020326         0.682281030474         0.682281049366         0.682281075415         0.682281078609         0.682280918903         0.682280093406         0.682277009732         0.682267016310         0.682237308344         0.682154303754         0.681933789245         0.681372814516         0.680002760716         0.676774484418         0.669418796689         0.652827820749         0.614677529538         0.510006724020         0.000000000000
        0.739934456687         0.710522705061         0.698762382041         0.688439732620         0.684656332359         0.683001488246         0.682463741394         0.682295544710         0.682261496979         0.682262166824         0.682269148111         0.682274641134         0.682277909903         0.682279602583         0.682280409145         0.682280769489         0.682280922146         0.682280983655         0.682281007202         0.682281015693         0.682281018511         0.682281019308         0.682281019437         0.682281019365         0.682281019243         0.682281019112         0.682281018984         0.682281018858         0.682281018733         0.682281018610         0.682281018487         0.682281018363         0.682281018240         0.682281018117         0.682281017994         0.682281017872         0.682281017749         0.682281017626         0.682281017503         0.682281017380         0.682281017257         0.682281017135         0.682281017012         0.682281016889         0.682281016767         0.682281016644         0.682281016522         0.682281016399         0.682281016277         0.682281016155         0.682281016032         0.682281015910         0.682281015788         0.682281015666         0.682281015544         0.682281015422         0.682281015300         0.682281015178         0.682281015056         0.682281014934         0.682281014812         0.682281014690         0.682281014568         0.682281014446         0.682281014325         0.682281014203         0.682281014081         0.682281013960         0.682281013838         0.682281013717         0.682281013595         0.682281013473         0.682281013351         0.682281013229         0.682281013108         0.682281012993         0.682281012899         0.682281012873         0.682281013042         0.682281013724         0.682281015651         0.682281020341         0.682281030490         0.682281049383         0.682281075432         0.682281078627         0.682280918923         0.682280093429         0.682277009757         0.682267016338         0.682237308378         0.682154303786         0.681933789282         0.681372814552         0.680002760739         0.676774484414         0.669418796686         0.652827820752         0.614677529545         0.510006724027         0.000000000000
        0.739934456686         0.710522705058         0.698762382039         0.688439732617         0.684656332358         0.683001488249         0.682463741394         0.682295544710         0.682261496980         0.682262166824         0.682269148112         0.682274641135         0.682277909906         0.682279602586         0.682280409148         0.682280769492         0.682280922149         0.682280983658         0.682281007205         0.682281015696         0.682281018514         0.682281019312         0.682281019440         0.682281019368         0.682281019246         0.682281019116         0.682281018987         0.682281018861         0.682281018737         0.682281018613         0.682281018490         0.682281018367         0.682281018244         0.682281018120         0.682281017997         0.682281017875         0.682281017752         0.682281017629         0.682281017506         0.682281017383         0.682281017261         0.682281017138         0.682281017015         0.682281016893         0.682281016770         0.682281016648         0.682281016525         0.682281016403         0.682281016280         0.682281016158         0.682281016036         0.682281015913         0.682281015791         0.682281015669         0.682281015547         0.682281015425         0.682281015303         0.682281015181         0.682281015059         0.682281014937         0.682281014815         0.682281014693         0.682281014571         0.682281014450         0.682281014328         0.682281014206         0.682281014085         0.682281013963         0.682281013841         0.682281013720         0.682281013598         0.682281013476         0.682281013355         0.682281013233         0.682281013111         0.682281012996         0.682281012902         0.682281012876         0.682281013045         0.682281013728         0.682281015654         0.682281020345         0.682281030493         0.682281049386         0.682281075436         0.682281078631         0.682280918927         0.682280093434         0.682277009764         0.682267016346         0.682237308390         0.682154303796         0.681933789294         0.681372814565         0.680002760748         0.676774484411         0.669418796684         0.652827820752         0.614677529546         0.510006724028         0.000000000000
        0.739934456685         0.710522705057         0.698762382038         0.688439732616         0.684656332358         0.683001488249         0.682463741393         0.682295544709         0.682261496980         0.682262166824         0.682269148112         0.682274641136         0.682277909906         0.682279602587         0.682280409149         0.682280769493         0.682280922150         0.682280983659         0.682281007206         0.682281015697         0.682281018514         0.682281019312         0.682281019441         0.682281019369         0.682281019246         0.682281019116         0.682281018988         0.682281018862         0.682281018738         0.682281018614         0.682281018491         0.682281018367         0.682281018244         0.682281018121         0.682281017998         0.682281017875         0.682281017753         0.682281017630         0.682281017507         0.682281017384         0.682281017261         0.682281017138         0.682281017016         0.682281016893         0.682281016771         0.682281016649         0.682281016526         0.682281016403         0.682281016281         0.682281016159         0.682281016036         0.682281015914         0.682281015792         0.682281015670         0.682281015548         0.682281015426         0.682281015303         0.682281015181         0.682281015059         0.682281014937         0.682281014816         0.682281014694         0.682281014572         0.682281014450         0.682281014329         0.682281014207         0.682281014085         0.682281013964         0.682281013842         0.682281013721         0.682281013599         0.682281013477         0.682281013355         0.682281013233         0.682281013112         0.682281012997         0.682281012902         0.682281012876         0.682281013046         0.682281013728         0.682281015655         0.682281020345         0.682281030493         0.682281049387         0.682281075436         0.682281078632         0.682280918928         0.682280093436         0.682277009766         0.682267016349         0.682237308395         0.682154303800         0.681933789300         0.681372814570         0.680002760752         0.676774484410         0.669418796682         0.652827820751         0.614677529546         0.510006724028         0.000000000000
        0.739934456684         0.710522705056         0.698762382036         0.688439732614         0.684656332357         0.683001488249         0.682463741392         0.682295544708         0.682261496980         0.682262166824         0.682269148112         0.682274641136         0.682277909906         0.682279602587         0.682280409149         0.682280769493         0.682280922150         0.682280983659         0.682281007206         0.682281015697         0.682281018515         0.682281019313         0.682281019441         0.682281019369         0.682281019247         0.682281019117         0.682281018988         0.682281018862         0.682281018738         0.682281018614         0.682281018491         0.682281018367         0.682281018244         0.682281018121         0.682281017998         0.682281017876         0.682281017753         0.682281017630         0.682281017507         0.682281017384         0.682281017261         0.682281017139         0.682281017016         0.682281016894         0.682281016771         0.682281016648         0.682281016526         0.682281016404         0.682281016281         0.682281016159         0.682281016036         0.682281015914         0.682281015792         0.682281015670         0.682281015548         0.682281015426         0.682281015304         0.682281015182         0.682281015060         0.682281014938         0.682281014816         0.682281014694         0.682281014572         0.682281014450         0.682281014329         0.682281014207         0.682281014085         0.682281013964         0.682281013842         0.682281013720         0.682281013599         0.682281013477         0.682281013355         0.682281013233         0.682281013112         0.682281012997         0.682281012902         0.682281012877         0.682281013046         0.682281013728         0.682281015655         0.682281020345         0.682281030494         0.682281049387         0.682281075437         0.682281078632         0.682280918929         0.682280093436         0.682277009767         0.682267016350         0.682237308397         0.682154303802         0.681933789302         0.681372814573         0.680002760753         0.676774484409         0.669418796682         0.652827820751         0.614677529546         0.510006724028         0.000000000000
        0.739934456666         0.710522705034         0.698762382009         0.688439732585         0.684656332347         0.683001488226         0.682463741380         0.682295544702         0.682261496976         0.682262166823         0.682269148111         0.682274641135         0.682277909906         0.682279602587         0.682280409149         0.682280769493         0.682280922150         0.682280983659         0.682281007206         0.682281015697         0.682281018515         0.682281019312         0.682281019441         0.682281019369         0.682281019247         0.682281019116         0.682281018988         0.682281018862         0.682281018738         0.682281018614         0.682281018491         0.682281018368         0.682281018244         0.682281018121         0.682281017999         0.682281017876         0.682281017753         0.682281017630         0.682281017507         0.682281017384         0.682281017262         0.682281017139         0.682281017016         0.682281016894         0.682281016771         0.682281016649         0.682281016526         0.682281016404         0.682281016281         0.682281016159         0.682281016037         0.682281015914         0.682281015792         0.682281015670         0.682281015548         0.682281015426         0.682281015304         0.682281015181         0.682281015059         0.682281014938         0.682281014816         0.682281014694         0.682281014572         0.682281014450         0.682281014329         0.682281014207         0.682281014085         0.682281013964         0.682281013842         0.682281013721         0.682281013599         0.682281013477         0.682281013355         0.682281013233         0.682281013112         0.682281012997         0.682281012903         0.682281012877         0.682281013046         0.682281013728         0.682281015655         0.682281020345         0.682281030494         0.682281049387         0.682281075437         0.682281078632         0.682280918929         0.682280093437         0.682277009767         0.682267016351         0.682237308398         0.682154303802         0.681933789303         0.681372814574         0.680002760754         0.676774484409         0.669418796681         0.652827820751         0.614677529546         0.510006724028         0.000000000000
        0.739934456515         0.710522704862         0.698762381798         0.688439732350         0.684656332262         0.683001488042         0.682463741283         0.682295544656         0.682261496952         0.682262166812         0.682269148107         0.682274641134         0.682277909906         0.682279602587         0.682280409149         0.682280769493         0.682280922150         0.682280983659         0.682281007206         0.682281015697         0.682281018515         0.682281019312         0.682281019441         0.682281019369         0.682281019247         0.682281019116         0.682281018988         0.682281018862         0.682281018738         0.682281018614         0.682281018491         0.682281018368         0.682281018244         0.682281018121         0.682281017998         0.682281017876         0.682281017753         0.682281017630         0.682281017507         0.682281017384         0.682281017262         0.682281017139         0.682281017016         0.682281016894         0.682281016771         0.682281016649         0.682281016526         0.682281016404         0.682281016281         0.682281016159         0.682281016037         0.682281015914         0.682281015792         0.682281015670         0.682281015548         0.682281015426         0.682281015304         0.682281015182         0.682281015060         0.682281014938         0.682281014816         0.682281014694         0.682281014572         0.682281014451         0.682281014329         0.682281014207         0.682281014085         0.682281013964         0.682281013842         0.682281013721         0.682281013599         0.682281013478         0.682281013355         0.682281013233         0.682281013112         0.682281012997         0.682281012903         0.682281012877         0.682281013046         0.682281013728         0.682281015655         0.682281020345         0.682281030494         0.682281049387         0.682281075437         0.682281078632         0.682280918929         0.682280093437         0.682277009767         0.682267016351         0.682237308398         0.682154303803         0.681933789304         0.681372814575         0.680002760755         0.676774484408         0.669418796681         0.652827820751         0.614677529546         0.510006724028         0.000000000000
        0.739934456372         0.710522704710         0.698762381632         0.688439732151         0.684656332196         0.683001487937         0.682463741240         0.682295544637         0.682261496936         0.682262166803         0.682269148103         0.682274641132         0.682277909905         0.682279602587         0.682280409149         0.682280769493         0.682280922150         0.682280983659         0.682281007206         0.682281015697         0.682281018515         0.682281019312         0.682281019441         0.682281019369         0.682281019247         0.682281019117         0.682281018988         0.682281018862         0.682281018738         0.682281018614         0.682281018491         0.682281018368         0.682281018244         0.682281018121         0.682281017999         0.682281017875         0.682281017753         0.682281017630         0.682281017507         0.682281017384         0.682281017261         0.682281017139         0.682281017016         0.682281016894         0.682281016771         0.682281016649         0.682281016526         0.682281016404         0.682281016281         0.682281016159         0.682281016036         0.682281015914         0.682281015792         0.682281015670         0.682281015548         0.682281015426         0.682281015304         0.682281015182         0.682281015060         0.682281014938         0.682281014816         0.682281014694         0.682281014572         0.682281014450         0.682281014329         0.682281014207         0.682281014085         0.682281013964         0.682281013842         0.682281013721         0.682281013599         0.682281013477         0.682281013355         0.682281013233         0.682281013112         0.682281012997         0.682281012902         0.682281012877         0.682281013046         0.682281013728         0.682281015655         0.682281020345         0.682281030494         0.682281049387         0.682281075436         0.682281078632         0.682280918929         0.682280093437         0.682277009767         0.682267016351         0.682237308399         0.682154303803         0.681933789304         0.681372814575         0.680002760755         0.676774484408         0.669418796681         0.652827820751         0.614677529546         0.510006724028         0.000000000000
        0.739934456373         0.710522704745         0.698762381717         0.688439732241         0.684656332260         0.683001488594         0.682463741615         0.682295544799         0.682261496967         0.682262166798         0.682269148090         0.682274641122         0.682277909899         0.682279602584         0.682280409148         0.682280769492         0.682280922150         0.682280983659         0.682281007206         0.682281015697         0.682281018515         0.682281019313         0.682281019441         0.682281019369         0.682281019247         0.682281019117         0.682281018988         0.682281018862         0.682281018738         0.682281018614         0.682281018491         0.682281018367         0.682281018244         0.682281018121         0.682281017998         0.682281017876         0.682281017753         0.682281017630         0.682281017507         0.682281017384         0.682281017261         0.682281017139         0.682281017016         0.682281016894         0.682281016771         0.682281016649         0.682281016526         0.682281016404         0.682281016281         0.682281016159         0.682281016037         0.682281015914         0.682281015792         0.682281015670         0.682281015548         0.682281015426         0.682281015304         0.682281015182         0.682281015060         0.682281014938         0.682281014816         0.682281014694         0.682281014572         0.682281014450         0.682281014329         0.682281014207         0.682281014085         0.682281013964         0.682281013842         0.682281013721         0.682281013599         0.682281013477         0.682281013355         0.682281013233         0.682281013112         0.682281012997         0.682281012903         0.682281012877         0.682281013046         0.682281013728         0.682281015655         0.682281020346         0.682281030494         0.682281049387         0.682281075437         0.682281078632         0.682280918929         0.682280093437         0.682277009767         0.682267016351         0.682237308399         0.682154303803         0.681933789304         0.681372814575         0.680002760755         0.676774484408         0.669418796681         0.652827820751         0.614677529546         0.510006724028         0.000000000000
        0.739934456426         0.710522704836         0.698762381851         0.688439732389         0.684656332352         0.683001489440         0.682463742059         0.682295544980         0.682261496994         0.682262166786         0.682269148070         0.682274641108         0.682277909891         0.682279602579         0.682280409145         0.682280769491         0.682280922150         0.682280983659         0.682281007206         0.682281015697         0.682281018515         0.682281019313         0.682281019441         0.682281019369         0.682281019247         0.682281019117         0.682281018988         0.682281018862         0.682281018738         0.682281018614         0.682281018491         0.682281018368         0.682281018245         0.682281018122         0.682281017999         0.682281017876         0.682281017753         0.682281017630         0.682281017507         0.682281017384         0.682281017261         0.682281017139         0.682281017016         0.682281016894         0.682281016771         0.682281016649         0.682281016526         0.682281016404         0.682281016281         0.682281016159         0.682281016037         0.682281015914         0.682281015792         0.682281015670         0.682281015548         0.682281015426         0.682281015304         0.682281015182         0.682281015060         0.682281014938         0.682281014816         0.682281014694         0.682281014572         0.682281014450         0.682281014329         0.682281014207         0.682281014085         0.682281013964         0.682281013842         0.682281013721         0.682281013599         0.682281013477         0.682281013356         0.682281013233         0.682281013112         0.682281012997         0.682281012903         0.682281012877         0.682281013046         0.682281013728         0.682281015655         0.682281020345         0.682281030494         0.682281049387         0.682281075437         0.682281078632         0.682280918929         0.682280093437         0.682277009767         0.682267016351         0.682237308399         0.682154303803         0.681933789304         0.681372814575         0.680002760755         0.676774484408         0.669418796681         0.652827820751         0.614677529546         0.510006724028         0.000000000000
        0.739934456501         0.710522704933         0.698762381961         0.688439732502         0.684656332453         0.683001489546         0.682463742080         0.682295544991         0.682261496998         0.682262166786         0.682269148069         0.682274641107         0.682277909890         0.682279602578         0.682280409145         0.682280769491         0.682280922149         0.682280983659         0.682281007206         0.682281015697         0.682281018515         0.682281019313         0.682281019441         0.682281019369         0.682281019247         0.682281019117         0.682281018988         0.682281018862         0.682281018738         0.682281018614         0.682281018491         0.682281018368         0.682281018244         0.682281018121         0.682281017999         0.682281017876         0.682281017753         0.682281017630         0.682281017507         0.682281017384         0.682281017262         0.682281017139         0.682281017016         0.682281016893         0.682281016771         0.682281016649         0.682281016526         0.682281016404         0.682281016281         0.682281016159         0.682281016037         0.682281015914         0.682281015792         0.682281015670         0.682281015548         0.682281015426         0.682281015304         0.682281015182         0.682281015060         0.682281014938         0.682281014816         0.682281014694         0.682281014572         0.682281014450         0.682281014329         0.682281014207         0.682281014085         0.682281013964         0.682281013842         0.682281013721         0.682281013599         0.682281013477         0.682281013355         0.682281013233         0.682281013112         0.682281012997         0.682281012903         0.682281012877         0.682281013046         0.682281013728         0.682281015655         0.682281020346         0.682281030494         0.682281049387         0.682281075437         0.682281078632         0.682280918929         0.682280093437         0.682277009767         0.682267016351         0.682237308399         0.682154303803         0.681933789304         0.681372814576         0.680002760755         0.676774484408         0.669418796681         0.652827820751         0.614677529546         0.510006724028         0.000000000000
        0.739934456557         0.710522705003         0.698762382033         0.688439732580         0.684656332507         0.683001489584         0.682463742091         0.682295544997         0.682261497003         0.682262166789         0.682269148070         0.682274641107         0.682277909890         0.682279602578         0.682280409145         0.682280769491         0.682280922150         0.682280983659         0.682281007206         0.682281015697         0.682281018515         0.682281019313         0.682281019441         0.682281019369         0.682281019247         0.682281019117         0.682281018988         0.682281018862         0.682281018738         0.682281018614         0.682281018491         0.682281018368         0.682281018245         0.682281018121         0.682281017999         0.682281017876         0.682281017753         0.682281017630         0.682281017507         0.682281017384         0.682281017261         0.682281017139         0.682281017016         0.682281016894         0.682281016771         0.682281016649         0.682281016526         0.682281016404         0.682281016281         0.682281016159         0.682281016036         0.682281015914         0.682281015792         0.682281015670         0.682281015548         0.682281015426         0.682281015304         0.682281015182         0.682281015060         0.682281014938         0.682281014816         0.682281014694         0.682281014572         0.682281014450         0.682281014329         0.682281014207         0.682281014085         0.682281013964         0.682281013842         0.682281013721         0.682281013599         0.682281013477         0.682281013355         0.682281013233         0.682281013112         0.682281012997         0.682281012903         0.682281012877         0.682281013046         0.682281013728         0.682281015655         0.682281020345         0.682281030494         0.682281049387         0.682281075437         0.682281078632         0.682280918929         0.682280093437         0.682277009767         0.682267016351         0.682237308399         0.682154303803         0.681933789305         0.681372814576         0.680002760755         0.676774484408         0.669418796681         0.652827820751         0.614677529546         0.510006724028         0.000000000000
        0.739934552073         0.710522992212         0.698762764563         0.688440091545         0.684656678464         0.683001847196         0.682464099769         0.682295898497         0.682261847974         0.682262513722         0.682269495573         0.682274986969         0.682278253622         0.682279944609         0.682280750172         0.682281109986         0.682281262424         0.682281323897         0.682281347505         0.682281356103         0.682281359046         0.682281359976         0.682281360237         0.682281360298         0.682281360307         0.682281360308         0.682281360310         0.682281360315         0.682281360320         0.682281360327         0.682281360333         0.682281360340         0.682281360346         0.682281360353         0.682281360360         0.682281360366         0.682281360373         0.682281360380         0.682281360387         0.682281360393         0.682281360400         0.682281360406         0.682281360413         0.682281360420         0.682281360426         0.682281360433         0.682281360440         0.682281360446         0.682281360453         0.682281360460         0.682281360466         0.682281360473         0.682281360480         0.682281360486         0.682281360493         0.682281360500         0.682281360507         0.682281360513         0.682281360520         0.682281360527         0.682281360533         0.682281360540         0.682281360547         0.682281360553         0.682281360560         0.682281360567         0.682281360573         0.682281360580         0.682281360587         0.682281360593         0.682281360600         0.682281360606         0.682281360612         0.682281360617         0.682281360622         0.682281360632         0.682281360660         0.682281360751         0.682281361029         0.682281361804         0.682281363795         0.682281368505         0.682281378598         0.682281397318         0.682281423015         0.682281425593         0.682281264949         0.682280438304         0.682277353887         0.682267360224         0.682237651263         0.682154642302         0.681934121032         0.681373138696         0.680003071443         0.676774768622         0.669419044376         0.652828024202         0.614677678304         0.510006808879         0.000000000000
        0.739934558299         0.710523004168         0.698762783336         0.688440114970         0.684656700653         0.683001868695         0.682464120245         0.682295918087         0.682261866274         0.682262531274         0.682269513068         0.682275004688         0.682278271456         0.682279962553         0.682280768032         0.682281127747         0.682281280101         0.682281341512         0.682281365078         0.682281373647         0.682281376571         0.682281377487         0.682281377737         0.682281377787         0.682281377786         0.682281377777         0.682281377770         0.682281377764         0.682281377760         0.682281377757         0.682281377754         0.682281377751         0.682281377747         0.682281377744         0.682281377741         0.682281377738         0.682281377735         0.682281377732         0.682281377729         0.682281377726         0.682281377722         0.682281377719         0.682281377716         0.682281377713         0.682281377710         0.682281377707         0.682281377704         0.682281377701         0.682281377697         0.682281377694         0.682281377691         0.682281377688         0.682281377685         0.682281377682         0.682281377679         0.682281377675         0.682281377672         0.682281377669         0.682281377666         0.682281377663         0.682281377660         0.682281377657         0.682281377654         0.682281377650         0.682281377647         0.682281377644         0.682281377641         0.682281377638         0.682281377635         0.682281377631         0.682281377628         0.682281377624         0.682281377620         0.682281377615         0.682281377610         0.682281377608         0.682281377624         0.682281377703         0.682281377966         0.682281378724         0.682281380696         0.682281385384         0.682281395449         0.682281414135         0.682281439797         0.682281442314         0.682281281607         0.682280454784         0.682277370335         0.682267376614         0.682237667485         0.682154658320         0.681934136694         0.681373154650         0.680003088850         0.676774788660         0.669419070064         0.652828058022         0.614677714802         0.510006835564         0.000000000000
        0.739934559338         0.710523005597         0.698762785149         0.688440117066         0.684656702426         0.683001870304         0.682464121452         0.682295919195         0.682261867235         0.682262532112         0.682269513789         0.682275005398         0.682278272211         0.682279963347         0.682280768849         0.682281128572         0.682281280927         0.682281342337         0.682281365900         0.682281374467         0.682281377390         0.682281378304         0.682281378554         0.682281378603         0.682281378603         0.682281378594         0.682281378587         0.682281378581         0.682281378577         0.682281378573         0.682281378570         0.682281378566         0.682281378563         0.682281378560         0.682281378557         0.682281378553         0.682281378550         0.682281378547         0.682281378544         0.682281378540         0.682281378537         0.682281378534         0.682281378531         0.682281378527         0.682281378524         0.682281378521         0.682281378518         0.682281378514         0.682281378511         0.682281378508         0.682281378505         0.682281378501         0.682281378498         0.682281378495         0.682281378492         0.682281378488         0.682281378485         0.682281378482         0.682281378479         0.682281378475         0.682281378472         0.682281378469         0.682281378466         0.682281378462         0.682281378459         0.682281378456         0.682281378452         0.682281378449         0.682281378446         0.682281378442         0.682281378439         0.682281378435         0.682281378431         0.682281378426         0.682281378421         0.682281378419         0.682281378435         0.682281378514         0.682281378777         0.682281379538         0.682281381514         0.682281386202         0.682281396264         0.682281414948         0.682281440612         0.682281443129         0.682281282427         0.682280455616         0.682277371191         0.682267377520         0.682237668459         0.682154659393         0.681934137952         0.681373156115         0.680003090739         0.676774791280         0.669419073919         0.652828063007         0.614677720310         0.510006839945         0.000000000000
        0.739934559504         0.710523005819         0.698762785358         0.688440117324         0.684656702650         0.683001870504         0.682464121591         0.682295919326         0.682261867372         0.682262532226         0.682269513890         0.682275005491         0.682278272322         0.682279963462         0.682280768962         0.682281128680         0.682281281034         0.682281342443         0.682281366005         0.682281374573         0.682281377495         0.682281378410         0.682281378659         0.682281378709         0.682281378708         0.682281378700         0.682281378692         0.682281378686         0.682281378682         0.682281378679         0.682281378676         0.682281378672         0.682281378669         0.682281378666         0.682281378663         0.682281378660         0.682281378656         0.682281378653         0.682281378650         0.682281378647         0.682281378644         0.682281378641         0.682281378637         0.682281378634         0.682281378631         0.682281378628         0.682281378625         0.682281378621         0.682281378618         0.682281378615         0.682281378612         0.682281378609         0.682281378605         0.682281378602         0.682281378599         0.682281378596         0.682281378593         0.682281378589         0.682281378586         0.682281378583         0.682281378580         0.682281378577         0.682281378573         0.682281378570         0.682281378567         0.682281378564         0.682281378561         0.682281378558         0.682281378554         0.682281378551         0.682281378548         0.682281378544         0.682281378539         0.682281378534         0.682281378529         0.682281378527         0.682281378543         0.682281378620         0.682281378882         0.682281379640         0.682281381612         0.682281386299         0.682281396367         0.682281415055         0.682281440714         0.682281443255         0.682281282529         0.682280455719         0.682277371298         0.682267377637         0.682237668595         0.682154659559         0.681934138163         0.681373156382         0.680003091109         0.676774791846         0.669419074777         0.652828064071         0.614677721443         0.510006840900         0.000000000000
        0.739934559532         0.710523005859         0.698762785389         0.688440117368         0.684656702687         0.683001870539         0.682464121612         0.682295919343         0.682261867389         0.682262532242         0.682269513905         0.682275005501         0.682278272336         0.682279963477         0.682280768976         0.682281128694         0.682281281047         0.682281342456         0.682281366018         0.682281374586         0.682281377508         0.682281378423         0.682281378672         0.682281378722         0.682281378722         0.682281378713         0.682281378705         0.682281378700         0.682281378695         0.682281378692         0.682281378689         0.682281378685         0.682281378682         0.682281378679         0.682281378676         0.682281378673         0.682281378670         0.682281378666         0.682281378663         0.682281378660         0.682281378657         0.682281378653         0.682281378650         0.682281378647         0.682281378644         0.682281378641         0.682281378637         0.682281378634         0.682281378631         0.682281378628         0.682281378625         0.682281378621         0.682281378618         0.682281378615         0.682281378612         0.682281378609         0.682281378606         0.682281378602         0.682281378599         0.682281378596         0.682281378593         0.682281378589         0.682281378586         0.682281378583         0.682281378580         0.682281378577         0.682281378574         0.682281378570         0.682281378567         0.682281378564         0.682281378560         0.682281378556         0.682281378552         0.682281378547         0.682281378541         0.682281378539         0.682281378555         0.682281378633         0.682281378896         0.682281379651         0.682281381624         0.682281386310         0.682281396381         0.682281415074         0.682281440735         0.682281443273         0.682281282544         0.682280455738         0.682277371320         0.682267377663         0.682237668629         0.682154659597         0.681934138210         0.681373156438         0.680003091188         0.676774791971         0.669419074972         0.652828064311         0.614677721690         0.510006841111         0.000000000000
        0.739934559538         0.710523005866         0.698762785394         0.688440117376         0.684656702694         0.683001870545         0.682464121616         0.682295919345         0.682261867392         0.682262532245         0.682269513909         0.682275005503         0.682278272339         0.682279963480         0.682280768979         0.682281128696         0.682281281049         0.682281342458         0.682281366021         0.682281374589         0.682281377511         0.682281378425         0.682281378675         0.682281378725         0.682281378724         0.682281378715         0.682281378708         0.682281378702         0.682281378698         0.682281378695         0.682281378691         0.682281378688         0.682281378685         0.682281378682         0.682281378678         0.682281378675         0.682281378672         0.682281378669         0.682281378666         0.682281378662         0.682281378659         0.682281378656         0.682281378653         0.682281378649         0.682281378646         0.682281378643         0.682281378640         0.682281378637         0.682281378633         0.682281378630         0.682281378627         0.682281378624         0.682281378621         0.682281378618         0.682281378614         0.682281378611         0.682281378608         0.682281378605         0.682281378601         0.682281378598         0.682281378595         0.682281378592         0.682281378589         0.682281378585         0.682281378582         0.682281378579         0.682281378576         0.682281378572         0.682281378569         0.682281378566         0.682281378563         0.682281378559         0.682281378554         0.682281378549         0.682281378544         0.682281378542         0.682281378557         0.682281378635         0.682281378898         0.682281379653         0.682281381626         0.682281386312         0.682281396383         0.682281415077         0.682281440738         0.682281443275         0.682281282546         0.682280455741         0.682277371325         0.682267377668         0.682237668635         0.682154659605         0.681934138220         0.681373156451         0.680003091206         0.676774792000         0.669419075017         0.652828064366         0.614677721745         0.510006841157         0.000000000000
        0.739934559539         0.710523005868         0.698762785395         0.688440117377         0.684656702695         0.683001870547         0.682464121616         0.682295919345         0.682261867393         0.682262532246         0.682269513910         0.682275005503         0.682278272340         0.682279963481         0.682280768979         0.682281128697         0.682281281050         0.682281342459         0.682281366021         0.682281374589         0.682281377511         0.682281378426         0.682281378675         0.682281378725         0.682281378725         0.682281378716         0.682281378708         0.682281378703         0.682281378698         0.682281378695         0.682281378691         0.682281378688         0.682281378685         0.682281378682         0.682281378679         0.682281378676         0.682281378672         0.682281378669         0.682281378666         0.682281378663         0.682281378660         0.682281378656         0.682281378653         0.682281378650         0.682281378647         0.682281378644         0.682281378640         0.682281378637         0.682281378634         0.682281378631         0.682281378628         0.682281378624         0.682281378621         0.682281378618         0.682281378615         0.682281378611         0.682281378608         0.682281378605         0.682281378602         0.682281378599         0.682281378596         0.682281378592         0.682281378589         0.682281378586         0.682281378583         0.682281378579         0.682281378576         0.682281378573         0.682281378570         0.682281378566         0.682281378563         0.682281378559         0.682281378555         0.682281378550         0.682281378544         0.682281378542         0.682281378558         0.682281378635         0.682281378898         0.682281379654         0.682281381626         0.682281386312         0.682281396383         0.682281415077         0.682281440738         0.682281443275         0.682281282546         0.682280455741         0.682277371326         0.682267377670         0.682237668637         0.682154659608         0.681934138223         0.681373156454         0.680003091210         0.676774792006         0.669419075027         0.652828064378         0.614677721757         0.510006841168         0.000000000000
        0.739934559539         0.710523005868         0.698762785396         0.688440117378         0.684656702695         0.683001870547         0.682464121617         0.682295919345         0.682261867393         0.682262532247         0.682269513910         0.682275005503         0.682278272340         0.682279963481         0.682280768979         0.682281128697         0.682281281050         0.682281342459         0.682281366021         0.682281374589         0.682281377512         0.682281378426         0.682281378676         0.682281378725         0.682281378725         0.682281378716         0.682281378708         0.682281378703         0.682281378699         0.682281378695         0.682281378692         0.682281378688         0.682281378685         0.682281378682         0.682281378679         0.682281378676         0.682281378673         0.682281378669         0.682281378666         0.682281378663         0.682281378660         0.682281378657         0.682281378653         0.682281378650         0.682281378647         0.682281378644         0.682281378641         0.682281378637         0.682281378634         0.682281378631         0.682281378628         0.682281378625         0.682281378621         0.682281378618         0.682281378615         0.682281378612         0.682281378608         0.682281378605         0.682281378602         0.682281378599         0.682281378596         0.682281378592         0.682281378589         0.682281378586         0.682281378583         0.682281378579         0.682281378576         0.682281378573         0.682281378570         0.682281378567         0.682281378563         0.682281378559         0.682281378555         0.682281378550         0.682281378544         0.682281378542         0.682281378558         0.682281378636         0.682281378898         0.682281379654         0.682281381626         0.682281386312         0.682281396383         0.682281415077         0.682281440738         0.682281443275         0.682281282545         0.682280455742         0.682277371326         0.682267377670         0.682237668638         0.682154659608         0.681934138223         0.681373156454         0.680003091211         0.676774792008         0.669419075030         0.652828064381         0.614677721760         0.510006841170         0.000000000000
        0.739934559256         0.710523005133         0.698762784167         0.688440115648         0.684656700450         0.683001869480         0.682464120931         0.682295918642         0.682261866673         0.682262531460         0.682269513019         0.682275004601         0.682278271331         0.682279962261         0.682280767633         0.682281127288         0.682281279614         0.682281341012         0.682281364574         0.682281373143         0.682281376069         0.682281376987         0.682281377240         0.682281377293         0.682281377295         0.682281377290         0.682281377285         0.682281377283         0.682281377282         0.682281377281         0.682281377281         0.682281377281         0.682281377281         0.682281377281         0.682281377281         0.682281377281         0.682281377281         0.682281377281         0.682281377281         0.682281377281         0.682281377281         0.682281377281         0.682281377281         0.682281377281         0.682281377281         0.682281377281         0.682281377281         0.682281377281         0.682281377281         0.682281377281         0.682281377281         0.682281377281         0.682281377281         0.682281377281         0.682281377281         0.682281377281         0.682281377281         0.682281377281         0.682281377281         0.682281377281         0.682281377281         0.682281377281         0.682281377281         0.682281377281         0.682281377281         0.682281377281         0.682281377281         0.682281377281         0.682281377281         0.682281377281         0.682281377280         0.682281377280         0.682281377279         0.682281377277         0.682281377275         0.682281377277         0.682281377296         0.682281377379         0.682281377647         0.682281378410         0.682281380389         0.682281385087         0.682281395170         0.682281413886         0.682281439577         0.682281442143         0.682281281449         0.682280454639         0.682277370249         0.682267376627         0.682237667627         0.682154658653         0.681934137326         0.681373155620         0.680003090463         0.676774791372         0.669419074506         0.652828064014         0.614677721498         0.510006841030         0.000000000000
        0.739934560568         0.710523008684         0.698762789470         0.688440121999         0.684656707559         0.683001876916         0.682464128627         0.682295926426         0.682261874560         0.682262539425         0.682269521080         0.682275012679         0.682278279400         0.682279970291         0.682280775625         0.682281135254         0.682281287566         0.682281348960         0.682281372520         0.682281381090         0.682281384015         0.682281384934         0.682281385186         0.682281385240         0.682281385243         0.682281385237         0.682281385233         0.682281385230         0.682281385229         0.682281385229         0.682281385229         0.682281385229         0.682281385229         0.682281385229         0.682281385229         0.682281385229         0.682281385229         0.682281385229         0.682281385229         0.682281385229         0.682281385229         0.682281385229         0.682281385229         0.682281385229         0.682281385229         0.682281385229         0.682281385229         0.682281385229         0.682281385229         0.682281385229         0.682281385229         0.682281385229         0.682281385229         0.682281385229         0.682281385229         0.682281385229         0.682281385229         0.682281385229         0.682281385229         0.682281385229         0.682281385229         0.682281385229         0.682281385229         0.682281385229         0.682281385229         0.682281385229         0.682281385229         0.682281385229         0.682281385229         0.682281385229         0.682281385229         0.682281385228         0.682281385226         0.682281385224         0.682281385222         0.682281385223         0.682281385241         0.682281385322         0.682281385588         0.682281386348         0.682281388325         0.682281393021         0.682281403103         0.682281421820         0.682281447516         0.682281450089         0.682281289411         0.682280462619         0.682277378183         0.682267384502         0.682237675413         0.682154666331         0.681934144759         0.681373162747         0.680003097060         0.676774797204         0.669419079694         0.652828068377         0.614677724774         0.510006842974         0.000000000000
        0.739934560832         0.710523009122         0.698762790139         0.688440122773         0.684656708296         0.683001877664         0.682464129313         0.682295927070         0.682261875146         0.682262539960         0.682269521538         0.682275013081         0.682278279782         0.682279970683         0.682280776026         0.682281135657         0.682281287967         0.682281349358         0.682281372915         0.682281381482         0.682281384407         0.682281385325         0.682281385578         0.682281385631         0.682281385634         0.682281385628         0.682281385624         0.682281385622         0.682281385621         0.682281385621         0.682281385620         0.682281385620         0.682281385620         0.682281385620         0.682281385620         0.682281385620         0.682281385620         0.682281385620         0.682281385620         0.682281385620         0.682281385620         0.682281385620         0.682281385620         0.682281385620         0.682281385620         0.682281385620         0.682281385620         0.682281385620         0.682281385620         0.682281385621         0.682281385620         0.682281385620         0.682281385620         0.682281385620         0.682281385620         0.682281385620         0.682281385620         0.682281385620         0.682281385620         0.682281385620         0.682281385620         0.682281385620         0.682281385620         0.682281385620         0.682281385620         0.682281385620         0.682281385620         0.682281385620         0.682281385620         0.682281385620         0.682281385620         0.682281385619         0.682281385617         0.682281385615         0.682281385613         0.682281385613         0.682281385632         0.682281385712         0.682281385977         0.682281386738         0.682281388715         0.682281393412         0.682281403496         0.682281422216         0.682281447920         0.682281450505         0.682281289834         0.682280463045         0.682277378609         0.682267384929         0.682237675843         0.682154666774         0.681934145238         0.681373163291         0.680003097746         0.676774798175         0.669419080843         0.652828069593         0.614677725972         0.510006843802         0.000000000000
        0.739934560883         0.710523009189         0.698762790214         0.688440122857         0.684656708399         0.683001877735         0.682464129379         0.682295927108         0.682261875183         0.682262540006         0.682269521583         0.682275013117         0.682278279809         0.682279970705         0.682280776048         0.682281135680         0.682281287990         0.682281349380         0.682281372937         0.682281381504         0.682281384429         0.682281385346         0.682281385599         0.682281385652         0.682281385655         0.682281385650         0.682281385645         0.682281385643         0.682281385642         0.682281385642         0.682281385642         0.682281385642         0.682281385642         0.682281385642         0.682281385642         0.682281385641         0.682281385642         0.682281385642         0.682281385641         0.682281385641         0.682281385641         0.682281385641         0.682281385641         0.682281385641         0.682281385642         0.682281385642         0.682281385641         0.682281385642         0.682281385642         0.682281385642         0.682281385642         0.682281385642         0.682281385642         0.682281385642         0.682281385641         0.682281385641         0.682281385641         0.682281385641         0.682281385641         0.682281385641         0.682281385641         0.682281385642         0.682281385641         0.682281385642         0.682281385642         0.682281385642         0.682281385642         0.682281385642         0.682281385641         0.682281385641         0.682281385641         0.682281385640         0.682281385638         0.682281385636         0.682281385634         0.682281385634         0.682281385653         0.682281385733         0.682281385998         0.682281386759         0.682281388736         0.682281393433         0.682281403517         0.682281422237         0.682281447942         0.682281450529         0.682281289858         0.682280463070         0.682277378636         0.682267384960         0.682237675880         0.682154666817         0.681934145293         0.681373163376         0.680003097879         0.676774798351         0.669419081032         0.652828069769         0.614677726140         0.510006843941         0.000000000000
        0.739934560891         0.710523009199         0.698762790221         0.688440122867         0.684656708410         0.683001877744         0.682464129387         0.682295927113         0.682261875187         0.682262540012         0.682269521590         0.682275013123         0.682278279813         0.682279970708         0.682280776050         0.682281135683         0.682281287993         0.682281349383         0.682281372940         0.682281381507         0.682281384431         0.682281385349         0.682281385601         0.682281385655         0.682281385658         0.682281385652         0.682281385648         0.682281385646         0.682281385644         0.682281385644         0.682281385644         0.682281385644         0.682281385644         0.682281385644         0.682281385644         0.682281385644         0.682281385644         0.682281385644         0.682281385644         0.682281385644         0.682281385644         0.682281385644         0.682281385644         0.682281385644         0.682281385644         0.682281385644         0.682281385644         0.682281385644         0.682281385644         0.682281385644         0.682281385644         0.682281385644         0.682281385644         0.682281385644         0.682281385644         0.682281385644         0.682281385644         0.682281385644         0.682281385644         0.682281385644         0.682281385644         0.682281385644         0.682281385644         0.682281385644         0.682281385644         0.682281385644         0.682281385644         0.682281385644         0.682281385644         0.682281385644         0.682281385644         0.682281385643         0.682281385641         0.682281385639         0.682281385636         0.682281385637         0.682281385655         0.682281385736         0.682281386001         0.682281386762         0.682281388739         0.682281393436         0.682281403520         0.682281422240         0.682281447945         0.682281450532         0.682281289861         0.682280463074         0.682277378640         0.682267384964         0.682237675885         0.682154666823         0.681934145301         0.681373163390         0.680003097901         0.676774798379         0.669419081062         0.652828069796         0.614677726163         0.510006843962         0.000000000000
