        0.549885786270         0.569409321497         0.585301860249         0.607783981063         0.652598885813         0.617068047465         0.620677740635         0.619149692307         0.621640990386         0.651503638621         0.745427644827         0.771124000261         0.702477945755         0.608337993029         0.619642614557         0.639827645090         0.607165398559         0.604218778015         0.589454907356         0.602322930119         0.634381861522         0.606145918991         0.596666753888         0.600077609638         0.595262990381         1.026162685422         0.643630346556         0.751220424209         0.613271751106         0.599992160357         0.618841603599         0.663574077588         0.616460478275         0.630555469958         0.612413421350         0.636567608749         0.670506675708         0.597198783838         0.616028780875         0.606932181866         0.616560947826         0.590104394155         0.796738218421         0.774115110053         1.101614880461         0.789396070087         1.159408650416         0.986725232154         0.701288911406         0.627999453052         0.676234072257         0.692621643722         0.595467890037         0.594385197344         0.589318854940         0.589810201929         0.623211109528         0.614788595993         0.576734716799         0.685492648850         0.779444875168         0.625147059677         0.648351764994         0.606129712614         0.597674209339         0.582434670642         0.607633330386         0.644676228479         0.587107782055         0.644716972886         0.663319917201         0.597443690379         0.629719277661         0.597813713016         0.606490819413         0.595855890283         0.620475165782         0.613528218904         0.599514939130         0.610246240803         0.605977653715         0.694443747788         0.607642325261         0.595895273684         0.595133988082         0.596240068648         0.633304675062         0.596543732904         0.587131158432         0.615723467239         0.644738527735         0.597681955467         0.593593547699         0.583048008245         0.589223657881         0.584755008390         0.609410904286         0.614066260037         0.569331356388         0.503530992138         0.000000000000
        0.538955596574         0.576349866162         0.603305642224         0.605746529249         0.604103260467         0.602841266639         0.602556070196         0.609157490310         0.605170380946         0.731100676434         0.765777802926         1.021502759044         0.901489041103         1.013286072177         0.647218060016         0.609048067090         0.601819604845         0.602556886877         0.602615527573         0.602282860325         0.608605390851         0.615891762201         0.697932494075         0.837572398810         0.821597965726         1.160090524975         0.820481926147         0.910183356347         0.649290933169         0.617924678006         0.603901491253         0.602164343573         0.602274651913         0.602254300193         0.602354315798         0.602354651340         0.602470833839         0.602525806862         0.602482341695         0.602532123207         0.602757031666         0.602258484734         0.602648960809         0.600653573645         0.601915113970         0.600526795599         0.602252001067         0.602153441780         0.602322953245         0.602431751465         0.602414848082         0.602549427145         0.602578946018         0.602207816739         0.603997167280         0.631670234558         0.631087121866         0.877274310403         0.823929910259         0.955577746750         0.987440706347         0.676363776492         0.701184105502         0.604361002612         0.603802666117         0.602638829697         0.602296131879         0.602543660252         0.602306805640         0.602139217967         0.602477958014         0.602549734005         0.602505815447         0.602493576855         0.602609775168         0.602380685015         0.602542484072         0.602491717626         0.602448629375         0.602594567607         0.602142573694         0.602654761569         0.602347330627         0.602387669944         0.602513018246         0.602476304502         0.602578689726         0.602347499457         0.602214505923         0.602282278142         0.602500772089         0.602386495308         0.602185566665         0.601895281918         0.601196829530         0.599539338197         0.596717560207         0.591626883898         0.575938744499         0.530104356196         0.000000000000
        0.539201050045         0.577052093256         0.605107636979         0.606813078335         0.604920660299         0.604530564907         0.610873571706         0.667134855940         0.668912714351         0.927127586137         0.855175477627         1.155440295489         0.976430662167         0.988472751376         0.832627527374         0.654222414902         0.629289331173         0.601492547555         0.603089279568         0.602225501951         0.637097375757         0.653249917466         0.784838076833         0.943288952485         0.906225268791         1.193328013876         0.886638179589         0.980038902950         0.749420991332         0.664684424062         0.623889275379         0.601902790842         0.602700384355         0.602632647530         0.602648767695         0.602659833622         0.602667216489         0.602652292208         0.602658355237         0.602646357607         0.602669299428         0.602632219913         0.602713834937         0.602599242539         0.602696634980         0.602623702140         0.602703500332         0.602648097743         0.602660407001         0.602650134790         0.602659782935         0.602575122286         0.603296273782         0.606842442432         0.618754141131         0.724262413903         0.711879878428         1.009629454717         0.938326514619         1.038978299987         1.059937462960         0.785955375444         0.825407935180         0.625812748370         0.616506249189         0.603796435168         0.602464583703         0.602708230778         0.602705278229         0.602670925282         0.602651962585         0.602645297323         0.602651406008         0.602654423088         0.602653402604         0.602630695109         0.602634079628         0.602651983317         0.602652722485         0.602658775227         0.602627322007         0.602683278919         0.602649500857         0.602647216560         0.602654097772         0.602637991279         0.602650317730         0.602651608612         0.602650824321         0.602637126688         0.602609973131         0.602553258189         0.602424492971         0.602136057406         0.601425105134         0.599731604986         0.596930857579         0.592174977560         0.577063704049         0.531650134629         0.000000000000
        0.539295695407         0.577125928849         0.605333968113         0.606855754688         0.605884205051         0.607893868854         0.631728897583         0.712862823232         0.727587916073         0.999659366212         0.895904350374         1.174866934331         1.001942058662         0.993593500912         0.903237370969         0.700491578541         0.690348847442         0.604456715104         0.608133056854         0.605233687718         0.676996158418         0.695982396578         0.842880090722         0.993805438578         0.944427924636         1.203242573716         0.917112749459         1.012451465509         0.797546330796         0.704203973050         0.656746683375         0.604195241144         0.603816137655         0.602569208962         0.602624731164         0.602663073227         0.602679332714         0.602652675241         0.602660410817         0.602651826056         0.602664248855         0.602649591834         0.602662617488         0.602648476415         0.602661314050         0.602654025696         0.602661915816         0.602666029065         0.602674472158         0.602655257119         0.602680481627         0.602511984221         0.604969824277         0.618549819071         0.640712131382         0.785396756945         0.761479394208         1.056957545778         0.979828096499         1.064809654192         1.082368465245         0.833124563807         0.880262765649         0.658589635074         0.645659635928         0.606551503888         0.602380099218         0.602705372304         0.602664672818         0.602662005035         0.602656637348         0.602643910111         0.602654615595         0.602657854657         0.602654422636         0.602637207572         0.602635918721         0.602656541975         0.602659581946         0.602659798761         0.602640104127         0.602653412091         0.602662446152         0.602657789799         0.602656790362         0.602641727975         0.602653931028         0.602659463466         0.602656402880         0.602641718215         0.602614757144         0.602556772363         0.602430336722         0.602138310163         0.601431858403         0.599734616992         0.596994196812         0.592283279478         0.577309475189         0.531840962757         0.000000000000
        0.539335292021         0.577117021871         0.605315300410         0.606762808033         0.606022448192         0.608144055935         0.633130807296         0.700155051070         0.722671222681         0.953130122696         0.880666174888         1.152386131510         1.042652386756         1.082006643993         1.058986778391         0.868134945163         0.897728761457         0.693769837419         0.714959516686         0.649345334125         0.743363398797         0.754602186733         0.893044370997         1.030937236337         0.967897301589         1.206562476037         0.928107587015         1.018581244698         0.813135709607         0.720334372400         0.673994175503         0.606601107656         0.606066505962         0.602472284946         0.602595457002         0.602666536828         0.602683287435         0.602652225322         0.602659382205         0.602652271053         0.602664493125         0.602651012940         0.602662067288         0.602650084394         0.602661354792         0.602654778688         0.602660306219         0.602664377861         0.602669830901         0.602636535526         0.602688260626         0.602440095346         0.607537054987         0.627659620211         0.654722005838         0.812225181651         0.782319885328         1.070643957010         0.994708266246         1.075588686165         1.094093723117         0.857788174947         0.909527627727         0.680740636796         0.670445183835         0.613399400240         0.603441854515         0.602972865657         0.602606777667         0.602651698089         0.602660040383         0.602644760210         0.602655013315         0.602657699296         0.602654468908         0.602637581962         0.602636004064         0.602656839109         0.602659799820         0.602659934565         0.602641411370         0.602654303559         0.602662884590         0.602658139851         0.602656988509         0.602641895013         0.602654217691         0.602659927116         0.602656687667         0.602641812883         0.602615207984         0.602556868136         0.602430682741         0.602138273634         0.601432257086         0.599734140170         0.596999603720         0.592292288168         0.577333983144         0.531858709806         0.000000000000
        0.539287805719         0.577141898290         0.605395058385         0.606961475831         0.604710018649         0.603409144871         0.602857499782         0.602665751248         0.602268388210         0.602636450258         0.601651702781         0.602497931892         0.600723662262         0.601341658537         0.600883425870         0.599183205239         0.601198815185         0.596777919053         0.600106351005         0.597487925356         0.601126068634         0.601092868024         0.602281831142         0.602549463770         0.602131616243         0.602693385895         0.602300445320         0.602605819606         0.602641464738         0.602534155001         0.602678213027         0.602591642513         0.602690734206         0.602638316086         0.602648753855         0.602664409325         0.602677639549         0.602651607106         0.602660574000         0.602652663475         0.602665043307         0.602651389589         0.602662962302         0.602650382141         0.602662246948         0.602654931729         0.602661192891         0.602664995198         0.602664808120         0.602612375435         0.602812386245         0.602786813172         0.611960740623         0.638491561057         0.666517781725         0.829887012603         0.795656474586         1.077908661010         1.002753446006         1.080876516272         1.100039359283         0.870094126566         0.924057830943         0.693040350285         0.684132383839         0.619726029767         0.604532264699         0.603293815472         0.602585551398         0.602655800293         0.602664399919         0.602646188908         0.602655198907         0.602657698120         0.602654517973         0.602637652843         0.602636030272         0.602656858925         0.602659775815         0.602659918081         0.602641649805         0.602654575726         0.602662998269         0.602658184043         0.602657015756         0.602641918776         0.602654249236         0.602659968704         0.602656712962         0.602641805318         0.602615258519         0.602556862597         0.602430719434         0.602138258209         0.601432260655         0.599734022148         0.596999772530         0.592293298067         0.577335713538         0.531860841168         0.000000000000
        0.539285301105         0.577148690727         0.605417633849         0.606998668108         0.604715813314         0.603501871676         0.603012905294         0.602856712495         0.602735133849         0.602729301718         0.602605606851         0.602730144590         0.602621331600         0.602689058656         0.602672690699         0.602620742693         0.602728588511         0.602534195170         0.602712735919         0.602567882194         0.602710780358         0.602638228292         0.602663422644         0.602653394305         0.602625570057         0.602713912624         0.602632072400         0.602674297870         0.602633303979         0.602635401905         0.602668372857         0.602631530846         0.602639611355         0.602649936554         0.602653386819         0.602664580683         0.602677503495         0.602651801304         0.602661134940         0.602652894417         0.602665690576         0.602651807868         0.602664186936         0.602650983313         0.602663915716         0.602655687431         0.602663406740         0.602667161561         0.602667083052         0.602610142620         0.602954228050         0.603245355347         0.615291296722         0.645977942274         0.673970242485         0.841606399706         0.804743550496         1.083310933691         1.008428199287         1.083600336598         1.102985284749         0.876276583348         0.931189983430         0.699538457612         0.691783929863         0.623409670167         0.605784112089         0.603572780297         0.602542952532         0.602652111599         0.602663249837         0.602645769987         0.602654843245         0.602657534485         0.602654473001         0.602637648634         0.602636030082         0.602656853365         0.602659763730         0.602659923774         0.602641706431         0.602654610944         0.602663019612         0.602658191294         0.602657021363         0.602641926518         0.602654253530         0.602659973578         0.602656715823         0.602641802963         0.602615264984         0.602556860198         0.602430724085         0.602138255134         0.601432258023         0.599734002619         0.596999769401         0.592293494515         0.577335950466         0.531861326708         0.000000000000
        0.539223384461         0.577240974150         0.605530058389         0.607074773417         0.604746884400         0.603528562136         0.603021093160         0.602826617882         0.602728586361         0.602701561590         0.602645803486         0.602698784207         0.602652666402         0.602665383029         0.602677010450         0.602652760731         0.602695041219         0.602612736198         0.602689658476         0.602624920229         0.602680723768         0.602649190456         0.602644750146         0.602653323763         0.602647500658         0.602687560643         0.602649838879         0.602645283310         0.602638200031         0.602639930599         0.602648319693         0.602640111807         0.602643224840         0.602652245841         0.602662610700         0.602684448787         0.602691896219         0.602662544728         0.602669194453         0.602664137577         0.602673859701         0.602664015076         0.602673190467         0.602664493288         0.602675246735         0.602673343897         0.602688202292         0.602699830106         0.602697533344         0.602660361653         0.603231220945         0.604013246498         0.620766360158         0.658025345493         0.689087614587         0.864142065218         0.826429493556         1.096838516817         1.025486222321         1.097235537197         1.115570662886         0.898178912876         0.952791652860         0.717053574687         0.708995255453         0.630490746378         0.608371216940         0.604148508852         0.602541941484         0.602681237976         0.602695204693         0.602683936602         0.602691773243         0.602690397323         0.602682924263         0.602670971967         0.602675010603         0.602695855460         0.602694962987         0.602691382387         0.602680799088         0.602692644768         0.602698960025         0.602694009221         0.602689490659         0.602681933632         0.602692174019         0.602696476682         0.602691966213         0.602676606833         0.602649052192         0.602588280055         0.602456911889         0.602156445687         0.601444370875         0.599747720492         0.597009766990         0.592264863886         0.577354486461         0.531845736878         0.000000000000
        0.539175522734         0.577264621916         0.605589530614         0.607114203455         0.604795156113         0.603601140509         0.603110765194         0.602892508333         0.602781076515         0.602721695498         0.602692398301         0.602731333999         0.602700242931         0.602689133290         0.602709311804         0.602699065358         0.602724653346         0.602683930433         0.602721739994         0.602689963351         0.602721262138         0.602706763571         0.602708389114         0.602710938950         0.602699457434         0.602719772028         0.602705707305         0.602708405911         0.602707165436         0.602705863070         0.602705391984         0.602703815189         0.602705067724         0.602705175384         0.602700555106         0.602706415273         0.602714306405         0.602701898646         0.602711535594         0.602701161610         0.602712493323         0.602701102754         0.602712203291         0.602701014077         0.602712223949         0.602703214940         0.602713802548         0.602720802990         0.602721210101         0.602693019830         0.603689454215         0.605268266261         0.631077467548         0.678480006538         0.713798111514         0.900101008768         0.857600986889         1.115911726158         1.045647134011         1.110828769551         1.128582374509         0.924066836542         0.981068150552         0.742642260634         0.736388070001         0.643543892776         0.613388032770         0.605456296065         0.602496911433         0.602689906343         0.602713635292         0.602707891633         0.602708710942         0.602705123100         0.602709939875         0.602710171410         0.602708371366         0.602710576364         0.602706464624         0.602711569443         0.602706180611         0.602709105370         0.602707112819         0.602706163247         0.602710432334         0.602705754265         0.602707349768         0.602703361647         0.602698638539         0.602685459859         0.602657655808         0.602596241317         0.602463945038         0.602163141814         0.601451513043         0.599752958967         0.597010868570         0.592247444862         0.577354252881         0.531845316770         0.000000000000
        0.539155194920         0.577270799012         0.605622272081         0.607122658949         0.604800767353         0.603602879981         0.603116810072         0.602904801226         0.602804398729         0.602744477485         0.602723279708         0.602726051166         0.602716732350         0.602708840438         0.602714152375         0.602708814274         0.602719053133         0.602703347693         0.602717867659         0.602705295913         0.602717279774         0.602711416735         0.602712535003         0.602714077603         0.602709632221         0.602716660823         0.602710809641         0.602712261229         0.602711975786         0.602711794991         0.602711568903         0.602710800341         0.602711730910         0.602711886186         0.602709957636         0.602711168005         0.602713243725         0.602708914855         0.602712170878         0.602708011978         0.602712213162         0.602707852374         0.602712097278         0.602707905956         0.602712376399         0.602710224192         0.602719398517         0.602727651836         0.602712392815         0.602669332281         0.604471821133         0.606890705567         0.641195984199         0.696118678413         0.733429486586         0.926492611539         0.880022158871         1.128996877702         1.059135877793         1.120273601436         1.138309835180         0.944488703286         1.004091684172         0.766094288776         0.762644971397         0.658399738049         0.621011853945         0.608385394721         0.602522923745         0.602723326004         0.602706226024         0.602707913460         0.602708748141         0.602707516698         0.602710057504         0.602710505781         0.602709790565         0.602710240994         0.602708747600         0.602711000651         0.602709047275         0.602710018585         0.602708898686         0.602708888149         0.602710535392         0.602708542509         0.602708428528         0.602705189640         0.602700449105         0.602688094551         0.602660357924         0.602598832180         0.602466269530         0.602165440865         0.601453671351         0.599754533120         0.597011231165         0.592243128319         0.577354133855         0.531844638018         0.000000000000
        0.539150420916         0.577273256140         0.605640612345         0.607123609493         0.604803450787         0.603603252958         0.603117448766         0.602905953281         0.602802831387         0.602750334109         0.602729269413         0.602724251281         0.602717869133         0.602714645844         0.602715565527         0.602712987648         0.602717198739         0.602710881018         0.602716580563         0.602711456485         0.602716120035         0.602713544792         0.602713976428         0.602714527350         0.602712750574         0.602715331154         0.602712837660         0.602713459530         0.602713178916         0.602713030780         0.602712927650         0.602712492955         0.602712845392         0.602712873305         0.602712159145         0.602712471526         0.602713014566         0.602711474608         0.602712524217         0.602710870239         0.602712374448         0.602710667345         0.602712226690         0.602710542180         0.602712026515         0.602711669378         0.602718341076         0.602722443134         0.602691750788         0.602590910603         0.605877677241         0.609229377298         0.650756524351         0.711030234281         0.748719012793         0.944465090763         0.895454112532         1.137101024348         1.068015051035         1.126948746001         1.145718931140         0.960400184226         1.022344226459         0.786257518769         0.785691878128         0.673166937997         0.629889268333         0.613267125358         0.602667963492         0.602813668928         0.602697109731         0.602705194573         0.602709319978         0.602709006828         0.602710015298         0.602710253846         0.602710084627         0.602710189170         0.602709675523         0.602710570340         0.602709879274         0.602710262325         0.602709747741         0.602709832071         0.602710320665         0.602709359629         0.602708725342         0.602706021780         0.602701091999         0.602688952110         0.602661226741         0.602599665837         0.602467009123         0.602166206631         0.601454290402         0.599755007339         0.597011338764         0.592242143878         0.577354099081         0.531844361864         0.000000000000
        0.539149442316         0.577274283331         0.605650763905         0.607122395405         0.604804875421         0.603603626722         0.603117740630         0.602906616856         0.602802532749         0.602752344551         0.602731191627         0.602723750766         0.602718652925         0.602716632928         0.602716243117         0.602714855402         0.602716549737         0.602713819892         0.602716098775         0.602713882930         0.602715725823         0.602714498603         0.602714612289         0.602714767967         0.602713977535         0.602714919460         0.602713764358         0.602713997191         0.602713771081         0.602713621716         0.602713522329         0.602713240117         0.602713325325         0.602713257476         0.602712946295         0.602712970388         0.602713022975         0.602712426456         0.602712705386         0.602712000516         0.602712492497         0.602711758474         0.602712267977         0.602711449721         0.602711670923         0.602711389778         0.602714717481         0.602715527158         0.602700242000         0.602554123100         0.608672635368         0.613168632296         0.661414788118         0.726137653611         0.763090944897         0.959598255231         0.908573207791         1.143558684258         1.075141686274         1.132217615250         1.151420942477         0.973068114030         1.036792049876         0.803117718169         0.805114848160         0.686629782262         0.638635483329         0.618769906336         0.602943952209         0.602972759166         0.602696454969         0.602704642203         0.602711605869         0.602710605274         0.602710224305         0.602710163923         0.602710164311         0.602710185629         0.602710001741         0.602710340593         0.602710107129         0.602710283719         0.602710050380         0.602710098207         0.602710155979         0.602709576449         0.602708760943         0.602706310675         0.602701256943         0.602689181791         0.602661455815         0.602599882235         0.602467190738         0.602166412672         0.601454430833         0.599755144129         0.597011361823         0.592241959462         0.577354063548         0.531844289755         0.000000000000
        0.539149402366         0.577274687385         0.605656385741         0.607120746258         0.604805623560         0.603603841858         0.603117787963         0.602906856808         0.602802496463         0.602753056168         0.602731904319         0.602723574155         0.602719040265         0.602717302346         0.602716518610         0.602715634167         0.602716257391         0.602714949522         0.602715856138         0.602714803043         0.602715521475         0.602714868053         0.602714843551         0.602714836144         0.602714423148         0.602714735439         0.602714132839         0.602714183161         0.602713994693         0.602713845942         0.602713735176         0.602713523875         0.602713491520         0.602713379907         0.602713199095         0.602713124136         0.602713024798         0.602712749639         0.602712756946         0.602712410931         0.602712520602         0.602712148988         0.602712246861         0.602711787719         0.602711668905         0.602711152744         0.602710484243         0.602711241838         0.602756213492         0.602593456466         0.612403808863         0.618098807468         0.672457116060         0.740892013543         0.776939997448         0.973372032005         0.920465692547         1.149378380725         1.081390300551         1.136555451700         1.155763774216         0.982803778536         1.047604978373         0.816212222107         0.820255437206         0.697594753644         0.646179029585         0.623804568328         0.603254610895         0.603154652163         0.602700430779         0.602705623142         0.602714527451         0.602712175752         0.602710536576         0.602710164428         0.602710174944         0.602710161811         0.602710086335         0.602710210555         0.602710141617         0.602710234652         0.602710125219         0.602710138770         0.602710048072         0.602709603864         0.602708715727         0.602706377459         0.602701260902         0.602689210774         0.602661483101         0.602599904854         0.602467200557         0.602166438255         0.601454439127         0.599755179937         0.597011361467         0.592241948155         0.577354028579         0.531844281081         0.000000000000
        0.539149519326         0.577274810841         0.605659540685         0.607119220884         0.604806024369         0.603603953302         0.603117749148         0.602906912424         0.602802483421         0.602753282468         0.602732145582         0.602723469735         0.602719201555         0.602717498763         0.602716609132         0.602715945991         0.602716101469         0.602715383753         0.602715716816         0.602715145860         0.602715397787         0.602714999909         0.602714914713         0.602714836567         0.602714573858         0.602714634076         0.602714270140         0.602714231693         0.602714064288         0.602713917861         0.602713797330         0.602713620341         0.602713535388         0.602713406683         0.602713265506         0.602713155382         0.602713015239         0.602712847722         0.602712761789         0.602712554608         0.602712525042         0.602712300860         0.602712260500         0.602712058223         0.602712142819         0.602711587111         0.602707168618         0.602712664348         0.602858189524         0.602708489669         0.616536371549         0.623582880782         0.682954902055         0.754552449512         0.789404756461         0.985389713225         0.930797368447         1.154440733853         1.086696449165         1.140055071924         1.159097472172         0.990332332273         1.055708894388         0.826340803549         0.832017096831         0.706510577424         0.652699911882         0.628290498186         0.603589801207         0.603349240890         0.602709813152         0.602707951722         0.602717877933         0.602713814769         0.602710930589         0.602710222071         0.602710180620         0.602710141388         0.602710095719         0.602710137700         0.602710125771         0.602710180914         0.602710127139         0.602710119496         0.602709982452         0.602709583254         0.602708662826         0.602706374682         0.602701227505         0.602689189048         0.602661460044         0.602599880031         0.602467171171         0.602166417918         0.601454420593         0.599755187352         0.597011356847         0.592241963774         0.577354000456         0.531844286665         0.000000000000
        0.539116150037         0.576974621971         0.605241112428         0.606738589727         0.604500217274         0.603291858281         0.602835865812         0.602651415268         0.602559673307         0.602515106794         0.602496119826         0.602488386781         0.602484790863         0.602483283299         0.602482445886         0.602481966434         0.602481841965         0.602481455659         0.602481546553         0.602481345369         0.602481478897         0.602481940951         0.602485188272         0.602489789148         0.602491887466         0.602492937929         0.602493057037         0.602493047409         0.602492899979         0.602492748740         0.602492594617         0.602492414135         0.602492269147         0.602492101842         0.602491933229         0.602491769341         0.602491585340         0.602491407490         0.602491238944         0.602491045165         0.602490906970         0.602490716387         0.602490611401         0.602490653157         0.602491352419         0.602492189095         0.602488057924         0.602501330726         0.602742481298         0.602597427414         0.619954064022         0.628021905453         0.691731728849         0.765966898982         0.799792496582         0.995380154998         0.939379982607         1.158694111561         1.091105160524         1.142864161095         1.161644411040         0.996139132566         1.061839963849         0.834250480940         0.841236518538         0.713448992219         0.657791870453         0.631784477573         0.603735460504         0.603301720174         0.602493639181         0.602488087735         0.602497385481         0.602490724003         0.602486253968         0.602484940326         0.602484595970         0.602484333179         0.602484107219         0.602483933888         0.602483761414         0.602483610401         0.602483405885         0.602483199402         0.602482871774         0.602482315670         0.602481228828         0.602478883809         0.602473774756         0.602462143967         0.602435530499         0.602376235744         0.602247930915         0.601957550425         0.601263275262         0.599589416235         0.596786578871         0.592103639623         0.577120637139         0.531522077982         0.000000000000
        0.539104682773         0.576835185158         0.604991242455         0.606570559693         0.604401895726         0.603217248588         0.602768262239         0.602589315238         0.602499725761         0.602456235529         0.602437667733         0.602430028471         0.602426574921         0.602425054614         0.602424245738         0.602423799382         0.602423580010         0.602423279349         0.602423210725         0.602423025154         0.602422850616         0.602422542426         0.602424852381         0.602427847187         0.602432273138         0.602434361524         0.602435294334         0.602435527337         0.602435447867         0.602435304093         0.602435140325         0.602434957406         0.602434788396         0.602434606649         0.602434426016         0.602434245303         0.602434052697         0.602433870073         0.602433684335         0.602433500325         0.602433343866         0.602433183385         0.602433111625         0.602433466914         0.602435038847         0.602436953173         0.602431112299         0.602453333577         0.602825916789         0.602738025311         0.623613204900         0.632778313955         0.700149968172         0.776672477984         0.809366604176         1.004511675027         0.947178109792         1.162630952219         1.095073341246         1.145239963863         1.163637273681         1.000734960880         1.066516555069         0.840556114900         0.848595299881         0.719190288802         0.662170132027         0.634854809485         0.603933944946         0.603401270574         0.602432424197         0.602429967121         0.602440969013         0.602433516974         0.602428565790         0.602427135256         0.602426697021         0.602426319442         0.602426487404         0.602427524947         0.602429858343         0.602425714921         0.602411986253         0.602407890675         0.602407678781         0.602406998183         0.602405672393         0.602403271767         0.602398217322         0.602386727073         0.602360348216         0.602301301980         0.602172905791         0.601882835982         0.601183815597         0.599510875122         0.596715323497         0.591978324962         0.577006890021         0.531405365969         0.000000000000
        0.539081652951         0.576778083467         0.604852796009         0.606492346645         0.604357748883         0.603187360437         0.602742115075         0.602565160196         0.602476494756         0.602433474702         0.602415095678         0.602407493141         0.602404097393         0.602402563415         0.602401768247         0.602401332351         0.602401074864         0.602400811678         0.602400682483         0.602400557515         0.602400526805         0.602400293843         0.602401273902         0.602405764133         0.602410048370         0.602412123950         0.602413011576         0.602413230267         0.602413158518         0.602413009878         0.602412836830         0.602412649603         0.602412467510         0.602412277603         0.602412088803         0.602411898958         0.602411702066         0.602411513655         0.602411321673         0.602411140663         0.602410981413         0.602410837206         0.602410796525         0.602411370535         0.602413532367         0.602415966087         0.602408207821         0.602439244898         0.602933741681         0.602900707464         0.626926295460         0.636975157248         0.707696881739         0.786283725635         0.817959151775         1.012691664608         0.954140759822         1.166203112959         1.098584235294         1.147258346145         1.165216977183         1.004538507988         1.070306458651         0.845939999407         0.854812467278         0.724088324743         0.665984115051         0.637558310985         0.604161874799         0.603542503590         0.602411305632         0.602408532827         0.602420494927         0.602411895334         0.602406192193         0.602404493071         0.602404485526         0.602405437867         0.602407587244         0.602403079950         0.602389843776         0.602385432036         0.602383783687         0.602382714544         0.602382399066         0.602381900836         0.602380896826         0.602378694544         0.602373738100         0.602362332301         0.602336059230         0.602277127247         0.602148757972         0.601859157157         0.601159385432         0.599487725508         0.596687023323         0.591944297863         0.576952014875         0.531358753075         0.000000000000
        0.539052764020         0.576748004274         0.604766950174         0.606451032984         0.604336499352         0.603174971570         0.602732006717         0.602555924063         0.602467708884         0.602424924168         0.602406646322         0.602399064106         0.602395697282         0.602394154444         0.602393368115         0.602392935302         0.602392661023         0.602392415026         0.602392260890         0.602392153914         0.602392131259         0.602391888480         0.602392493740         0.602397474107         0.602401681529         0.602403755641         0.602404628029         0.602404833797         0.602404761326         0.602404608367         0.602404430242         0.602404240603         0.602404052029         0.602403858317         0.602403665179         0.602403471041         0.602403272801         0.602403080832         0.602402887674         0.602402708884         0.602402553224         0.602402422405         0.602402408153         0.602403121090         0.602405672587         0.602408576629         0.602399600748         0.602438159981         0.603034039888         0.603034930698         0.629757483239         0.640500289219         0.713868780596         0.794278012365         0.825057803318         1.019549642864         0.959959759535         1.169210528706         1.101534245110         1.148939008435         1.166484071253         1.007628753552         1.073281674652         0.850265997938         0.859803855420         0.728054380326         0.669164310827         0.639823119540         0.604372989842         0.603671177559         0.602405385082         0.602401468027         0.602413838941         0.602404161198         0.602397803523         0.602396469222         0.602397352431         0.602399340988         0.602394509566         0.602380558134         0.602374874107         0.602373653297         0.602373388246         0.602372776145         0.602372486403         0.602372045948         0.602371102999         0.602368942738         0.602364012199         0.602352638933         0.602326412289         0.602267539862         0.602139238494         0.601849974948         0.601150190343         0.599479884208         0.596674827310         0.591933451371         0.576925330023         0.531338216441         0.000000000000
        0.539034522649         0.576734022047         0.604719441629         0.606431131359         0.604326747342         0.603169714502         0.602728105705         0.602552465195         0.602464477937         0.602421806153         0.602403579321         0.602396006763         0.602392654777         0.602391106354         0.602390325848         0.602389894198         0.602389612637         0.602389372564         0.602389186745         0.602389026042         0.602388930119         0.602388667140         0.602388546406         0.602391328944         0.602394042945         0.602398398974         0.602400419506         0.602401391057         0.602401587519         0.602401503388         0.602401343073         0.602401159361         0.602400970065         0.602400775467         0.602400580419         0.602400384430         0.602400186071         0.602399992255         0.602399799811         0.602399623768         0.602399475052         0.602399360385         0.602399387241         0.602400269662         0.602403274925         0.602406837023         0.602397532867         0.602445785904         0.603136734383         0.603234210771         0.632302573356         0.643659250544         0.719193768480         0.801147354385         0.831123872065         1.025450293130         0.964933024642         1.171777618561         1.104035441271         1.150333569076         1.167506765022         1.010203316228         1.075725098502         0.853882763467         0.863970213109         0.731435551134         0.672000820108         0.641917412840         0.604683199139         0.603850084451         0.602411256847         0.602399537090         0.602412673445         0.602402110105         0.602395040994         0.602393569167         0.602394342029         0.602396103517         0.602390641395         0.602374975118         0.602369921363         0.602369478653         0.602369382217         0.602368876863         0.602368572387         0.602368137353         0.602367204801         0.602365056515         0.602360135505         0.602348777058         0.602322572091         0.602263727309         0.602135467389         0.601846375459         0.601146649676         0.599477192712         0.596669578131         0.591929453027         0.576912187587         0.531328802015         0.000000000000
        0.539024367165         0.576727306482         0.604693852260         0.606421362445         0.604322208656         0.603167454604         0.602726603613         0.602551170303         0.602463296540         0.602420679501         0.602402478664         0.602394910575         0.602391566420         0.602390014433         0.602389237329         0.602388805863         0.602388521028         0.602388285847         0.602388090458         0.602387919929         0.602387841250         0.602387778545         0.602387639529         0.602388776470         0.602393074865         0.602397294682         0.602399352354         0.602400259878         0.602400459449         0.602400386377         0.602400229139         0.602400045954         0.602399855573         0.602399660603         0.602399464702         0.602399267984         0.602399069993         0.602398875536         0.602398684707         0.602398512326         0.602398372422         0.602398275017         0.602398345162         0.602399397444         0.602402855161         0.602407045251         0.602397202942         0.602453230278         0.603228724146         0.603371755793         0.634437798183         0.646287335676         0.723610403682         0.806867156542         0.836156154131         1.030378819392         0.969095502650         1.173929493307         1.106160784492         1.151531257334         1.168404968495         1.012475931317         1.077875355151         0.857100383404         0.867686740256         0.734540616389         0.674694195793         0.643979414540         0.605031032041         0.604229368031         0.602366928071         0.602383198120         0.602409949472         0.602400819756         0.602393612041         0.602392229180         0.602393036448         0.602394604813         0.602388718854         0.602373021527         0.602367932358         0.602367808827         0.602367730850         0.602367287446         0.602366982572         0.602366551964         0.602365623576         0.602363480940         0.602358564441         0.602347213254         0.602321018795         0.602262186424         0.602133947554         0.601844935918         0.601145250460         0.599476270137         0.596667304330         0.591927779872         0.576905628665         0.531324372347         0.000000000000
        0.539018823775         0.576724017009         0.604680225183         0.606416427703         0.604320034849         0.603166445164         0.602726013469         0.602550677048         0.602462861625         0.602420271923         0.602402084594         0.602394518565         0.602391178688         0.602389624564         0.602388849516         0.602388418045         0.602388131413         0.602387898564         0.602387699392         0.602387528434         0.602387447042         0.602387408546         0.602387206500         0.602387858158         0.602392726351         0.602396897719         0.602398976214         0.602399862078         0.602400058494         0.602399986176         0.602399828811         0.602399645530         0.602399454461         0.602399259313         0.602399062998         0.602398865990         0.602398668393         0.602398473767         0.602398284448         0.602398115398         0.602397983394         0.602397900506         0.602398008018         0.602399215817         0.602403099537         0.602407864358         0.602397364075         0.602460127782         0.603313037515         0.603487354251         0.636345202201         0.648642082500         0.727554745369         0.811984918789         0.840643070129         1.034724361857         0.972773721609         1.175814857738         1.108034483587         1.152588772176         1.169198439422         1.014507894292         1.079779865320         0.860024823151         0.871070618987         0.737459436923         0.677316773145         0.646036645480         0.605532000695         0.604611189284         0.602358765607         0.602378448507         0.602409448760         0.602400753472         0.602393239027         0.602391737567         0.602392533603         0.602393920590         0.602387707066         0.602372246909         0.602367085232         0.602367128981         0.602367038425         0.602366626673         0.602366321004         0.602365892839         0.602364966225         0.602362826363         0.602357911994         0.602346564379         0.602320375110         0.602261548278         0.602133319611         0.601844344857         0.601144680244         0.599475957900         0.596666306953         0.591927011382         0.576902317833         0.531322247111         0.000000000000
        0.539015833207         0.576722373425         0.604673015552         0.606413883863         0.604318969248         0.603165975366         0.602725774621         0.602550483646         0.602462699060         0.602420123305         0.602401943099         0.602394378005         0.602391040506         0.602389485119         0.602388711292         0.602388279789         0.602387992201         0.602387760587         0.602387559610         0.602387389625         0.602387305315         0.602387265522         0.602387030628         0.602387531448         0.602392591748         0.602396747758         0.602398838658         0.602399719587         0.602399914629         0.602399842280         0.602399684779         0.602399501516         0.602399310110         0.602399114896         0.602398918353         0.602398721152         0.602398523680         0.602398328697         0.602398140084         0.602397973686         0.602397847791         0.602397769032         0.602397895575         0.602399328584         0.602403963587         0.602409076584         0.602393439494         0.602457415336         0.603515842512         0.603719744446         0.638514537826         0.651073496684         0.731225995611         0.816516555187         0.844608872803         1.038506181868         0.975985934690         1.177398301562         1.109670450328         1.153559382258         1.169989329221         1.016502210089         1.081701846168         0.862964884175         0.874489798501         0.740536171649         0.680207119438         0.648388245471         0.606129232882         0.605232018830         0.602351052409         0.602378489611         0.602406885880         0.602399114438         0.602392635481         0.602391414360         0.602392281070         0.602393566605         0.602387151617         0.602371911308         0.602366704852         0.602366845439         0.602366739936         0.602366344653         0.602366037692         0.602365610862         0.602364685039         0.602362546576         0.602357633214         0.602346287365         0.602320100699         0.602261276333         0.602133052518         0.601844094736         0.601144439631         0.599475855181         0.596665862585         0.591926637038         0.576900631779         0.531321211459         0.000000000000
        0.539014232473         0.576721538535         0.604669213497         0.606412553074         0.604318436891         0.603165748268         0.602725674557         0.602550404866         0.602462636909         0.602420068359         0.602401891950         0.602394327270         0.602390991104         0.602389434976         0.602388661864         0.602388230333         0.602387942234         0.602387711318         0.602387509383         0.602387340219         0.602387254359         0.602387212126         0.602386963794         0.602387414225         0.602392540184         0.602396692386         0.602398788456         0.602399668466         0.602399862839         0.602399790431         0.602399632854         0.602399449629         0.602399258054         0.602399062819         0.602398866140         0.602398668771         0.602398471185         0.602398275458         0.602398085764         0.602397916730         0.602397783939         0.602397684017         0.602397761906         0.602399133225         0.602403617669         0.602407986902         0.602388230240         0.602450491919         0.603784402503         0.603983223623         0.640711039881         0.653553357709         0.734719364603         0.820782446743         0.848330080728         1.041965237465         0.978945368391         1.178820292445         1.111182638954         1.154487276404         1.170793862651         1.018525640557         1.083689596949         0.865991053882         0.877991543530         0.743850249530         0.683473750011         0.651116946180         0.607035948480         0.605949132079         0.602344177400         0.602378686063         0.602405597582         0.602398306551         0.602392344817         0.602391246999         0.602392168428         0.602393392141         0.602386852426         0.602371761331         0.602366527552         0.602366724642         0.602366607311         0.602366220912         0.602365912702         0.602365486614         0.602364561142         0.602362423395         0.602357510510         0.602346165536         0.602319980191         0.602261156920         0.602132935371         0.601843985468         0.601144334247         0.599475823312         0.596665661335         0.591926448554         0.576899767646         0.531320700404         0.000000000000
        0.539013379478         0.576721108168         0.604667210458         0.606411849011         0.604318166719         0.603165634877         0.602725631092         0.602550371296         0.602462612436         0.602420047635         0.602401873266         0.602394308761         0.602390973347         0.602389416786         0.602388644088         0.602388212536         0.602387924161         0.602387693649         0.602387491180         0.602387322543         0.602387235938         0.602387192387         0.602386938971         0.602387371522         0.602392520312         0.602396672177         0.602398770046         0.602399650083         0.602399844104         0.602399771674         0.602399614056         0.602399430857         0.602399239184         0.602399043928         0.602398847140         0.602398649611         0.602398451852         0.602398255564         0.602398065365         0.602397896115         0.602397763518         0.602397661225         0.602397746698         0.602399248246         0.602404119935         0.602408847561         0.602386777369         0.602451651001         0.604032710671         0.604211162909         0.642576409616         0.655695044882         0.737679252027         0.824379570167         0.851431102480         1.044773004841         0.981416071372         1.179943269691         1.112498852847         1.155392368214         1.171689467577         1.020685357274         1.085911329025         0.869314942275         0.881877608952         0.747553486134         0.687082096979         0.654110488046         0.607986618173         0.606817812312         0.602329031664         0.602377300559         0.602403725361         0.602397217205         0.602391903787         0.602391029904         0.602392068906         0.602393286428         0.602386683780         0.602371689725         0.602366440769         0.602366671574         0.602366546306         0.602366165042         0.602365855910         0.602365430269         0.602364504958         0.602362367586         0.602357454926         0.602346110388         0.602319925720         0.602261102931         0.602132882416         0.601843936216         0.601144286331         0.599475814671         0.596665568759         0.591926352076         0.576899322989         0.531320446928         0.000000000000
        0.539012925971         0.576720883520         0.604666154872         0.606411473187         0.604318027810         0.603165576764         0.602725611543         0.602550356280         0.602462602450         0.602420039606         0.602401866341         0.602394301905         0.602390966917         0.602389410102         0.602388637642         0.602388206076         0.602387917550         0.602387687272         0.602387484501         0.602387316178         0.602387229217         0.602387185072         0.602386929790         0.602387355632         0.602392512541         0.602396664847         0.602398763223         0.602399643454         0.602399837280         0.602399764850         0.602399607211         0.602399424033         0.602399232311         0.602399037048         0.602398840197         0.602398642548         0.602398444550         0.602398247433         0.602398055526         0.602397882609         0.602397739632         0.602397599292         0.602397584960         0.602398983364         0.602403816819         0.602407448800         0.602375555888         0.602430493782         0.604363519873         0.604607116138         0.644652687054         0.657991784010         0.740759639280         0.828043911824         0.854533527026         1.047472832256         0.983802204112         1.181002014284         1.113752305529         1.156253148239         1.172542495648         1.022723492472         1.088010266070         0.872478426928         0.885546769267         0.751056318844         0.690485324764         0.656937666529         0.608861902582         0.607600542977         0.602326049979         0.602381235392         0.602402868914         0.602396416489         0.602391645570         0.602390908580         0.602392014482         0.602393228799         0.602386591647         0.602371656154         0.602366397535         0.602366647966         0.602366517465         0.602366139211         0.602365829426         0.602365404051         0.602364478808         0.602362341633         0.602357429079         0.602346084759         0.602319900441         0.602261077863         0.602132857803         0.601843913367         0.601144263764         0.599475813176         0.596665525569         0.591926302262         0.576899093293         0.531320319242         0.000000000000
        0.539012684961         0.576720765339         0.604665598132         0.606411271139         0.604317955621         0.603165546372         0.602725602473         0.602550349238         0.602462598213         0.602420036388         0.602401863725         0.602394299311         0.602390964565         0.602389407602         0.602388635279         0.602388203705         0.602387915094         0.602387684953         0.602387482009         0.602387313869         0.602387226732         0.602387182336         0.602386926378         0.602387349553         0.602392509439         0.602396662204         0.602398760652         0.602399641057         0.602399834770         0.602399762351         0.602399604702         0.602399421543         0.602399229808         0.602399034571         0.602398837747         0.602398640155         0.602398442291         0.602398245280         0.602398053530         0.602397880374         0.602397734932         0.602397584336         0.602397543258         0.602398880654         0.602403388193         0.602406585916         0.602375224370         0.602437763821         0.604724053056         0.605061881925         0.646762801424         0.660382159972         0.743878806323         0.831690450650         0.857626351398         1.050137265424         0.986145887106         1.182033223767         1.114963137440         1.157067649087         1.173341439357         1.024636804662         1.089965630588         0.875455190668         0.888994862030         0.754414549972         0.693764142364         0.659677944866         0.609817085734         0.608346938507         0.602335877903         0.602388687177         0.602402672290         0.602395861770         0.602391558313         0.602390870298         0.602391992123         0.602393198850         0.602386542114         0.602371640791         0.602366375649         0.602366637363         0.602366503478         0.602366127018         0.602365816789         0.602365391577         0.602364466360         0.602362329290         0.602357416786         0.602346072574         0.602319888439         0.602261065951         0.602132846081         0.601843902499         0.601144252798         0.599475813576         0.596665505178         0.591926276483         0.576898974521         0.531320255352         0.000000000000
        0.539012556482         0.576720702417         0.604665304024         0.606411161853         0.604317917779         0.603165530235         0.602725598156         0.602550345792         0.602462596341         0.602420035047         0.602401862714         0.602394298304         0.602390963696         0.602389406647         0.602388634402         0.602388202822         0.602387914163         0.602387684102         0.602387481058         0.602387313024         0.602387225798         0.602387181297         0.602386925098         0.602387347147         0.602392508172         0.602396661258         0.602398759661         0.602399640189         0.602399833834         0.602399761424         0.602399603766         0.602399420614         0.602399228857         0.602399033605         0.602398836724         0.602398639007         0.602398440870         0.602398243149         0.602398049759         0.602397872536         0.602397717248         0.602397543472         0.602397447245         0.602398656685         0.602402759735         0.602405634195         0.602374350083         0.602435022397         0.605135539242         0.605471681232         0.648813919713         0.662767903099         0.746877968518         0.835108265946         0.860493798187         1.052538638811         0.988282582797         1.182950202233         1.116082655296         1.157839057408         1.174127271668         1.026489874806         1.091887047411         0.878341166851         0.892329315025         0.757653523671         0.696937811183         0.662342291535         0.610738355394         0.609087441579         0.602347401962         0.602398021766         0.602403259958         0.602395539027         0.602391590419         0.602390900515         0.602391999817         0.602393188350         0.602386517216         0.602371634580         0.602366364653         0.602366632662         0.602366496565         0.602366121170         0.602365810643         0.602365385530         0.602364460321         0.602362323308         0.602357410827         0.602346066669         0.602319882631         0.602261060181         0.602132840383         0.601843897224         0.601144247329         0.599475814267         0.596665495453         0.591926263133         0.576898913005         0.531320223112         0.000000000000
        0.539012488007         0.576720668575         0.604665148375         0.606411102423         0.604317897791         0.603165521564         0.602725596058         0.602550344043         0.602462595482         0.602420034464         0.602401862312         0.602394297900         0.602390963370         0.602389406271         0.602388634071         0.602388202486         0.602387913801         0.602387683787         0.602387480684         0.602387312712         0.602387225440         0.602387180894         0.602386924612         0.602387346157         0.602392507640         0.602396660925         0.602398759267         0.602399639874         0.602399833480         0.602399761077         0.602399603415         0.602399420267         0.602399228500         0.602399033246         0.602398836346         0.602398638582         0.602398440338         0.602398242307         0.602398048149         0.602397868861         0.602397708175         0.602397520853         0.602397390726         0.602398525502         0.602402338219         0.602405105255         0.602374573944         0.602434976454         0.605506216419         0.605913272008         0.650788645010         0.665012279331         0.749566847540         0.838149381351         0.863062711874         1.054636679629         0.990195395519         1.183709194823         1.117103723410         1.158607346644         1.174975388037         1.028435360652         1.093954957799         0.881415850593         0.895891759087         0.761188171803         0.700558899964         0.665438769500         0.612011077810         0.610100140023         0.602357718562         0.602406638968         0.602401139476         0.602394182443         0.602391399971         0.602390857884         0.602391967721         0.602393164828         0.602386497405         0.602371629757         0.602366358047         0.602366630179         0.602366492924         0.602366118269         0.602365807585         0.602365382548         0.602364457345         0.602362320365         0.602357407895         0.602346063765         0.602319879778         0.602261057344         0.602132837568         0.601843894622         0.601144244541         0.599475814837         0.596665490781         0.591926256201         0.576898881029         0.531320206411         0.000000000000
        0.539012451366         0.576720650657         0.604665066011         0.606411069976         0.604317887175         0.603165516867         0.602725595026         0.602550343132         0.602462595075         0.602420034199         0.602401862147         0.602394297732         0.602390963247         0.602389406119         0.602388633944         0.602388202357         0.602387913657         0.602387683669         0.602387480533         0.602387312596         0.602387225300         0.602387180735         0.602386924426         0.602387345734         0.602392507411         0.602396660811         0.602398759105         0.602399639760         0.602399833340         0.602399760939         0.602399603267         0.602399420107         0.602399228306         0.602399032990         0.602398835963         0.602398637947         0.602398439260         0.602398240565         0.602398045664         0.602397865306         0.602397703634         0.602397530436         0.602397488092         0.602398837539         0.602402612738         0.602405621500         0.602379314345         0.602447734580         0.606093821601         0.606562621548         0.652955606208         0.667339254752         0.752172560639         0.841007838609         0.865487539329         1.056543011401         0.992005309192         1.184358034174         1.118067010026         1.159387727196         1.175887149323         1.030488763510         1.096181165027         0.884737325712         0.899720789340         0.764968014143         0.704414979399         0.668739467899         0.613507267319         0.611358617030         0.602382165309         0.602419351991         0.602384944831         0.602373831952         0.602372494482         0.602371690616         0.602371436991         0.602370480442         0.602368332006         0.602366791432         0.602365485028         0.602365791244         0.602365889603         0.602365853690         0.602365713907         0.602365346977         0.602364441738         0.602362313256         0.602357404412         0.602346061642         0.602319878137         0.602261055863         0.602132836141         0.601843893321         0.601144243098         0.599475815232         0.596665488522         0.591926252619         0.576898864441         0.531320197957         0.000000000000
        0.539012431644         0.576720640841         0.604665022273         0.606411052176         0.604317881504         0.603165514304         0.602725594513         0.602550342647         0.602462594878         0.602420034074         0.602401862078         0.602394297659         0.602390963200         0.602389406055         0.602388633895         0.602388202307         0.602387913598         0.602387683626         0.602387480470         0.602387312554         0.602387225244         0.602387180670         0.602386924355         0.602387345544         0.602392507311         0.602396660775         0.602398759036         0.602399639720         0.602399833285         0.602399760886         0.602399603208         0.602399420041         0.602399228218         0.602399032858         0.602398835728         0.602398637476         0.602398438283         0.602398238545         0.602398041294         0.602397854447         0.602397676767         0.602397478924         0.602397408183         0.602398600873         0.602401386484         0.602403754126         0.602382079785         0.602451083301         0.607054583042         0.607625738779         0.655685409524         0.670229890066         0.755215093879         0.844200059771         0.868174787702         1.058582931092         0.993919766849         1.185055889022         1.119063735630         1.160168574752         1.176786779532         1.032519841460         1.098367078948         0.888001910654         0.903512850339         0.768709251633         0.708281683188         0.672042161216         0.615076015387         0.612802568761         0.602415569742         0.602445395504         0.602382170361         0.602369045162         0.602369537742         0.602368991349         0.602368649273         0.602367777975         0.602366274195         0.602366272848         0.602365735968         0.602365856380         0.602365877019         0.602365846890         0.602365714380         0.602365347380         0.602364441176         0.602362312498         0.602357403685         0.602346060930         0.602319877431         0.602261055155         0.602132835428         0.601843892667         0.601144242340         0.599475815484         0.596665487426         0.591926250762         0.576898855828         0.531320193679         0.000000000000
        0.539012420962         0.576720635102         0.604664998892         0.606411042358         0.604317878461         0.603165512898         0.602725594255         0.602550342386         0.602462594780         0.602420034013         0.602401862049         0.602394297627         0.602390963183         0.602389406027         0.602388633876         0.602388202287         0.602387913573         0.602387683610         0.602387480444         0.602387312539         0.602387225222         0.602387180643         0.602386924328         0.602387345457         0.602392507266         0.602396660766         0.602398759006         0.602399639707         0.602399833263         0.602399760867         0.602399603188         0.602399420020         0.602399228191         0.602399032819         0.602398835649         0.602398637291         0.602398437839         0.602398237457         0.602398038301         0.602397845692         0.602397654698         0.602397434829         0.602397307648         0.602398244881         0.602400028445         0.602402834208         0.602389934813         0.602466366497         0.607869390229         0.608521786353         0.658156751872         0.672878105218         0.758008324868         0.847129660050         0.870625194637         1.060397904577         0.995654262937         1.185660595502         1.119993185324         1.160929371913         1.177692176385         1.034536223195         1.100563106281         0.891215995321         0.907273493719         0.772426254661         0.712102167638         0.675173758225         0.616528637958         0.614078058522         0.602449247508         0.602471268766         0.602382121930         0.602366781512         0.602368199942         0.602367731058         0.602367416829         0.602366791549         0.602365815043         0.602366015241         0.602365780751         0.602365863653         0.602365873734         0.602365845212         0.602365714157         0.602365347222         0.602364440838         0.602362312124         0.602357403317         0.602346060567         0.602319877073         0.602261054797         0.602132835065         0.601843892337         0.601144241938         0.599475815639         0.596665486894         0.591926249801         0.576898851375         0.531320191617         0.000000000000
        0.539012415328         0.576720632225         0.604664986529         0.606411036941         0.604317876821         0.603165512124         0.602725594127         0.602550342243         0.602462594731         0.602420033982         0.602401862036         0.602394297612         0.602390963176         0.602389406015         0.602388633869         0.602388202280         0.602387913563         0.602387683605         0.602387480432         0.602387312534         0.602387225212         0.602387180632         0.602386924319         0.602387345416         0.602392507247         0.602396660765         0.602398758993         0.602399639704         0.602399833254         0.602399760859         0.602399603178         0.602399420008         0.602399228170         0.602399032780         0.602398835564         0.602398637101         0.602398437424         0.602398236534         0.602398035985         0.602397839522         0.602397641139         0.602397413127         0.602397260560         0.602398061571         0.602399262820         0.602403327144         0.602398850729         0.602484259550         0.608610739585         0.609332769891         0.660628432506         0.675560182065         0.760917460016         0.850168310868         0.873152521404         1.062269151591         0.997422597784         1.186304242190         1.120923786756         1.161653094799         1.178522777950         1.036391441936         1.102558799722         0.894132696327         0.910683967355         0.775725842222         0.715506130111         0.677929910035         0.617793639572         0.615224582906         0.602496274142         0.602498760180         0.602383291219         0.602365502248         0.602367638939         0.602367139705         0.602366772719         0.602366323455         0.602365724681         0.602365901362         0.602365797355         0.602365863356         0.602365873212         0.602365844934         0.602365714043         0.602365347106         0.602364440671         0.602362311943         0.602357403133         0.602346060383         0.602319876892         0.602261054617         0.602132834880         0.601843892170         0.601144241723         0.599475815732         0.596665486632         0.591926249293         0.576898848983         0.531320190139         0.000000000000
        0.539012412064         0.576720630468         0.604664979886         0.606411033935         0.604317875936         0.603165511696         0.602725594063         0.602550342165         0.602462594708         0.602420033968         0.602401862032         0.602394297607         0.602390963176         0.602389406011         0.602388633868         0.602388202277         0.602387913559         0.602387683604         0.602387480428         0.602387312533         0.602387225210         0.602387180629         0.602386924317         0.602387345397         0.602392507239         0.602396660768         0.602398758987         0.602399639705         0.602399833252         0.602399760859         0.602399603179         0.602399420012         0.602399228180         0.602399032802         0.602398835607         0.602398637175         0.602398437547         0.602398236678         0.602398035821         0.602397837868         0.602397635946         0.602397401139         0.602397216744         0.602397904567         0.602398640319         0.602403684525         0.602404537629         0.602494653579         0.609246632453         0.610053130457         0.662908502308         0.678070044524         0.763570610330         0.852941962449         0.875455277452         1.063916777990         0.999016683252         1.186848841470         1.121788075031         1.162365613174         1.179375831206         1.038256149319         1.104587146835         0.897076360628         0.914141760401         0.779041489564         0.718917589527         0.680661280505         0.619010409800         0.616275761851         0.602530025353         0.602526940142         0.602385809820         0.602364838470         0.602367555929         0.602366970001         0.602366468113         0.602366091557         0.602365726055         0.602365852716         0.602365809238         0.602365862735         0.602365873420         0.602365845002         0.602365714026         0.602365347054         0.602364440591         0.602362311854         0.602357403041         0.602346060290         0.602319876801         0.602261054526         0.602132834785         0.601843892085         0.601144241608         0.599475815788         0.596665486507         0.591926249046         0.576898847812         0.531320189782         0.000000000000
        0.539012410363         0.576720629653         0.604664976383         0.606411032275         0.604317875462         0.603165511461         0.602725594032         0.602550342122         0.602462594696         0.602420033961         0.602401862030         0.602394297604         0.602390963176         0.602389406009         0.602388633867         0.602388202277         0.602387913558         0.602387683605         0.602387480426         0.602387312534         0.602387225209         0.602387180627         0.602386924317         0.602387345388         0.602392507236         0.602396660770         0.602398758985         0.602399639706         0.602399833252         0.602399760860         0.602399603181         0.602399420018         0.602399228192         0.602399032827         0.602398835655         0.602398637266         0.602398437728         0.602398237017         0.602398036203         0.602397837470         0.602397634117         0.602397401780         0.602397213047         0.602397818123         0.602398052513         0.602404286716         0.602412480926         0.602510425230         0.609875272209         0.610775634802         0.665041783616         0.680411453223         0.766030223223         0.855512949958         0.877568260095         1.065392145131         1.000480076976         1.187307762922         1.122596107999         1.163069689396         1.180249652647         1.040134095715         1.106656631521         0.900049281997         0.917627719256         0.782357035663         0.722330268281         0.683421970963         0.620173411953         0.617259995732         0.602558872675         0.602548425388         0.602386990875         0.602364148666         0.602367467262         0.602366849879         0.602366279141         0.602365956147         0.602365737859         0.602365828290         0.602365816883         0.602365861925         0.602365873596         0.602365845068         0.602365714027         0.602365347032         0.602364440553         0.602362311811         0.602357402995         0.602346060244         0.602319876755         0.602261054480         0.602132834737         0.601843892043         0.601144241547         0.599475815822         0.596665486449         0.591926248917         0.576898847217         0.531320189654         0.000000000000
        0.539012409503         0.576720629054         0.604664974475         0.606411031334         0.604317875196         0.603165511328         0.602725594017         0.602550342098         0.602462594691         0.602420033957         0.602401862030         0.602394297603         0.602390963177         0.602389406009         0.602388633868         0.602388202278         0.602387913558         0.602387683606         0.602387480426         0.602387312535         0.602387225209         0.602387180627         0.602386924318         0.602387345384         0.602392507235         0.602396660772         0.602398758985         0.602399639708         0.602399833253         0.602399760862         0.602399603184         0.602399420022         0.602399228201         0.602399032845         0.602398835691         0.602398637340         0.602398437903         0.602398237432         0.602398036919         0.602397838089         0.602397635667         0.602397414918         0.602397246872         0.602397809060         0.602397601977         0.602405412706         0.602422539432         0.602529289693         0.610501684432         0.611535009528         0.666905613530         0.682444227157         0.768139403659         0.857743345744         0.879393094032         1.066650002429         1.001758979139         1.187686079357         1.123322644851         1.163722674853         1.181078591276         1.041930081141         1.108624658035         0.902783497940         0.920859120965         0.785364116454         0.725479324865         0.685940812287         0.621342065818         0.618190281922         0.602590741653         0.602568821430         0.602388097564         0.602363700795         0.602367534017         0.602366837164         0.602366189129         0.602365885776         0.602365751415         0.602365816589         0.602365822340         0.602365861472         0.602365873813         0.602365845146         0.602365714047         0.602365347028         0.602364440537         0.602362311790         0.602357402972         0.602346060220         0.602319876733         0.602261054457         0.602132834713         0.601843892022         0.601144241514         0.599475815842         0.596665486421         0.591926248844         0.576898846870         0.531320189460         0.000000000000
        0.539012408945         0.576720628545         0.604664973387         0.606411030803         0.604317875055         0.603165511255         0.602725594010         0.602550342085         0.602462594689         0.602420033956         0.602401862030         0.602394297604         0.602390963178         0.602389406009         0.602388633869         0.602388202278         0.602387913558         0.602387683607         0.602387480426         0.602387312536         0.602387225210         0.602387180628         0.602386924319         0.602387345383         0.602392507235         0.602396660774         0.602398758985         0.602399639709         0.602399833254         0.602399760863         0.602399603185         0.602399420024         0.602399228203         0.602399032847         0.602398835690         0.602398637329         0.602398437875         0.602398237374         0.602398036572         0.602397836384         0.602397631640         0.602397413119         0.602397245064         0.602397741680         0.602397067052         0.602406109130         0.602430621623         0.602545081523         0.611130304987         0.612304346742         0.668895011580         0.684612036670         0.770352262011         0.860074911071         0.881301035237         1.067999443441         1.003124400428         1.188124880108         1.124055432363         1.164329944934         1.181809803803         1.043524683646         1.110362033652         0.905247609858         0.923750522294         0.788036148353         0.728320711263         0.688183203171         0.622374482110         0.619045702153         0.602618540504         0.602588755287         0.602389367061         0.602363338855         0.602367641700         0.602366874868         0.602366152702         0.602365849300         0.602365761734         0.602365810657         0.602365825998         0.602365861186         0.602365873986         0.602365845202         0.602365714065         0.602365347030         0.602364440530         0.602362311781         0.602357402962         0.602346060209         0.602319876721         0.602261054446         0.602132834700         0.601843892011         0.601144241496         0.599475815853         0.596665486408         0.591926248810         0.576898846710         0.531320189412         0.000000000000
        0.539127836985         0.578068000384         0.607067119095         0.608494904160         0.605921200317         0.604506348967         0.603937316888         0.603722109299         0.603607070733         0.603552704807         0.603526872292         0.603516348474         0.603511734847         0.603509835714         0.603509143151         0.603508980331         0.603509049011         0.603509217836         0.603509427687         0.603509651498         0.603509888497         0.603510167680         0.603510503019         0.603511371205         0.603517475628         0.603521251623         0.603524300864         0.603525070971         0.603525398265         0.603525521406         0.603525578368         0.603525612044         0.603525635961         0.603525656228         0.603525675257         0.603525693981         0.603525713753         0.603525737193         0.603525761754         0.603525772580         0.603525795133         0.603526147607         0.603526704070         0.603526630016         0.603516600391         0.603566601608         0.603977384972         0.604501322808         0.620331782831         0.621745253837         0.687008891837         0.703708490723         0.789839366373         0.879247240604         0.897901161947         1.079734275736         1.014437748078         1.193119507545         1.130017502819         1.168953931722         1.186431759379         1.053009963954         1.119801255968         0.920544864386         0.941114904951         0.806551549965         0.747343644393         0.705319165254         0.632573630457         0.628342600052         0.604588051178         0.604152776986         0.603556565543         0.603511961262         0.603526104319         0.603523507462         0.603520928184         0.603520164600         0.603520049872         0.603520040861         0.603520009743         0.603519994382         0.603519960402         0.603519878476         0.603519681823         0.603519224588         0.603518178875         0.603515821377         0.603510523497         0.603498464226         0.603470643254         0.603408894020         0.603271637982         0.602968834850         0.602252019858         0.600507834466         0.597957243941         0.593429860533         0.578489509497         0.532763968193         0.000000000000
        0.539373302782         0.578454639733         0.608057143231         0.609240657780         0.606493490713         0.604938954277         0.604366038096         0.604164066774         0.604047458042         0.603989300172         0.603963324212         0.603952255040         0.603947427906         0.603945242055         0.603944293158         0.603943903073         0.603943754240         0.603943709312         0.603943709655         0.603943729400         0.603943758940         0.603943798924         0.603943869501         0.603944111831         0.603944862902         0.603945408667         0.603945808301         0.603945754368         0.603945781368         0.603945776023         0.603945771136         0.603945768015         0.603945765105         0.603945762316         0.603945759554         0.603945756678         0.603945755296         0.603945757918         0.603945754307         0.603945723416         0.603945672884         0.603947537397         0.603948365791         0.603980084650         0.604012368658         0.604555452239         0.607497501322         0.610048908300         0.638988731464         0.640772363568         0.719745861097         0.737218150691         0.823762829578         0.912222261162         0.925926723252         1.099835362088         1.033161724386         1.201065473170         1.139135571509         1.174936188785         1.191911353834         1.065744040253         1.131941975562         0.941989052237         0.965338559982         0.833583015428         0.776178425837         0.732673882833         0.651557371088         0.646789331428         0.609159187288         0.607636357980         0.604263160429         0.603972486678         0.603964845735         0.603950101580         0.603946438237         0.603944758508         0.603944764467         0.603944768294         0.603944721873         0.603944681706         0.603944632720         0.603944535422         0.603944319949         0.603943834220         0.603942735814         0.603940281509         0.603934826613         0.603922459509         0.603893830345         0.603830432346         0.603695935078         0.603397376152         0.602698255860         0.600948845953         0.598463408123         0.594027114512         0.579113071679         0.533307880025         0.000000000000
        0.539460710870         0.578534295147         0.608245563456         0.609385326641         0.606598204241         0.605004325550         0.604431042806         0.604235403881         0.604118152543         0.604058557302         0.604032672445         0.604021890892         0.604017108954         0.604014922740         0.604013953771         0.604013531700         0.604013345297         0.604013260614         0.604013220735         0.604013200638         0.604013189623         0.604013183465         0.604013182428         0.604013202714         0.604013319569         0.604013388807         0.604013443079         0.604013418770         0.604013416702         0.604013406516         0.604013397125         0.604013387875         0.604013378651         0.604013369424         0.604013360402         0.604013352166         0.604013345297         0.604013330054         0.604013333354         0.604013707191         0.604014194009         0.604026343023         0.604024830920         0.604317046496         0.604727457071         0.607477875636         0.616104998925         0.621820266982         0.665102434497         0.666353226418         0.756541938643         0.773774118393         0.859644807469         0.946302961853         0.954833269774         1.120132377323         1.052296593977         1.209131632070         1.148507901918         1.181111855353         1.197400068461         1.078718469104         1.143977238353         0.963916745114         0.989969191194         0.862152060592         0.807640876781         0.763892464056         0.676860258254         0.672349726580         0.620269253371         0.616983123117         0.606211076880         0.604596285769         0.604172139836         0.604019860503         0.604019497128         0.604013158992         0.604013016530         0.604012862962         0.604012850745         0.604012824830         0.604012775436         0.604012674752         0.604012454372         0.604011960504         0.604010849330         0.604008376917         0.604002879991         0.603990383800         0.603961553854         0.603897998868         0.603766110459         0.603471178197         0.602782507629         0.601033427045         0.598568321640         0.594157987227         0.579239118859         0.533396627582         0.000000000000
        0.539491643425         0.578561459783         0.608305541849         0.609428348224         0.606626696627         0.605017946702         0.604444079635         0.604252402834         0.604136423572         0.604076176734         0.604049533798         0.604038651855         0.604033816408         0.604031630558         0.604030667015         0.604030244784         0.604030055738         0.604029968224         0.604029925615         0.604029902776         0.604029888755         0.604029878773         0.604029872002         0.604029869547         0.604029896772         0.604029909244         0.604029918619         0.604029905443         0.604029899315         0.604029890159         0.604029881326         0.604029872524         0.604029863760         0.604029855046         0.604029846479         0.604029835046         0.604029838885         0.604029862556         0.604030100854         0.604031909034         0.604032795093         0.604123342368         0.604126580488         0.605746212891         0.607361417460         0.614667327361         0.630615390477         0.639238312691         0.695666535320         0.695726365086         0.793879015756         0.810221437945         0.893943017611         0.977964712415         0.981722787399         1.138356021417         1.069941997621         1.216334027165         1.157307950792         1.187147826489         1.202850009888         1.091630154742         1.155800819232         0.985786120977         1.014314537479         0.891275373695         0.840218591299         0.797007918297         0.706047033864         0.702366301521         0.637772494741         0.633616675697         0.612552557069         0.607420858202         0.605137552897         0.604100529771         0.604082367955         0.604032171992         0.604032721628         0.604031618745         0.604031509956         0.604031451340         0.604031393376         0.604031287467         0.604031063992         0.604030498732         0.604029098889         0.604025783349         0.604019619042         0.604006954959         0.603978035550         0.603914288205         0.603783093473         0.603488847405         0.602804251176         0.601056026020         0.598602820079         0.594203175592         0.579283241629         0.533424249802         0.000000000000
        0.539505735246         0.578573228337         0.608331487357         0.609446135386         0.606637752547         0.605022285072         0.604447749443         0.604258241903         0.604142705741         0.604082431732         0.604055582576         0.604044641725         0.604039798536         0.604037614209         0.604036651602         0.604036229578         0.604036039858         0.604035951310         0.604035907529         0.604035883455         0.604035868078         0.604035856474         0.604035847251         0.604035838668         0.604035840188         0.604035837018         0.604035833319         0.604035823255         0.604035816447         0.604035810791         0.604035805272         0.604035796055         0.604035853983         0.604036097828         0.604036826574         0.604037392155         0.604037578160         0.604037819395         0.604039123633         0.604051191403         0.604057641731         0.604614381299         0.604738011105         0.609849568141         0.613461140818         0.626637345874         0.649950375977         0.660461661007         0.727414515156         0.725981942191         0.829301263805         0.844401692328         0.925063905684         1.006002177577         1.005615061588         1.154011693653         1.085577936801         1.222535265324         1.165284431415         1.192819709005         1.208042049747         1.103798535351         1.166793668218         1.006300511603         1.036936631602         0.918855510351         0.871461285040         0.829254842631         0.736098952290         0.733510814716         0.658822301199         0.654594648123         0.623568161886         0.614155206970         0.608459774341         0.604608502760         0.604389722344         0.604041024717         0.604046078908         0.604039246551         0.604038570667         0.604038176759         0.604038058268         0.604037969581         0.604037747298         0.604037227177         0.604035992312         0.604032998698         0.604027039936         0.604014106550         0.603984576363         0.603920218477         0.603789181681         0.603495037935         0.602813339508         0.601064818199         0.598617880258         0.594223676480         0.579303578547         0.533436910753         0.000000000000
        0.539512651879         0.578578755469         0.608343565462         0.609454303652         0.606642675308         0.605023835353         0.604448742921         0.604260405074         0.604145223532         0.604085565842         0.604058550445         0.604047047156         0.604042126275         0.604039881063         0.604038932229         0.604038518954         0.604038330908         0.604038242025         0.604038198023         0.604038174787         0.604038162120         0.604038152455         0.604038140608         0.604038196004         0.604038440158         0.604039121126         0.604039665514         0.604039706425         0.604039744237         0.604039681123         0.604039644106         0.604039619578         0.604039617743         0.604039693072         0.604040144791         0.604040442056         0.604041050644         0.604041292432         0.604051633532         0.604149618903         0.604210758932         0.606316208848         0.606798927302         0.617193722846         0.623114795036         0.642059420880         0.672012355364         0.683653023404         0.758725713700         0.755620896605         0.861818689338         0.875511406556         0.952757749773         1.030472806034         1.026539662622         1.167291421598         1.099247986033         1.227840891392         1.172414373777         1.197983303664         1.212798765529         1.114818494561         1.176590523062         1.024763997460         1.057096241137         0.943856493574         0.900012062872         0.859115897259         0.765265182261         0.763920888229         0.681628267266         0.677814998399         0.638142097110         0.624918399856         0.615246366729         0.606555850709         0.605723748713         0.604111671451         0.604108354105         0.604044135095         0.604041251972         0.604040704857         0.604040376520         0.604040239874         0.604040002949         0.604039501161         0.604038351044         0.604035672832         0.604029938201         0.604016930117         0.603987115671         0.603922507609         0.603791627229         0.603497589842         0.602817841732         0.601069306051         0.598626321538         0.594236271563         0.579314924286         0.533444361819         0.000000000000
        0.539516140473         0.578581474122         0.608349449706         0.609458233339         0.606644986422         0.605024391171         0.604448921575         0.604261190362         0.604146171658         0.604086888462         0.604059917563         0.604048106988         0.604043086979         0.604040796249         0.604039832717         0.604039422318         0.604039236892         0.604039145053         0.604039165309         0.604039390263         0.604040045955         0.604040573733         0.604040599452         0.604040651713         0.604040682763         0.604041033632         0.604041308783         0.604041370838         0.604041369836         0.604041358774         0.604041344912         0.604041329215         0.604041317270         0.604041342011         0.604041697370         0.604041852978         0.604045080293         0.604049432922         0.604104382148         0.604585181950         0.604896565587         0.610002791700         0.611042899473         0.627735722661         0.635804399485         0.659862412616         0.695346123013         0.707469354251         0.788614822738         0.783810832209         0.891228827565         0.903464019016         0.977174949424         1.051711531669         1.044786312922         1.178585771974         1.111195262525         1.232407003580         1.178756476766         1.202648118412         1.217078181062         1.124668487931         1.185180252248         1.041174830625         1.074831606319         0.966161750982         0.925646044577         0.886196242720         0.792630326634         0.792548633978         0.704741242093         0.701617008275         0.654839268449         0.638529698006         0.625072112207         0.610785317163         0.609028733447         0.604538757844         0.604426103578         0.604064193223         0.604046186230         0.604042850693         0.604041366612         0.604041091335         0.604040761260         0.604040273304         0.604039148290         0.604036592850         0.604030943781         0.604017943899         0.603988075961         0.603923416028         0.603792661935         0.603498720792         0.602820504852         0.601072031341         0.598631039844         0.594242736444         0.579321281088         0.533448599868         0.000000000000
        0.539517930258         0.578582847690         0.608352399312         0.609460179428         0.606646109917         0.605024586855         0.604448885515         0.604261477613         0.604146527789         0.604087373818         0.604060404467         0.604048519341         0.604043459460         0.604041161692         0.604040195944         0.604039780571         0.604039659792         0.604039818205         0.604040453932         0.604041061597         0.604041453455         0.604041772721         0.604041776904         0.604041761324         0.604041801391         0.604041975211         0.604042247978         0.604042333632         0.604042368558         0.604042369507         0.604042349584         0.604042325720         0.604042317270         0.604042287993         0.604042972980         0.604042249828         0.604058222540         0.604094623982         0.604311473777         0.605742164403         0.606601954510         0.615827288483         0.617402858095         0.640503974692         0.650363372774         0.678678658630         0.718659638167         0.730812203181         0.816380479481         0.809945282974         0.917467843403         0.928283679771         0.998505177944         1.070005995796         1.060590227350         1.188133249098         1.121559911381         1.236308247215         1.184340777669         1.206808655158         1.220884671508         1.133370587002         1.192628992944         1.055548336681         1.090220668216         0.985820374083         0.948377191957         0.910428968897         0.817816135258         0.818976220731         0.727378708972         0.725108662161         0.672682620996         0.653949141166         0.637142847930         0.617328659814         0.614624992989         0.605866520496         0.605417916322         0.604156284797         0.604074551590         0.604048780208         0.604041537019         0.604041550460         0.604041035345         0.604040546193         0.604039418279         0.604036912338         0.604031297026         0.604018312068         0.603988444332         0.603923780978         0.603793121607         0.603499238737         0.602822073710         0.601073731973         0.598633878067         0.594246666789         0.579325295608         0.533451320243         0.000000000000
        0.539518857531         0.578583553985         0.608353904662         0.609461165445         0.606646670097         0.605024651352         0.604448814850         0.604261584846         0.604146664083         0.604087555980         0.604060587077         0.604048686108         0.604043612132         0.604041310546         0.604040341064         0.604039991017         0.604040075639         0.604040751167         0.604041613698         0.604041960224         0.604042232644         0.604042459498         0.604042522891         0.604042552717         0.604042578937         0.604042672117         0.604042763823         0.604042790073         0.604042778221         0.604042762523         0.604042738088         0.604042722001         0.604042830864         0.604042759804         0.604044866167         0.604042365047         0.604108842250         0.604272899501         0.604956131657         0.608024469531         0.609626478505         0.623521422345         0.625426385803         0.654632465137         0.665946811410         0.697684233231         0.741274408740         0.753101380839         0.841732440735         0.833776428438         0.940672360438         0.950154573225         1.017052631042         1.085726055354         1.074251129729         1.196211158636         1.130545496957         1.239648089468         1.189244138068         1.210490913262         1.224239411835         1.140990354166         1.199037988997         1.068066202416         1.103482461953         1.002976095717         0.968313553717         0.931847012533         0.840600461438         0.842934769646         0.748777865742         0.747431177739         0.690518285783         0.670015647251         0.650367301371         0.625504794249         0.622032560756         0.608431309458         0.607493880143         0.604512479035         0.604208304597         0.604072293274         0.604041666558         0.604042667509         0.604041330381         0.604040721820         0.604039515328         0.604037026654         0.604031425078         0.604018449926         0.603988592521         0.603923936978         0.603793342489         0.603499513022         0.602823191955         0.601075026361         0.598636416444         0.594249471786         0.579328080770         0.533453219241         0.000000000000
        0.539519341515         0.578583922312         0.608354683986         0.609461674972         0.606646955059         0.605024669229         0.604448756500         0.604261625700         0.604146716734         0.604087626107         0.604060658972         0.604048756584         0.604043676538         0.604041369946         0.604040466470         0.604040328770         0.604040915707         0.604041778385         0.604042216727         0.604042606106         0.604042748828         0.604042871288         0.604042911757         0.604042899206         0.604042895133         0.604042927749         0.604042953109         0.604042956180         0.604042936899         0.604042914048         0.604042883751         0.604042871346         0.604043183551         0.604042820176         0.604051521775         0.604047756481         0.604278857699         0.604754960365         0.606367057273         0.611630320764         0.614074727162         0.632856932677         0.634876814968         0.669554416029         0.682017126809         0.716405612102         0.762819237951         0.774092084352         0.864762577149         0.855408902923         0.961179473120         0.969426898515         1.033209504953         1.099273275163         1.086094172368         1.203077938454         1.138354910056         1.242521704870         1.193555263717         1.213749581095         1.227196398746         1.147668744572         1.204562476652         1.078991528191         1.114947827679         1.018004063678         0.985841518264         0.950801700983         0.861184546411         0.864609868934         0.768858540570         0.768467600876         0.708052378785         0.686260421332         0.664276704007         0.634941708198         0.630915460755         0.612408532156         0.610993595724         0.605490196163         0.604637343152         0.604162670178         0.604046428113         0.604046396263         0.604041432033         0.604040899947         0.604039551632         0.604037066517         0.604031470717         0.604018501314         0.603988651658         0.603924001866         0.603793446427         0.603499641343         0.602823885742         0.601075696973         0.598637748416         0.594250999251         0.579329712871         0.533454302337         0.000000000000
        0.539519596167         0.578584116873         0.608355092741         0.609461942708         0.606647102413         0.605024671614         0.604448716833         0.604261641782         0.604146737298         0.604087653624         0.604060687275         0.604048785082         0.604043704262         0.604041395894         0.604040519796         0.604040473134         0.604041363253         0.604042282230         0.604042713885         0.604042960524         0.604043032114         0.604043060808         0.604043063065         0.604043044022         0.604043029663         0.604043031193         0.604043028919         0.604043018769         0.604042996280         0.604042978886         0.604042974987         0.604042974516         0.604043700913         0.604042785921         0.604081803423         0.604088940623         0.604789260632         0.605823783678         0.608741150295         0.616530211414         0.619745351160         0.643362008288         0.645377234367         0.684866257678         0.698238457513         0.734623790772         0.783207928285         0.793792113321         0.885725210046         0.875094965260         0.979407822155         0.986517881912         1.047401927198         1.111053859525         1.096456038329         1.208973961131         1.145205524788         1.245019357588         1.197376650352         1.216655530114         1.229823468077         1.153586337270         1.209386114421         1.088637308632         1.124978170395         1.031313885403         1.001412227113         0.967740577983         0.879913498665         0.884348453592         0.787743551611         0.788311612896         0.725225496049         0.702543993290         0.678665287548         0.645501761493         0.641098844486         0.617802236246         0.616013551274         0.607430843757         0.605672867141         0.604478120936         0.604078179167         0.604062557746         0.604041087524         0.604041236480         0.604039629933         0.604037106263         0.604031486883         0.604018519256         0.603988675981         0.603924030351         0.603793501253         0.603499708037         0.602824259905         0.601076060846         0.598638463495         0.594251840718         0.579330661863         0.533454915152         0.000000000000
        0.539519731341         0.578584220852         0.608355309770         0.609462085328         0.606647179646         0.605024669656         0.604448692035         0.604261648475         0.604146745464         0.604087664753         0.604060698753         0.604048796817         0.604043717247         0.604041413359         0.604040551265         0.604040541957         0.604041571166         0.604042683504         0.604042981453         0.604043156183         0.604043154070         0.604043137534         0.604043123925         0.604043103662         0.604043084693         0.604043072837         0.604043059482         0.604043041827         0.604043015317         0.604043035546         0.604043148129         0.604043263089         0.604045605306         0.604044269827         0.604186744167         0.604236512676         0.605885223316         0.607717900158         0.612228390078         0.622723240254         0.626588652965         0.654762126957         0.656673600008         0.700297315251         0.714368284020         0.752207734381         0.802419580171         0.812226457146         0.904813517575         0.893025685685         0.995660503164         1.001729350813         1.059925890040         1.121356952600         1.105572339817         1.214078343344         1.151247840315         1.247208523876         1.200777974697         1.219254202463         1.232160665575         1.158840382613         1.213605253346         1.097178139813         1.133777850805         1.043117577965         1.015251497486         0.982868627009         0.896897265841         0.902256256587         0.805325946374         0.806823788917         0.741735985408         0.718497778236         0.693067074630         0.656649464709         0.651985770549         0.624129518699         0.622104807060         0.610295050431         0.607490213501         0.605219064912         0.604193524963         0.604116347591         0.604040605210         0.604042426353         0.604039901451         0.604037240264         0.604031509574         0.604018526076         0.603988688143         0.603924044481         0.603793530724         0.603499742206         0.602824454293         0.601076255801         0.598638849766         0.594252293648         0.579331202440         0.533455256199         0.000000000000
        0.539519803734         0.578584277000         0.608355426317         0.609462162135         0.606647220586         0.605024667105         0.604448677228         0.604261651508         0.604146748920         0.604087670584         0.604060706630         0.604048804042         0.604043720895         0.604041485464         0.604040811087         0.604041235322         0.604042222976         0.604042872945         0.604043136924         0.604043168568         0.604043172347         0.604043160497         0.604043145685         0.604043125690         0.604043105316         0.604043087675         0.604043067957         0.604043047575         0.604043018044         0.604043080226         0.604043188738         0.604043979154         0.604055389595         0.604056930499         0.604500059633         0.604666761760         0.607720468745         0.610516740958         0.616721204651         0.629926848091         0.634347527421         0.666662814755         0.668383951087         0.715470105573         0.730058699982         0.768919834569         0.820326934612         0.829305264605         0.922100249931         0.909275995519         1.010131456352         1.015256387790         1.070982372931         1.130378531805         1.113605497873         1.218508273005         1.156584499527         1.249128379680         1.203799265315         1.221569382037         1.234232451662         1.163489228280         1.217286791010         1.104709698947         1.141469672648         1.053539768877         1.027495480814         0.996316758556         0.912209913143         0.918406228060         0.821564759204         0.823950095672         0.757403750718         0.733867672372         0.707193093003         0.668070956161         0.663247724769         0.631233179710         0.629086299044         0.614064734239         0.610182574094         0.606567487998         0.604504716005         0.604284672741         0.604043438746         0.604047200171         0.604040159495         0.604037361249         0.604031524269         0.604018523595         0.603988692676         0.603924050647         0.603793546131         0.603499759285         0.602824553810         0.601076358845         0.598639054608         0.594252530900         0.579331504836         0.533455441689         0.000000000000
        0.539519842842         0.578584307593         0.608355489551         0.609462203850         0.606647242481         0.605024664981         0.604448668579         0.604261653002         0.604146750257         0.604087672726         0.604060709439         0.604048807949         0.604043722328         0.604041509643         0.604040913179         0.604041613647         0.604042557971         0.604043005432         0.604043204449         0.604043206129         0.604043196276         0.604043175055         0.604043155545         0.604043134967         0.604043113883         0.604043093055         0.604043069949         0.604043067160         0.604043053958         0.604043236748         0.604043265674         0.604047046854         0.604094195260         0.604113439230         0.605169137093         0.605558329048         0.610375791441         0.614211853313         0.622135194597         0.637936603236         0.642801557032         0.678872046990         0.680349303428         0.730332289205         0.745291676111         0.784836314649         0.837094105701         0.845228082293         0.937903624306         0.924146984820         1.023164320631         1.027426901075         1.080869304227         1.138385529112         1.120777809048         1.222408070107         1.161358718329         1.250837322150         1.206520301457         1.223660642301         1.236096790053         1.167665678641         1.220552433312         1.111460276664         1.148306790414         1.062892562278         1.038496117755         1.008448043555         0.926190559757         0.933148733801         0.836695147983         0.839924969413         0.772339000409         0.748691710585         0.721038803634         0.679687125273         0.674783645937         0.639039439132         0.636848338764         0.618676732338         0.613745784625         0.608651863998         0.605220157278         0.604720831082         0.604065246858         0.604066345773         0.604040827424         0.604037520391         0.604031633449         0.604018557604         0.603988702213         0.603924053131         0.603793554645         0.603499768021         0.602824604305         0.601076412340         0.598639160712         0.594252651836         0.579331671388         0.533455539850         0.000000000000
        0.539519864147         0.578584324392         0.608355524176         0.609462226660         0.606647254281         0.605024663457         0.604448663608         0.604261653830         0.604146750855         0.604087673639         0.604060710424         0.604048810583         0.604043729061         0.604041529122         0.604040966846         0.604041789345         0.604042859724         0.604043131836         0.604043280647         0.604043240013         0.604043206486         0.604043181290         0.604043160632         0.604043139504         0.604043117586         0.604043094108         0.604043068132         0.604043116446         0.604043127996         0.604043784932         0.604044460690         0.604057056471         0.604208610667         0.604282824533         0.606290519739         0.606956837297         0.613733644518         0.618587084990         0.628168757459         0.646407065521         0.651614979520         0.691022914241         0.692225236802         0.744615208270         0.759827477460         0.799789872925         0.852631132319         0.859929595521         0.952241669673         0.937654577167         1.034828902140         1.038312621198         1.089664263148         1.145457673468         1.127150536312         1.225828558084         1.165613252639         1.252352695281         1.208962717287         1.225547600431         1.237774571902         1.171419904845         1.223455431178         1.117513048949         1.154389020119         1.071286832824         1.048378506536         1.019384197083         0.938923322354         0.946568938899         0.850703807111         0.854725683843         0.786429168041         0.762815913839         0.734401151060         0.691239057018         0.686315032032         0.647272705655         0.645103927119         0.623952882063         0.618043852394         0.611461393477         0.606463386483         0.605557236558         0.604141810491         0.604124981883         0.604043268046         0.604038021864         0.604031954360         0.604018669644         0.603988731341         0.603924053458         0.603793559831         0.603499773050         0.602824629783         0.601076439326         0.598639214258         0.594252711834         0.579331761969         0.533455590116         0.000000000000
        0.539519875832         0.578584333677         0.608355543290         0.609462239198         0.606647260679         0.605024662433         0.604448660777         0.604261654307         0.604146751095         0.604087674039         0.604060710915         0.604048811865         0.604043731406         0.604041534803         0.604040989989         0.604041890103         0.604042968452         0.604043184168         0.604043297681         0.604043250813         0.604043210818         0.604043183396         0.604043161834         0.604043140257         0.604043116683         0.604043091749         0.604043060482         0.604043186321         0.604043096884         0.604045328597         0.604049898319         0.604084599070         0.604469889453         0.604671667822         0.607919615694         0.608904721635         0.617731553690         0.623539521744         0.634674696948         0.655162219409         0.660621288275         0.702974678627         0.703884043402         0.758250904927         0.773622244354         0.813789478598         0.867007662305         0.873498194250         0.965277193019         0.949949426850         1.045318913804         1.048098006508         1.097537249329         1.151750740098         1.132853912742         1.228852975262         1.169430812342         1.253706222015         1.211167526647         1.227256632144         1.239290759176         1.174802670613         1.226044705794         1.122949704611         1.159812881131         1.078826398390         1.057259333603         1.029240758903         0.950507432711         0.958772328492         0.863635629578         0.868393989949         0.799641877714         0.776172152825         0.747167063123         0.702524319693         0.697626384609         0.655695967416         0.653605332182         0.629725478957         0.622918919753         0.614878658680         0.608245408544         0.606864479391         0.604367108356         0.604289386167         0.604052843565         0.604040903241         0.604032608037         0.604018754150         0.603988776544         0.603924054077         0.603793563875         0.603499775838         0.602824642324         0.601076452229         0.598639240429         0.594252740750         0.579331810792         0.533455614793         0.000000000000
        0.539519882286         0.578584338838         0.608355553915         0.609462246119         0.606647264165         0.605024661771         0.604448659174         0.604261654598         0.604146751200         0.604087674239         0.604060711150         0.604048812415         0.604043732392         0.604041537462         0.604041000103         0.604041935370         0.604043011048         0.604043209495         0.604043303737         0.604043254903         0.604043212570         0.604043184218         0.604043162058         0.604043139425         0.604043114296         0.604043098262         0.604043062708         0.604043313702         0.604042886394         0.604049491626         0.604066111642         0.604150319535         0.604919187804         0.605323480707         0.610020013202         0.611303187553         0.622196549652         0.628876074514         0.641423352878         0.663946533669         0.669572168518         0.714477060758         0.715090222396         0.771069757143         0.786531091930         0.826742653184         0.880183674481         0.885906590122         0.977050280796         0.961065790757         1.054708558960         1.056856436181         1.104560639327         1.157337621758         1.137945961602         1.231524752442         1.172852706007         1.254914625727         1.213158177268         1.228806722824         1.240663727650         1.177858661464         1.228364800909         1.127845495372         1.164665638044         1.085608450815         1.065245707300         1.038122365948         0.961012830128         0.969834038190         0.875495177636         0.880932276244         0.811915609562         0.788661830686         0.759211898894         0.713382392756         0.708547303125         0.664125163281         0.662148892574         0.635785623245         0.628182098408         0.618760259488         0.610483036538         0.608628352762         0.604810317275         0.604614287331         0.604077749662         0.604050596681         0.604034365534         0.604018798950         0.603988861526         0.603924058767         0.603793568512         0.603499776370         0.602824647819         0.601076457641         0.598639252613         0.594252754229         0.579331837002         0.533455626185         0.000000000000
        0.539519885867         0.578584341721         0.608355559858         0.609462249953         0.606647266073         0.605024661353         0.604448658270         0.604261654779         0.604146751248         0.604087674341         0.604060711261         0.604048812651         0.604043732827         0.604041538733         0.604041004304         0.604041954225         0.604043027998         0.604043220970         0.604043306259         0.604043256592         0.604043213391         0.604043184890         0.604043162484         0.604043138617         0.604043114924         0.604043135364         0.604043101799         0.604043655781         0.604042663444         0.604059986411         0.604111929735         0.604298455795         0.605605266074         0.606248780833         0.612489263191         0.614026822214         0.626923881716         0.634384751150         0.648190105770         0.672540757890         0.678268148577         0.725371815434         0.725689868559         0.782971141035         0.798470501127         0.838620163380         0.892156912631         0.897159928640         0.987606227216         0.971045620159         1.063059756248         1.064647436829         1.110789421142         1.162267874346         1.142468811516         1.233867710964         1.175906903815         1.255985664347         1.214952718265         1.230216008237         1.241916490149         1.180635179273         1.230466762348         1.132281439976         1.169043426296         1.091748626759         1.072473032062         1.046171510914         0.970581592637         0.979903896530         0.886382192200         0.892447862985         0.823291978007         0.800304234305         0.770516235997         0.723736927312         0.718986576755         0.672412817211         0.670574134239         0.641960081348         0.633652677603         0.622946685741         0.613065497474         0.610772045706         0.605503343747         0.605138997670         0.604138625358         0.604074803565         0.604038219590         0.604018713896         0.603989034625         0.603924092963         0.603793583294         0.603499774988         0.602824649387         0.601076459462         0.598639258054         0.594252760383         0.579331851141         0.533455630890         0.000000000000
        0.539519887871         0.578584343338         0.608355563200         0.609462252083         0.606647267122         0.605024661092         0.604448657761         0.604261654894         0.604146751270         0.604087674394         0.604060711313         0.604048812756         0.604043733020         0.604041539306         0.604041006026         0.604041961933         0.604043034820         0.604043225983         0.604043307326         0.604043257294         0.604043213847         0.604043185522         0.604043162835         0.604043137403         0.604043117032         0.604043209144         0.604043158380         0.604044545913         0.604042917168         0.604084031655         0.604215010500         0.604600038282         0.606608242615         0.607504594513         0.615351532282         0.617084137767         0.631904669247         0.640075983236         0.655008348802         0.680996802595         0.686770366840         0.735767285175         0.735792813249         0.794118137523         0.809610378449         0.849611964692         0.903144228486         0.907472239750         0.997183422132         0.980110938852         1.070590585010         1.071674147524         1.116396140090         1.166689339353         1.146545794597         1.235962494801         1.178671228366         1.256952724744         1.216586681944         1.231500869487         1.243056597090         1.183153772563         1.232358757976         1.136289162898         1.172976411145         1.097286966671         1.078988514624         1.053435060184         0.979252490619         0.989023383001         0.896311142478         0.902953982643         0.833750921551         0.811056664629         0.781009513008         0.733465640393         0.728815405316         0.680376501135         0.678690788344         0.648075220860         0.639163468824         0.627292898221         0.615916154318         0.613241332316         0.606490912682         0.605925471079         0.604279049135         0.604137578874         0.604047702748         0.604018917910         0.603989516596         0.603924190302         0.603793623171         0.603499775240         0.602824650751         0.601076460521         0.598639260588         0.594252763215         0.579331858954         0.533455632451         0.000000000000
        0.539519888994         0.578584344250         0.608355565089         0.609462253270         0.606647267699         0.605024660931         0.604448657475         0.604261654968         0.604146751280         0.604087674423         0.604060711338         0.604048812803         0.604043733107         0.604041539553         0.604041006740         0.604041965083         0.604043037590         0.604043228115         0.604043307710         0.604043257448         0.604043213732         0.604043184851         0.604043160875         0.604043134539         0.604043112312         0.604043274320         0.604043079451         0.604046600189         0.604044716898         0.604133818973         0.604393393014         0.605064609764         0.607877856052         0.609048882253         0.618519607045         0.620399426021         0.637031886145         0.645841488346         0.661769797622         0.689218835821         0.694996068395         0.745619398221         0.745359110974         0.804513008609         0.819966711945         0.859760382670         0.913217811568         0.916916358303         1.005880786767         0.988351984777         1.077392463461         1.078021731204         1.121451841394         1.170661892011         1.150227469270         1.237838838794         1.181176570880         1.257826321466         1.218074508655         1.232673642607         1.244095483489         1.185444863532         1.234068595864         1.139923078835         1.176524138760         1.102300403285         1.084882576594         1.060013388921         0.987141241116         0.997315248492         0.905419496574         0.912589857983         0.843433164217         0.821050936599         0.790818725159         0.742672392209         0.738133695387         0.688087609786         0.686567100175         0.654170903538         0.644740755562         0.631800314297         0.619025762509         0.616008860825         0.607764092994         0.607004285260         0.604555446684         0.604268595300         0.604069698222         0.604020378211         0.603990532184         0.603924241527         0.603793683501         0.603499779607         0.602824651841         0.601076460297         0.598639261503         0.594252764573         0.579331863426         0.533455632595         0.000000000000
        0.539519889627         0.578584344762         0.608355566159         0.609462253933         0.606647268019         0.605024660832         0.604448657314         0.604261655014         0.604146751285         0.604087674438         0.604060711350         0.604048812824         0.604043733146         0.604041539654         0.604041007045         0.604041966379         0.604043038729         0.604043229012         0.604043307837         0.604043257459         0.604043213436         0.604043183321         0.604043158944         0.604043140173         0.604043120118         0.604043364086         0.604042869540         0.604052676064         0.604052835515         0.604254857456         0.604704490726         0.605745359372         0.609445481812         0.610877479180         0.621978948077         0.623967019470         0.642297688600         0.651680874185         0.668490236826         0.697243309071         0.702990928529         0.755023356537         0.754483310862         0.814296171164         0.829682982074         0.869219691880         0.922544617240         0.925652314137         1.013856750170         0.995919153483         1.083594750319         1.083811089919         1.126053815568         1.174263723261         1.153582807595         1.239532992805         1.183467199755         1.258622076670         1.219443188063         1.233757154656         1.245055638852         1.187557722832         1.235638096062         1.143266564293         1.179774265127         1.106907843668         1.090296416202         1.066063619525         0.994428792379         1.004970989834         0.913901000267         0.921560400772         0.852525567699         0.830471556997         0.800120190263         0.751506949722         0.747093149356         0.695658663468         0.694314960891         0.660316343319         0.650432893268         0.636508426088         0.622400834329         0.619077873092         0.609318720714         0.608376803535         0.604998820797         0.604498297613         0.604114503022         0.604024670034         0.603992773315         0.603924149331         0.603793739654         0.603499782672         0.602824653262         0.601076458288         0.598639260915         0.594252765113         0.579331866104         0.533455632178         0.000000000000
        0.539519889985         0.578584345054         0.608355566770         0.609462254304         0.606647268195         0.605024660772         0.604448657224         0.604261655044         0.604146751288         0.604087674447         0.604060711356         0.604048812835         0.604043733167         0.604041539699         0.604041007190         0.604041966938         0.604043039246         0.604043229487         0.604043308112         0.604043257935         0.604043214074         0.604043183721         0.604043165500         0.604043175260         0.604043174499         0.604043643362         0.604042776246         0.604067978516         0.604077253024         0.604484606668         0.605202690670         0.606676113086         0.611328387882         0.612989175963         0.625718932905         0.627789731928         0.647722088417         0.657628636779         0.675213905387         0.705134947948         0.710825995927         0.764089980716         0.763273930809         0.823609295977         0.838906403229         0.878148483240         0.931294559682         0.933841114980         1.021277332940         1.002968303006         1.089339065752         1.089173515190         1.130310612277         1.177585783648         1.156689919339         1.241093609559         1.185592849871         1.259360422075         1.220716003323         1.234763654909         1.245943427817         1.189510687305         1.237075608234         1.146348770442         1.182752935811         1.111150981611         1.095280119289         1.071640510708         1.001177622990         1.012055162787         0.921810201127         0.929923483762         0.861070634051         0.839355335652         0.808938282634         0.759966069162         0.755686897266         0.703047784600         0.701886171854         0.666444356211         0.656165607538         0.641334105545         0.625980311865         0.622386821197         0.611116234865         0.610010689481         0.605612498656         0.604853461962         0.604206680976         0.604036238879         0.603998614382         0.603924457307         0.603793912592         0.603499847042         0.602824655429         0.601076453298         0.598639259085         0.594252765432         0.579331867916         0.533455631673         0.000000000000
        0.539528128532         0.578619265663         0.608414603762         0.609522677953         0.606699585198         0.605069409654         0.604495454277         0.604311256781         0.604193156476         0.604131665861         0.604104413300         0.604093065002         0.604087935529         0.604085540894         0.604084560349         0.604084273142         0.604084239978         0.604084234760         0.604084229698         0.604084228377         0.604084229232         0.604084226850         0.604084285421         0.604084515709         0.604084873590         0.604089867693         0.604089340708         0.604206956430         0.604257965821         0.605138165469         0.606298042604         0.608371804366         0.614232360468         0.616129318364         0.630687509589         0.632805777919         0.654404529064         0.664826170088         0.683155110684         0.714251539683         0.719837376370         0.774327237730         0.773187704020         0.834016320391         0.849184975975         0.888075196849         0.940999763357         0.942923539139         1.029522083589         1.010803204033         1.095750400085         1.095168629618         1.135092097971         1.181329206399         1.160221762713         1.242870167282         1.188067012517         1.260238715075         1.222251753137         1.236004649783         1.247054739150         1.191877118809         1.238843872544         1.150004881286         1.186297158364         1.116098681595         1.101051438236         1.078059341925         1.008835062358         1.020102918809         0.930660372059         0.939287587334         0.870573670205         0.849213686420         0.818724153896         0.769366450129         0.765245996920         0.711364795176         0.710419082935         0.673507079852         0.662857536701         0.647098423684         0.630453316024         0.626600289030         0.613630165979         0.612383885243         0.606762581293         0.605639933648         0.604530241293         0.604132416565         0.604066547498         0.603968199853         0.603840112312         0.603547343168         0.602880030768         0.601130388859         0.598697796393         0.594311356259         0.579385034957         0.533499788000         0.000000000000
        0.539533327213         0.578627078418         0.608431134870         0.609540856847         0.606714683904         0.605081792622         0.604509546893         0.604327727367         0.604207326269         0.604144088886         0.604116138798         0.604104815678         0.604099688300         0.604097275113         0.604096203707         0.604095742416         0.604095545970         0.604095457852         0.604095422708         0.604095404192         0.604095438133         0.604095478360         0.604095993868         0.604097778491         0.604101160244         0.604141748028         0.604153045666         0.604582412865         0.604768567852         0.606415696126         0.608237745954         0.611082281981         0.618423615589         0.620568864385         0.637366663663         0.639505328996         0.663068975285         0.674093396451         0.693265806756         0.725733334726         0.731149968860         0.787064878938         0.785520130524         0.846900654654         0.861888502354         0.900309930267         0.952925726068         0.954076412640         1.039608082474         1.020391369416         1.103561548252         1.102474120374         1.140899842992         1.185870045880         1.164515079834         1.245020485449         1.191066926003         1.261285923763         1.224082870370         1.237463336047         1.248343617306         1.194683155844         1.240886298194         1.154369862113         1.190472440074         1.122027702814         1.107977545657         1.085789100633         1.018154194515         1.029885433852         0.941527092907         0.950781568118         0.882290109545         0.861391298366         0.830855928794         0.781068066980         0.777178902709         0.721849362795         0.721193798424         0.682591452669         0.671551608359         0.654739448864         0.636610965114         0.632481284994         0.617386433157         0.616015504596         0.608744644969         0.607147107901         0.605282963778         0.604388516904         0.604211443294         0.603989758527         0.603862196413         0.603561940549         0.602897890548         0.601148959118         0.598719500730         0.594336800109         0.579408502084         0.533517291452         0.000000000000
        0.539535130928         0.578628891642         0.608434707252         0.609544606684         0.606717454946         0.605083714687         0.604511646404         0.604330327262         0.604209457167         0.604145779959         0.604117602735         0.604106260403         0.604101113919         0.604098669551         0.604097571870         0.604097096934         0.604096891987         0.604096800229         0.604096776037         0.604096760705         0.604097057339         0.604097309702         0.604100840545         0.604112522198         0.604133452589         0.604305820285         0.604379498428         0.605345294387         0.605787069979         0.608443689827         0.611030968838         0.614758548150         0.623750326684         0.626106181170         0.645270600317         0.647398239825         0.673044980422         0.684699965794         0.704760202516         0.738629894874         0.743827916940         0.801095575938         0.799092030294         0.860878643733         0.875630235557         0.913446007091         0.965606260929         0.965932122960         1.050100799953         1.030421639477         1.111534962159         1.109948314666         1.146783133980         1.190380226072         1.168849827881         1.247065704980         1.194097077846         1.262301029039         1.225999621188         1.239065468769         1.249810230564         1.197854386022         1.243261137449         1.159356738179         1.195275464177         1.128870620260         1.115994317688         1.094775203806         1.029098117987         1.041355291138         0.954539081408         0.964535241495         0.896609936282         0.876367882678         0.845899926273         0.795773085012         0.792179317532         0.735237959991         0.734969137025         0.694281052661         0.682744438296         0.664587645170         0.644620917126         0.640191391193         0.622619096957         0.621176846522         0.611914568265         0.609752605091         0.606864247891         0.605167550841         0.604700786373         0.604085822287         0.603933246214         0.603570368287         0.602905166358         0.601153519658         0.598724738364         0.594342739434         0.579414060275         0.533521091515         0.000000000000
        0.539535806659         0.578629513335         0.608435904954         0.609545830533         0.606718312127         0.605084248759         0.604512227983         0.604331075727         0.604210065181         0.604146250899         0.604117992973         0.604106643464         0.604101492615         0.604099043440         0.604097939687         0.604097462141         0.604097258971         0.604097169268         0.604097241556         0.604097212043         0.604099279625         0.604101036721         0.604121479345         0.604177206025         0.604265362459         0.604728945903         0.604928108631         0.606703835604         0.607426706208         0.611277528741         0.614637556201         0.619269817376         0.629982496948         0.632510155076         0.654039271042         0.656124513719         0.683736503722         0.695954711094         0.716762195398         0.751906175714         0.756838219226         0.815282549821         0.812806369537         0.874814846236         0.889285322953         0.926423550748         0.978062833697         0.977571410329         1.060376787121         1.040244751002         1.119360735935         1.117281661863         1.152571072184         1.194841510163         1.173119953797         1.249141856042         1.197068908449         1.263325877719         1.227815797329         1.240502970727         1.251061745597         1.200578381615         1.245189702427         1.163584050830         1.199249068749         1.134629690231         1.122714920714         1.102322325152         1.038351568216         1.051037028281         0.965631684890         0.976240823309         0.908895189808         0.889281063360         0.858974324460         0.808789611796         0.805509675342         0.747504819952         0.747601501992         0.705442874379         0.693630972211         0.674496320177         0.653061807703         0.648423246935         0.628593443913         0.627129451055         0.615874559625         0.613170373604         0.609193935992         0.606571859847         0.605708254536         0.604428682120         0.604184496418         0.603617687988         0.602934449544         0.601161672066         0.598729502552         0.594346905671         0.579417312454         0.533523326046         0.000000000000
        0.539536095215         0.578629772932         0.608436399658         0.609546325595         0.606718656296         0.605084454358         0.604512445434         0.604331365713         0.604210299161         0.604146428414         0.604118136363         0.604106787014         0.604101640119         0.604099193465         0.604098090115         0.604097616904         0.604097441072         0.604097365616         0.604098139412         0.604098082202         0.604111546920         0.604122731233         0.604214266175         0.604394909453         0.604638265455         0.605621091898         0.606024346529         0.608896521539         0.609906002688         0.615199328303         0.619405373747         0.625000384275         0.637571124129         0.640236838655         0.664171636036         0.666177993521         0.695626924190         0.708327226006         0.729695026466         0.765833445692         0.770424521388         0.829590929672         0.826643587131         0.888461649598         0.902563482100         0.938841052337         0.989736882532         0.988481747448         1.069690749981         1.049241268420         1.126267829589         1.123785143719         1.157619352454         1.198584920582         1.176896070290         1.250721657231         1.199822726533         1.264179179793         1.229691544339         1.242185646915         1.252694245744         1.204013080733         1.247904692418         1.168993602014         1.204518783787         1.142054211835         1.131378987839         1.112074508795         1.050316020868         1.063574995178         0.980189431063         0.991594674184         0.925315333024         0.906684609277         0.876823066367         0.826944679440         0.824141552686         0.765113280292         0.765743723336         0.721868860813         0.709765436045         0.689412494047         0.666067105072         0.661173824760         0.638258074394         0.636828266944         0.622782228610         0.619388161959         0.613900691778         0.609913737613         0.608530714832         0.606028373784         0.605581560982         0.604412639481         0.603600285055         0.601650201026         0.599135520135         0.594678070379         0.579656726244         0.533677727008         0.000000000000
        0.539536223612         0.578629888131         0.608436617218         0.609546537300         0.606718803387         0.605084540364         0.604512532642         0.604331486124         0.604210397412         0.604146502684         0.604118195459         0.604106847501         0.604101701942         0.604099254957         0.604098151190         0.604097675658         0.604097483089         0.604097396627         0.604097563211         0.604097547784         0.604098239200         0.604098121320         0.604098603540         0.604098595141         0.604098031759         0.604098327201         0.604097573197         0.604097735312         0.604097332752         0.604097334749         0.604097441652         0.604096972725         0.604097497391         0.604096637333         0.604097361400         0.604096643679         0.604097014895         0.604096987069         0.604097277631         0.604097209383         0.604097151162         0.604096980091         0.604096782634         0.604096546812         0.604097034262         0.604096074980         0.604096613588         0.604095310962         0.604095281054         0.604096335878         0.604090840255         0.604094275716         0.604083423056         0.604085868176         0.604067091976         0.604097526921         0.604125790509         0.604214855931         0.604314599130         0.604525664311         0.604670668211         0.605058297928         0.605726954694         0.605798403541         0.607362850793         0.608169308364         0.611440212168         0.613362679645         0.615585871238         0.622022880426         0.623558284462         0.632962301606         0.634370666209         0.645252472278         0.650886975160         0.658303562897         0.671793248162         0.673590653009         0.692599826452         0.693237839161         0.711980389623         0.719465300926         0.730445821959         0.747378223144         0.748928007476         0.769674743606         0.769825462848         0.790257816059         0.797242205356         0.808259892400         0.818720160129         0.822001643981         0.837057898114         0.835343049543         0.854189529828         0.855478648263         0.864771434230         0.864300288713         0.840429831633         0.769703963234         0.000000000000
        0.539536280780         0.578629939656         0.608436713674         0.609546629516         0.606718867595         0.605084577499         0.604512568380         0.604331537436         0.604210440436         0.604146535426         0.604118222556         0.604106875462         0.604101731178         0.604099280746         0.604098176209         0.604097698997         0.604097496494         0.604097404819         0.604097425262         0.604097404196         0.604097555818         0.604097531348         0.604097642598         0.604097629603         0.604097579469         0.604097607019         0.604097505498         0.604097542823         0.604097461546         0.604097472884         0.604097472762         0.604097445485         0.604097506371         0.604097387356         0.604097471287         0.604097375713         0.604097437231         0.604097415403         0.604097463762         0.604097434226         0.604097424316         0.604097374723         0.604097361211         0.604097299513         0.604097360439         0.604097256641         0.604097280427         0.604097185864         0.604096994107         0.604097086789         0.604096215057         0.604096817666         0.604095247742         0.604095685467         0.604093986707         0.604093877483         0.604095932769         0.604097135272         0.604100339116         0.604104672298         0.604096154262         0.604104985717         0.604098535129         0.604090226185         0.604098840955         0.604093722025         0.604120781840         0.604110356451         0.604109992079         0.604103399299         0.604097450797         0.604101772882         0.604081324402         0.604105243045         0.604108128360         0.604097217494         0.604086105114         0.604085040619         0.604060620768         0.604078257115         0.604110051676         0.604124594120         0.604091179351         0.604223873977         0.604235183937         0.604238184094         0.604136294640         0.604278505312         0.604454503062         0.604646479769         0.604198769026         0.603587608861         0.603990757063         0.603875092622         0.605006470767         0.604495754845         0.604354018007         0.599758914117         0.584622219852         0.521155221824         0.000000000000
        0.539536306216         0.578629962670         0.608436756309         0.609546670139         0.606718895994         0.605084593897         0.604512583216         0.604331559650         0.604210459605         0.604146550097         0.604118234201         0.604106887010         0.604101743042         0.604099291799         0.604098186996         0.604097709243         0.604097503299         0.604097410035         0.604097391246         0.604097370534         0.604097412192         0.604097404092         0.604097446559         0.604097452242         0.604097453896         0.604097477189         0.604097454213         0.604097478942         0.604097445928         0.604097460715         0.604097443370         0.604097446726         0.604097452425         0.604097430486         0.604097446407         0.604097419085         0.604097431477         0.604097415166         0.604097421152         0.604097402512         0.604097396045         0.604097386638         0.604097380359         0.604097376807         0.604097381243         0.604097372999         0.604097374819         0.604097366712         0.604097333162         0.604097342046         0.604097224301         0.604097305714         0.604097059515         0.604097117088         0.604096936472         0.604097014886         0.604097332608         0.604097427836         0.604097722792         0.604098166617         0.604097269115         0.604097944841         0.604097237021         0.604096807737         0.604097249585         0.604097001443         0.604097974681         0.604097626498         0.604097569066         0.604097362372         0.604097099169         0.604097155464         0.604096785432         0.604096701107         0.604096611324         0.604095722163         0.604094866705         0.604094140333         0.604093648493         0.604092759201         0.604094641641         0.604093614330         0.604092820559         0.604092442997         0.604087929389         0.604082425501         0.604058796887         0.604043498120         0.604009264155         0.603951929552         0.603792770988         0.603562045266         0.603511505875         0.603128914841         0.602796327978         0.601180566768         0.599353784960         0.594851329953         0.580408741857         0.532057654264         0.000000000000
        0.539536317536         0.578629972942         0.608436775071         0.609546688210         0.606718908695         0.605084601282         0.604512589427         0.604331569376         0.604210468334         0.604146556885         0.604118239370         0.604106892019         0.604101748171         0.604099296725         0.604098191785         0.604097713830         0.604097506566         0.604097412788         0.604097380702         0.604097359954         0.604097370420         0.604097365293         0.604097385910         0.604097389752         0.604097391772         0.604097401199         0.604097390169         0.604097402104         0.604097386643         0.604097394958         0.604097387008         0.604097390055         0.604097390972         0.604097384468         0.604097389015         0.604097378138         0.604097382126         0.604097374384         0.604097375558         0.604097369930         0.604097366423         0.604097365375         0.604097361797         0.604097363353         0.604097362887         0.604097363572         0.604097363867         0.604097363135         0.604097358985         0.604097356407         0.604097338955         0.604097342412         0.604097301930         0.604097308867         0.604097284297         0.604097308054         0.604097357585         0.604097381547         0.604097423437         0.604097508408         0.604097359000         0.604097450613         0.604097320070         0.604097235660         0.604097307373         0.604097259313         0.604097440457         0.604097384952         0.604097393353         0.604097368352         0.604097321427         0.604097337985         0.604097249670         0.604097244973         0.604097196110         0.604097062005         0.604096943167         0.604096789072         0.604096798458         0.604096621819         0.604096928091         0.604096816812         0.604096837854         0.604096743703         0.604096160568         0.604095514299         0.604093079199         0.604090361283         0.604082751569         0.604068441875         0.604036145336         0.603964070064         0.603842421218         0.603543143623         0.602902156354         0.601159531186         0.598799407296         0.594401038392         0.579554420143         0.533476868478         0.000000000000
        0.539536322687         0.578629978681         0.608436785275         0.609546698883         0.606718917308         0.605084607069         0.604512592921         0.604331574106         0.604210473001         0.604146560561         0.604118241971         0.604106894363         0.604101750525         0.604099299009         0.604098194012         0.604097715992         0.604097508162         0.604097414422         0.604097377569         0.604097357435         0.604097359166         0.604097353443         0.604097362115         0.604097363442         0.604097364321         0.604097368765         0.604097362358         0.604097368684         0.604097360985         0.604097365775         0.604097361756         0.604097363842         0.604097364008         0.604097361597         0.604097363713         0.604097359012         0.604097360736         0.604097357091         0.604097357529         0.604097355681         0.604097354059         0.604097354274         0.604097352532         0.604097353953         0.604097353161         0.604097354307         0.604097354272         0.604097354336         0.604097354356         0.604097351676         0.604097350384         0.604097346073         0.604097340134         0.604097339425         0.604097335946         0.604097343893         0.604097349179         0.604097359159         0.604097362706         0.604097383106         0.604097355519         0.604097363902         0.604097338069         0.604097314981         0.604097331353         0.604097316362         0.604097359290         0.604097348684         0.604097354784         0.604097354250         0.604097341156         0.604097348080         0.604097316862         0.604097316378         0.604097292174         0.604097258513         0.604097233299         0.604097178037         0.604097192846         0.604097136967         0.604097217100         0.604097172543         0.604097164474         0.604097076314         0.604096777828         0.604096281556         0.604094903411         0.604092429895         0.604086702750         0.604074098538         0.604044923735         0.603980123528         0.603853960784         0.603564506397         0.602905512782         0.601157838666         0.598737536365         0.594353535945         0.579434068370         0.533522785143         0.000000000000
        0.539536324794         0.578629980998         0.608436789530         0.609546703470         0.606718921130         0.605084609552         0.604512594963         0.604331576489         0.604210475817         0.604146562687         0.604118243282         0.604106895457         0.604101751622         0.604099300074         0.604098195036         0.604097716975         0.604097508849         0.604097415199         0.604097376188         0.604097356395         0.604097354136         0.604097348876         0.604097352288         0.604097352120         0.604097352277         0.604097354847         0.604097351066         0.604097354710         0.604097350594         0.604097353412         0.604097351267         0.604097352550         0.604097352599         0.604097351565         0.604097352771         0.604097350525         0.604097351546         0.604097349767         0.604097350090         0.604097349414         0.604097348705         0.604097349028         0.604097348195         0.604097349091         0.604097348564         0.604097349380         0.604097349285         0.604097349473         0.604097349908         0.604097348336         0.604097349166         0.604097346101         0.604097345734         0.604097344665         0.604097344147         0.604097347355         0.604097346539         0.604097351440         0.604097349902         0.604097356844         0.604097350623         0.604097349612         0.604097344042         0.604097335715         0.604097341231         0.604097334570         0.604097348062         0.604097344856         0.604097348048         0.604097349409         0.604097344595         0.604097348743         0.604097335886         0.604097337114         0.604097325428         0.604097312625         0.604097306764         0.604097283717         0.604097293350         0.604097266726         0.604097287152         0.604097258084         0.604097228961         0.604097136928         0.604096890729         0.604096406184         0.604095195775         0.604092708993         0.604087137659         0.604074560265         0.604045383631         0.603980801763         0.603854078974         0.603564709684         0.602904160006         0.601156475500         0.598731729539         0.594349344606         0.579423047632         0.533524088449         0.000000000000
        0.539536325816         0.578629981998         0.608436791398         0.609546705486         0.606718922790         0.605084610624         0.604512595733         0.604331577587         0.604210477089         0.604146563659         0.604118243894         0.604106895967         0.604101752140         0.604099300578         0.604098195520         0.604097717450         0.604097509176         0.604097415603         0.604097375465         0.604097356121         0.604097351490         0.604097346731         0.604097347866         0.604097347264         0.604097347114         0.604097348614         0.604097346339         0.604097348547         0.604097346255         0.604097347966         0.604097346782         0.604097347577         0.604097347624         0.604097347166         0.604097347914         0.604097346790         0.604097347471         0.604097346597         0.604097346865         0.604097346624         0.604097346334         0.604097346601         0.604097346214         0.604097346762         0.604097346471         0.604097347003         0.604097346943         0.604097347126         0.604097347477         0.604097346656         0.604097347490         0.604097345818         0.604097346226         0.604097345583         0.604097345504         0.604097347053         0.604097345910         0.604097348539         0.604097346957         0.604097350244         0.604097348180         0.604097347278         0.604097345992         0.604097342414         0.604097344958         0.604097341425         0.604097346908         0.604097345416         0.604097347115         0.604097348087         0.604097345914         0.604097348595         0.604097342445         0.604097344523         0.604097338793         0.604097334713         0.604097332750         0.604097321998         0.604097326826         0.604097311967         0.604097316016         0.604097291516         0.604097254968         0.604097160537         0.604096929112         0.604096438217         0.604095272332         0.604092773981         0.604087234160         0.604074649418         0.604045453807         0.603980903798         0.603854007448         0.603564608172         0.602903572559         0.601155929229         0.598729845503         0.594348015546         0.579420307562         0.533523812784         0.000000000000
        0.539536326289         0.578629982443         0.608436792216         0.609546706388         0.606718923512         0.605084611089         0.604512596049         0.604331578065         0.604210477661         0.604146564116         0.604118244191         0.604106896210         0.604101752389         0.604099300821         0.604098195754         0.604097717683         0.604097509329         0.604097415826         0.604097375082         0.604097356102         0.604097350126         0.604097345784         0.604097345788         0.604097345089         0.604097344839         0.604097345723         0.604097344341         0.604097345722         0.604097344418         0.604097345493         0.604097344834         0.604097345348         0.604097345409         0.604097345220         0.604097345710         0.604097345143         0.604097345617         0.604097345196         0.604097345420         0.604097345360         0.604097345267         0.604097345477         0.604097345314         0.604097345667         0.604097345529         0.604097345887         0.604097345873         0.604097346034         0.604097346289         0.604097345883         0.604097346496         0.604097345634         0.604097346056         0.604097345734         0.604097345740         0.604097346597         0.604097345805         0.604097347318         0.604097346242         0.604097348107         0.604097347141         0.604097346855         0.604097346590         0.604097344910         0.604097346310         0.604097344324         0.604097346976         0.604097346136         0.604097347095         0.604097347685         0.604097346566         0.604097348282         0.604097345102         0.604097346799         0.604097343713         0.604097342826         0.604097341884         0.604097336463         0.604097338323         0.604097328753         0.604097326951         0.604097304410         0.604097264751         0.604097168469         0.604096942847         0.604096447434         0.604095297176         0.604092792492         0.604087260725         0.604074670310         0.604045471789         0.603980922008         0.603853957727         0.603564527141         0.602903278947         0.601155663279         0.598729021269         0.594347390617         0.579419113934         0.533523600034         0.000000000000
        0.539536326502         0.578629982639         0.608436792569         0.609546706793         0.606718923826         0.605084611293         0.604512596185         0.604331578270         0.604210477924         0.604146564338         0.604118244340         0.604106896330         0.604101752513         0.604099300941         0.604098195870         0.604097717801         0.604097509401         0.604097415954         0.604097374872         0.604097356155         0.604097349412         0.604097345379         0.604097344778         0.604097344081         0.604097343814         0.604097344339         0.604097343499         0.604097344385         0.604097343639         0.604097344338         0.604097343979         0.604097344331         0.604097344406         0.604097344349         0.604097344689         0.604097344413         0.604097344754         0.604097344567         0.604097344754         0.604097344778         0.604097344779         0.604097344950         0.604097344904         0.604097345151         0.604097345107         0.604097345363         0.604097345387         0.604097345529         0.604097345724         0.604097345540         0.604097345976         0.604097345545         0.604097345883         0.604097345746         0.604097345785         0.604097346310         0.604097345829         0.604097346755         0.604097346089         0.604097347237         0.604097346716         0.604097346737         0.604097346747         0.604097345931         0.604097346778         0.604097345646         0.604097347078         0.604097346592         0.604097347171         0.604097347543         0.604097346946         0.604097348063         0.604097346336         0.604097347537         0.604097345835         0.604097345767         0.604097345248         0.604097342273         0.604097342685         0.604097335752         0.604097330971         0.604097309710         0.604097268327         0.604097171406         0.604096948496         0.604096451092         0.604095307883         0.604092802884         0.604087273617         0.604074678732         0.604045475624         0.603980924709         0.603853920745         0.603564472352         0.602903126558         0.601155524235         0.598728624055         0.594347082296         0.579418532689         0.533523482387         0.000000000000
        0.539536326598         0.578629982726         0.608436792719         0.609546706974         0.606718923963         0.605084611385         0.604512596245         0.604331578360         0.604210478050         0.604146564450         0.604118244416         0.604106896389         0.604101752576         0.604099301002         0.604098195928         0.604097717862         0.604097509435         0.604097416029         0.604097374752         0.604097356217         0.604097349028         0.604097345211         0.604097344270         0.604097343600         0.604097343342         0.604097343655         0.604097343148         0.604097343732         0.604097343312         0.604097343785         0.604097343603         0.604097343858         0.604097343943         0.604097343955         0.604097344206         0.604097344088         0.604097344344         0.604097344281         0.604097344442         0.604097344504         0.604097344553         0.604097344699         0.604097344716         0.604097344905         0.604097344918         0.604097345114         0.604097345166         0.604097345295         0.604097345454         0.604097345391         0.604097345708         0.604097345507         0.604097345771         0.604097345736         0.604097345796         0.604097346147         0.604097345878         0.604097346475         0.604097346085         0.604097346827         0.604097346545         0.604097346675         0.604097346765         0.604097346372         0.604097346921         0.604097346281         0.604097347120         0.604097346851         0.604097347228         0.604097347483         0.604097347170         0.604097347913         0.604097346954         0.604097347780         0.604097346820         0.604097346939         0.604097346596         0.604097344770         0.604097344401         0.604097338860         0.604097332515         0.604097312034         0.604097269734         0.604097172542         0.604096950960         0.604096452295         0.604095312379         0.604092807370         0.604087280012         0.604074686094         0.604045480166         0.603980928142         0.603853902463         0.603564439734         0.602903043179         0.601155449727         0.598728424197         0.594346925327         0.579418234956         0.533523419062         0.000000000000
        0.539536326639         0.578629982763         0.608436792782         0.609546707054         0.606718924023         0.605084611428         0.604512596272         0.604331578400         0.604210478112         0.604146564508         0.604118244457         0.604106896419         0.604101752607         0.604099301032         0.604098195957         0.604097717895         0.604097509451         0.604097416074         0.604097374680         0.604097356269         0.604097348816         0.604097345144         0.604097344006         0.604097343363         0.604097343122         0.604097343306         0.604097343005         0.604097343402         0.604097343177         0.604097343511         0.604097343437         0.604097343634         0.604097343725         0.604097343775         0.604097343971         0.604097343942         0.604097344143         0.604097344149         0.604097344291         0.604097344373         0.604097344447         0.604097344578         0.604097344630         0.604097344786         0.604097344833         0.604097344993         0.604097345064         0.604097345184         0.604097345322         0.604097345327         0.604097345567         0.604097345493         0.604097345703         0.604097345726         0.604097345801         0.604097346055         0.604097345921         0.604097346328         0.604097346117         0.604097346617         0.604097346478         0.604097346634         0.604097346745         0.604097346572         0.604097346949         0.604097346600         0.604097347129         0.604097346997         0.604097347262         0.604097347454         0.604097347303         0.604097347811         0.604097347280         0.604097347849         0.604097347300         0.604097347429         0.604097347162         0.604097345895         0.604097345074         0.604097340305         0.604097333108         0.604097313110         0.604097270321         0.604097172989         0.604096952064         0.604096452533         0.604095314365         0.604092808582         0.604087282163         0.604074688606         0.604045481563         0.603980929359         0.603853892946         0.603564422162         0.602903001110         0.601155410841         0.598728322788         0.594346844986         0.579418082034         0.533523385901         0.000000000000
        0.539536436153         0.578630346772         0.608437461210         0.609547352024         0.606719586745         0.605085262035         0.604513258400         0.604332267576         0.604211153070         0.604147190371         0.604118822436         0.604107454023         0.604102295030         0.604099832834         0.604098719848         0.604098238240         0.604098027707         0.604097933308         0.604097891317         0.604097872592         0.604097864839         0.604097861019         0.604097859703         0.604097858929         0.604097858576         0.604097858610         0.604097858253         0.604097858488         0.604097858202         0.604097858387         0.604097858225         0.604097858297         0.604097858274         0.604097858222         0.604097858289         0.604097858170         0.604097858246         0.604097858155         0.604097858180         0.604097858154         0.604097858121         0.604097858135         0.604097858083         0.604097858116         0.604097858059         0.604097858097         0.604097858057         0.604097858062         0.604097858078         0.604097857988         0.604097858096         0.604097857936         0.604097858026         0.604097857946         0.604097857914         0.604097858026         0.604097857813         0.604097858061         0.604097857778         0.604097858098         0.604097857869         0.604097857933         0.604097857931         0.604097857702         0.604097857929         0.604097857539         0.604097857880         0.604097857660         0.604097857784         0.604097857837         0.604097857616         0.604097857952         0.604097857412         0.604097857816         0.604097857248         0.604097857281         0.604097856906         0.604097855683         0.604097854630         0.604097849916         0.604097842383         0.604097822310         0.604097779217         0.604097681607         0.604097460600         0.604096960391         0.604095821751         0.604093315823         0.604087794248         0.604075206760         0.604046008013         0.603981452394         0.603854446463         0.603565014296         0.602903610772         0.601155970689         0.598728824874         0.594347288124         0.579418401376         0.533523678241         0.000000000000
        0.539536510194         0.578630528180         0.608437825550         0.609547758569         0.606719996687         0.605085664013         0.604513690972         0.604332752785         0.604211621098         0.604147615134         0.604119217483         0.604107858160         0.604102684817         0.604100200733         0.604099071485         0.604098581991         0.604098368132         0.604098272139         0.604098229267         0.604098210183         0.604098202124         0.604098198303         0.604098196838         0.604098196094         0.604098195718         0.604098195720         0.604098195445         0.604098195607         0.604098195412         0.604098195537         0.604098195435         0.604098195479         0.604098195473         0.604098195436         0.604098195489         0.604098195411         0.604098195467         0.604098195413         0.604098195430         0.604098195420         0.604098195400         0.604098195415         0.604098195383         0.604098195407         0.604098195372         0.604098195400         0.604098195376         0.604098195380         0.604098195396         0.604098195340         0.604098195414         0.604098195316         0.604098195378         0.604098195335         0.604098195308         0.604098195391         0.604098195247         0.604098195413         0.604098195232         0.604098195430         0.604098195294         0.604098195337         0.604098195367         0.604098195203         0.604098195376         0.604098195112         0.604098195334         0.604098195192         0.604098195266         0.604098195309         0.604098195161         0.604098195391         0.604098195045         0.604098195302         0.604098194942         0.604098194906         0.604098194594         0.604098193541         0.604098192313         0.604098187922         0.604098180038         0.604098160231         0.604098116921         0.604098019378         0.604097798774         0.604097298285         0.604096160154         0.604093654927         0.604088141236         0.604075562984         0.604046366359         0.603981792653         0.603854825560         0.603565455777         0.602904078648         0.601156435628         0.598729270848         0.594347700538         0.579418707339         0.533523969273         0.000000000000
        0.539536569609         0.578630606437         0.608437984121         0.609547952689         0.606720185635         0.605085839401         0.604513882063         0.604332973734         0.604211827470         0.604147795871         0.604119390135         0.604108042598         0.604102865696         0.604100369769         0.604099232044         0.604098738277         0.604098522768         0.604098425854         0.604098382506         0.604098363354         0.604098355130         0.604098351341         0.604098349805         0.604098349071         0.604098348709         0.604098348661         0.604098348468         0.604098348557         0.604098348434         0.604098348508         0.604098348446         0.604098348473         0.604098348470         0.604098348447         0.604098348481         0.604098348434         0.604098348469         0.604098348437         0.604098348447         0.604098348443         0.604098348431         0.604098348440         0.604098348422         0.604098348436         0.604098348416         0.604098348434         0.604098348419         0.604098348422         0.604098348433         0.604098348399         0.604098348446         0.604098348386         0.604098348426         0.604098348402         0.604098348383         0.604098348436         0.604098348347         0.604098348451         0.604098348339         0.604098348457         0.604098348377         0.604098348409         0.604098348430         0.604098348325         0.604098348438         0.604098348279         0.604098348411         0.604098348324         0.604098348368         0.604098348396         0.604098348304         0.604098348445         0.604098348230         0.604098348379         0.604098348141         0.604098348066         0.604098347757         0.604098346833         0.604098345440         0.604098341292         0.604098333158         0.604098313537         0.604098270103         0.604098172542         0.604097952201         0.604097451424         0.604096313602         0.604093808642         0.604088299486         0.604075726653         0.604046532388         0.603981950821         0.603855004246         0.603565668350         0.602904320217         0.601156683093         0.598729508899         0.594347930847         0.579418886600         0.533524115431         0.000000000000
        0.539536609381         0.578630648146         0.608438065714         0.609548057067         0.606720284066         0.605085926561         0.604513976507         0.604333084225         0.604211928512         0.604147879689         0.604119470994         0.604108131889         0.604102954225         0.604100452564         0.604099310700         0.604098815335         0.604098599012         0.604098501819         0.604098458286         0.604098439078         0.604098430759         0.604098426989         0.604098425409         0.604098424676         0.604098424331         0.604098424246         0.604098424108         0.604098424150         0.604098424072         0.604098424115         0.604098424078         0.604098424094         0.604098424092         0.604098424079         0.604098424100         0.604098424073         0.604098424095         0.604098424076         0.604098424083         0.604098424081         0.604098424074         0.604098424081         0.604098424070         0.604098424079         0.604098424068         0.604098424079         0.604098424071         0.604098424073         0.604098424080         0.604098424061         0.604098424089         0.604098424054         0.604098424080         0.604098424065         0.604098424055         0.604098424087         0.604098424035         0.604098424098         0.604098424030         0.604098424101         0.604098424053         0.604098424078         0.604098424089         0.604098424027         0.604098424095         0.604098424003         0.604098424081         0.604098424028         0.604098424055         0.604098424071         0.604098424017         0.604098424100         0.604098423966         0.604098424047         0.604098423879         0.604098423782         0.604098423465         0.604098422622         0.604098421118         0.604098417127         0.604098408838         0.604098389329         0.604098345824         0.604098248232         0.604098028042         0.604097527039         0.604096389372         0.604093884659         0.604088378148         0.604075808326         0.604046616499         0.603982030206         0.603855098200         0.603565783036         0.602904457230         0.601156828838         0.598729654304         0.594348074293         0.579419000029         0.533524200901         0.000000000000
        0.539536635456         0.578630673442         0.608438112988         0.609548119134         0.606720340421         0.605085974495         0.604514027836         0.604333145193         0.604211982225         0.604147923330         0.604119513077         0.604108179722         0.604103002041         0.604100497716         0.604099353661         0.604098857773         0.604098641176         0.604098543699         0.604098500027         0.604098480801         0.604098472429         0.604098468675         0.604098467068         0.604098466335         0.604098466001         0.604098465892         0.604098465785         0.604098465798         0.604098465745         0.604098465768         0.604098465743         0.604098465752         0.604098465749         0.604098465741         0.604098465752         0.604098465735         0.604098465747         0.604098465735         0.604098465738         0.604098465736         0.604098465731         0.604098465734         0.604098465726         0.604098465730         0.604098465723         0.604098465728         0.604098465722         0.604098465723         0.604098465726         0.604098465713         0.604098465729         0.604098465707         0.604098465722         0.604098465712         0.604098465705         0.604098465723         0.604098465690         0.604098465727         0.604098465685         0.604098465727         0.604098465696         0.604098465713         0.604098465716         0.604098465678         0.604098465718         0.604098465663         0.604098465708         0.604098465675         0.604098465690         0.604098465698         0.604098465664         0.604098465711         0.604098465624         0.604098465661         0.604098465534         0.604098465419         0.604098465096         0.604098464298         0.604098462726         0.604098458827         0.604098450443         0.604098431002         0.604098387456         0.604098289856         0.604098069770         0.604097568663         0.604096431122         0.604093926647         0.604088421860         0.604075853992         0.604046664455         0.603982074695         0.603855153498         0.603565851956         0.602904543595         0.601156922543         0.598729750932         0.594348169307         0.579419075099         0.533524254659         0.000000000000
        0.539536652696         0.578630689745         0.608438142551         0.609548157910         0.606720374271         0.605086002190         0.604514056986         0.604333180654         0.604212012223         0.604147947049         0.604119536357         0.604108206745         0.604103029480         0.604100523714         0.604099378540         0.604098882511         0.604098665848         0.604098568252         0.604098524532         0.604098505296         0.604098496889         0.604098493145         0.604098491523         0.604098490792         0.604098490465         0.604098490342         0.604098490254         0.604098490250         0.604098490213         0.604098490225         0.604098490209         0.604098490213         0.604098490211         0.604098490205         0.604098490211         0.604098490201         0.604098490208         0.604098490200         0.604098490202         0.604098490200         0.604098490197         0.604098490198         0.604098490193         0.604098490195         0.604098490191         0.604098490194         0.604098490190         0.604098490189         0.604098490191         0.604098490183         0.604098490192         0.604098490179         0.604098490187         0.604098490181         0.604098490177         0.604098490187         0.604098490167         0.604098490189         0.604098490163         0.604098490188         0.604098490169         0.604098490179         0.604098490180         0.604098490158         0.604098490181         0.604098490148         0.604098490174         0.604098490153         0.604098490162         0.604098490166         0.604098490145         0.604098490169         0.604098490113         0.604098490124         0.604098490022         0.604098489896         0.604098489571         0.604098488798         0.604098487187         0.604098483343         0.604098474904         0.604098455504         0.604098411931         0.604098314320         0.604098094291         0.604097593107         0.604096455636         0.604093951322         0.604088447662         0.604075881198         0.604046693548         0.603982101252         0.603855187987         0.603565895802         0.602904600640         0.601156984945         0.598729817186         0.594348234542         0.579419126649         0.533524289523         0.000000000000
        0.539536664258         0.578630700575         0.608438162005         0.609548182930         0.606720395348         0.605086018848         0.604514074323         0.604333202056         0.604212029787         0.604147960322         0.604119549569         0.604108222602         0.604103045720         0.604100539138         0.604099393345         0.604098897227         0.604098680603         0.604098582976         0.604098539219         0.604098519974         0.604098511550         0.604098507811         0.604098506179         0.604098505449         0.604098505125         0.604098504995         0.604098504918         0.604098504904         0.604098504878         0.604098504882         0.604098504872         0.604098504874         0.604098504872         0.604098504869         0.604098504872         0.604098504866         0.604098504870         0.604098504865         0.604098504867         0.604098504866         0.604098504863         0.604098504864         0.604098504861         0.604098504862         0.604098504859         0.604098504861         0.604098504859         0.604098504859         0.604098504859         0.604098504855         0.604098504859         0.604098504851         0.604098504856         0.604098504853         0.604098504850         0.604098504856         0.604098504844         0.604098504857         0.604098504842         0.604098504856         0.604098504845         0.604098504851         0.604098504851         0.604098504838         0.604098504851         0.604098504832         0.604098504847         0.604098504835         0.604098504840         0.604098504842         0.604098504828         0.604098504840         0.604098504801         0.604098504797         0.604098504710         0.604098504577         0.604098504252         0.604098503494         0.604098501860         0.604098498050         0.604098489578         0.604098470205         0.604098426620         0.604098329018         0.604098109053         0.604097607854         0.604096470443         0.604093966270         0.604088463352         0.604075897872         0.604046711751         0.603982117697         0.603855210170         0.603565924588         0.602904639323         0.601157027583         0.598729863586         0.594348280481         0.579419163296         0.533524313554         0.000000000000
        0.539536672061         0.578630707848         0.608438175087         0.609548199310         0.606720408674         0.605086029092         0.604514084851         0.604333215258         0.604212040309         0.604147967936         0.604119557297         0.604108232217         0.604103055614         0.604100548679         0.604099402457         0.604098906286         0.604098689680         0.604098592069         0.604098548263         0.604098528993         0.604098520556         0.604098516818         0.604098515177         0.604098514448         0.604098514127         0.604098513992         0.604098513921         0.604098513902         0.604098513881         0.604098513881         0.604098513874         0.604098513875         0.604098513874         0.604098513872         0.604098513873         0.604098513869         0.604098513872         0.604098513868         0.604098513869         0.604098513868         0.604098513867         0.604098513867         0.604098513865         0.604098513866         0.604098513864         0.604098513865         0.604098513863         0.604098513862         0.604098513863         0.604098513860         0.604098513862         0.604098513858         0.604098513861         0.604098513858         0.604098513856         0.604098513859         0.604098513853         0.604098513860         0.604098513851         0.604098513859         0.604098513852         0.604098513856         0.604098513855         0.604098513848         0.604098513855         0.604098513844         0.604098513852         0.604098513845         0.604098513848         0.604098513848         0.604098513839         0.604098513843         0.604098513815         0.604098513801         0.604098513724         0.604098513586         0.604098513260         0.604098512511         0.604098510863         0.604098507073         0.604098498580         0.604098479222         0.604098435632         0.604098338038         0.604098118102         0.604097616923         0.604096479586         0.604093975579         0.604088473253         0.604075908542         0.604046723594         0.603982128311         0.603855224946         0.603565944031         0.602904666038         0.601157057167         0.598729896588         0.594348313333         0.579419189919         0.533524330913         0.000000000000
        0.539536677192         0.578630711604         0.608438181899         0.609548207953         0.606720415094         0.605086034026         0.604514089982         0.604333221857         0.604212045001         0.604147970613         0.604119560316         0.604108236533         0.604103060253         0.604100553030         0.604099406646         0.604098910361         0.604098693643         0.604098595997         0.604098552183         0.604098532903         0.604098524471         0.604098520746         0.604098519106         0.604098518381         0.604098518062         0.604098517927         0.604098517862         0.604098517841         0.604098517826         0.604098517826         0.604098517822         0.604098517823         0.604098517824         0.604098517824         0.604098517826         0.604098517825         0.604098517828         0.604098517828         0.604098517829         0.604098517830         0.604098517831         0.604098517833         0.604098517833         0.604098517835         0.604098517835         0.604098517837         0.604098517837         0.604098517838         0.604098517840         0.604098517840         0.604098517843         0.604098517841         0.604098517844         0.604098517844         0.604098517845         0.604098517848         0.604098517845         0.604098517851         0.604098517847         0.604098517853         0.604098517851         0.604098517855         0.604098517856         0.604098517853         0.604098517858         0.604098517853         0.604098517860         0.604098517857         0.604098517859         0.604098517860         0.604098517855         0.604098517857         0.604098517837         0.604098517819         0.604098517749         0.604098517610         0.604098517286         0.604098516543         0.604098514890         0.604098511115         0.604098502612         0.604098483267         0.604098439679         0.604098342097         0.604098122184         0.604097621029         0.604096483760         0.604093979951         0.604088478043         0.604075913857         0.604046730030         0.603982133898         0.603855233408         0.603565955314         0.602904683706         0.601157076308         0.598729918527         0.594348335270         0.579419207226         0.533524344150         0.000000000000
        0.539536683257         0.578630723670         0.608438200611         0.609548228989         0.606720434792         0.605086052387         0.604514109374         0.604333243202         0.604212065362         0.604147988884         0.604119578159         0.604108255284         0.604103078770         0.604100570567         0.604099423222         0.604098926207         0.604098709060         0.604098611133         0.604098567146         0.604098547768         0.604098539288         0.604098535542         0.604098533887         0.604098533155         0.604098532834         0.604098532695         0.604098532631         0.604098532606         0.604098532592         0.604098532589         0.604098532585         0.604098532586         0.604098532585         0.604098532585         0.604098532586         0.604098532585         0.604098532586         0.604098532586         0.604098532587         0.604098532587         0.604098532587         0.604098532587         0.604098532587         0.604098532588         0.604098532588         0.604098532588         0.604098532589         0.604098532589         0.604098532590         0.604098532589         0.604098532591         0.604098532590         0.604098532591         0.604098532591         0.604098532591         0.604098532592         0.604098532590         0.604098532593         0.604098532591         0.604098532594         0.604098532592         0.604098532594         0.604098532594         0.604098532592         0.604098532595         0.604098532592         0.604098532595         0.604098532593         0.604098532594         0.604098532594         0.604098532590         0.604098532588         0.604098532571         0.604098532548         0.604098532481         0.604098532340         0.604098532015         0.604098531274         0.604098529614         0.604098525844         0.604098517333         0.604098497991         0.604098454397         0.604098356826         0.604098136952         0.604097635807         0.604096498462         0.604093994884         0.604088493958         0.604075930944         0.604046748273         0.603982150833         0.603855253522         0.603565978021         0.602904712283         0.601157105491         0.598729948812         0.594348363963         0.579419229103         0.533524360543         0.000000000000
        0.539536687404         0.578630730097         0.608438212050         0.609548242509         0.606720447563         0.605086064067         0.604514122422         0.604333258881         0.604212079533         0.604148000816         0.604119589670         0.604108269382         0.604103093093         0.604100583858         0.604099435713         0.604098938195         0.604098720481         0.604098621873         0.604098577399         0.604098557798         0.604098549228         0.604098545442         0.604098543762         0.604098543018         0.604098542691         0.604098542550         0.604098542485         0.604098542459         0.604098542445         0.604098542441         0.604098542438         0.604098542437         0.604098542437         0.604098542437         0.604098542437         0.604098542436         0.604098542437         0.604098542437         0.604098542437         0.604098542437         0.604098542437         0.604098542437         0.604098542437         0.604098542437         0.604098542437         0.604098542437         0.604098542437         0.604098542438         0.604098542437         0.604098542437         0.604098542438         0.604098542437         0.604098542438         0.604098542438         0.604098542438         0.604098542438         0.604098542437         0.604098542439         0.604098542437         0.604098542439         0.604098542438         0.604098542438         0.604098542439         0.604098542437         0.604098542439         0.604098542437         0.604098542439         0.604098542437         0.604098542437         0.604098542437         0.604098542434         0.604098542430         0.604098542415         0.604098542389         0.604098542324         0.604098542181         0.604098541856         0.604098541116         0.604098539453         0.604098535689         0.604098527175         0.604098507842         0.604098464254         0.604098366712         0.604098146906         0.604097645776         0.604096508298         0.604094004823         0.604088505109         0.604075943698         0.604046761910         0.603982162078         0.603855268843         0.603565998618         0.602904736208         0.601157130630         0.598729975574         0.594348390081         0.579419250193         0.533524375470         0.000000000000
        0.539536689905         0.578630732990         0.608438217358         0.609548249036         0.606720453535         0.605086069480         0.604514128290         0.604333265917         0.604212085622         0.604148006137         0.604119595172         0.604108275316         0.604103099402         0.604100589691         0.604099441567         0.604098944206         0.604098726522         0.604098627692         0.604098582964         0.604098563195         0.604098554530         0.604098550691         0.604098548986         0.604098548235         0.604098547906         0.604098547763         0.604098547699         0.604098547671         0.604098547659         0.604098547654         0.604098547652         0.604098547651         0.604098547650         0.604098547650         0.604098547650         0.604098547649         0.604098547650         0.604098547649         0.604098547649         0.604098547649         0.604098547649         0.604098547650         0.604098547650         0.604098547650         0.604098547650         0.604098547650         0.604098547650         0.604098547650         0.604098547650         0.604098547650         0.604098547650         0.604098547649         0.604098547649         0.604098547649         0.604098547649         0.604098547650         0.604098547649         0.604098547650         0.604098547650         0.604098547650         0.604098547649         0.604098547650         0.604098547650         0.604098547649         0.604098547650         0.604098547649         0.604098547650         0.604098547649         0.604098547649         0.604098547648         0.604098547645         0.604098547641         0.604098547627         0.604098547600         0.604098547536         0.604098547393         0.604098547067         0.604098546328         0.604098544664         0.604098540903         0.604098532389         0.604098513057         0.604098469473         0.604098371966         0.604098152237         0.604097651165         0.604096513575         0.604094010129         0.604088511011         0.604075950374         0.604046768813         0.603982167977         0.603855277330         0.603566008456         0.602904748345         0.601157143687         0.598729990092         0.594348404406         0.579419262347         0.533524383785         0.000000000000
        0.539536691303         0.578630734508         0.608438220275         0.609548252588         0.606720456685         0.605086072210         0.604514131152         0.604333269355         0.604212088603         0.604148008732         0.604119597737         0.604108278344         0.604103102325         0.604100592448         0.604099444278         0.604098947124         0.604098729470         0.604098630579         0.604098585767         0.604098565906         0.604098557183         0.604098553319         0.604098551599         0.604098550839         0.604098550505         0.604098550359         0.604098550294         0.604098550265         0.604098550253         0.604098550248         0.604098550245         0.604098550244         0.604098550244         0.604098550244         0.604098550243         0.604098550243         0.604098550243         0.604098550243         0.604098550243         0.604098550243         0.604098550243         0.604098550243         0.604098550243         0.604098550243         0.604098550243         0.604098550243         0.604098550243         0.604098550243         0.604098550243         0.604098550243         0.604098550243         0.604098550243         0.604098550243         0.604098550243         0.604098550243         0.604098550243         0.604098550243         0.604098550243         0.604098550243         0.604098550243         0.604098550243         0.604098550243         0.604098550243         0.604098550243         0.604098550244         0.604098550243         0.604098550243         0.604098550243         0.604098550242         0.604098550241         0.604098550239         0.604098550234         0.604098550221         0.604098550194         0.604098550130         0.604098549986         0.604098549661         0.604098548922         0.604098547258         0.604098543498         0.604098534983         0.604098515652         0.604098472070         0.604098374583         0.604098154893         0.604097653858         0.604096516214         0.604094012764         0.604088513918         0.604075953759         0.604046772470         0.603982171420         0.603855282050         0.603566013755         0.602904755197         0.601157151197         0.598729998656         0.594348412761         0.579419269423         0.533524388490         0.000000000000
