        0.754604570714         0.699302809657         0.657550606455         0.609502922798         0.604733569158         0.610285914926         0.617704293201         0.616671970977         0.605159573169         0.597548863373         0.600866630915         0.611355809935         0.618836220206         0.619878802585         0.615103889830         0.608963899564         0.605140267557         0.604090101653         0.604836769477         0.605677425730         0.606275544737         0.606216023940         0.606096268862         0.606142379483         0.606320085754         0.606518910635         0.606419587157         0.606339982850         0.606181882854         0.606153334888         0.606026006959         0.605986930185         0.605969249827         0.606135742918         0.606247953112         0.606160170574         0.605966769478         0.605395640294         0.604687566934         0.603958835192         0.603123258072         0.602362198122         0.602341075655         0.603302884500         0.604452704665         0.605386190561         0.605859934774         0.605910417077         0.605851519488         0.605868647468         0.606004665197         0.606215041075         0.606236159148         0.606000206583         0.605798308267         0.605558742254         0.605388228308         0.605384244113         0.605610887030         0.605794863784         0.605372332599         0.604629898060         0.603863525950         0.603097748680         0.602312779400         0.602110574761         0.602752527639         0.603587349169         0.604279517292         0.604354078841         0.604380356819         0.603927716453         0.603350294513         0.602475236407         0.601615248069         0.600852186625         0.600118206609         0.599338889919         0.599097909513         0.599844169790         0.600998904762         0.602228047184         0.602790064440         0.602549536328         0.602053979852         0.601980936838         0.602407033940         0.604510623915         0.609017482600         0.616654603925         0.628381825300         0.642246935304         0.655184822600         0.661858759920         0.660135745164         0.650845236976         0.641246249308         0.627860030625         0.602880814246         0.509006351083         0.000000000000
        0.797028259677         0.757708227044         0.729600777004         0.703901822894         0.726610675119         0.759495038149         0.796030264023         0.814533358037         0.810283516657         0.786508306576         0.754559694372         0.726018644732         0.708607630085         0.703579915063         0.707087212287         0.713248363969         0.717176888612         0.716554409879         0.711816379797         0.705175905363         0.699103766285         0.695164955960         0.693765121047         0.694238112628         0.695482083503         0.696487671096         0.696721878330         0.696173698699         0.695180508137         0.694172505948         0.693486606520         0.693217162137         0.693323509705         0.693607801655         0.693890063454         0.694032072844         0.693997924851         0.693827315565         0.693624824249         0.693454293422         0.693387537981         0.693421745754         0.693531603667         0.693654917428         0.693756760336         0.693784423126         0.693756580837         0.693673900383         0.693594186789         0.693521050474         0.693490172943         0.693491692171         0.693520592182         0.693573439622         0.693641163852         0.693703913454         0.693741461410         0.693727932298         0.693657197060         0.693555308362         0.693489836438         0.693560529319         0.693805197833         0.694212661120         0.694643864204         0.694918317504         0.694906682077         0.694579182752         0.694133801995         0.693934513038         0.694394339807         0.695726459350         0.697780950739         0.699980122987         0.701502537113         0.701674860467         0.700403282283         0.698485348231         0.697513086074         0.699322701006         0.704997193391         0.714087341343         0.724296218014         0.732239190563         0.734626360832         0.730539344513         0.722488846188         0.716411078439         0.719261630441         0.735404401729         0.763679115233         0.796657412518         0.822482257475         0.829554833290         0.812005374153         0.773547874605         0.727014190220         0.681214212330         0.631624039404         0.524977465964         0.000000000000
        0.801586046495         0.763722396804         0.738233502884         0.715752732720         0.743740473130         0.782273711096         0.824243816759         0.846312326713         0.843000339148         0.817189242567         0.781043430293         0.748077506481         0.728109374422         0.723795459523         0.730939519471         0.741717440855         0.748699250140         0.747821163860         0.739341502806         0.726862126212         0.714952197899         0.707019050418         0.704197028012         0.705397951950         0.708342446798         0.710719589619         0.711188465674         0.709589280618         0.706738422025         0.703803789492         0.701742430782         0.700922112092         0.701179486026         0.701949737410         0.702682806393         0.702970819145         0.702740472047         0.702143182650         0.701469609857         0.700951845496         0.700736643913         0.700783835682         0.701013257292         0.701249912700         0.701413178396         0.701429863841         0.701350730117         0.701186319744         0.701024698048         0.700882804802         0.700819799685         0.700831296694         0.700938393276         0.701110028120         0.701304853425         0.701457302747         0.701494636750         0.701376060350         0.701134584880         0.700879833324         0.700779952447         0.701004323011         0.701595267212         0.702459686630         0.703295977194         0.703778818350         0.703651591522         0.702940141155         0.702048180105         0.701641824009         0.702442661335         0.704782139048         0.708322340426         0.712056623379         0.714621115640         0.714930338916         0.712851998643         0.709710643044         0.708028665050         0.710543536124         0.718765401960         0.731859655000         0.746406457248         0.757402584851         0.760629832618         0.754906044756         0.743788333252         0.734787350698         0.736382066152         0.753490480861         0.784484960770         0.820635076939         0.848520138520         0.855312012728         0.834782447275         0.791380562663         0.739071920859         0.688348467874         0.635227404456         0.526970596146         0.000000000000
        0.802585690474         0.764998179808         0.740054628640         0.718243007829         0.747341958131         0.787085442649         0.830192976610         0.852960289729         0.849722634115         0.823426421537         0.786525143205         0.752960618176         0.733005875622         0.729404219775         0.737835415313         0.749985343809         0.757802437736         0.756767276041         0.747074851067         0.732764360948         0.719013456669         0.709846677935         0.706714657314         0.708368255322         0.712082728551         0.715041996356         0.715585136259         0.713482302767         0.709756989880         0.705914397139         0.703206048091         0.702136069399         0.702489220445         0.703526437483         0.704501972405         0.704868871682         0.704525043928         0.703682635286         0.702736405049         0.702012407080         0.701704856355         0.701766461362         0.702075180170         0.702394592455         0.702605094115         0.702615890952         0.702488993362         0.702254662193         0.702026650079         0.701838865078         0.701761466025         0.701793525202         0.701953140346         0.702194516933         0.702457792128         0.702653293273         0.702688304278         0.702517062050         0.702189868854         0.701855556907         0.701734226411         0.702035593778         0.702802536473         0.703901120803         0.704947699224         0.705537369347         0.705353074284         0.704443220083         0.703317971386         0.702804620670         0.703775985478         0.706608512171         0.710852599582         0.715301020140         0.718333425129         0.718683969087         0.716209887014         0.712474662956         0.710399521098         0.713083170570         0.722167156856         0.736646311491         0.752664577222         0.764750803081         0.768292258282         0.762049187756         0.749970610229         0.739963016418         0.740999418205         0.758189472072         0.789749441911         0.826627627071         0.855052157284         0.861749993469         0.840459596073         0.795791519889         0.742007890962         0.690043495271         0.636047484321         0.527379254803         0.000000000000
        0.802926299376         0.765421914145         0.740667453597         0.719097459892         0.748585167869         0.788748134745         0.832225909864         0.855196424465         0.851967681904         0.825495956669         0.788356336529         0.754660228463         0.734751698034         0.731429882591         0.740329140187         0.752944911482         0.761030015532         0.759889279086         0.749720278537         0.734731712743         0.720336940270         0.710788983878         0.707655351807         0.709600774553         0.713710429204         0.716957252750         0.717534010436         0.715179190462         0.711006507692         0.706700804237         0.703662211617         0.702465470066         0.702870137240         0.704049229992         0.705155230375         0.705567813748         0.705166938442         0.704193374897         0.703095530337         0.702253847384         0.701890044202         0.701958502871         0.702311463011         0.702681447194         0.702923906299         0.702936358308         0.702782679627         0.702506270465         0.702234024191         0.702015287585         0.701926227252         0.701970614790         0.702162625385         0.702448641668         0.702756013816         0.702979410663         0.703014069017         0.702811529585         0.702432365311         0.702050240665         0.701917012731         0.702266393082         0.703142557105         0.704385518422         0.705559719044         0.706210944078         0.705986013863         0.704950303655         0.703678896657         0.703100381688         0.704178534299         0.707309197100         0.711960957000         0.716817776580         0.720109392230         0.720492553435         0.717777189767         0.713679026054         0.711328785807         0.713992969281         0.723358276841         0.738349046315         0.754928122629         0.767437675350         0.771087798480         0.764627048593         0.752158633857         0.741739257779         0.742529032279         0.759707504988         0.791441834958         0.828567965531         0.857182938764         0.863864403043         0.842331216127         0.797247570969         0.742975720788         0.690596729865         0.636307018114         0.527498917119         0.000000000000
        0.803087653389         0.765615226574         0.740955476995         0.719515769091         0.749203381392         0.789572236077         0.833199196359         0.856225229076         0.852983422745         0.826404495420         0.789138772720         0.755387271636         0.735526044818         0.732368361072         0.741500583479         0.754325903776         0.762509702725         0.761281568471         0.750856921060         0.735533930054         0.720850838780         0.711174279040         0.708119206741         0.710294096416         0.714668087009         0.718102286940         0.718684577572         0.716191237338         0.711732171697         0.707125272175         0.703877082588         0.702606927087         0.703055453489         0.704335088951         0.705530655775         0.705973766422         0.705533665603         0.704469456161         0.703265672509         0.702341869485         0.701937719947         0.702011018216         0.702393967918         0.702799951605         0.703065794020         0.703081448809         0.702909645540         0.702604010217         0.702299191453         0.702057809786         0.701959342038         0.702012522816         0.702227541095         0.702545931441         0.702885282357         0.703128701791         0.703162966533         0.702938052055         0.702521937750         0.702106475710         0.701966105024         0.702351097520         0.703306462760         0.704652196909         0.705914936279         0.706606381044         0.706348141151         0.705220641125         0.703843945326         0.703218581651         0.704373340995         0.707708490613         0.712666642982         0.717814369883         0.721275787818         0.721647925560         0.718741847395         0.714384531138         0.711818935782         0.714423444191         0.723909973780         0.739161644578         0.756036983108         0.768769824437         0.772470786117         0.765885363207         0.753200888017         0.742551532369         0.743198827594         0.760354435538         0.792164325564         0.829407705203         0.858113101088         0.864793580483         0.843155735431         0.797892540232         0.743406653063         0.690840719862         0.636419021776         0.527547940360         0.000000000000
        0.803185128636         0.765730809336         0.741131796751         0.719776892475         0.749590061119         0.790077258808         0.833777996443         0.856822567985         0.853567037043         0.826912370237         0.789563980933         0.755778759923         0.735952375431         0.732896843248         0.742166779746         0.755110088883         0.763339093332         0.762042785027         0.751450388405         0.735916994350         0.721061148896         0.711324074981         0.708344791751         0.710693044659         0.715272777851         0.718830225624         0.719425862818         0.716808980794         0.712152144810         0.707332911977         0.703940978571         0.702636308822         0.703141608767         0.704517616071         0.705794463479         0.706265843245         0.705795027887         0.704656182839         0.703365390482         0.702375620789         0.701940732822         0.702021201664         0.702430969598         0.702868159502         0.703153537771         0.703171665447         0.702984125057         0.702654256843         0.702323032720         0.702064679767         0.701960360636         0.702022375873         0.702256023195         0.702598746571         0.702960245099         0.703215515581         0.703246521952         0.703003773473         0.702561731910         0.702125717905         0.701985209034         0.702399987228         0.703412730201         0.704826947825         0.706142096390         0.706850908437         0.706561573146         0.705371952331         0.703932958160         0.703291727680         0.704509957810         0.707979243036         0.713155330935         0.718515058854         0.722064470335         0.722378653354         0.719332984507         0.714805440443         0.712098406631         0.714652981252         0.724196955415         0.739593313166         0.756642025439         0.769510128088         0.773247410583         0.766594857313         0.753785782196         0.743000803897         0.743559547164         0.760695061237         0.792544877312         0.829856357339         0.858617915897         0.865306160261         0.843617550745         0.798266452150         0.743664608637         0.690983985113         0.636481537426         0.527571681793         0.000000000000
        0.814019532270         0.781851298724         0.764720713370         0.750661874038         0.789444643581         0.838270021171         0.889565345856         0.918816580870         0.920787918398         0.898721104204         0.865402205957         0.835067199492         0.818099893621         0.817512431653         0.828974805958         0.843692144540         0.852766152767         0.850823316865         0.837843868528         0.818543104565         0.799641152483         0.786782282096         0.782310063078         0.784797167689         0.790353414182         0.794568132224         0.794530345456         0.789684428157         0.781728068461         0.773450525624         0.767361506130         0.764667109796         0.765052110525         0.767102837262         0.769079091862         0.769704883484         0.768574351155         0.766123901584         0.763273331692         0.760949110057         0.759717412648         0.759641638752         0.760376396866         0.761381876197         0.762160193852         0.762405188814         0.762059414410         0.761270846299         0.760320597536         0.759530079114         0.759184584988         0.759457664562         0.760353391432         0.761670681233         0.763030667733         0.763982880130         0.764177088307         0.763547452747         0.762419544813         0.761461262805         0.761454176052         0.762945101782         0.765923008888         0.769699325711         0.773080688189         0.774848637791         0.774389416725         0.772123769918         0.769531656766         0.768656313564         0.771201581952         0.777616630452         0.786628678297         0.795510657973         0.801178099610         0.801660346798         0.797244429581         0.790792924510         0.786866051281         0.789652505258         0.800928238179         0.818792982936         0.837929360756         0.851589965000         0.854547951547         0.845918451617         0.830214101643         0.816051767651         0.812570705483         0.825055921947         0.851765555523         0.883472479189         0.906162477345         0.906302745955         0.877486783239         0.824610017854         0.762263810340         0.702896293103         0.643287915989         0.531794736059         0.000000000000
        0.819325770461         0.789077085982         0.775277877127         0.765079243327         0.809292844725         0.863650989386         0.920387319503         0.954299355652         0.960183365351         0.941379279392         0.911125340174         0.884087790130         0.870894588656         0.874538293179         0.890369557310         0.909061706624         0.921140450174         0.920875982392         0.908224887176         0.888250907998         0.868456386969         0.855380953616         0.852033159377         0.857008504490         0.865601013393         0.872164673494         0.872607243277         0.865860742673         0.854021865869         0.841134819542         0.831267310203         0.826824520771         0.827743411603         0.831858114414         0.836033709694         0.837612108062         0.835374661936         0.829864395172         0.822925835680         0.816808329830         0.813205137264         0.812679851589         0.814616182151         0.817610391394         0.820082978011         0.820875769800         0.819594828527         0.816667247257         0.813128447488         0.810219216222         0.808965921114         0.809839713960         0.812605307650         0.816372825811         0.819867457614         0.821878949322         0.821716826098         0.819559222193         0.816479727485         0.814138571947         0.814148785287         0.817366270251         0.823404942983         0.830620504011         0.836683139523         0.839551684274         0.838407920804         0.834246774200         0.829690757486         0.827958174386         0.831454989251         0.840517870641         0.853008403768         0.864992194797         0.872328798529         0.872568296382         0.866314257453         0.857353533807         0.851285552098         0.853050963541         0.864539482389         0.883319308875         0.903208248402         0.916691230023         0.918179784445         0.906821562988         0.887609648788         0.869749631339         0.862838466193         0.872382485130         0.896518274713         0.925555554296         0.944866266079         0.940618313065         0.906264288460         0.847103197843         0.778181640021         0.713282694093         0.649693116134         0.536267240502         0.000000000000
        0.821280600253         0.791709316976         0.779026360587         0.770127372577         0.816296235982         0.872750014912         0.931652918760         0.967490430861         0.974886894798         0.957152161179         0.927694224957         0.901398871565         0.889163426368         0.894147275377         0.911734109611         0.932383167383         0.946287900006         0.947396146939         0.935488052058         0.915751210599         0.895945450821         0.883040652013         0.880398530840         0.886759425851         0.897201216507         0.905576685032         0.907225378307         0.900702808001         0.888107302027         0.873916905137         0.862887384969         0.858087465241         0.859789960247         0.865617666771         0.871785359118         0.874778715207         0.872747021826         0.866058318888         0.856988372599         0.848636857874         0.843604333478         0.843037059906         0.846299827536         0.851375624448         0.855753336646         0.857416976077         0.855549986339         0.850784135336         0.844884923198         0.840048144212         0.838071756294         0.839708429295         0.844390721982         0.850426066337         0.855615196607         0.858079040515         0.856990432753         0.852969178426         0.847921079527         0.844375283555         0.844486658086         0.849108793973         0.857307489224         0.866593066450         0.873845605972         0.876616554909         0.874228748824         0.868300334792         0.862233153119         0.859903407736         0.863939937008         0.874414376796         0.888533497361         0.901633322561         0.909091106790         0.908394611889         0.900506417000         0.889818108638         0.882469100407         0.883682377572         0.895289498949         0.914463952549         0.934512208145         0.947498598584         0.947697892507         0.934424775191         0.913057668976         0.893178326938         0.884666029856         0.893086527242         0.916388528165         0.944519413366         0.962495084424         0.956289866120         0.919352208670         0.857254961306         0.785345206513         0.718004158297         0.652659098094         0.538382058137         0.000000000000
        0.822076979996         0.792786446710         0.780516554490         0.772095449414         0.819037972209         0.876372653173         0.936243764952         0.972953279636         0.981033748186         0.963745975340         0.934509510852         0.908337613033         0.896296840047         0.901689972831         0.919945337491         0.941458417139         0.956241343266         0.958028563121         0.946454104787         0.926694770714         0.906696914534         0.893653514175         0.891148434629         0.898030206557         0.909312637154         0.918624589430         0.920981637798         0.914710538170         0.901858883716         0.887074289643         0.875447433779         0.870377744667         0.872367564575         0.879006101932         0.886221955333         0.890085644964         0.888383265736         0.881345151436         0.871405521280         0.862046575526         0.856330147770         0.855737917851         0.859681887747         0.865882337162         0.871354805362         0.873619512638         0.871598632269         0.865987454212         0.858914265179         0.853094375301         0.850754814335         0.852820156584         0.858546112415         0.865804727744         0.871880615441         0.874535024900         0.872877358478         0.867796016896         0.861667168421         0.857497485813         0.857703659371         0.863093650744         0.872393099557         0.882637606581         0.890305499271         0.892780653691         0.889533443045         0.882556649333         0.875686597314         0.873098213861         0.877474851964         0.888673562748         0.903524312054         0.916984167474         0.924227311317         0.922796717858         0.913908924456         0.902308292932         0.894405137376         0.895518378018         0.907350913807         0.926829262165         0.946959480268         0.959622282215         0.959070895818         0.944777114021         0.922381366188         0.901685441467         0.892669678780         0.900854401060         0.924027940299         0.951922778827         0.969387799954         0.962345569297         0.924316074920         0.861054422781         0.788030905219         0.719839640760         0.653915594771         0.539383123690         0.000000000000
        0.822488316838         0.793345836545         0.781276743902         0.773085919936         0.820418573167         0.878208574427         0.938598852733         0.975797152141         0.984273070689         0.967223283366         0.938078514205         0.911925410830         0.899934250098         0.905503926847         0.924091717942         0.946078331864         0.961367260483         0.963556569301         0.952177806235         0.932395203125         0.912249761794         0.899072031451         0.896585350000         0.903717190957         0.915464410947         0.925318033788         0.928108936000         0.922008769299         0.909029983814         0.893906863462         0.881915872727         0.876663132659         0.878782525483         0.885862865104         0.893679912772         0.898064306926         0.896587065486         0.889386337752         0.878975050163         0.869043725941         0.862920862383         0.862290420284         0.866600176567         0.873427472323         0.879526570077         0.882142908238         0.880045040803         0.873954116444         0.866213572442         0.859828903074         0.857277084874         0.859579379435         0.865891518846         0.873831074164         0.880389399714         0.883118061400         0.881103499831         0.875387650404         0.868630572502         0.864108944217         0.864383198937         0.870221231812         0.880143401785         0.890906659380         0.898764173685         0.901019390983         0.897244378543         0.889655621556         0.882346644928         0.879646541142         0.884246939227         0.895869285550         0.911117508886         0.924735213824         0.931797981013         0.929895503217         0.920418011393         0.908316742013         0.900148120868         0.901264259099         0.913276174344         0.932959061703         0.953138829445         0.965601680698         0.964606634041         0.949738888185         0.926798772804         0.905713773753         0.896506544608         0.904651358687         0.927824604457         0.955630512929         0.972823702764         0.965316000387         0.926686902610         0.862812346119         0.789242312093         0.720656602633         0.654467460147         0.539822331664         0.000000000000
        0.822731248801         0.793677448719         0.781722290980         0.773661582987         0.821221308508         0.879280564414         0.939986673686         0.977485828835         0.986200996785         0.969297285713         0.940201540600         0.914045972746         0.902067508260         0.907729124794         0.926510832856         0.948785687537         0.964386906044         0.966827455296         0.955571426286         0.935772331877         0.915524765896         0.902248777514         0.899755582613         0.907027717386         0.919058741435         0.929250920743         0.932319892819         0.926336950750         0.913286487000         0.897959328379         0.885742327352         0.880370423082         0.882559234590         0.889900117908         0.898085037082         0.902793747590         0.901469952725         0.894180565921         0.883492134088         0.873216531520         0.866846871606         0.866187998864         0.870718521662         0.877930679627         0.884416388347         0.887253679554         0.885118603408         0.878745295001         0.870605813202         0.863881622295         0.861201461117         0.863647438108         0.870315586607         0.878667782076         0.885515362292         0.888283870995         0.886043477242         0.879935089264         0.872792242802         0.868055618321         0.868369592423         0.874478994426         0.884774718981         0.895842861458         0.903799503507         0.905902565957         0.901786100913         0.893812618182         0.886232566748         0.883469155023         0.888215395839         0.900100500890         0.915587385819         0.929292683143         0.936232520700         0.934028180391         0.924183350879         0.911778210731         0.903458337330         0.904590957176         0.916728113544         0.936545252280         0.956757554149         0.969092965813         0.967819985354         0.952598942882         0.929331130628         0.908021457598         0.898717645685         0.906859301959         0.930047567643         0.957805292505         0.974834261340         0.967046848949         0.928067335564         0.863835358935         0.789951328181         0.721144743771         0.654808943037         0.540103736431         0.000000000000
        0.822887218617         0.793890160766         0.782007771883         0.774030233173         0.821735384140         0.879966923351         0.940875205205         0.978566544683         0.987434716012         0.970623402119         0.941559064086         0.915402957632         0.903433865655         0.909154318663         0.928061414286         0.950520372819         0.966319977384         0.968919415989         0.957740545520         0.937930701405         0.917616254447         0.904276161940         0.901777308694         0.909142226178         0.921357417275         0.931768280218         0.935017102298         0.929111156202         0.916014679409         0.900556539573         0.888196856224         0.882750559777         0.884985541155         0.892496600058         0.900919578645         0.905837961026         0.904613158928         0.897269882854         0.886406837028         0.875913812047         0.869390265618         0.868714288532         0.873387970826         0.880847801898         0.887582235944         0.890563662145         0.888402726531         0.881848096921         0.873454403650         0.866514432984         0.863754498180         0.866295580936         0.873194412381         0.881813216001         0.888846219230         0.891640950227         0.889256147771         0.882897941066         0.875507598553         0.870632171822         0.870966951490         0.877246183826         0.887774477859         0.899029544645         0.907038524212         0.909035818445         0.904689499796         0.896463871737         0.888706588521         0.885901107248         0.890740147766         0.902792516159         0.918429439874         0.932186983836         0.939043896467         0.936642189559         0.926559031569         0.913957014992         0.905540344464         0.906684790497         0.918903493552         0.938806400432         0.959038346370         0.971288383998         0.969834654013         0.954385910254         0.930909082075         0.909457353860         0.900095331958         0.908238992954         0.931440080195         0.959168379529         0.976091599192         0.968121836657         0.928913621146         0.864452303877         0.790369274597         0.721424370366         0.654997452115         0.540256380235         0.000000000000
        0.824812296576         0.796407809128         0.785572826910         0.778843257717         0.828432591444         0.888705458013         0.951856982236         0.991742459151         1.002698121552         0.987725317783         0.960181741939         0.935300750268         0.924510228122         0.931416423372         0.951640874773         0.975601783121         0.992993247937         0.997122869758         0.987299479241         0.968481525486         0.948785901207         0.935860256238         0.933808807337         0.941839745694         0.954988438721         0.966512840979         0.970785453785         0.965572211021         0.952693632398         0.937004396484         0.924251160115         0.918546247807         0.920941112248         0.929058392434         0.938382491067         0.944135033857         0.943299182714         0.935731499125         0.924078431867         0.912582223758         0.905255969030         0.904311210281         0.909347540246         0.917613191829         0.925191734857         0.928613800151         0.926223485696         0.918809823850         0.909223788802         0.901215921825         0.897899488713         0.900527153279         0.908031342876         0.917419370559         0.924948380528         0.927673252428         0.924619327213         0.917222352111         0.908792236039         0.903212786451         0.903337151692         0.909829414816         0.920740756116         0.932229543107         0.940085765341         0.941485625875         0.936262077530         0.927108790523         0.918614409198         0.915351773804         0.919946290838         0.931789960829         0.947088422589         0.960255323324         0.966264098464         0.962863016056         0.951773489686         0.938254050590         0.929049608762         0.929469573078         0.940900636869         0.959844628105         0.978940675341         0.989900118047         0.987089234412         0.970338903865         0.945608298329         0.923006278881         0.912571168637         0.919658947328         0.941758024359         0.968300184843         0.983953373729         0.974662726197         0.934092922674         0.868283941857         0.792914237703         0.722956101141         0.655815683872         0.540749531786         0.000000000000
        0.827053241578         0.799479420216         0.789799485078         0.784377335896         0.836051432903         0.898680341328         0.964500185221         1.006947374218         1.020144591136         1.006867160336         0.980498908372         0.956454054597         0.946532828059         0.954682008820         0.976699488045         1.002943434924         1.022799248865         1.029179540141         1.020981036878         1.003094049988         0.983799624059         0.971144429425         0.969690693520         0.978975000403         0.994056460252         1.007852110867         1.014225775714         1.010445778569         0.998100721585         0.982242622799         0.969014067945         0.963174968240         0.966176709938         0.975773238572         0.987077410041         0.994743055616         0.995122545361         0.987738308071         0.975369883886         0.962733943045         0.954540972235         0.953570248090         0.959586853536         0.969527999129         0.978828302606         0.983310980808         0.980864969937         0.972335984795         0.961103480686         0.951597476884         0.947615526360         0.950651597100         0.959416972805         0.970235587846         0.978672678730         0.981241470933         0.976935650965         0.967616743562         0.957305076280         0.950523521471         0.950459524868         0.957617932309         0.969522551747         0.981635197261         0.989231999650         0.989343444912         0.982121212637         0.970881296730         0.960768978103         0.956713290151         0.961309784861         0.973540560705         0.989009132972         1.001681885718         1.006334161891         1.000900253972         0.987571915567         0.972115055509         0.961591955342         0.961340787877         0.972475884446         0.991033648338         1.009273181021         1.018699479934         1.013768888544         0.994636232691         0.967684733763         0.943308112818         0.931639452266         0.937864428117         0.959160187014         0.984626103407         0.998686809204         0.987244995615         0.944134520092         0.875717028656         0.797918557417         0.726103535757         0.657661584919         0.542012330936         0.000000000000
        0.829546855280         0.802877241348         0.794446070470         0.790448453732         0.844443933765         0.909710054648         0.978531775080         1.023844284751         1.039497497934         1.028009901706         1.002770565937         0.979491374797         0.970357255266         0.979738019667         1.003647356876         1.032373268366         1.054937266360         1.063739554997         1.057306675679         1.040367516206         1.021413818244         1.008978629733         1.008140600908         1.018784555379         1.035969575428         1.052279586990         1.061012939164         1.058862267835         1.047220104967         1.031247263004         1.017629719588         1.011741248744         1.015500226894         1.026737544423         1.040258829176         1.050090564965         1.051933309479         1.044976048181         1.032071678912         1.018464425957         1.009544940267         1.008665284158         1.015766967072         1.027495639605         1.038658544903         1.044371094658         1.042080844038         1.032650876894         1.019889859571         1.009008032423         1.004413030388         1.007891406802         1.017892958606         1.030177484453         1.039555507353         1.042017759913         1.036480347862         1.025225746796         1.012968171404         1.004913905047         1.004608538975         1.012409679764         1.025279229559         1.037985520063         1.045237854003         1.043899853407         1.034454888328         1.020827734391         1.008858648338         1.003885819270         1.008440345301         1.021045324161         1.036677009043         1.048725878393         1.051751888353         1.043900995384         1.027910136557         1.010153501989         0.998105514410         0.997142562192         1.008036164485         1.026290295776         1.043635893439         1.051330530189         1.043915214683         1.021964413773         0.992384714346         0.965975893897         0.953005163011         0.958446777934         0.979051505944         1.003468181631         1.015797275308         1.001905448464         0.955858458439         0.884419210356         0.803826942265         0.729897485858         0.659983723492         0.543679953084         0.000000000000
        0.832209215581         0.806498471609         0.799403570055         0.796928978502         0.853369496267         0.921377479752         0.993285259872         1.041516444080         1.059676744037         1.050025530154         1.025987375895         1.003543560500         0.995282935387         1.005968414765         1.031827133006         1.063028816889         1.088290879488         1.099551800114         1.094951413052         1.079115602252         1.060713236641         1.048687741416         1.048595898722         1.060642318223         1.079897287060         1.098611342381         1.109609709892         1.109144359981         1.098358561845         1.082544899949         1.068816521298         1.063053484079         1.067612658035         1.080404796854         1.095969546496         1.107780281019         1.111056060576         1.104673606277         1.091524934404         1.077277508916         1.067873836439         1.067156718001         1.075248804348         1.088560235343         1.101368154540         1.108201158205         1.106172245647         1.096106953063         1.082204947300         1.070241100012         1.065163951099         1.069001422254         1.080039608081         1.093533275560         1.103672256612         1.106037125179         1.099481193980         1.086586880547         1.072662508642         1.063467608992         1.062855041101         1.071082317927         1.084643165328         1.097700997960         1.104489104515         1.101774189324         1.090273678671         1.074462067564         1.060747328051         1.054818096516         1.059168376879         1.071931916851         1.087511266793         1.098807692473         1.100181443410         1.089975487785         1.071395387405         1.051377686686         1.037768142215         1.035984871162         1.046500838783         1.064288441459         1.080603905477         1.086442492365         1.076446159496         1.051582905467         1.019270797812         0.990724722891         0.976330440718         0.980877632819         1.000696284632         1.023937030612         1.034390830338         1.017870686256         0.968662902451         0.893965735591         0.810345980622         0.734106794950         0.662584960307         0.545562874551         0.000000000000
        0.834486136146         0.809593318777         0.803662631598         0.802513328577         0.861045688022         0.931347038977         1.005821875449         1.056433045864         1.076675614396         1.068593239418         1.045677165755         1.024060485440         1.016652496602         1.028493303446         1.055965043292         1.089150743509         1.116558377393         1.129806435304         1.126761519943         1.111954825929         1.094171389530         1.082629156504         1.083252136902         1.096427854301         1.117269823418         1.137832710933         1.150620402491         1.151573905247         1.141673905600         1.126273164307         1.112724035278         1.107276606751         1.112546283228         1.126519462798         1.143578151787         1.156876878073         1.161302945044         1.155547454078         1.142487079680         1.128035883475         1.118497355069         1.118010625083         1.126800471592         1.141172511972         1.155109002910         1.162753253291         1.161026326024         1.150703931078         1.136205049648         1.123651692856         1.118318070978         1.122399264194         1.134075584507         1.148299275844         1.158888368144         1.161179723251         1.153975363412         1.140034956907         1.125023618041         1.115060765503         1.114182630150         1.122571727216         1.136446604586         1.149593976554         1.155930449015         1.152167185567         1.139183849361         1.121802323575         1.106799852697         1.100093535803         1.104150204338         1.116833227649         1.132157948349         1.142688576243         1.142669312235         1.130588163314         1.109972064371         1.088158292487         1.073255008043         1.070697512824         1.080727415384         1.097956831819         1.113273545015         1.117481495420         1.105302592797         1.078001774836         1.043389606456         1.013005919668         0.997340115475         1.001031522297         1.020072601422         1.042226535575         1.051010779453         1.032190462380         0.980212671489         0.902636629713         0.816312286251         0.737994224145         0.665020301354         0.547345251086         0.000000000000
        0.835844493450         0.811443005354         0.806213235431         0.805857048322         0.865628954869         0.937288252669         1.013277038181         1.065333307547         1.086867039200         1.079807852655         1.057657666921         1.036636846970         1.029808483771         1.042349649667         1.070734277063         1.105063661564         1.133715928390         1.148160550560         1.146135192228         1.132096090418         1.114850731198         1.103734625646         1.104815438012         1.118624489280         1.140282288026         1.161851677157         1.175639883507         1.177474828128         1.168228482429         1.153217278260         1.139917607987         1.134720648943         1.140381442852         1.154950090079         1.172767005863         1.186885354583         1.192017197071         1.186738082423         1.173941662516         1.159577225008         1.150107749164         1.149805591284         1.158956996037         1.173846746015         1.188330378156         1.196437112314         1.194943916428         1.184641042561         1.169988841832         1.157252363956         1.151834103476         1.155995262793         1.167898259852         1.182392415338         1.193155170165         1.195418575547         1.187945200803         1.173595037386         1.158133763726         1.147831298611         1.146802203526         1.155189664814         1.169106418746         1.182183810698         1.188231473327         1.183911484009         1.170201839361         1.152052134023         1.136402187515         1.129247824095         1.133024967277         1.145492707692         1.160500595433         1.170471469649         1.169617799053         1.156495003658         1.134782088532         1.111988048528         1.096326119499         1.093240522336         1.102840231710         1.119562984170         1.134124192401         1.137267586408         1.123757386150         1.095008581780         1.059039197947         1.027542240316         1.011058114639         1.014140357513         1.032605869381         1.053986586079         1.061651459278         1.041363309394         0.987652979718         0.908277177078         0.820255458374         0.740620928310         0.666720425555         0.548622060889         0.000000000000
        0.836422396231         0.812232382737         0.807305045055         0.807289107664         0.867587218251         0.939826726693         1.016468355230         1.069142902638         1.091236405822         1.084638311670         1.062839085289         1.042095398762         1.035523875697         1.048365707956         1.077108018159         1.111895121833         1.141063153357         1.156031242111         1.154499275850         1.140860258837         1.123924309375         1.113051324084         1.114365880951         1.128452840381         1.150471435166         1.172448807322         1.186701037382         1.188958311662         1.180065089239         1.165319251517         1.152203258350         1.147159487128         1.152987675458         1.167777329637         1.185870736941         1.200304076915         1.205754531534         1.200742244927         1.188138061551         1.173902674844         1.164517318250         1.164299018752         1.173557646334         1.188601070598         1.203266854422         1.211572664860         1.210240619944         1.200032281097         1.185420868674         1.172686284994         1.167254469440         1.171422811815         1.183351122630         1.197891682298         1.208692470202         1.210959690506         1.203434167075         1.188985815081         1.173411124572         1.162995550136         1.161872932857         1.170177975615         1.184009937439         1.196966622879         1.202846190881         1.198302408149         1.184335069952         1.165925540010         1.150035234357         1.142678978890         1.146282554539         1.158571362741         1.173344018696         1.183012456252         1.181780716655         1.168235287742         1.146111862918         1.122953154552         1.106986806093         1.103632619821         1.112975249267         1.129378021677         1.143533635703         1.146165112307         1.132071934618         1.102725747087         1.066207127122         1.034238744451         1.017383877582         1.020150105185         1.038280180197         1.059254923435         1.066386015916         1.045436275542         0.990968987694         0.910815092949         0.822051997223         0.741836229731         0.667524905106         0.549233546997         0.000000000000
        0.836637011689         0.812525900517         0.807715075401         0.807829157281         0.868325774518         0.940775978834         1.017636661454         1.070549542748         1.092857476135         1.086447828669         1.064808563572         1.044195069455         1.037732270010         1.050714927174         1.079605287454         1.114550715101         1.143925209593         1.159098976661         1.157769525012         1.144288853020         1.127485999969         1.116717307983         1.118132813122         1.132315136484         1.154454273553         1.176575327722         1.190982943655         1.193401018661         1.184656740678         1.170041060214         1.157025990752         1.152053763509         1.157938669427         1.172783336542         1.190951628040         1.205492280789         1.211067968635         1.206181062085         1.193698537202         1.179552710700         1.170218907862         1.170020965156         1.179299671392         1.194375184142         1.209084269506         1.217438860760         1.216153784329         1.205991602452         1.191415804442         1.178705396272         1.173278725686         1.177435797397         1.189349781926         1.203876123982         1.214666806285         1.216922999728         1.209393761348         1.194940321645         1.179349879711         1.168895128336         1.167715079275         1.175969486995         1.189744631481         1.202634107839         1.208443090676         1.203826579042         1.189788868976         1.171316418732         1.155368892182         1.147932765371         1.151445727813         1.163621730235         1.178265722227         1.187791995495         1.186410628672         1.172718168173         1.150453550606         1.127162646226         1.111078895889         1.107604240118         1.116815280964         1.133061879516         1.147036146305         1.149461247763         1.135155908665         1.105599860462         1.068891223986         1.036754853648         1.019758984902         1.022397783922         1.040389998868         1.061198336993         1.068124900365         1.046931962505         0.992196258132         0.911772620333         0.822747241075         0.742319979647         0.667854789969         0.549488841422         0.000000000000
        0.836714653587         0.812632505361         0.807865519985         0.808027900750         0.868596211629         0.941123829375         1.018070786866         1.071067449522         1.093458005251         1.087127213574         1.065559773749         1.045010096878         1.038605807100         1.051640486292         1.080584225170         1.115578042325         1.145010036763         1.160254847698         1.159001623968         1.145594257537         1.128860072946         1.118147858944         1.119608463849         1.133826664886         1.155988266647         1.178149030840         1.192589412138         1.195063906368         1.186382986106         1.171829021952         1.158866660430         1.153928435938         1.159836690298         1.174700178949         1.192889673075         1.207457637620         1.213074463006         1.208227180784         1.195786781754         1.181681609327         1.172383474946         1.172212825532         1.181499921342         1.196579030278         1.211275604866         1.219640836236         1.218377811383         1.208246825906         1.193705937606         1.181024254454         1.175613832825         1.179776263610         1.191686010581         1.206204739811         1.216987651414         1.219239461896         1.211708003931         1.197262538387         1.181679916058         1.171225547539         1.170032108783         1.178247884955         1.191975626630         1.204814377686         1.210577824246         1.205924533965         1.191858804972         1.173364075382         1.157395759157         1.149933677395         1.153408409727         1.165528749490         1.180109255763         1.189568578370         1.188119433404         1.174367809038         1.152056859703         1.128723653614         1.112598483357         1.109077857468         1.118233359098         1.134413192854         1.148308504996         1.150647782145         1.136261069862         1.106629173671         1.069854176522         1.037662658529         1.020618765545         1.023210018731         1.041148302461         1.061890173654         1.068737142092         1.047453702489         0.992622361349         0.912104933736         0.822994926762         0.742503916422         0.667993869830         0.549606176639         0.000000000000
        0.836742058435         0.812669533235         0.807918039855         0.808097811676         0.868691696167         0.941245960872         1.018222095326         1.071245734680         1.093663381090         1.087359204174         1.065817500609         1.045292128012         1.038912041069         1.051969052678         1.080936885244         1.115950367697         1.145394498650         1.160664233378         1.159423440002         1.146037654464         1.129326269381         1.118635394460         1.120115373626         1.134349951994         1.156526685048         1.178703810930         1.193161908419         1.195659371443         1.187003499658         1.172475063620         1.159537006834         1.154617656203         1.160539301144         1.175414061660         1.193612721051         1.208192132502         1.213823306189         1.208994027144         1.196572626572         1.182485758888         1.173202983394         1.173040885504         1.182332529763         1.197411709364         1.212108146189         1.220475613472         1.219220617982         1.209101588355         1.194573681478         1.181905238233         1.176501170296         1.180663057280         1.192564251387         1.207067732447         1.217841547974         1.220089537282         1.212555612252         1.198106517621         1.182516602822         1.172059335832         1.170860695610         1.179068507936         1.192783653015         1.205604901953         1.211348059176         1.206675785633         1.192594352679         1.174087883597         1.158109660591         1.150636992470         1.154096798269         1.166196030344         1.180751461588         1.190184244000         1.188708106268         1.174933933452         1.152606169348         1.129260301412         1.113124278187         1.109591058735         1.118729284164         1.134886626045         1.148754005272         1.151061280613         1.136643758663         1.106984877927         1.070187813055         1.037979649178         1.020922897091         1.023500329368         1.041421070963         1.062138517960         1.068955628448         1.047636914229         0.992770125917         0.912221000611         0.823085294001         0.742577069115         0.668054972450         0.549661565555         0.000000000000
        0.836752406242         0.812683269794         0.807938013029         0.808124987467         0.868729029297         0.941293309002         1.018280112616         1.071312608442         1.093739819602         1.087446457637         1.065917103689         1.045404534014         1.039037883169         1.052106414367         1.081084714641         1.116104499962         1.145550004634         1.160828076257         1.159599133718         1.146228338031         1.129533463104         1.118854570426         1.120342045536         1.134581746990         1.156762741589         1.178945382235         1.193410115156         1.195915634636         1.187269915491         1.172754215841         1.159827569163         1.154916156617         1.160842219110         1.175719865950         1.193920872164         1.208503800387         1.214139578090         1.209317503054         1.196902014904         1.182823469290         1.173548189709         1.173390144538         1.182682479712         1.197758898220         1.212453452062         1.220820149765         1.219565817068         1.209453075262         1.194931018087         1.182271475758         1.176873537744         1.181040044337         1.192928583943         1.207417208455         1.218178357882         1.220416629510         1.212876996459         1.198426187501         1.182836666390         1.172380911052         1.171182115890         1.179385886001         1.193092885351         1.205903937842         1.211637653794         1.206958598867         1.192874380655         1.174369085741         1.158393410390         1.150921931199         1.154378832794         1.166470591792         1.181015335429         1.190437858338         1.188953984928         1.175177293832         1.152852436312         1.129509951499         1.113375425618         1.109836922862         1.118965728909         1.135109019458         1.148959584860         1.151247410543         1.136812323379         1.107139436011         1.070333628575         1.038120220943         1.021059350113         1.023629590394         1.041539700607         1.062241979358         1.069042630771         1.047707911433         0.992826945483         0.912266363097         0.823122573623         0.742609515178         0.668084223393         0.549689372697         0.000000000000
        0.836756556642         0.812688835634         0.807946348628         0.808136573600         0.868744998199         0.941313443264         1.018304922709         1.071341387812         1.093774025705         1.087488118287         1.065968324180         1.045465767579         1.039108898736         1.052185368404         1.081170728262         1.116193262246         1.145637213064         1.160918641410         1.159694845557         1.146330754145         1.129643524296         1.118970616176         1.120461900281         1.134701626794         1.156879299471         1.179057883237         1.193520065336         1.196026869236         1.187385221351         1.172875745602         1.159955399618         1.155047680155         1.160974594809         1.175851070221         1.194050127678         1.208632458254         1.214271062043         1.209452182415         1.197041820952         1.182968534175         1.173697146000         1.173540145014         1.182831198118         1.197904101522         1.212595395923         1.220959910672         1.219705297148         1.209595122548         1.195075890503         1.182417923779         1.177017520014         1.181182551620         1.193066825570         1.207550459042         1.218306343179         1.220540399936         1.212998435401         1.198547217594         1.182958334901         1.172502868512         1.171303420197         1.179504740479         1.193207579140         1.206013849778         1.211743229048         1.207061039361         1.192975335532         1.174470322987         1.158495649723         1.151024813867         1.154480857928         1.166569974028         1.181110381844         1.190528592843         1.189040873212         1.175262068551         1.152937451961         1.129597451781         1.113464788956         1.109924243980         1.119048214144         1.135185961257         1.149029869724         1.151309878238         1.136868406846         1.107190962373         1.070382222198         1.038167453588         1.021106099792         1.023674611034         1.041581934712         1.062279090612         1.069073898174         1.047733301641         0.992847261303         0.912282793234         0.823136669119         0.742622614121         0.668096833030         0.549701938974         0.000000000000
        0.836758023563         0.812690878793         0.807949342354         0.808140685063         0.868750701844         0.941320748926         1.018314426920         1.071352889788         1.093788519999         1.087506772569         1.065992234936         1.045494811343         1.039142310506         1.052222438442         1.081209444820         1.116232988148         1.145673149399         1.160953988994         1.159731279377         1.146369785559         1.129685930797         1.119016004122         1.120509057007         1.134749030600         1.156925772217         1.179103612421         1.193566316360         1.196075753343         1.187437901804         1.172932539598         1.160015923451         1.155110723295         1.161039286074         1.175917494391         1.194115880462         1.208694524100         1.214335870569         1.209518254487         1.197109735742         1.183037285740         1.173766129234         1.173607976782         1.182897135152         1.197967377091         1.212656532604         1.221019631925         1.219764479935         1.209654756657         1.195136039267         1.182478461830         1.177077195699         1.181241137002         1.193122834622         1.207604107758         1.218357570846         1.220589915193         1.213047126044         1.198595893522         1.183007085201         1.172551079768         1.171350445464         1.179549892612         1.193250506709         1.206054897597         1.211783062128         1.207100368623         1.193014660023         1.174509982777         1.158535483235         1.151064373429         1.154519529694         1.166607295560         1.181145875828         1.190562756723         1.189073891085         1.175294562011         1.152969997797         1.129630639544         1.113498574731         1.109957710323         1.119079561068         1.135215061090         1.149056666368         1.151334319989         1.136891021835         1.107212411813         1.070402631040         1.038186918632         1.021124650230         1.023691527787         1.041597307451         1.062292284433         1.069085150774         1.047742939398         0.992855577037         0.912289927302         0.823142814872         0.742628051813         0.668101783506         0.549706640684         0.000000000000
        0.836758317059         0.812691536311         0.807950024066         0.808141335186         0.868751575661         0.941322155646         1.018317367427         1.071357811830         1.093796340833         1.087518081761         1.066007189487         1.045512430210         1.039161492775         1.052242337131         1.081229810211         1.116253277107         1.145692162693         1.160974623779         1.159754980782         1.146397155834         1.129716570389         1.119048582479         1.120541866808         1.134780781615         1.156956161245         1.179133838508         1.193598618833         1.196112649460         1.187481124256         1.172982248676         1.160070984379         1.155168123034         1.161096961665         1.175974018842         1.194173630226         1.208754337254         1.214398953756         1.209585613645         1.197178548043         1.183106497009         1.173834701241         1.173674212999         1.182960270332         1.198025641587         1.212710436985         1.221071074757         1.219815296581         1.209706026178         1.195187901062         1.182529618467         1.177126227590         1.181286496869         1.193163636297         1.207640900048         1.218391463328         1.220622552459         1.213079845922         1.198629298701         1.183040559307         1.172583245964         1.171380018788         1.179576186529         1.193273761589         1.206076281667         1.211804008827         1.207121972823         1.193037228428         1.174533108326         1.158558188705         1.151085640537         1.154538727965         1.166624475622         1.181161437225         1.190577868272         1.189089127415         1.175310345525         1.152986095137         1.129646371884         1.113513142979         1.109970483488         1.119090211700         1.135224198293         1.149065136622         1.151342875347         1.136900097589         1.107221921640         1.070411829470         1.038195021733         1.021131248166         1.023696261183         1.041601009984         1.062295287195         1.069088242278         1.047746577705         0.992859673614         0.912293932835         0.823146144006         0.742630464698         0.668103423561         0.549707756246         0.000000000000
        0.836758540715         0.812691906813         0.807950547408         0.808142039698         0.868752574682         0.941323501737         1.018319394442         1.071360566205         1.093800298862         1.087523790626         1.066015105215         1.045522220403         1.039172666127         1.052254433661         1.081242311999         1.116264752606         1.145703178183         1.160986357789         1.159768973279         1.146414286266         1.129737080082         1.119071868104         1.120566706395         1.134805935830         1.156980968190         1.179158793352         1.193625317718         1.196143242672         1.187517371096         1.173024742165         1.160119518343         1.155221314291         1.161153617324         1.176033663142         1.194237122308         1.208820632867         1.214465550949         1.209651714656         1.197246774565         1.183176660392         1.173903558171         1.173740894794         1.183023544574         1.198084360675         1.212764997190         1.221122917635         1.219866676700         1.209758931996         1.195243860012         1.182588415805         1.177186641966         1.181345451182         1.193219596242         1.207692881442         1.218439521319         1.220667905294         1.213124318830         1.198674489570         1.183087067618         1.172630298990         1.171427248908         1.179620083814         1.193312507301         1.206106986642         1.211831108971         1.207147375134         1.193062485100         1.174558968397         1.158584352172         1.151111019913         1.154562012416         1.166644766997         1.181178462935         1.190592392881         1.189102088957         1.175322825544         1.152998695631         1.129659128517         1.113525628314         1.109982000724         1.119100137769         1.135232455379         1.149071995648         1.151348851535         1.136905763633         1.107227622305         1.070417512101         1.038200416687         1.021136129459         1.023700116196         1.041604279167         1.062297746805         1.069090241089         1.047748447202         0.992861540225         0.912295678339         0.823147562857         0.742631462390         0.668104064147         0.549708148958         0.000000000000
        0.836758593035         0.812692006152         0.807950661141         0.808142175450         0.868752791840         0.941323844167         1.018320063199         1.071361530099         1.093801738570         1.087525931121         1.066018155885         1.045525919200         1.039176808464         1.052258947514         1.081247127049         1.116268754207         1.145707007649         1.160990293336         1.159773566255         1.146419725280         1.129743395334         1.119078850509         1.120573998884         1.134813222347         1.156988101990         1.179165961894         1.193632979811         1.196151984447         1.187527634181         1.173036581945         1.160132902306         1.155235637054         1.161168397332         1.176048533558         1.194252063999         1.208835912752         1.214481632814         1.209669279172         1.197266259365         1.183198203705         1.173926647469         1.173764930329         1.183047857461         1.198108371844         1.212788586685         1.221146296013         1.219890507930         1.209783808041         1.195270585251         1.182616883309         1.177215474065         1.181374429114         1.193247925588         1.207719918027         1.218465116778         1.220692663478         1.213149326091         1.198700789022         1.183115036558         1.172659384805         1.171456578834         1.179648389280         1.193338632747         1.206131980844         1.211856186656         1.207173965285         1.193091679324         1.174590927267         1.158618264076         1.151145949094         1.154597620773         1.166679795648         1.181210199384         1.190618240892         1.189124294254         1.175343399135         1.153018653947         1.129678471053         1.113543650144         1.109997758491         1.119112954334         1.135242318980         1.149079441817         1.151354739980         1.136910992424         1.107232771265         1.070422730605         1.038205512583         1.021140865640         1.023703881036         1.041607474959         1.062299991785         1.069091814260         1.047749676840         0.992862638756         0.912296660248         0.823148332423         0.742631965485         0.668104341061         0.549708269284         0.000000000000
        0.836758580149         0.812692012750         0.807950629740         0.808142101255         0.868752711345         0.941323804236         1.018320223857         1.071361876445         1.093802363597         1.087526936083         1.066019625227         1.045527618355         1.039178603365         1.052260844965         1.081249196872         1.116270299496         1.145708526030         1.160991897352         1.159775487704         1.146421958908         1.129745871459         1.119081415051         1.120576483430         1.134815535295         1.156990262275         1.179168132167         1.193635400792         1.196154895064         1.187531165901         1.173040640330         1.160137457327         1.155240336471         1.161173056627         1.176053067697         1.194256531000         1.208840532347         1.214486516001         1.209674913852         1.197272847664         1.183205734680         1.173934888518         1.173773650110         1.183056864748         1.198117560361         1.212797974141         1.221155896734         1.219900417669         1.209793966156         1.195281190299         1.182628449574         1.177228430889         1.181387166961         1.193265128271         1.207729340134         1.218475315494         1.220702755583         1.213159573020         1.198711163548         1.183125617383         1.172670100604         1.171467340387         1.179658885258         1.193348246310         1.206141452718         1.211865887013         1.207184336913         1.193103128316         1.174603585463         1.158631931314         1.151160286242         1.154612681868         1.166693647747         1.181221003565         1.190626821249         1.189132095955         1.175351102806         1.153026471182         1.129686253952         1.113550974217         1.110004171167         1.119118174088         1.135246418648         1.149082750790         1.151357703844         1.136914024274         1.107236048774         1.070426189292         1.038208901921         1.021143997666         1.023706254334         1.041609542802         1.062301388700         1.069092781053         1.047750473655         0.992863420115         0.912297400317         0.823148910976         0.742632312322         0.668104487817         0.549708278373         0.000000000000
        0.836758739573         0.812692267986         0.807951074843         0.808142768148         0.868753618294         0.941324920906         1.018321635467         1.071363698025         1.093804999792         1.087530934778         1.066025479071         1.045535381530         1.039188083356         1.052272070896         1.081261982684         1.116284047489         1.145722623296         1.161005900290         1.159789462185         1.146435878918         1.129759890378         1.119095455014         1.120590139187         1.134828222954         1.157001495240         1.179177816234         1.193643902998         1.196162893305         1.187539348926         1.173049344638         1.160146758455         1.155249730475         1.161182001204         1.176061130760         1.194263569882         1.208846806115         1.214492261055         1.209681024939         1.197279752381         1.183213451502         1.173943108310         1.173781962763         1.183064878686         1.198125106858         1.212805135245         1.221162920368         1.219907697066         1.209801725696         1.195289547398         1.182637330437         1.177237581650         1.181396395440         1.193274126961         1.207738217952         1.218484294132         1.220712089747         1.213169461050         1.198721750345         1.183137363570         1.172684603389         1.171484945701         1.179672110735         1.193362693542         1.206147832772         1.211872129924         1.207190495738         1.193109560078         1.174610091657         1.158638213173         1.151166054236         1.154617770215         1.166698051892         1.181224917762         1.190630512574         1.189135859216         1.175355083502         1.153030635263         1.129690354313         1.113554704265         1.110007288687         1.119120588584         1.135248257911         1.149084275383         1.151359198897         1.136915712847         1.107237975076         1.070428253857         1.038210902207         1.021145811477         1.023707587100         1.041610721107         1.062302161971         1.069093329509         1.047750984402         0.992863987356         0.912297968582         0.823149353982         0.742632557993         0.668104561796         0.549708235186         0.000000000000
        0.836759152963         0.812692857253         0.807952177788         0.808144480946         0.868755935048         0.941327674049         1.018324733760         1.071367303857         1.093809797895         1.087537894997         1.066035524539         1.045548438541         1.039205299952         1.052292389610         1.081282322675         1.116303047574         1.145737030503         1.161017340480         1.159798654554         1.146444057660         1.129767724528         1.119103014930         1.120597061649         1.134834119082         1.157006201231         1.179181485286         1.193646902217         1.196165634250         1.187542126626         1.173052199048         1.160149688713         1.155252467299         1.161184387303         1.176063112940         1.194265192766         1.208848256936         1.214493462948         1.209682530640         1.197281644566         1.183215618792         1.173945360501         1.173784164000         1.183066931185         1.198127045937         1.212807050609         1.221164893543         1.219909837559         1.209804016881         1.195291970176         1.182639849098         1.177240056071         1.181398796541         1.193276426850         1.207740505383         1.218486677254         1.220714680825         1.213172323003         1.198724897279         1.183140693941         1.172688198540         1.171488668432         1.179675384495         1.193365768875         1.206150967221         1.211875354599         1.207193816537         1.193113009831         1.174613581590         1.158641565527         1.151169068300         1.154620311168         1.166700125160         1.181226666714         1.190632171089         1.189137625231         1.175357026396         1.153032710067         1.129692368329         1.113556448675         1.110008630411         1.119121511467         1.135248886925         1.149084807389         1.151359815044         1.136916525627         1.107238963566         1.070429313106         1.038211879483         1.021146623195         1.023708153221         1.041611182834         1.062302440228         1.069093567092         1.047751317234         0.992864453240         0.912298470694         0.823149742679         0.742632749886         0.668104579651         0.549708132685         0.000000000000
        0.836759188243         0.812692914128         0.807952276414         0.808144629063         0.868756140439         0.941327932665         1.018325079660         1.071367740033         1.093810414768         1.087538820092         1.066036906227         1.045550188590         1.039207505295         1.052294646379         1.081284559785         1.116305081075         1.145738809984         1.161018607738         1.159799713372         1.146445032185         1.129768687197         1.119103959699         1.120597940309         1.134834882376         1.157006822994         1.179181981994         1.193647320787         1.196166037295         1.187542563717         1.173052636763         1.160150182446         1.155252905482         1.161184747411         1.176063403292         1.194265411296         1.208848459041         1.214493456650         1.209682733205         1.197282058006         1.183216173423         1.173945964848         1.173784774814         1.183067503148         1.198127606178         1.212807625131         1.221165480319         1.219910467792         1.209804652719         1.195292614491         1.182640529414         1.177240715338         1.181399434345         1.193277042750         1.207741134558         1.218487355782         1.220715439716         1.213173183812         1.198725861770         1.183141721874         1.172689285330         1.171489778129         1.179676324748         1.193366583082         1.206151820082         1.211876252033         1.207194762974         1.193114013102         1.174614605502         1.158642540798         1.151169924474         1.154620997289         1.166700660626         1.181227125394         1.190632653810         1.189138206745         1.175357698556         1.153033434478         1.129693026674         1.113556938606         1.110008910675         1.119121602165         1.135248872003         1.149084791956         1.151359876176         1.136916698195         1.107239215186         1.070429590027         1.038212118511         1.021146798797         1.023708322796         1.041611315149         1.062302524792         1.069093676339         1.047751529021         0.992864781421         0.912298833510         0.823150022707         0.742632882161         0.668104581051         0.549708044112         0.000000000000
        0.836759137724         0.812692883012         0.807952177537         0.808144444204         0.868755891281         0.941327682656         1.018324971338         1.071367863050         1.093810868877         1.087539641026         1.066038098018         1.045551551083         1.039208891853         1.052295530093         1.081285006597         1.116305059162         1.145738430806         1.161017279395         1.159798110747         1.146443301088         1.129766865011         1.119102015014         1.120595892564         1.134832827441         1.157004905614         1.179180335368         1.193646005180         1.196165013789         1.187541709604         1.173051750917         1.160149203526         1.155251724829         1.161183432444         1.176062105992         1.194264257873         1.208847557653         1.214492639446         1.209682271659         1.197281789132         1.183215924954         1.173945604321         1.173784282870         1.183066919318         1.198127057940         1.212807220308         1.221165250634         1.219910410983         1.209804662477         1.195292604002         1.182640453886         1.177240511992         1.181399127860         1.193276706081         1.207740870065         1.218487241870         1.220715502177         1.213173396450         1.198726152758         1.183141995502         1.172689479080         1.171489883944         1.179676297721         1.193366460372         1.206151805211         1.211876383673         1.207195036696         1.193114383184         1.174614983299         1.158642830051         1.151170064113         1.154620973998         1.166700540916         1.181227019177         1.190632668366         1.189138398501         1.175358020629         1.153033809265         1.129693310041         1.113557023406         1.110008773095         1.119121293094         1.135248500814         1.149084477183         1.151359690632         1.136916654136         1.107239255421         1.070429642390         1.038212115547         1.021146709613         1.023708272262         1.041611200279         1.062302422340         1.069093668897         1.047751682255         0.992865088639         0.912299191575         0.823150299242         0.742633005383         0.668104567825         0.549707936884         0.000000000000
        0.836759097758         0.812692879913         0.807952119509         0.808144312581         0.868755712089         0.941327528322         1.018325012598         1.071368248263         1.093811781051         1.087541201776         1.066040375133         1.045554414434         1.039212047365         1.052298537329         1.081287898035         1.116307151098         1.145740211116         1.161018053734         1.159798402823         1.146443319795         1.129766764939         1.119101827964         1.120595614230         1.134832463075         1.157004502646         1.179179979582         1.193645785053         1.196164971587         1.187541816480         1.173051871175         1.160149273934         1.155251600001         1.161183114896         1.176061696900         1.194263864750         1.208847297739         1.214492435591         1.209682396159         1.197282087913         1.183216239127         1.173945789492         1.173784288772         1.183066761221         1.198126848228         1.212807075472         1.221165230510         1.219910540447         1.209804864010         1.195292796871         1.182640577714         1.177240496597         1.181398977468         1.193276484706         1.207740677336         1.218487163149         1.220715573800         1.213173600205         1.198726419094         1.183142229905         1.172689607140         1.171489895905         1.179676187125         1.193366252631         1.206151691402         1.211876410712         1.207195206755         1.193114647519         1.174615251187         1.158643006813         1.151170093410         1.154620849127         1.166700331083         1.181226832945         1.190632606813         1.189138512315         1.175358260614         1.153034097435         1.129693508620         1.113557031113         1.110008569731         1.119120930775         1.135248084375         1.149084118898         1.151359458269         1.136916555960         1.107239236627         1.070429636819         1.038212062710         1.021146573089         1.023708200024         1.041611038333         1.062302283957         1.069093637897         1.047751815798         0.992865376418         0.912299530921         0.823150560870         0.742633119254         0.668104549916         0.549707828046         0.000000000000
        0.837804192278         0.814842921453         0.811338428585         0.812343610074         0.873459953941         0.946322523251         1.023674585520         1.077603981144         1.101751140067         1.098029741833         1.079531126260         1.061866212394         1.057540184329         1.071518172804         1.100438815656         1.134985382363         1.164255314873         1.180283082018         1.180965673995         1.170396899988         1.156700827218         1.148444137927         1.151159212121         1.165341638838         1.186603486454         1.207773223528         1.221994104981         1.225523772343         1.219108983556         1.207467414083         1.197158474670         1.193814956105         1.199856823274         1.213624887332         1.230207745398         1.243591393551         1.249198152788         1.245754376184         1.235732011901         1.224226544126         1.216768133600         1.217017994719         1.225268104871         1.238375695850         1.251124634387         1.258445010643         1.257548831242         1.249083150635         1.236827970841         1.226081587617         1.221431828152         1.224818662896         1.234717679064         1.246770457281         1.255618248312         1.257170819521         1.250355301939         1.237593542353         1.223806524629         1.214350048927         1.212749689677         1.219166983217         1.230263983624         1.240549172009         1.244674930391         1.239729220080         1.226547792165         1.209453928854         1.194505519688         1.186956890965         1.188969204674         1.198560533580         1.210280210595         1.217392480577         1.214724686378         1.200972412494         1.179461970155         1.156953473408         1.140908188143         1.136280664501         1.143192049723         1.156512036962         1.167666566399         1.168069721955         1.152856715791         1.123349929531         1.087063977186         1.055009820141         1.037175969763         1.037945481401         1.053334190831         1.071430753800         1.076163488885         1.053655471714         0.998463767743         0.918087272512         0.829219197730         0.748740454663         0.674062142555         0.555187890389         0.000000000000
        0.837876562731         0.814983605856         0.811571231491         0.812660596049         0.873850615927         0.946779404533         1.024224316095         1.078317325249         1.102738861573         1.099405629718         1.081367415072         1.064157517294         1.060203426110         1.074426874910         1.103481769355         1.138120389752         1.167535809267         1.183847457973         1.184985081462         1.175001894550         1.161923101407         1.154200024621         1.157283866261         1.171656467311         1.192990296737         1.214225002313         1.228621682843         1.232507009137         1.226623680835         1.215607086259         1.205894446781         1.202994368008         1.209261099987         1.223054050727         1.239569100074         1.252939715818         1.258709705597         1.255644692808         1.246161374370         1.235227222374         1.228227754273         1.228710298553         1.236940579036         1.249853066609         1.262385279334         1.269629334079         1.268890917641         1.260802315603         1.249030246120         1.238712948224         1.234285660712         1.237614133091         1.247209631435         1.258852825958         1.267369352664         1.268814914010         1.262155728964         1.249733392334         1.236304260145         1.227045585803         1.225359296664         1.231393586433         1.241919270933         1.251632937823         1.255372505951         1.250324117339         1.237289457382         1.220445120921         1.205655578524         1.198009637322         1.199604302614         1.208522828573         1.219484184036         1.225959865305         1.222924483291         1.209098187883         1.187698798927         1.165297781330         1.149164057455         1.144143344121         1.150374807652         1.162867481940         1.173246730737         1.173099317829         1.157632310573         1.128109974773         1.091890368021         1.059801006122         1.041706373673         1.041973023552         1.056717369161         1.074187504831         1.078464873874         1.055754975065         1.000595213346         0.920371825036         0.831676123533         0.751304780045         0.676688956950         0.557728136764         0.000000000000
        0.837881681027         0.814993648534         0.811587967538         0.812683113974         0.873878011062         0.946811421266         1.024263218724         1.078367497588         1.102808457647         1.099502737509         1.081497254814         1.064320635231         1.060395117831         1.074639548846         1.103707882071         1.138356636202         1.167785310390         1.184118408618         1.185288392073         1.175346047748         1.162311127031         1.154627862749         1.157741465118         1.172132254310         1.193476326789         1.214720531776         1.229132771464         1.233045049673         1.227199796069         1.216227419116         1.206557761522         1.203692170551         1.209981392536         1.223785863620         1.240306800641         1.253685618642         1.259472374158         1.256435778602         1.246990216079         1.236096088677         1.229130436262         1.229634417328         1.237872658794         1.250783381752         1.263311784910         1.270558082335         1.269833366559         1.261770241621         1.250029938058         1.239741433857         1.235331265601         1.238661272394         1.248244267621         1.259868606243         1.268369487970         1.269810468921         1.263160972783         1.250758897091         1.237351396830         1.228104865613         1.226413708049         1.232425455205         1.242917002595         1.252595917774         1.256310637714         1.251253776520         1.238225836910         1.221395145153         1.206613696401         1.198959346178         1.200524959710         1.209397752954         1.220307627181         1.226739410347         1.223676868487         1.209842507900         1.188447535478         1.166051051417         1.149908814122         1.144859127380         1.151042478948         1.163477280085         1.173801757473         1.173614038816         1.158126898482         1.128600900961         1.092384401046         1.060292678693         1.042181959561         1.042418454697         1.057124278240         1.074557782202         1.078810342868         1.056092494965         1.000940261377         0.920731734513         0.832050834523         0.751686791110         0.677071400911         0.558087877668         0.000000000000
        0.837882218991         0.814994694549         0.811589691863         0.812685438016         0.873880875306         0.946814848431         1.024267522546         1.078373306580         1.102816727429         1.099514388388         1.081512850237         1.064340323328         1.060418380033         1.074665495598         1.103735618732         1.138385780170         1.167816080648         1.184151606474         1.185325159791         1.175387377856         1.162357397494         1.154678617275         1.157795583686         1.172188618105         1.193534093409         1.214779509087         1.229193622746         1.233108922458         1.227267830104         1.216300303396         1.206635321008         1.203773501160         1.210065149639         1.223870928967         1.240392627164         1.253772477172         1.259561026764         1.256527535455         1.247086007572         1.236196196363         1.229234133064         1.229740463090         1.237979711023         1.250890473753         1.263418646245         1.270665393531         1.269942203242         1.261881775743         1.250144739904         1.239859181819         1.235450770736         1.238780989450         1.248362858297         1.259985408964         1.268484794543         1.269925420905         1.263276865314         1.250876711733         1.237471303270         1.228225828077         1.226534052556         1.232543470453         1.243031588965         1.252707025154         1.256419331517         1.251361637069         1.238334359726         1.221504902834         1.206724065663         1.199068710321         1.200631332269         1.209499546858         1.220404340791         1.226831994373         1.223767086641         1.209932308348         1.188538200646         1.166142619868         1.150000042123         1.144948108552         1.151127363810         1.163557095787         1.173876814710         1.173685764551         1.158197283552         1.128671798240         1.092456626375         1.060366000417         1.042255457166         1.042490616237         1.057193904885         1.074624616940         1.078875342230         1.056157175952         1.001006239443         0.920799807843         0.832120940865         0.751757779780         0.677141962057         0.558153605446         0.000000000000
        0.837882317324         0.814994894039         0.811590011633         0.812685860752         0.873881389566         0.946815463132         1.024268310490         1.078374406633         1.102818317058         1.099516580026         1.081515643354         1.064343893219         1.060422572356         1.074670155177         1.103740615624         1.138391020202         1.167821615029         1.184157572425         1.185331737298         1.175394741194         1.162365632441         1.154687624292         1.157805192568         1.172198644109         1.193544374164         1.214790031154         1.229204481561         1.233120288343         1.227279902434         1.216313185706         1.206648970684         1.203787774172         1.210079813228         1.223885800471         1.240407624070         1.253787618874         1.259576463173         1.256543446056         1.247102553181         1.236213442983         1.229251952177         1.229758651074         1.237998076936         1.250908863519         1.263436989331         1.270683834413         1.269960894665         1.261900900286         1.250164380087         1.239879286595         1.235471147130         1.238801405817         1.248383125011         1.260005429676         1.268504619046         1.269945232700         1.263296873706         1.250897057090         1.237492005566         1.228246703468         1.226554820097         1.232563879223         1.243051474246         1.252726376292         1.256438370147         1.251380583506         1.238353460499         1.221524225980         1.206743495831         1.199087993550         1.200650160558         1.209517706641         1.220421815647         1.226848944008         1.223783786414         1.209949057746         1.188555189438         1.166159850577         1.150017344398         1.144965223752         1.151144018501         1.163573140511         1.173892349580         1.173701047761         1.158212678002         1.128687605695         1.092472973453         1.060382903400         1.042272743189         1.042507954535         1.057211056015         1.074641539679         1.078892115157         1.056174018748         1.001023416127         0.920817468469         0.832139087265         0.751776155274         0.677160271335         0.558170719286         0.000000000000
        0.837882350654         0.814994955110         0.811590112121         0.812685998859         0.873881562718         0.946815670187         1.024268562244         1.078374732148         1.102818765900         1.099517210568         1.081516491254         1.064344971426         1.060423859729         1.074671599746         1.103742169418         1.138392664258         1.167823345353         1.184159435646         1.185333762140         1.175396942861         1.162368024469         1.154690185656         1.157807858022         1.172201374613         1.193547131058         1.214792818308         1.229207316205         1.233123189109         1.227282950950         1.216316389579         1.206652334694         1.203791272280         1.210083378244         1.223889377995         1.240411200755         1.253791193141         1.259580077081         1.256547148352         1.247106387154         1.236217433494         1.229256063858         1.229762828609         1.238002279209         1.250913049886         1.263441135786         1.270687979082         1.269965083848         1.261905190112         1.250168821358         1.239883862568         1.235475803522         1.238806066143         1.248387763698         1.260010004970         1.268509158223         1.269949788494         1.263301502448         1.250901795259         1.237496861837         1.228251632569         1.226559750821         1.232568756544         1.243056256314         1.252731064830         1.256443022573         1.251385264131         1.238358230570         1.221529101555         1.206748449890         1.199092961871         1.200655067554         1.209522502746         1.220426515206         1.226853586250         1.223788448470         1.209953809108         1.188560077973         1.166164870851         1.150022467443         1.144970386320         1.151149159213         1.163578250590         1.173897425214         1.173706083996         1.158217758833         1.128692770523         1.092478290527         1.060388405683         1.042278355070         1.042513573414         1.057216646151         1.074647097449         1.078897668012         1.056179643184         1.001029159864         0.920823356034         0.832145105350         0.751782229736         0.677166301807         0.558176325816         0.000000000000
        0.837882358903         0.814994969599         0.811590136376         0.812686032900         0.873881606128         0.946815722305         1.024268625143         1.078374812638         1.102818877183         1.099517368353         1.081516706701         1.064345252381         1.060424203537         1.074671995895         1.103742605337         1.138393129081         1.167823830814         1.184159954551         1.185334325576         1.175397568888         1.162368714058         1.154690932544         1.157808619164         1.172202136598         1.193547886556         1.214793586352         1.229208088860         1.233123972205         1.227283765267         1.216317249504         1.206653241937         1.203792223104         1.210084353968         1.223890356575         1.240412181234         1.253792166510         1.259581057160         1.256548151932         1.247107427514         1.236218528201         1.229257204673         1.229763999720         1.238003468351         1.250914242010         1.263442321531         1.270689167778         1.269966290306         1.261906434357         1.250170119182         1.239885209734         1.235477181435         1.238807462451         1.248389166774         1.260011398076         1.268510540784         1.269951178140         1.263302918359         1.250903251077         1.237498362972         1.228253166225         1.226561295287         1.232570294770         1.243057773151         1.252732558866         1.256444513304         1.251386776516         1.238359789480         1.221530716941         1.206750116911         1.199094658134         1.200656765839         1.209524182608         1.220428181875         1.226855252150         1.223790140143         1.209955556931         1.188561906889         1.166166784499         1.150024451963         1.144972415068         1.151151206322         1.163580303327         1.173899497734         1.173708194499         1.158219929703         1.128695047181         1.092480695376         1.060390889053         1.042280845584         1.042516061160         1.057219110494         1.074649566481         1.078900147920         1.056182167419         1.001031755778         0.920826023940         0.832147817620         0.751784984473         0.677169036355         0.558178860101         0.000000000000
        0.837882360823         0.814994973417         0.811590142421         0.812686041081         0.873881616463         0.946815734987         1.024268641707         1.078374836061         1.102818912481         1.099517420248         1.081516778637         1.064345344894         1.060424314983         1.074672122101         1.103742744684         1.138393277316         1.167823984042         1.184160110712         1.185334497634         1.175397748599         1.162368906600         1.154691145663         1.157808855694         1.172202381525         1.193548140082         1.214793846260         1.229208351313         1.233124240682         1.227284048598         1.216317556138         1.206653568018         1.203792565467         1.210084705081         1.223890705215         1.240412529834         1.253792507445         1.259581396893         1.256548497347         1.247107784490         1.236218906789         1.229257602418         1.229764410252         1.238003886941         1.250914662397         1.263442740127         1.270689587427         1.269966717035         1.261906877100         1.250170583113         1.239885694222         1.235477680065         1.238807972286         1.248389682881         1.260011912747         1.268511053147         1.269951695673         1.263303448738         1.250903799953         1.237498932540         1.228253751169         1.226561887252         1.232570886716         1.243058359089         1.252733138640         1.256445094913         1.251387371034         1.238360407951         1.221531364118         1.206750791464         1.199095350320         1.200657464432         1.209524878888         1.220428877998         1.226855953312         1.223790856928         1.209956301581         1.188562691543         1.166167612451         1.150025311818         1.144973273750         1.151152045400         1.163581120315         1.173900309082         1.173709012596         1.158220772232         1.128695934999         1.092481647509         1.060391918637         1.042281952179         1.042517205264         1.057220263425         1.074650722278         1.078901344822         1.056183412237         1.001033044098         0.920827356193         0.832149191276         0.751786387249         0.677170442445         0.558180175711         0.000000000000
        0.837882359810         0.814994973816         0.811590141408         0.812686037878         0.873881611437         0.946815730049         1.024268641304         1.078374844978         1.102818935452         1.099517458307         1.081516832165         1.064345409474         1.060424386809         1.074672197491         1.103742824554         1.138393361566         1.167824072902         1.184160202397         1.185334603319         1.175397857709         1.162369022270         1.154691273466         1.157808998386         1.172202532155         1.193548300331         1.214794014727         1.229208523151         1.233124417710         1.227284230371         1.216317749380         1.206653760453         1.203792753921         1.210084890261         1.223890885287         1.240412710262         1.253792680551         1.259581565865         1.256548662030         1.247107946544         1.236219071122         1.229257768449         1.229764575752         1.238004051754         1.250914826097         1.263442902676         1.270689750969         1.269966882997         1.261907049696         1.250170761156         1.239885877317         1.235477864244         1.238808157389         1.248389870498         1.260012101115         1.268511242152         1.269951886469         1.263303641651         1.250903994157         1.237499126252         1.228253941010         1.226562071695         1.232571066233         1.243058535232         1.252733314224         1.256445272843         1.251387553270         1.238360594935         1.221531553863         1.206750981534         1.199095537131         1.200657646314         1.209525055919         1.220429053637         1.226856130285         1.223791036589         1.209956485506         1.188562880477         1.166167804320         1.150025505554         1.144973467722         1.151152238762         1.163581311767         1.173900501367         1.173709208136         1.158220974030         1.128696146960         1.092481873442         1.060392160182         1.042282206730         1.042517472857         1.057220542509         1.074651011555         1.078901647553         1.056183731290         1.001033377791         0.920827701387         0.832149546250         0.751786747666         0.677170802875         0.558180512816         0.000000000000
        0.837882357515         0.814994972576         0.811590137167         0.812686029601         0.873881599628         0.946815717325         1.024268632955         1.078374846038         1.102818950034         1.099517484582         1.081516870575         1.064345453604         1.060424432942         1.074672242548         1.103742869200         1.138393407130         1.167824122313         1.184160257325         1.185334668817         1.175397930969         1.162369103002         1.154691362734         1.157809097171         1.172202638190         1.193548415640         1.214794139160         1.229208652167         1.233124551781         1.227284365515         1.216317890890         1.206653894503         1.203792878751         1.210085009087         1.223890999986         1.240412826455         1.253792791265         1.259581673997         1.256548764708         1.247108044316         1.236219166682         1.229257861700         1.229764665481         1.238004138785         1.250914911564         1.263442987685         1.270689837250         1.269966971117         1.261907141658         1.250170855052         1.239885973108         1.235477958225         1.238808248397         1.248389962890         1.260012194475         1.268511336766         1.269951982448         1.263303738923         1.250904091541         1.237499221666         1.228254031470         1.226562156533         1.232571146295         1.243058612814         1.252733392474         1.256445353727         1.251387637602         1.238360681842         1.221531640729         1.206751065729         1.199095616176         1.200657719780         1.209525125095         1.220429121668         1.226856200124         1.223791108994         1.209956560786         1.188562957361         1.166167879662         1.150025577598         1.144973535535         1.151152303101         1.163581374007         1.173900564592         1.173709274317         1.158221044192         1.128696221354         1.092481951775         1.060392241256         1.042282287358         1.042517553638         1.057220624576         1.074651097115         1.078901739296         1.056183830743         1.001033483682         0.920827811355         0.832149658024         0.751786858836         0.677170911930         0.558180613165         0.000000000000
        0.837882356132         0.814994971689         0.811590134455         0.812686024542         0.873881592513         0.946815709703         1.024268627389         1.078374845072         1.102818956220         1.099517493863         1.081516887723         1.064345473161         1.060424454120         1.074672263514         1.103742889916         1.138393427712         1.167824144392         1.184160282247         1.185334698365         1.175397964662         1.162369138923         1.154691400575         1.157809137462         1.172202680829         1.193548462523         1.214794191085         1.229208706837         1.233124609434         1.227284424379         1.216317952537         1.206653953015         1.203792933773         1.210085060879         1.223891049243         1.240412876616         1.253792839128         1.259581722752         1.256548812393         1.247108091249         1.236219213753         1.229257908242         1.229764710306         1.238004182505         1.250914955125         1.263443031901         1.270689882825         1.269967018215         1.261907190788         1.250170905284         1.239886024703         1.235478009462         1.238808297869         1.248390014119         1.260012246887         1.268511390445         1.269952036495         1.263303793968         1.250904147233         1.237499277245         1.228254085048         1.226562207833         1.232571195316         1.243058660453         1.252733440326         1.256445402479         1.251387687655         1.238360732773         1.221531691096         1.206751114014         1.199095660928         1.200657760716         1.209525163011         1.220429158382         1.226856237808         1.223791148023         1.209956601413         1.188562998435         1.166167918585         1.150025612939         1.144973566536         1.151152330474         1.163581399289         1.173900590323         1.173709302155         1.158221074736         1.128696254093         1.092481985517         1.060392274319         1.042282317183         1.042517580843         1.057220650452         1.074651124076         1.078901769793         1.056183866045         1.001033522972         0.920827852654         0.832149699114         0.751786898095         0.677170948955         0.558180646120         0.000000000000
        0.837882355416         0.814994971192         0.811590132971         0.812686021914         0.873881588900         0.946815706034         1.024268624385         1.078374843778         1.102818958687         1.099517493591         1.081516894503         1.064345481547         1.060424465681         1.074672276762         1.103742903982         1.138393441217         1.167824157588         1.184160295910         1.185334713268         1.175397981703         1.162369155815         1.154691417136         1.157809154013         1.172202697853         1.193548481138         1.214794212068         1.229208728996         1.233124632927         1.227284448905         1.216317978433         1.206653978521         1.203792958670         1.210085084327         1.223891071294         1.240412898982         1.253792860479         1.259581745496         1.256548835739         1.247108115653         1.236219239560         1.229257934651         1.229764736300         1.238004208436         1.250914981535         1.263443059242         1.270689911374         1.269967048155         1.261907222290         1.250170938187         1.239886059377         1.235478045569         1.238808334102         1.248390052594         1.260012286782         1.268511432504         1.269952078176         1.263303836752         1.250904191113         1.237499322339         1.228254129975         1.226562252505         1.232571239144         1.243058703286         1.252733482690         1.256445444300         1.251387729095         1.238360773747         1.221531730979         1.206751152072         1.199095696383         1.200657793351         1.209525193307         1.220429187243         1.226856266766         1.223791177184         1.209956631097         1.188563027851         1.166167945765         1.150025636871         1.144973586581         1.151152347096         1.163581413699         1.173900604423         1.173709317317         1.158221091506         1.128696272027         1.092482003505         1.060392290863         1.042282330397         1.042517591074         1.057220658742         1.074651132425         1.078901780222         1.056183879635         1.001033539248         0.920827870069         0.832149715848         0.751786913009         0.677170962001         0.558180656954         0.000000000000
        0.837882354958         0.814994970857         0.811590131994         0.812686020292         0.873881586743         0.946815704126         1.024268622656         1.078374842741         1.102818960535         1.099517490012         1.081516898349         1.064345487401         1.060424476522         1.074672290956         1.103742919962         1.138393456500         1.167824171568         1.184160309148         1.185334726150         1.175397996822         1.162369170262         1.154691431010         1.157809167316         1.172202711205         1.193548494941         1.214794226865         1.229208744008         1.233124648357         1.227284464977         1.216317995433         1.206653995893         1.203792976094         1.210085100734         1.223891086648         1.240412914017         1.253792874456         1.259581760334         1.256548851358         1.247108132674         1.236219258326         1.229257954196         1.229764755786         1.238004228160         1.250915001738         1.263443080252         1.270689933478         1.269967071754         1.261907247664         1.250170965521         1.239886089070         1.235478077709         1.238808367672         1.248390088958         1.260012324412         1.268511473189         1.269952118140         1.263303877960         1.250904233555         1.237499366580         1.228254174502         1.226562297555         1.232571283847         1.243058746853         1.252733525309         1.256445485701         1.251387769402         1.238360813019         1.221531768899         1.206751188113         1.199095730018         1.200657824345         1.209525222300         1.220429214666         1.226856293891         1.223791203996         1.209956657936         1.188563054080         1.166167969674         1.150025657599         1.144973603513         1.151152360553         1.163581424722         1.173900614626         1.173709328005         1.158221103287         1.128696284580         1.092482015812         1.060392301522         1.042282337904         1.042517595530         1.057220661046         1.074651134323         1.078901783505         1.056183885296         1.001033546984         0.920827878569         0.832149723538         0.751786918983         0.677170966339         0.558180659827         0.000000000000
        0.837882354636         0.814994970672         0.811590131416         0.812686019349         0.873881585508         0.946815703413         1.024268622223         1.078374843062         1.102818964137         1.099517488734         1.081516903881         1.064345495874         1.060424491396         1.074672310483         1.103742942274         1.138393478519         1.167824192124         1.184160328735         1.185334744333         1.175398018854         1.162369191137         1.154691450680         1.157809185360         1.172202728557         1.193548511686         1.214794243449         1.229208759894         1.233124663856         1.227284480558         1.216318011517         1.206654012274         1.203792992351         1.210085115543         1.223891099974         1.240412926015         1.253792884473         1.259581770513         1.256548862030         1.247108144729         1.236219272359         1.229257968487         1.229764769653         1.238004242335         1.250915016201         1.263443095416         1.270689949869         1.269967090033         1.261907268286         1.250170988650         1.239886115042         1.235478106325         1.238808398519         1.248390123388         1.260012359884         1.268511512342         1.269952156809         1.263303917934         1.250904274549         1.237499409473         1.228254216949         1.226562340772         1.232571326952         1.243058788434         1.252733565782         1.256445524926         1.251387807589         1.238360850275         1.221531804947         1.206751222208         1.199095761633         1.200657853118         1.209525249809         1.220429240797         1.226856319848         1.223791229573         1.209956683443         1.188563078839         1.166167991932         1.150025676432         1.144973618288         1.151152371649         1.163581433287         1.173900622341         1.173709336307         1.158221112836         1.128696294990         1.092482025880         1.060392309675         1.042282342738         1.042517597035         1.057220660228         1.074651133027         1.078901783585         1.056183887757         1.001033551515         0.920827883793         0.832149727826         0.751786921448         0.677170967127         0.558180659351         0.000000000000
        0.837882354515         0.814994970825         0.811590131536         0.812686019427         0.873881585571         0.946815704296         1.024268623872         1.078374846164         1.102818971704         1.099517494508         1.081516914883         1.064345510971         1.060424513763         1.074672338455         1.103742974259         1.138393511279         1.167824224236         1.184160360604         1.185334773724         1.175398054777         1.162369224915         1.154691481275         1.157809212091         1.172202753098         1.193548534388         1.214794264931         1.229208779817         1.233124682570         1.227284498568         1.216318029279         1.206654029622         1.203793008715         1.210085129278         1.223891111069         1.240412934443         1.253792889554         1.259581775028         1.256548866362         1.247108150092         1.236219279932         1.229257974876         1.229764774435         1.238004247643         1.250915021752         1.263443101882         1.270689958153         1.269967101063         1.261907282634         1.250171006139         1.239886135651         1.235478129089         1.238808423962         1.248390153378         1.260012390967         1.268511548072         1.269952192976         1.263303955841         1.250904313171         1.237499449798         1.228254255080         1.226562379505         1.232571365582         1.243058824877         1.252733600855         1.256445558649         1.251387840198         1.238360882024         1.221531835733         1.206751250674         1.199095787291         1.200657875306         1.209525273110         1.220429263400         1.226856342933         1.223791252259         1.209956705983         1.188563100361         1.166168010456         1.150025690844         1.144973628031         1.151152377539         1.163581436949         1.173900625889         1.173709341486         1.158221120237         1.128696303814         1.092482034319         1.060392315642         1.042282344716         1.042517595096         1.057220655822         1.074651128507         1.078901781165         1.056183888512         1.001033554920         0.920827888063         0.832149730954         0.751786922379         0.677170966068         0.558180656917         0.000000000000
        0.837882354393         0.814994970961         0.811590131738         0.812686019632         0.873881585782         0.946815705358         1.024268625883         1.078374849750         1.102818979863         1.099517502769         1.081516925259         1.064345524873         1.060424534061         1.074672363808         1.103743003659         1.138393542017         1.167824255433         1.184160392560         1.185334803270         1.175398090903         1.162369259068         1.154691511014         1.157809236963         1.172202775037         1.193548554431         1.214794284163         1.229208798312         1.233124700611         1.227284516315         1.216318046732         1.206654046237         1.203793023673         1.210085140795         1.223891119232         1.240412939578         1.253792891402         1.259581776535         1.256548867561         1.247108152071         1.236219284514         1.229257977068         1.229764773956         1.238004248420         1.250915023302         1.263443105177         1.270689964389         1.269967111291         1.261907297362         1.250171024547         1.239886156917         1.235478151202         1.238808448657         1.248390183157         1.260012421634         1.268511584635         1.269952231305         1.263303996838         1.250904354754         1.237499492540         1.228254293702         1.226562418128         1.232571403821         1.243058860348         1.252733634406         1.256445590283         1.251387870026         1.238360910696         1.221531863706         1.206751275711         1.199095809183         1.200657892993         1.209525294973         1.220429285164         1.226856366002         1.223791275011         1.209956728398         1.188563121127         1.166168027190         1.150025702175         1.144973633594         1.151152378956         1.163581436387         1.173900625921         1.173709344240         1.158221126235         1.128696311819         1.092482041919         1.060392320250         1.042282344693         1.042517590653         1.057220648834         1.074651121773         1.078901777174         1.056183888363         1.001033557890         0.920827892068         0.832149733730         0.751786922759         0.677170964285         0.558180653681         0.000000000000
        0.837882354133         0.814994970718         0.811590131432         0.812686019219         0.873881585270         0.946815705506         1.024268626594         1.078374851150         1.102818984283         1.099517506688         1.081516928147         1.064345529783         1.060424543954         1.074672377650         1.103743020421         1.138393559500         1.167824273201         1.184160410885         1.185334820670         1.175398112075         1.162369280298         1.154691529762         1.157809253003         1.172202789386         1.193548568039         1.214794298136         1.229208813126         1.233124716708         1.227284533819         1.216318065482         1.206654065519         1.203793042611         1.210085157536         1.223891133675         1.240412952145         1.253792902148         1.259581788027         1.256548879810         1.247108165927         1.236219302301         1.229257994207         1.229764789874         1.238004267065         1.250915043879         1.263443128486         1.270689991488         1.269967143151         1.261907334556         1.250171066001         1.239886201225         1.235478195632         1.238808495873         1.248390235458         1.260012473963         1.268511643277         1.269952292415         1.263304061534         1.250904420609         1.237499559744         1.228254356837         1.226562481834         1.232571467931         1.243058922311         1.252733694505         1.256445648475         1.251387926268         1.238360965408         1.221531917058         1.206751325917         1.199095856222         1.200657936154         1.209525339176         1.220429328305         1.226856409778         1.223791318871         1.209956771777         1.188563162217         1.166168063283         1.150025731561         1.144973655704         1.151152395710         1.163581449047         1.173900636353         1.173709354854         1.158221138222         1.128696324877         1.092482054550         1.060392330448         1.042282350964         1.042517592791         1.057220647982         1.074651119912         1.078901776207         1.056183889324         1.001033560586         0.920827895336         0.832149736195         0.751786923693         0.677170963827         0.558180652264         0.000000000000
        0.837882353879         0.814994970369         0.811590131017         0.812686018722         0.873881584701         0.946815705486         1.024268626845         1.078374851521         1.102818986606         1.099517508051         1.081516927813         1.064345531100         1.060424549757         1.074672386994         1.103743032007         1.138393571288         1.167824284783         1.184160422517         1.185334832479         1.175398125944         1.162369295705         1.154691544939         1.157809267715         1.172202803769         1.193548582449         1.214794313279         1.229208829561         1.233124735105         1.227284554617         1.216318088832         1.206654090942         1.203793069476         1.210085183973         1.223891159387         1.240412977399         1.253792926827         1.259581814312         1.256548908020         1.247108196660         1.236219337783         1.229258031345         1.229764827864         1.238004308252         1.250915087519         1.263443175146         1.270690042000         1.269967198255         1.261907394804         1.250171130303         1.239886267894         1.235478261817         1.238808564329         1.248390307632         1.260012544928         1.268511719606         1.269952371067         1.263304144262         1.250904505426         1.237499646277         1.228254440420         1.226562566414         1.232571553379         1.243059005791         1.252733775437         1.256445726720         1.251388001709         1.238361038211         1.221531987256         1.206751392842         1.199095920078         1.200657996556         1.209525397972         1.220429385093         1.226856466456         1.223791375732         1.209956828359         1.188563216679         1.166168112908         1.150025774133         1.144973690440         1.151152425308         1.163581473281         1.173900655644         1.173709371749         1.158221154412         1.128696340960         1.092482070040         1.060392344031         1.042282361429         1.042517599669         1.057220651812         1.074651121933         1.078901777700         1.056183891149         1.001033562939         0.920827897859         0.832149738332         0.751786925126         0.677170964603         0.558180652540         0.000000000000
        0.837882356192         0.814994974732         0.811590138751         0.812686029429         0.873881597841         0.946815721950         1.024268646305         1.078374872398         1.102819017323         1.099517536824         1.081516955842         1.064345570016         1.060424606913         1.074672456991         1.103743105594         1.138393639128         1.167824343118         1.184160472409         1.185334878279         1.175398172627         1.162369346605         1.154691599569         1.157809324396         1.172202859748         1.193548635303         1.214794362056         1.229208874887         1.233124779089         1.227284599812         1.216318137342         1.206654143388         1.203793125392         1.210085240549         1.223891215048         1.240413031264         1.253792977929         1.259581864875         1.256548959531         1.247108250527         1.236219396607         1.229258093189         1.229764891835         1.238004374397         1.250915154599         1.263443243093         1.270690111425         1.269967269962         1.261907469872         1.250171208403         1.239886347857         1.235478341265         1.238808645137         1.248390389945         1.260012624544         1.268511801824         1.269952453960         1.263304230261         1.250904593848         1.237499736656         1.228254529685         1.226562657063         1.232571645139         1.243059095432         1.252733861508         1.256445808853         1.251388079910         1.238361112985         1.221532059219         1.206751462222         1.199095987381         1.200658061329         1.209525460820         1.220429445646         1.226856526273         1.223791435331         1.209956887667         1.188563274185         1.166168166239         1.150025820752         1.144973729773         1.151152460907         1.163581503699         1.173900679674         1.173709391836         1.158221172243         1.128696357584         1.092482085896         1.060392358482         1.042282373668         1.042517609129         1.057220658628         1.074651126728         1.078901781084         1.056183893653         1.001033564973         0.920827899756         0.832149740325         0.751786927302         0.677170966907         0.558180654802         0.000000000000
        0.837882355930         0.814994974487         0.811590138500         0.812686029079         0.873881597187         0.946815721968         1.024268645791         1.078374871166         1.102819017649         1.099517531582         1.081516952587         1.064345569902         1.060424614195         1.074672469735         1.103743120930         1.138393653497         1.167824355101         1.184160482063         1.185334887078         1.175398182117         1.162369358457         1.154691613708         1.157809340655         1.172202877401         1.193548653532         1.214794380406         1.229208893316         1.233124798176         1.227284620416         1.216318160421         1.206654169352         1.203793154694         1.210085271646         1.223891247784         1.240413065537         1.253793012194         1.259581900391         1.256548996766         1.247108289618         1.236219439159         1.229258137395         1.229764937868         1.238004422277         1.250915204081         1.263443294424         1.270690164900         1.269967325407         1.261907527378         1.250171267078         1.239886406577         1.235478398507         1.238808702733         1.248390448362         1.260012681479         1.268511861219         1.269952514429         1.263304293398         1.250904658986         1.237499802797         1.228254595063         1.226562723274         1.232571712626         1.243059162034         1.252733926188         1.256445871284         1.251388139852         1.238361170479         1.221532114488         1.206751515404         1.199096039032         1.200658111319         1.209525509845         1.220429493804         1.226856575018         1.223791485064         1.209956938056         1.188563323524         1.166168211997         1.150025860229         1.144973762937         1.151152491354         1.163581530494         1.173900701515         1.173709410950         1.158221189486         1.128696373394         1.092482101024         1.060392372422         1.042282385791         1.042517618832         1.057220666078         1.074651132496         1.078901785501         1.056183896992         1.001033567590         0.920827902213         0.832149743207         0.751786930891         0.677170971063         0.558180659083         0.000000000000
        0.837882355747         0.814994974356         0.811590138259         0.812686028657         0.873881596496         0.946815721566         1.024268645220         1.078374870673         1.102819018217         1.099517529684         1.081516952612         1.064345571481         1.060424619019         1.074672476795         1.103743129038         1.138393661171         1.167824361925         1.184160488126         1.185334893180         1.175398188919         1.162369366994         1.154691623984         1.157809352695         1.172202890822         1.193548667766         1.214794395018         1.229208908088         1.233124813373         1.227284636614         1.216318178490         1.206654189832         1.203793178518         1.210085297647         1.223891276199         1.240413096367         1.253793043189         1.259581932352         1.256549029989         1.247108324002         1.236219476077         1.229258175087         1.229764976994         1.238004462633         1.250915245542         1.263443337149         1.270690208881         1.269967369995         1.261907572344         1.250171311550         1.239886449841         1.235478439803         1.238808743635         1.248390489353         1.260012721267         1.268511902354         1.269952555812         1.263304335966         1.250904702288         1.237499846123         1.228254637679         1.226562766290         1.232571756613         1.243059205648         1.252733968759         1.256445912540         1.251388179531         1.238361208527         1.221532151052         1.206751550660         1.199096073534         1.200658145077         1.209525543471         1.220429527429         1.226856609799         1.223791521081         1.209956974833         1.188563359826         1.166168245797         1.150025889489         1.144973787911         1.151152514472         1.163581551528         1.173900719791         1.173709428023         1.158221205137         1.128696387468         1.092482114850         1.060392385800         1.042282398355         1.042517629810         1.057220675412         1.074651140421         1.078901791949         1.056183901983         1.001033571509         0.920827905917         0.832149747669         0.751786936587         0.677170977767         0.558180666032         0.000000000000
        0.837882355524         0.814994974220         0.811590137884         0.812686027943         0.873881595423         0.946815720538         1.024268644343         1.078374870381         1.102819019058         1.099517530023         1.081516954303         1.064345573866         1.060424622518         1.074672480885         1.103743133349         1.138393665298         1.167824365987         1.184160492279         1.185334897848         1.175398194299         1.162369373642         1.154691631876         1.157809361904         1.172202901169         1.193548678896         1.214794406598         1.229208919870         1.233124825450         1.227284649333         1.216318192548         1.206654205738         1.203793197387         1.210085318686         1.223891299959         1.240413123043         1.253793070244         1.259581960215         1.256549058909         1.247108353728         1.236219507632         1.229258206879         1.229765009685         1.238004495972         1.250915279521         1.263443371990         1.270690244479         1.269967405494         1.261907607269         1.250171344914         1.239886481117         1.235478468650         1.238808771384         1.248390516525         1.260012747248         1.268511928850         1.269952581920         1.263304362186         1.250904728164         1.237499871197         1.228254661652         1.226562790047         1.232571780660         1.243059229364         1.252733991955         1.256445935165         1.251388201404         1.238361229507         1.221532171128         1.206751569911         1.199096092409         1.200658163672         1.209525562400         1.220429546891         1.226856630849         1.223791543425         1.209956997813         1.188563382758         1.166168267221         1.150025908185         1.144973804071         1.151152529534         1.163581565772         1.173900733141         1.173709441460         1.158221217839         1.128696398945         1.092482126435         1.060392397280         1.042282409598         1.042517640183         1.057220684852         1.074651149002         1.078901799491         1.056183908394         1.001033577074         0.920827911384         0.832149753922         0.751786944046         0.677170986181         0.558180674529         0.000000000000
        0.837908680318         0.815046597023         0.811674452685         0.812799098701         0.874012455119         0.946960277034         1.024429536685         1.078564674149         1.103062406787         1.099840471928         1.081937276603         1.064863602845         1.061023029751         1.075323087890         1.104419978817         1.139085084343         1.168539935634         1.184928874270         1.186192027065         1.176372465505         1.163468964329         1.155900835504         1.159094893650         1.173528223367         1.194889186423         1.216148595767         1.230598398243         1.234584888159         1.228849661330         1.218005886547         1.208456876721         1.205680874990         1.212017385194         1.225832928937         1.242348835518         1.255732224525         1.261553167752         1.258587394295         1.249239066857         1.238445753396         1.231558501270         1.232100682615         1.240335118549         1.253213973041         1.265707146931         1.272938625854         1.272233308182         1.264221444621         1.252546869224         1.242312498509         1.237922916075         1.241229949836         1.250753928875         1.262304067914         1.270741013153         1.272147873994         1.265499552419         1.253122636623         1.239740998628         1.230496108401         1.228765874750         1.234697821013         1.245084600576         1.254659152908         1.258293518332         1.253192810994         1.240153392681         1.223324696030         1.208532780468         1.200834403757         1.202314919163         1.211071237474         1.221855868416         1.228178973883         1.225042447756         1.211171873341         1.189765682473         1.167359500899         1.151185775826         1.146069377121         1.152153138664         1.164472136253         1.174688223218         1.174419761540         1.158888202394         1.129348253294         1.093130371496         1.061029184584         1.042885619834         1.043062477921         1.057690889343         1.075045779567         1.079235059635         1.056478330824         1.001310701614         0.921099875686         0.832418204395         0.752046843338         0.677417624812         0.558402153295         0.000000000000
        0.837909426569         0.815048068931         0.811676997013         0.812802548975         0.874016691203         0.946965223428         1.024435466610         1.078572192925         1.103072624510         1.099854478778         1.081955856828         1.064886812890         1.061050222825         1.075353217991         1.104452085502         1.139118810260         1.168575781157         1.184968102904         1.186236247701         1.176422958546         1.163526228553         1.155964401875         1.159163573741         1.173600647293         1.194964454383         1.216226713254         1.230680317176         1.234672139871         1.228943693345         1.218107508632         1.208565920019         1.205796296169         1.212137685878         1.225956798991         1.242475772939         1.255862771068         1.261688588482         1.258729058746         1.249387883679         1.238601739069         1.231720762115         1.232267760613         1.240505452603         1.253386524994         1.265881801071         1.273116141092         1.272414893286         1.264408116110         1.252738903649         1.242509166153         1.238122729922         1.241431099672         1.250954898336         1.262504164019         1.270940559019         1.272347922567         1.265701311473         1.253326778389         1.239947164445         1.230702887420         1.228971225826         1.234899692271         1.245281695645         1.254851378430         1.258481920599         1.253379016412         1.240338772264         1.223509606944         1.208716189914         1.201014176891         1.202488495194         1.211236597721         1.222012353301         1.228327585945         1.225185412510         1.211311604076         1.189903670673         1.167495601629         1.151318140023         1.146195158275         1.152269652351         1.164578040450         1.174784162003         1.174508217044         1.158972542552         1.129431335780         1.093213385690         1.061111248451         1.042964407755         1.043135395089         1.057756286499         1.075103711410         1.079287211232         1.056527219504         1.001358614508         0.921147978724         0.832466574679         0.752094753529         0.677464354647         0.558445176445         0.000000000000
        0.837909468227         0.815048153781         0.811677142288         0.812802743336         0.874016927523         0.946965498320         1.024435804013         1.078572637101         1.103073246456         1.099855344454         1.081957011918         1.064888256944         1.061051914093         1.075355091310         1.104454087750         1.139120930859         1.168578058412         1.184970615962         1.186239085657         1.176426192683         1.163529885913         1.155968458191         1.159167966751         1.173605306703         1.194969338289         1.216231824436         1.230685708131         1.234677889712         1.228949877528         1.218114170340         1.208573055356         1.205803857631         1.212145605211         1.225965015121         1.242484253601         1.255871531267         1.261697675581         1.258738535144         1.249397796197         1.238612095394         1.231731522185         1.232278856671         1.240516815297         1.253398101400         1.265893576237         1.273128125057         1.272427119362         1.264420619264         1.252751695469         1.242522217404         1.238135974983         1.241444464861         1.250968310968         1.262517580407         1.270953972680         1.272361349772         1.265714778774         1.253340301923         1.239960726224         1.230716429926         1.228984669942         1.234912952961         1.245294712855         1.254864131387         1.258494426753         1.253391312797         1.240350903742         1.223521584663         1.208727976458         1.201025688106         1.202499630811         1.211247278238         1.222022550958         1.228337337146         1.225194800863         1.211320726285         1.189912591656         1.167504322503         1.151326587542         1.146203217385         1.152277217047         1.164585063217         1.174790685181         1.174514361088         1.158978465324         1.129437167430         1.093219180558         1.061116961455         1.042969919807         1.043140570764         1.057761037720         1.075108038887         1.079291198868         1.056530996562         1.001362300198         0.921151635211         0.832470205260         0.752098317575         0.677467799302         0.558448310867         0.000000000000
        0.837909473699         0.815048164945         0.811677160813         0.812802767853         0.874016957663         0.946965534621         1.024435849995         1.078572698545         1.103073333081         1.099855464968         1.081957172103         1.064888457364         1.061052148705         1.075355352797         1.104454368281         1.139121228708         1.168578378329         1.184970968232         1.186239481190         1.176426640757         1.163530390252         1.155969016546         1.159168572187         1.173605951503         1.194970017475         1.216232538440         1.230686462474         1.234678692498         1.228950736948         1.218115091510         1.208574038283         1.205804898762         1.212146698435         1.225966154406         1.242485436134         1.255872757710         1.261698947579         1.258739856403         1.249399170648         1.238613524461         1.231733002095         1.232280382742         1.240518381451         1.253399700806         1.265895206899         1.273129785063         1.272428808486         1.264422339744         1.252753446521         1.242523997024         1.238137777812         1.241446285520         1.250970142749         1.262519418034         1.270955811451         1.272363186518         1.265716613503         1.253342134176         1.239962553048         1.230718246462         1.228986471848         1.234914734326         1.245296467235         1.254865855853         1.258496119598         1.253392974806         1.240352535592         1.223523187251         1.208729547708         1.201027221596         1.202501119168         1.211248714691         1.222023932919         1.228338666840         1.225196084482         1.211321971898         1.189913805240         1.167505505217         1.151327734366         1.146204319825         1.152278265920         1.164586054169         1.174791621860         1.174515254947         1.158979332185         1.129438020377         1.093220024831         1.061117791298         1.042970721938         1.043141329672         1.057761743708         1.075108691625         1.079291807682         1.056531576509         1.001362865473         0.921152193891         0.832470758562         0.752098860634         0.677468323938         0.558448787803         0.000000000000
        0.837909474716         0.815048167120         0.811677164365         0.812802772641         0.874016963537         0.946965541503         1.024435858290         1.078572709691         1.103073348666         1.099855486904         1.081957201523         1.064888494426         1.061052192475         1.075355401984         1.104454421832         1.139121286315         1.168578440655         1.184971036994         1.186239558093         1.176426727226         1.163530486721         1.155969122804         1.159168687098         1.173606073997         1.194970146805         1.216232674568         1.230686606053         1.234678844716         1.228950899262         1.218115265413         1.208574224726         1.205805096349         1.212146905988         1.225966371580         1.242485662526         1.255872993328         1.261699192335         1.258740110618         1.249399434404         1.238613798113         1.231733284808         1.232280674401         1.240518681324         1.253400008265         1.265895521135         1.273130106458         1.272429135952         1.264422673058         1.252753785667         1.242524341899         1.238138127411         1.241446639286         1.250970499741         1.262519778422         1.270956173366         1.272363548741         1.265716975302         1.253342494834         1.239962912246         1.230718603617         1.228986826640         1.234915086265         1.245296815423         1.254866199786         1.258496458828         1.253393308612         1.240352863477         1.223523508957         1.208729862919         1.201027529524         1.202501419211         1.211249006319         1.222024216063         1.228338941995         1.225196352125         1.211322232871         1.189914060347         1.167505754262         1.151327976871         1.146204554660         1.152278491937         1.164586270855         1.174791829793         1.174515455837         1.158979528478         1.129438213930         1.093220216328         1.061117979310         1.042970903895         1.043141502789         1.057761906274         1.075108843812         1.079291951188         1.056531714117         1.001362999652         0.921152326155         0.832470889319         0.752098988984         0.677468448083         0.558448900566         0.000000000000
        0.837909474737         0.815048167160         0.811677164280         0.812802772474         0.874016963346         0.946965541496         1.024435858868         1.078572711522         1.103073352039         1.099855492034         1.081957208669         1.064888503693         1.061052203697         1.075355414933         1.104454436302         1.139121302192         1.168578457973         1.184971056054         1.186239579248         1.176426750784         1.163530512881         1.155969151608         1.159168718378         1.173606107586         1.194970182521         1.216232712333         1.230686646040         1.234678887098         1.228950943967         1.218115312073         1.208574273627         1.205805146551         1.212146958279         1.225966426082         1.242485718904         1.255873051270         1.261699251852         1.258740171811         1.249399497005         1.238613862303         1.231733350375         1.232280741464         1.240518749871         1.253400078752         1.265895593181         1.273130180511         1.272429211651         1.264422750212         1.252753864094         1.242524421684         1.238138208273         1.241446721132         1.250970582443         1.262519862298         1.270956257837         1.272363633428         1.265717059881         1.253342578933         1.239962995746         1.230718686472         1.228986908945         1.234915168103         1.245296896782         1.254866280579         1.258496538909         1.253393387716         1.240352941274         1.223523585136         1.208729937310         1.201027602011         1.202501489761         1.211249075135         1.222024282875         1.228339007164         1.225196415729         1.211322295197         1.189914121857         1.167505814736         1.151328036301         1.146204612714         1.152278548386         1.164586325669         1.174791883173         1.174515508128         1.158979580104         1.129438265139         1.093220267201         1.061118029533         1.042970952907         1.043141549930         1.057761951110         1.075108886333         1.079291991637         1.056531753025         1.001363037589         0.921152363504         0.832470926245         0.752099025316         0.677468483314         0.558448932579         0.000000000000
        0.837909474795         0.815048167271         0.811677164476         0.812802772749         0.874016963691         0.946965541895         1.024435859366         1.078572712146         1.103073352975         1.099855493421         1.081957210538         1.064888506255         1.061052206938         1.075355418794         1.104454440693         1.139121306994         1.168578463105         1.184971061545         1.186239585189         1.176426757287         1.163530520089         1.155969159610         1.159168727189         1.173606117183         1.194970192808         1.216232723237         1.230686657532         1.234678899206         1.228950956766         1.218115325621         1.208574287959         1.205805161711         1.212146974237         1.225966442720         1.242485736152         1.255873068968         1.261699270040         1.258740190526         1.249399516119         1.238613881887         1.231733370465         1.232280762070         1.240518771032         1.253400100771         1.265895615674         1.273130203728         1.272429235483         1.264422774619         1.252753889033         1.242524447249         1.238138234342         1.241446747630         1.250970609267         1.262519889584         1.270956285394         1.272363661185         1.265717087769         1.253342606854         1.239963023700         1.230718714511         1.228986937138         1.234915196496         1.245296925394         1.254866309363         1.258496567841         1.253393416785         1.240352970449         1.223523614157         1.208729966132         1.201027630500         1.202501517631         1.211249102720         1.222024309884         1.228339033780         1.225196442339         1.211322321444         1.189914147237         1.167505839349         1.151328060087         1.146204635580         1.152278570185         1.164586346426         1.174791903091         1.174515527444         1.158979599093         1.129438284006         1.093220285948         1.061118048094         1.042970971043         1.043141567323         1.057761967507         1.075108901650         1.079292005910         1.056531766467         1.001363050497         0.921152376135         0.832470938760         0.752099037708         0.677468495407         0.558448943626         0.000000000000
        0.837909474848         0.815048167371         0.811677164664         0.812802773005         0.874016964004         0.946965542262         1.024435859796         1.078572712651         1.103073353636         1.099855494308         1.081957211694         1.064888507781         1.061052208732         1.075355420855         1.104454442968         1.139121309416         1.168578465608         1.184971064111         1.186239587828         1.176426760028         1.163530522995         1.155969162730         1.159168730551         1.173606120795         1.194970196629         1.216232727240         1.230686661691         1.234678903509         1.228950961222         1.218115330252         1.208574292778         1.205805166750         1.212146979511         1.225966448181         1.242485741793         1.255873074707         1.261699275864         1.258740196432         1.249399522063         1.238613887851         1.231733376516         1.232280768192         1.240518777355         1.253400107517         1.265895622581         1.273130210928         1.272429242898         1.264422782185         1.252753896689         1.242524455044         1.238138242231         1.241446755620         1.250970617321         1.262519897802         1.270956293716         1.272363669586         1.265717096185         1.253342615214         1.239963032004         1.230718722811         1.228986945488         1.234915204982         1.245296934071         1.254866318209         1.258496576807         1.253393425833         1.240352979517         1.223523623109         1.208729974983         1.201027639192         1.202501526066         1.211249111162         1.222024318160         1.228339041933         1.225196450499         1.211322329618         1.189914155336         1.167505847301         1.151328067886         1.146204643221         1.152278577652         1.164586353713         1.174791910232         1.174515534464         1.158979606031         1.129438290909         1.093220292839         1.061118054922         1.042970977686         1.043141573686         1.057761973542         1.075108907350         1.079292011295         1.056531771604         1.001363055474         0.921152381018         0.832470943586         0.752099042463         0.677468500024         0.558448947821         0.000000000000
        0.837909474851         0.815048167386         0.811677164697         0.812802773040         0.874016964039         0.946965542301         1.024435859852         1.078572712730         1.103073353757         1.099855494484         1.081957211920         1.064888508078         1.061052209088         1.075355421284         1.104454443466         1.139121309979         1.168578466219         1.184971064756         1.186239588495         1.176426760684         1.163530523659         1.155969163422         1.159168731315         1.173606121672         1.194970197629         1.216232728364         1.230686662917         1.234678904798         1.228950962530         1.218115331559         1.208574294070         1.205805168038         1.212146980823         1.225966449528         1.242485743202         1.255873076153         1.261699277307         1.258740197867         1.249399523482         1.238613889133         1.231733377756         1.232280769489         1.240518778821         1.253400109288         1.265895624470         1.273130213000         1.272429245076         1.264422784392         1.252753898856         1.242524457184         1.238138244329         1.241446757723         1.250970619422         1.262519899990         1.270956295976         1.272363671902         1.265717098479         1.253342617433         1.239963034165         1.230718724969         1.228986947671         1.234915207309         1.245296936611         1.254866320943         1.258496579673         1.253393428778         1.240352982466         1.223523625996         1.208729977821         1.201027641981         1.202501528812         1.211249113958         1.222024320971         1.228339044771         1.225196453355         1.211322332488         1.189914158185         1.167505850061         1.151328070567         1.146204645855         1.152278580269         1.164586356321         1.174791912851         1.174515537082         1.158979608643         1.129438293508         1.093220295418         1.061118057471         1.042970980176         1.043141576085         1.057761975831         1.075108909532         1.079292013373         1.056531773601         1.001363057419         0.921152382929         0.832470945475         0.752099044323         0.677468501830         0.558448949459         0.000000000000
        0.837909474853         0.815048167394         0.811677164715         0.812802773060         0.874016964058         0.946965542323         1.024435859882         1.078572712772         1.103073353823         1.099855494583         1.081957212059         1.064888508248         1.061052209299         1.075355421542         1.104454443771         1.139121310331         1.168578466611         1.184971065176         1.186239588936         1.176426761099         1.163530524061         1.155969163827         1.159168731762         1.173606122194         1.194970198240         1.216232729062         1.230686663700         1.234678905617         1.228950963326         1.218115332309         1.208574294763         1.205805168624         1.212146981331         1.225966449994         1.242485743663         1.255873076611         1.261699277734         1.258740198266         1.249399523886         1.238613889400         1.231733377942         1.232280769768         1.240518779264         1.253400109966         1.265895625230         1.273130213859         1.272429245971         1.264422785271         1.252753899662         1.242524457921         1.238138244977         1.241446758341         1.250970619996         1.262519900600         1.270956296624         1.272363672580         1.265717099120         1.253342618007         1.239963034697         1.230718725503         1.228986948234         1.234915208009         1.245296937498         1.254866322004         1.258496580848         1.253393430018         1.240352983709         1.223523627209         1.208729979013         1.201027643165         1.202501530008         1.211249115201         1.222024322244         1.228339046070         1.225196454659         1.211322333801         1.189914159490         1.167505851299         1.151328071770         1.146204647037         1.152278581454         1.164586357500         1.174791914038         1.174515538265         1.158979609821         1.129438294671         1.093220296565         1.061118058608         1.042970981297         1.043141577181         1.057761976921         1.075108910557         1.079292014355         1.056531774542         1.001363058333         0.921152383825         0.832470946365         0.752099045209         0.677468502697         0.558448950249         0.000000000000
        0.837909474859         0.815048167408         0.811677164741         0.812802773095         0.874016964099         0.946965542371         1.024435859943         1.078572712852         1.103073353946         1.099855494767         1.081957212322         1.064888508584         1.061052209719         1.075355422036         1.104454444338         1.139121310966         1.168578467315         1.184971065942         1.186239589775         1.176426761949         1.163530524951         1.155969164774         1.159168732799         1.173606123326         1.194970199476         1.216232730369         1.230686665139         1.234678907122         1.228950964802         1.218115333763         1.208574296184         1.205805169815         1.212146982353         1.225966450928         1.242485744574         1.255873077520         1.261699278652         1.258740199170         1.249399524822         1.238613890299         1.231733378728         1.232280770583         1.240518780196         1.253400111068         1.265895626376         1.273130215043         1.272429247154         1.264422786434         1.252753900760         1.242524458949         1.238138245870         1.241446759150         1.250970620696         1.262519901281         1.270956297310         1.272363673287         1.265717099806         1.253342618659         1.239963035318         1.230718726098         1.228986948816         1.234915208652         1.245296938239         1.254866322850         1.258496581773         1.253393431002         1.240352984713         1.223523628202         1.208729979987         1.201027644115         1.202501530943         1.211249116131         1.222024323169         1.228339046993         1.225196455583         1.211322334741         1.189914160441         1.167505852191         1.151328072635         1.146204647869         1.152278582262         1.164586358253         1.174791914772         1.174515538982         1.158979610533         1.129438295372         1.093220297252         1.061118059287         1.042970981960         1.043141577826         1.057761977546         1.075108911162         1.079292014939         1.056531775108         1.001363058889         0.921152384373         0.832470946909         0.752099045750         0.677468503227         0.558448950730         0.000000000000
        0.837909474865         0.815048167420         0.811677164767         0.812802773130         0.874016964140         0.946965542418         1.024435860002         1.078572712931         1.103073354068         1.099855494953         1.081957212580         1.064888508919         1.061052210140         1.075355422530         1.104454444901         1.139121311595         1.168578468016         1.184971066709         1.186239590639         1.176426762820         1.163530525861         1.155969165730         1.159168733832         1.173606124436         1.194970200671         1.216232731616         1.230686666504         1.234678908551         1.228950966209         1.218115335179         1.208574297562         1.205805170967         1.212146983323         1.225966451814         1.242485745472         1.255873078456         1.261699279690         1.258740200236         1.249399525974         1.238613891512         1.231733379752         1.232280771561         1.240518781260         1.253400112318         1.265895627682         1.273130216392         1.272429248510         1.264422787805         1.252753902085         1.242524460221         1.238138246936         1.241446760080         1.250970621477         1.262519902035         1.270956298088         1.272363674119         1.265717100665         1.253342619516         1.239963036147         1.230718726866         1.228986949521         1.234915209347         1.245296938963         1.254866323639         1.258496582630         1.253393431926         1.240352985674         1.223523629166         1.208729980926         1.201027645009         1.202501531790         1.211249116943         1.222024323956         1.228339047775         1.225196456377         1.211322335560         1.189914161284         1.167505852991         1.151328073406         1.146204648599         1.152278582959         1.164586358864         1.174791915361         1.174515539555         1.158979611111         1.129438295945         1.093220297815         1.061118059842         1.042970982496         1.043141578340         1.057761978035         1.075108911629         1.079292015392         1.056531775557         1.001363059341         0.921152384819         0.832470947349         0.752099046180         0.677468503641         0.558448951100         0.000000000000
        0.837909474873         0.815048167433         0.811677164797         0.812802773173         0.874016964193         0.946965542476         1.024435860064         1.078572712993         1.103073354150         1.099855495064         1.081957212721         1.064888509107         1.061052210386         1.075355422822         1.104454445241         1.139121311974         1.168578468440         1.184971067174         1.186239591188         1.176426763339         1.163530526384         1.155969166250         1.159168734388         1.173606125041         1.194970201330         1.216232732312         1.230686667272         1.234678909355         1.228950966997         1.218115335966         1.208574298303         1.205805171580         1.212146983845         1.225966452323         1.242485746076         1.255873079160         1.261699280581         1.258740201189         1.249399527063         1.238613892705         1.231733380702         1.232280772406         1.240518782203         1.253400113492         1.265895628941         1.273130217697         1.272429249821         1.264422789139         1.252753903381         1.242524461526         1.238138247944         1.241446760929         1.250970622181         1.262519902740         1.270956298856         1.272363674978         1.265717101590         1.253342620460         1.239963037054         1.230718727685         1.228986950237         1.234915210005         1.245296939614         1.254866324334         1.258496583394         1.253393432764         1.240352986558         1.223523630055         1.208729981783         1.201027645810         1.202501532533         1.211249117644         1.222024324634         1.228339048456         1.225196457085         1.211322336293         1.189914162044         1.167505853725         1.151328074117         1.146204649276         1.152278583620         1.164586359425         1.174791915915         1.174515540099         1.158979611669         1.129438296503         1.093220298365         1.061118060386         1.042970983024         1.043141578850         1.057761978524         1.075108912088         1.079292015840         1.056531776008         1.001363059798         0.921152385272         0.832470947793         0.752099046610         0.677468504051         0.558448951463         0.000000000000
        0.837909474881         0.815048167445         0.811677164830         0.812802773221         0.874016964249         0.946965542536         1.024435860124         1.078572713047         1.103073354214         1.099855495145         1.081957212811         1.064888509232         1.061052210557         1.075355423027         1.104454445482         1.139121312237         1.168578468734         1.184971067496         1.186239591597         1.176426763708         1.163530526751         1.155969166602         1.159168734762         1.173606125454         1.194970201789         1.216232732811         1.230686667828         1.234678909949         1.228950967600         1.218115336577         1.208574298888         1.205805172112         1.212146984357         1.225966452868         1.242485746751         1.255873079959         1.261699281579         1.258740202257         1.249399528278         1.238613894004         1.231733381813         1.232280773405         1.240518783311         1.253400114816         1.265895630341         1.273130219103         1.272429251194         1.264422790505         1.252753904708         1.242524463045         1.238138249035         1.241446761885         1.250970623025         1.262519903610         1.270956299793         1.272363675996         1.265717102672         1.253342621557         1.239963038109         1.230718728642         1.228986951070         1.234915210744         1.245296940303         1.254866325031         1.258496584131         1.253393433557         1.240352987387         1.223523630885         1.208729982578         1.201027646548         1.202501533212         1.211249118281         1.222024325251         1.228339049081         1.225196457740         1.211322336972         1.189914162747         1.167505854416         1.151328074791         1.146204649930         1.152278584277         1.164586359982         1.174791916482         1.174515540668         1.158979612264         1.129438297100         1.093220298957         1.061118060972         1.042970983595         1.043141579408         1.057761979064         1.075108912592         1.079292016343         1.056531776530         1.001363060331         0.921152385803         0.832470948311         0.752099047108         0.677468504521         0.558448951877         0.000000000000
        0.837909474885         0.815048167453         0.811677164856         0.812802773257         0.874016964289         0.946965542576         1.024435860166         1.078572713087         1.103073354272         1.099855495222         1.081957212886         1.064888509340         1.061052210701         1.075355423196         1.104454445677         1.139121312445         1.168578468964         1.184971067751         1.186239591941         1.176426764014         1.163530527060         1.155969166897         1.159168735077         1.173606125805         1.194970202179         1.216232733238         1.230686668304         1.234678910465         1.228950968141         1.218115337135         1.208574299441         1.205805172646         1.212146984895         1.225966453443         1.242485747434         1.255873080746         1.261699282514         1.258740203254         1.249399529393         1.238613895157         1.231733382869         1.232280774395         1.240518784393         1.253400116078         1.265895631669         1.273130220415         1.272429252451         1.264422791734         1.252753905900         1.242524464730         1.238138250065         1.241446762824         1.250970623912         1.262519904566         1.270956300818         1.272363677077         1.265717103792         1.253342622676         1.239963039179         1.230718729611         1.228986951906         1.234915211461         1.245296940939         1.254866325635         1.258496584741         1.253393434192         1.240352988038         1.223523631527         1.208729983184         1.201027647101         1.202501533716         1.211249118757         1.222024325722         1.228339049574         1.225196458271         1.211322337534         1.189914163330         1.167505854995         1.151328075356         1.146204650483         1.152278584853         1.164586360473         1.174791917012         1.174515541220         1.158979612864         1.129438297714         1.093220299567         1.061118061572         1.042970984174         1.043141579974         1.057761979624         1.075108913128         1.079292016903         1.056531777144         1.001363060965         0.921152386444         0.832470948933         0.752099047700         0.677468505073         0.558448952359         0.000000000000
        0.837909474884         0.815048167456         0.811677164873         0.812802773275         0.874016964303         0.946965542585         1.024435860179         1.078572713107         1.103073354320         1.099855495296         1.081957212947         1.064888509431         1.061052210818         1.075355423327         1.104454445828         1.139121312605         1.168578469145         1.184971067958         1.186239592234         1.176426764276         1.163530527327         1.155969167150         1.159168735344         1.173606126098         1.194970202504         1.216232733597         1.230686668705         1.234678910910         1.228950968624         1.218115337644         1.208574299955         1.205805173150         1.212146985398         1.225966453965         1.242485748024         1.255873081405         1.261699283276         1.258740204067         1.249399530291         1.238613896063         1.231733383747         1.232280775265         1.240518785329         1.253400117166         1.265895632824         1.273130221555         1.272429253536         1.264422792788         1.252753906919         1.242524466529         1.238138250973         1.241446763676         1.250970624767         1.262519905534         1.270956301865         1.272363678167         1.265717104905         1.253342623772         1.239963040219         1.230718730547         1.228986952699         1.234915212114         1.245296941482         1.254866326114         1.258496585194         1.253393434643         1.240352988485         1.223523631952         1.208729983566         1.201027647430         1.202501533999         1.211249119023         1.222024325992         1.228339049879         1.225196458621         1.211322337918         1.189914163730         1.167505855386         1.151328075727         1.146204650839         1.152278585238         1.164586360799         1.174791917401         1.174515541657         1.158979613371         1.129438298246         1.093220300090         1.061118062070         1.042970984634         1.043141580407         1.057761980050         1.075108913557         1.079292017382         1.056531777698         1.001363061553         0.921152387046         0.832470949515         0.752099048241         0.677468505569         0.558448952783         0.000000000000
        0.837910073971         0.815049283642         0.811679102533         0.812805325008         0.874020055333         0.946969092103         1.024439936118         1.078577668440         1.103079882831         1.099864344281         1.081968923474         1.064903149984         1.061069364959         1.075374376854         1.104474535403         1.139142267155         1.168600614435         1.184995252963         1.186266867279         1.176457974439         1.163565970199         1.156008482249         1.159211069338         1.173650522916         1.195016011922         1.216279896501         1.230735752516         1.234730854811         1.229006681518         1.218175295253         1.208638326869         1.205872496401         1.212216545489         1.226037322036         1.242557481548         1.255945858912         1.261773787520         1.258817286127         1.249479786830         1.238697359884         1.231819458998         1.232368414605         1.240606910172         1.253487982326         1.265983057572         1.273217616931         1.272517363897         1.264512304114         1.252845092527         1.242616981943         1.238231197951         1.241539016404         1.251061234955         1.262608425647         1.271042894115         1.272448992817         1.265801919132         1.253427466171         1.240047881448         1.230802925437         1.229069447431         1.234994970924         1.245373306353         1.254939245549         1.258566607288         1.253461429143         1.240419734255         1.223589453780         1.208794567240         1.201090140406         1.202560903580         1.211304562951         1.222075607351         1.228386591077         1.225241158935         1.211365198118         1.189955853948         1.167546436598         1.151366993356         1.146240992732         1.152311493233         1.164615422978         1.174817362411         1.174538166193         1.159000458062         1.129458231343         1.093239698550         1.061136718088         1.042988277683         1.043156814635         1.057774726736         1.075119204711         1.079300323047         1.056538790340         1.001369405722         0.921158414230         0.832476713616         0.752104466983         0.677473516320         0.558453359005         0.000000000000
        0.837910114446         0.815049368717         0.811679250867         0.812805522684         0.874020301602         0.946969386635         1.024440304426         1.078578161813         1.103080588291         1.099865339122         1.081970258489         1.064904815566         1.061071297856         1.075376484977         1.104476742249         1.139144552274         1.168603029006         1.184997904895         1.186269879607         1.176461435828         1.163569903710         1.156012838910         1.159215751318         1.173655429170         1.195021081277         1.216285132251         1.230741223478         1.234736667307         1.229012937344         1.218182045871         1.208645555328         1.205880122854         1.212224461691         1.226045435429         1.242565751989         1.255954315199         1.261782508672         1.258826363320         1.249489281858         1.238707276398         1.231829738027         1.232378952306         1.240617599789         1.253498754129         1.265993904357         1.273228591557         1.272528547086         1.264523760078         1.252856836434         1.242628967859         1.238243330621         1.241551177781         1.251073332889         1.262620419063         1.271054806659         1.272460888020         1.265813866610         1.253439499033         1.240059975389         1.230815003885         1.229081395239         1.235006678776         1.245384706538         1.254950335139         1.258577440877         1.253472085232         1.240430272715         1.223599883707         1.208804840355         1.201100156165         1.202570546020         1.211313744839         1.222084305526         1.228394853252         1.225249079624         1.211372877304         1.189963352487         1.167553747994         1.151374039904         1.146247657311         1.152317672376         1.164621068728         1.174822506196         1.174542911444         1.159004941677         1.129462570467         1.093243945761         1.061140844716         1.042992193583         1.043160414184         1.057777940548         1.075122033619         1.079302839239         1.056541108687         1.001371635920         0.921160622662         0.832478915570         0.752106640207         0.677475627988         0.558455295826         0.000000000000
        0.837910117369         0.815049375700         0.811679262571         0.812805537228         0.874020319108         0.946969408003         1.024440333361         1.078578204027         1.103080653138         1.099865433147         1.081970385836         1.064904974397         1.061071482165         1.075376686402         1.104476954372         1.139144774028         1.168603265559         1.184998165147         1.186270173252         1.176461769597         1.163570278661         1.156013250513         1.159216191875         1.173655891384         1.195021561190         1.216285630580         1.230741745332         1.234737219925         1.229013526999         1.218182675373         1.208646222802         1.205880822702         1.212225186887         1.226046180625         1.242566515588         1.255955099619         1.261783319668         1.258827207266         1.249490162893         1.238708192908         1.231830683408         1.232379917053         1.240618575242         1.253499735669         1.265994892994         1.273229592076         1.272529565951         1.264524802470         1.252857902598         1.242630052084         1.238244423177         1.241552268652         1.251074414901         1.262621489793         1.271055868006         1.272461946900         1.265814928906         1.253440567461         1.240061046497         1.230816068909         1.229082444006         1.235007702942         1.245385702065         1.254951303029         1.258578386360         1.253473015524         1.240431192830         1.223600793665         1.208805733937         1.201101024692         1.202571381486         1.211314542515         1.222085065743         1.228395581095         1.225249783257         1.211373563793         1.189964024202         1.167554402138         1.151374670497         1.146248257571         1.152318237262         1.164621597396         1.174823002449         1.174543382843         1.159005396721         1.129463015898         1.093244384811         1.061141276318         1.042992613771         1.043160818117         1.057778325210         1.075122399290         1.079303189998         1.056541451107         1.001371976826         0.921160966299         0.832479262991         0.752106988454         0.677475971068         0.558455613457         0.000000000000
        0.837910117744         0.815049376627         0.811679264126         0.812805539135         0.874020321384         0.946969410821         1.024440337287         1.078578209902         1.103080662346         1.099865446615         1.081970404181         1.064904997364         1.061071509002         1.075376716033         1.104476985986         1.139144807518         1.168603301584         1.184998204853         1.186270217846         1.176461819913         1.163570334816         1.156013312043         1.159216257933         1.173655961101         1.195021634165         1.216285706969         1.230741825706         1.234737305045         1.229013617599         1.218182771696         1.208646324639         1.205880929451         1.212225297757         1.226046295031         1.242566633420         1.255955221139         1.261783445635         1.258827338564         1.249490300047         1.238708335931         1.231830831420         1.232380068722         1.240618729192         1.253499890938         1.265995049423         1.273229750176         1.272529726749         1.264524966794         1.252858070635         1.242630223307         1.238244596186         1.241552441877         1.251074587154         1.262621660413         1.271056037001         1.272462115082         1.265815097285         1.253440736800         1.240061216553         1.230816238585         1.229082611838         1.235007867534         1.245385862547         1.254951459373         1.258578539169         1.253473165804         1.240431341636         1.223600941186         1.208805879542         1.201101167058         1.202571519394         1.211314675219         1.222085193237         1.228395704035         1.225249902811         1.211373680938         1.189964139293         1.167554514822         1.151374779906         1.146248362854         1.152318337660         1.164621692826         1.174823093448         1.174543470416         1.159005482023         1.129463099726         1.093244467545         1.061141357779         1.042992693460         1.043160895482         1.057778399976         1.075122471602         1.079303260513         1.056541520725         1.001372046523         0.921161036593         0.832479333927         0.752107059444         0.677476040959         0.558455678112         0.000000000000
        0.837910117832         0.815049376828         0.811679264468         0.812805539565         0.874020321903         0.946969411460         1.024440338151         1.078578211158         1.103080664285         1.099865449439         1.081970408046         1.064905002242         1.061071514767         1.075376722483         1.104476992959         1.139144814982         1.168603309653         1.184998213738         1.186270227779         1.176461831046         1.163570347203         1.156013325613         1.159216272542         1.173655976611         1.195021650501         1.216285724153         1.230741843834         1.234737324261         1.229013637961         1.218182793265         1.208646347399         1.205880953330         1.212225322571         1.226046320703         1.242566659931         1.255955248554         1.261783474087         1.258827368226         1.249490331013         1.238708368239         1.231830864950         1.232380103173         1.240618764290         1.253499926461         1.265995085269         1.273229786400         1.272529763494         1.264525004273         1.252858108942         1.242630262366         1.238244635747         1.241552481644         1.251074626808         1.262621699766         1.271056076064         1.272462153906         1.265815136179         1.253440775827         1.240061255749         1.230816277785         1.229082650751         1.235007905848         1.245385900064         1.254951496086         1.258578575103         1.253473201217         1.240431376739         1.223600976011         1.208805914034         1.201101201000         1.202571552452         1.211314707252         1.222085224241         1.228395734118         1.225249932213         1.211373709798         1.189964167689         1.167554542694         1.151374807103         1.146248389141         1.152318362931         1.164621717049         1.174823116721         1.174543492923         1.159005503975         1.129463121274         1.093244488744         1.061141378576         1.042992713746         1.043160915141         1.057778418961         1.075122489959         1.079303278397         1.056541538341         1.001372064090         0.921161054227         0.832479351637         0.752107077097         0.677476058289         0.558455694098         0.000000000000
        0.837910117858         0.815049376885         0.811679264565         0.812805539690         0.874020322056         0.946969411648         1.024440338397         1.078578211508         1.103080664814         1.099865450206         1.081970409095         1.064905003580         1.061071516349         1.075376724295         1.104476994936         1.139144817107         1.168603311956         1.184998216272         1.186270230598         1.176461834189         1.163570350689         1.156013329429         1.159216276661         1.173655981002         1.195021655147         1.216285729058         1.230741849016         1.234737329745         1.229013643769         1.218182799405         1.208646353867         1.205880960105         1.212225329626         1.226046328017         1.242566667497         1.255955256393         1.261783482219         1.258827376708         1.249490339853         1.238708377459         1.231830874520         1.232380113040         1.240618774374         1.253499936702         1.265995095620         1.273229796847         1.272529774088         1.264525015083         1.252858119950         1.242630273592         1.238244647126         1.241552493097         1.251074638252         1.262621711156         1.271056087385         1.272462165174         1.265815147451         1.253440787156         1.240061267128         1.230816289184         1.229082662108         1.235007917113         1.245385911123         1.254951506981         1.258578585791         1.253473211769         1.240431387224         1.223600986432         1.208805924379         1.201101211206         1.202571562477         1.211314717005         1.222085233745         1.228395743403         1.225249941323         1.211373718776         1.189964176568         1.167554551396         1.151374815612         1.146248397413         1.152318370931         1.164621724768         1.174823124179         1.174543500162         1.159005511039         1.129463128196         1.093244495530         1.061141385211         1.042992720221         1.043160921369         1.057778424956         1.075122495734         1.079303283994         1.056541543818         1.001372069510         0.921161059624         0.832479357016         0.752107082421         0.677476063484         0.558455698858         0.000000000000
        0.837910117867         0.815049376903         0.811679264596         0.812805539729         0.874020322104         0.946969411706         1.024440338474         1.078578211619         1.103080664983         1.099865450453         1.081970409435         1.064905004013         1.061071516867         1.075376724884         1.104476995583         1.139144817807         1.168603312717         1.184998217108         1.186270231528         1.176461835224         1.163570351833         1.156013330680         1.159216278012         1.173655982447         1.195021656681         1.216285730682         1.230741850736         1.234737331563         1.229013645693         1.218182801433         1.208646355998         1.205880962335         1.212225331950         1.226046330429         1.242566669995         1.255955258985         1.261783484905         1.258827379507         1.249490342763         1.238708380493         1.231830877669         1.232380116296         1.240618777714         1.253499940104         1.265995099062         1.273229800322         1.272529777612         1.264525018663         1.252858123603         1.242630277318         1.238244650909         1.241552496912         1.251074642071         1.262621714968         1.271056091186         1.272462168960         1.265815151241         1.253440790967         1.240061270958         1.230816293025         1.229082665948         1.235007920928         1.245385914894         1.254951510705         1.258578589470         1.253473215412         1.240431390855         1.223600990049         1.208805927979         1.201101214772         1.202571565989         1.211314720449         1.222085237120         1.228395746710         1.225249944573         1.211373721978         1.189964179725         1.167554554501         1.151374818651         1.146248400373         1.152318373831         1.164621727551         1.174823126879         1.174543502788         1.159005513604         1.129463130707         1.093244497991         1.061141387614         1.042992722554         1.043160923621         1.057778427122         1.075122497817         1.079303286007         1.056541545780         1.001372071442         0.921161061539         0.832479358913         0.752107084290         0.677476065300         0.558455700513         0.000000000000
        0.837910117870         0.815049376909         0.811679264607         0.812805539744         0.874020322123         0.946969411729         1.024440338503         1.078578211660         1.103080665042         1.099865450538         1.081970409553         1.064905004166         1.061071517052         1.075376725096         1.104476995817         1.139144818064         1.168603312996         1.184998217415         1.186270231867         1.176461835600         1.163570352248         1.156013331132         1.159216278503         1.173655982973         1.195021657242         1.216285731278         1.230741851367         1.234737332231         1.229013646397         1.218182802173         1.208646356774         1.205880963146         1.212225332794         1.226046331307         1.242566670906         1.255955259931         1.261783485885         1.258827380527         1.249490343822         1.238708381595         1.231830878814         1.232380117481         1.240618778934         1.253499941348         1.265995100320         1.273229801591         1.272529778901         1.264525019968         1.252858124937         1.242630278679         1.238244652290         1.241552498306         1.251074643467         1.262621716362         1.271056092580         1.272462170348         1.265815152631         1.253440792364         1.240061272361         1.230816294433         1.229082667357         1.235007922330         1.245385916283         1.254951512080         1.258578590832         1.253473216761         1.240431392200         1.223600991390         1.208805929315         1.201101216099         1.202571567297         1.211314721735         1.222085238384         1.228395747954         1.225249945799         1.211373723190         1.189964180921         1.167554555680         1.151374819809         1.146248401507         1.152318374938         1.164621728629         1.174823127931         1.174543503814         1.159005514607         1.129463131691         1.093244498954         1.061141388554         1.042992723468         1.043160924505         1.057778427975         1.075122498640         1.079303286804         1.056541546557         1.001372072206         0.921161062292         0.832479359657         0.752107085021         0.677476066008         0.558455701156         0.000000000000
        0.837910123421         0.815049386126         0.811679280299         0.812805562399         0.874020351342         0.946969446775         1.024440380186         1.078578264764         1.103080739261         1.099865556615         1.081970555298         1.064905191384         1.061071740647         1.075376976032         1.104477265826         1.139145104205         1.168603620624         1.184998559354         1.186270623825         1.176462290604         1.163570875643         1.156013919013         1.159216920275         1.173656666072         1.195022373615         1.216286480837         1.230742642493         1.234738178183         1.229014560236         1.218183790598         1.208647417540         1.205882085786         1.212226503206         1.226047536812         1.242567905254         1.255956525351         1.261784791005         1.258828735760         1.249491756208         1.238709850600         1.231832395602         1.232381667608         1.240620347192         1.253501516853         1.265996679593         1.273231388632         1.272531381541         1.264526645356         1.252859774484         1.242631946085         1.238246324780         1.241554160372         1.251076281543         1.262623323259         1.271057668962         1.272463722716         1.265816689349         1.253442318537         1.240062785594         1.230817785456         1.229084122390         1.235009327574         1.245387262689         1.254952798540         1.258579823486         1.253474405827         1.240432546929         1.223602115187         1.208807017933         1.201102259167         1.202572552041         1.211315638478         1.222086084374         1.228396528899         1.225250673313         1.211374410439         1.189964836942         1.167555182002         1.151375410124         1.146248944902         1.152318861045         1.164622152871         1.174823494223         1.174543823666         1.159005802946         1.129463401316         1.093244756019         1.061141631212         1.042992944012         1.043161114147         1.057778581547         1.075122617392         1.079303377887         1.056541619824         1.001372136413         0.921161122217         0.832479416141         0.752107137558         0.677476114425         0.558455743658         0.000000000000
        0.837910129244         0.815049398134         0.811679300429         0.812805588721         0.874020382600         0.946969482221         1.024440420542         1.078578312703         1.103080799609         1.099865634049         1.081970652892         1.064905309101         1.061071875455         1.075377123236         1.104477421475         1.139145266689         1.168603791808         1.184998743915         1.186270827065         1.176462516591         1.163571125414         1.156014190211         1.159217208124         1.173656965789         1.195022681893         1.216286797441         1.230742970358         1.234738521911         1.229014924159         1.218184176850         1.208647825196         1.205882510869         1.212226940211         1.226047981183         1.242568355038         1.255956981527         1.261785257164         1.258829216365         1.249492254631         1.238710367019         1.231832926719         1.232382208070         1.240620891258         1.253502060758         1.265997222878         1.273231933710         1.272531932761         1.264527206923         1.252860348023         1.242632529568         1.238246913213         1.241554747178         1.251076861571         1.262623894536         1.271058232754         1.272464282948         1.265817250495         1.253442883592         1.240063354354         1.230818353956         1.229084684402         1.235009876739         1.245387795479         1.254953315008         1.258580326912         1.253474901065         1.240433038236         1.223602603957         1.208807501869         1.201102732838         1.202573009200         1.211316074542         1.222086498342         1.228396923117         1.225251052837         1.211374780401         1.189965200496         1.167555538438         1.151375755768         1.146249274050         1.152319168880         1.164622437049         1.174823756027         1.174544067409         1.159006034407         1.129463625160         1.093244974065         1.061141841866         1.042993142933         1.043161296469         1.057778743962         1.075122759679         1.079303503056         1.056541732789         1.001372242031         0.921161223528         0.832479513741         0.752107230541         0.677476201538         0.558455820723         0.000000000000
        0.837910129603         0.815049398958         0.811679302075         0.812805590764         0.874020385002         0.946969484829         1.024440423613         1.078578316421         1.103080804517         1.099865640454         1.081970661110         1.064905319015         1.061071886766         1.075377135432         1.104477434155         1.139145279749         1.168603805529         1.184998758695         1.186270843593         1.176462535302         1.163571146354         1.156014213202         1.159217232646         1.173656991368         1.195022708286         1.216286824569         1.230742998524         1.234738551543         1.229014955632         1.218184210368         1.208647860695         1.205882547953         1.212226978529         1.226048020370         1.242568394980         1.255957022300         1.261785299098         1.258829259836         1.249492299967         1.238710414241         1.231832975746         1.232382258448         1.240620942449         1.253502112202         1.265997274341         1.273231985232         1.272531984797         1.264527259794         1.252860402237         1.242632585131         1.238246969983         1.241554804623         1.251076919040         1.262623951382         1.271058288812         1.272464338444         1.265817305860         1.253442939378         1.240063410760         1.230818410928         1.229084741547         1.235009933444         1.245387851130         1.254953369137         1.258580379731         1.253474953000         1.240433089852         1.223602655648         1.208807553743         1.201102784541         1.202573060061         1.211316123874         1.222086545721         1.228396968670         1.225251096993         1.211374823909         1.189965243949         1.167555581887         1.151375798917         1.146249316062         1.152319208970         1.164622474865         1.174823791732         1.174544101561         1.159006067805         1.129463658363         1.093245007226         1.061141874632         1.042993174770         1.043161326850         1.057778772687         1.075122786858         1.079303529188         1.056541758480         1.001372267646         0.921161249232         0.832479539275         0.752107255607         0.677476225678         0.558455842681         0.000000000000
        0.837910129648         0.815049399042         0.811679302251         0.812805590988         0.874020385273         0.946969485126         1.024440423946         1.078578316792         1.103080804977         1.099865641041         1.081970661895         1.064905320016         1.061071887982         1.075377136821         1.104477435664         1.139145281325         1.168603807147         1.184998760377         1.186270845395         1.176462537296         1.163571148598         1.156014215721         1.159217235420         1.173656994347         1.195022711408         1.216286827823         1.230743001856         1.234738555018         1.229014959308         1.218184214291         1.208647864875         1.205882552361         1.212226983112         1.226048025123         1.242568399758         1.255957027187         1.261785304067         1.258829264998         1.249492305335         1.238710419800         1.231832981507         1.232382264397         1.240620948581         1.253502118424         1.265997280656         1.273231991568         1.272531991115         1.264527266127         1.252860408609         1.242632591594         1.238246976531         1.241554811268         1.251076925736         1.262623958144         1.271058295533         1.272464345140         1.265817312473         1.253442945987         1.240063417368         1.230818417517         1.229084748184         1.235009940071         1.245387857753         1.254953375757         1.258580386220         1.253474959356         1.240433096232         1.223602661936         1.208807560110         1.201102790878         1.202573066430         1.211316130173         1.222086551870         1.228396974603         1.225251102769         1.211374829638         1.189965249666         1.167555587657         1.151375804715         1.146249321793         1.152319214509         1.164622480126         1.174823796727         1.174544106386         1.159006072593         1.129463663213         1.093245012147         1.061141879532         1.042993179510         1.043161331319         1.057778776867         1.075122790828         1.079303533087         1.056541762429         1.001372271691         0.921161253321         0.832479543292         0.752107259472         0.677476229314         0.558455845916         0.000000000000
        0.837910129657         0.815049399056         0.811679302282         0.812805591030         0.874020385325         0.946969485185         1.024440424008         1.078578316856         1.103080805051         1.099865641132         1.081970662017         1.064905320177         1.061071888186         1.075377137061         1.104477435932         1.139145281609         1.168603807441         1.184998760680         1.186270845714         1.176462537644         1.163571148986         1.156014216155         1.159217235901         1.173656994867         1.195022711958         1.216286828395         1.230743002446         1.234738555632         1.229014959955         1.218184214981         1.208647865611         1.205882553141         1.212226983926         1.226048025961         1.242568400612         1.255957028057         1.261785304984         1.258829265942         1.249492306287         1.238710420791         1.231832982532         1.232382265482         1.240620949668         1.253502119539         1.265997281797         1.273231992725         1.272531992280         1.264527267319         1.252860409771         1.242632592753         1.238246977691         1.241554812438         1.251076926923         1.262623959344         1.271058296745         1.272464346355         1.265817313710         1.253442947189         1.240063418565         1.230818418709         1.229084749376         1.235009941298         1.245387858960         1.254953376963         1.258580387419         1.253474960572         1.240433097413         1.223602663170         1.208807561294         1.201102792069         1.202573067628         1.211316131365         1.222086553045         1.228396975754         1.225251103897         1.211374830753         1.189965250783         1.167555588783         1.151375805847         1.146249322914         1.152319215598         1.164622481168         1.174823797721         1.174544107350         1.159006073549         1.129463664178         1.093245013121         1.061141880496         1.042993180434         1.043161332181         1.057778777666         1.075122791580         1.079303533824         1.056541763177         1.001372272457         0.921161254092         0.832479544038         0.752107260178         0.677476229966         0.558455846485         0.000000000000
