        0.652318063097         0.717095878594         0.816008332345         0.914034360780         0.685534549658         0.703164766474         0.685608399687         0.691273774423         0.690920686899         0.686202388796         0.664336639849         0.681144133831         0.693180130570         0.689994259795         0.690838379782         0.690086270041         0.691436821183         0.689816499486         0.689593385601         0.689816694617         0.691841363651         0.689852635090         0.692078178039         0.689379426504         0.691606683710         0.689706935557         0.690835703193         0.691775184508         0.692339610988         0.693041095703         0.691913864592         0.693106269702         0.691083204773         0.692435777243         0.691262769373         0.691745810098         0.691416669710         0.691934514935         0.692094400911         0.692081681685         0.692064656210         0.693178525722         0.692629838024         0.690892161862         0.691078702119         0.692156907453         0.692503961420         0.690811304446         0.691742228091         0.691139895355         0.690346679742         0.691884834582         0.692152008525         0.691331084057         0.692646734963         0.691976036682         0.691349542404         0.691692791862         0.691447799814         0.690632843970         0.691297876332         0.692052025601         0.691722041724         0.691981785710         0.691542841762         0.689229839278         0.690530125754         0.690779617779         0.691045091085         0.691667379530         0.690982034937         0.689779760398         0.691345740099         0.691088199244         0.690211815123         0.690805095017         0.690158344463         0.689941726583         0.689996872452         0.692120743634         0.689956493762         0.690060230975         0.690850622182         0.691050939996         0.690396092595         0.690070501775         0.691820387752         0.690830376322         0.691544205103         0.691303250908         0.691950457453         0.690882129755         0.691634046756         0.690851467906         0.689177218047         0.684327152318         0.669641768944         0.631177127181         0.507327617896         0.000000000000
        0.657382729612         0.705959101440         0.702382746469         0.701965580230         0.700952681455         0.700737375909         0.700367009497         0.700209172923         0.700116286895         0.699952897549         0.699838816762         0.699847301059         0.700123356592         0.700228953130         0.700121859793         0.700040545787         0.700046403108         0.700000903070         0.699933246642         0.699882897908         0.699921108566         0.699907856580         0.699909630176         0.699892731956         0.699942478949         0.699941597081         0.699967680628         0.700012147510         0.700009150151         0.700034571150         0.700030634386         0.700005921521         0.699975035199         0.699951817311         0.700001561367         0.700001493828         0.699991829981         0.699998014575         0.700004592632         0.700043901352         0.700053187361         0.700059908030         0.700073914494         0.700064249102         0.700039173011         0.700035993794         0.700025724765         0.700024698951         0.700012256844         0.700012136165         0.699972797305         0.699974002840         0.699969644253         0.699990708617         0.699987168648         0.700024617251         0.700026944987         0.699996273360         0.699964755323         0.699928690839         0.699969550317         0.699996123632         0.699982383244         0.699942738741         0.699983149980         0.699968274134         0.699962854180         0.699906751526         0.699945802553         0.699937749419         0.699974195231         0.699988937100         0.699995556630         0.699982395297         0.699909366081         0.699868376146         0.699869797353         0.699887372698         0.699876487978         0.699964627733         0.699992644321         0.699970799836         0.699916902172         0.699898259238         0.699914460746         0.699976996084         0.699991928289         0.699932882627         0.699931299356         0.699916403808         0.699854367098         0.699651233239         0.699289822005         0.698419218455         0.696313039742         0.691540163938         0.680633296583         0.654873806061         0.567083268644         0.000000000000
        0.657579727699         0.707219116172         0.704285163217         0.703786620092         0.701793101206         0.701104299151         0.700661599625         0.700490551375         0.700413563482         0.700377753545         0.700357366246         0.700360211989         0.700364448311         0.700365470289         0.700363313752         0.700361202083         0.700359385840         0.700357740491         0.700355272914         0.700354111238         0.700354137742         0.700354061582         0.700354236456         0.700353801897         0.700354208079         0.700354211230         0.700354829426         0.700355418203         0.700355808033         0.700356103512         0.700355479349         0.700354231370         0.700353096602         0.700352890313         0.700353501558         0.700353258653         0.700353013174         0.700352891954         0.700353468933         0.700354197100         0.700354597109         0.700354695490         0.700354694132         0.700354162866         0.700353656704         0.700352844677         0.700352452417         0.700351951398         0.700351561041         0.700350513138         0.700349700015         0.700349453752         0.700349524047         0.700349720822         0.700350486655         0.700351226064         0.700350859940         0.700349769112         0.700348550197         0.700348174402         0.700349289237         0.700349528917         0.700349348288         0.700349231232         0.700349710772         0.700349438615         0.700348655915         0.700348088852         0.700348770285         0.700348920831         0.700349573832         0.700350018595         0.700350064485         0.700349438346         0.700347530812         0.700346236396         0.700346481114         0.700347131855         0.700348296077         0.700350425175         0.700350705859         0.700350089234         0.700349175113         0.700349022244         0.700350066311         0.700350857058         0.700348793572         0.700343383075         0.700332076188         0.700303807291         0.700234046614         0.700067540177         0.699671143188         0.698757771957         0.696617646991         0.691833426955         0.680997937995         0.655565482089         0.568456418983         0.000000000000
        0.657582484411         0.707240616687         0.704312639886         0.703819096821         0.701805704493         0.701113865343         0.700671489632         0.700500579095         0.700427113724         0.700397925775         0.700383143850         0.700377526940         0.700375280971         0.700374290541         0.700373629413         0.700373113470         0.700372629162         0.700372155620         0.700371682454         0.700371265449         0.700370884098         0.700370563243         0.700370264313         0.700369941932         0.700369631727         0.700369349654         0.700369079031         0.700368816483         0.700368567337         0.700368311915         0.700368002647         0.700367671750         0.700367334637         0.700367060162         0.700366832178         0.700366578389         0.700366341373         0.700366112087         0.700365920280         0.700365754715         0.700365581571         0.700365396242         0.700365208673         0.700365010283         0.700364819061         0.700364601232         0.700364408613         0.700364218522         0.700364044921         0.700363850602         0.700363660655         0.700363522277         0.700363418852         0.700363335803         0.700363298339         0.700363268225         0.700363179050         0.700363063415         0.700362936474         0.700362879574         0.700362892118         0.700362887376         0.700362873488         0.700362889410         0.700362917382         0.700362914221         0.700362896553         0.700362912961         0.700362993628         0.700363067982         0.700363164890         0.700363263741         0.700363348381         0.700363409258         0.700363430603         0.700363475941         0.700363590600         0.700363761320         0.700363997163         0.700364264290         0.700364456356         0.700364594715         0.700364691785         0.700364779238         0.700364734726         0.700364255697         0.700362525842         0.700357904052         0.700346282716         0.700317750350         0.700248105909         0.700081982791         0.699684277417         0.698770055266         0.696631285598         0.691851217864         0.681022707822         0.655587538139         0.568461644318         0.000000000000
        0.657582643661         0.707241436106         0.704314010619         0.703821076765         0.701806463604         0.701115358544         0.700673543657         0.700513668047         0.700432907405         0.700399713253         0.700384944457         0.700378925432         0.700376282391         0.700375053200         0.700374353229         0.700373861655         0.700373444165         0.700373055366         0.700372680401         0.700372315436         0.700371957385         0.700371609940         0.700371271081         0.700370936431         0.700370606526         0.700370285022         0.700369969640         0.700369660152         0.700369358398         0.700369062765         0.700368769514         0.700368481199         0.700368198187         0.700367924721         0.700367661054         0.700367403673         0.700367154842         0.700366913878         0.700366681839         0.700366459029         0.700366244007         0.700366035698         0.700365835049         0.700365641974         0.700365457287         0.700365278198         0.700365107978         0.700364945951         0.700364793595         0.700364648869         0.700364512261         0.700364387754         0.700364275072         0.700364173040         0.700364083614         0.700364004122         0.700363930276         0.700363863934         0.700363805807         0.700363761190         0.700363729925         0.700363708116         0.700363696655         0.700363697319         0.700363707768         0.700363725757         0.700363752730         0.700363792187         0.700363845695         0.700363909920         0.700363984815         0.700364069877         0.700364164403         0.700364268214         0.700364380959         0.700364504264         0.700364640701         0.700364791532         0.700364957415         0.700365133826         0.700365312119         0.700365486259         0.700365638630         0.700365727848         0.700365637546         0.700365083802         0.700363360421         0.700358770418         0.700347149351         0.700318606610         0.700248965267         0.700082835460         0.699685071129         0.698770868950         0.696632592736         0.691853804382         0.681026852361         0.655592305074         0.568464799900         0.000000000000
        0.657582648999         0.707241483580         0.704314090727         0.703821202283         0.701806514230         0.701115415144         0.700673607255         0.700513776078         0.700433039892         0.700399794530         0.700385041918         0.700379028460         0.700376370501         0.700375124895         0.700374414849         0.700373917943         0.700373501540         0.700373117755         0.700372748639         0.700372388013         0.700372033679         0.700371685446         0.700371343201         0.700371006631         0.700370675759         0.700370351029         0.700370032409         0.700369719979         0.700369414070         0.700369114712         0.700368821727         0.700368535396         0.700368255833         0.700367983411         0.700367718368         0.700367460677         0.700367210594         0.700366968189         0.700366733589         0.700366506975         0.700366288432         0.700366077969         0.700365875771         0.700365681963         0.700365496696         0.700365319847         0.700365151709         0.700364992394         0.700364842158         0.700364700996         0.700364568984         0.700364446521         0.700364333757         0.700364230714         0.700364137636         0.700364054435         0.700363980898         0.700363917192         0.700363863423         0.700363820004         0.700363787028         0.700363764401         0.700363752308         0.700363750889         0.700363759984         0.700363779489         0.700363809571         0.700363850549         0.700363902591         0.700363965575         0.700364039435         0.700364124193         0.700364219870         0.700364326520         0.700364444163         0.700364572764         0.700364712402         0.700364863120         0.700365024607         0.700365195446         0.700365372295         0.700365547762         0.700365703150         0.700365792324         0.700365699772         0.700365141763         0.700363417351         0.700358828349         0.700347207915         0.700318665042         0.700249023611         0.700082892548         0.699685126777         0.698770939996         0.696632779450         0.691854309447         0.681027715170         0.655593279833         0.568465481099         0.000000000000
        0.657582649391         0.707241486660         0.704314095911         0.703821211110         0.701806517352         0.701115417849         0.700673609402         0.700513779748         0.700433046012         0.700399799507         0.700385048564         0.700379036832         0.700376378816         0.700375132165         0.700374420874         0.700373922912         0.700373506098         0.700373122424         0.700372753611         0.700372393326         0.700372039395         0.700371691232         0.700371348742         0.700371011964         0.700370681003         0.700370356018         0.700370037137         0.700369724494         0.700369418247         0.700369118531         0.700368825459         0.700368539177         0.700368259819         0.700367987537         0.700367722482         0.700367464786         0.700367214595         0.700366972041         0.700366737254         0.700366510371         0.700366291528         0.700366080845         0.700365878456         0.700365684491         0.700365499077         0.700365322318         0.700365154346         0.700364995284         0.700364845264         0.700364704400         0.700364572800         0.700364450598         0.700364337913         0.700364234849         0.700364141523         0.700364058025         0.700363984431         0.700363920838         0.700363867337         0.700363824037         0.700363791029         0.700363768389         0.700363756209         0.700363754569         0.700363763519         0.700363783112         0.700363813420         0.700363854522         0.700363906485         0.700363969352         0.700364043156         0.700364127938         0.700364223736         0.700364330585         0.700364448504         0.700364577480         0.700364717464         0.700364868307         0.700365029567         0.700365200055         0.700365376767         0.700365552237         0.700365707764         0.700365796924         0.700365704262         0.700365146006         0.700363421426         0.700358832396         0.700347212011         0.700318669164         0.700249027728         0.700082896591         0.699685131288         0.698770948607         0.696632814971         0.691854422444         0.681027909133         0.655593484436         0.568465620232         0.000000000000
        0.657778942205         0.707692367749         0.704811635951         0.704280125249         0.702265566652         0.701527768879         0.701032182830         0.700845377530         0.700757756099         0.700722948804         0.700707567123         0.700701283724         0.700698478918         0.700697155934         0.700696400713         0.700695875423         0.700695438251         0.700695036360         0.700694648898         0.700694268524         0.700693893182         0.700693523521         0.700693162185         0.700692813798         0.700692485543         0.700692185383         0.700691922283         0.700691668653         0.700691329624         0.700690120058         0.700689130176         0.700689228032         0.700689940692         0.700690447139         0.700690586256         0.700690459045         0.700690185097         0.700689842669         0.700689472470         0.700689093032         0.700688712093         0.700688332744         0.700687956261         0.700687583265         0.700687214123         0.700686849026         0.700686487955         0.700686130509         0.700685776252         0.700685424792         0.700685082905         0.700684767117         0.700684575422         0.700684668754         0.700685794343         0.700688872096         0.700696999100         0.700705045483         0.700718921040         0.700723893918         0.700724984481         0.700724952709         0.700724616227         0.700724201096         0.700723778423         0.700723365032         0.700722966000         0.700722582429         0.700722214758         0.700721863242         0.700721528127         0.700721209652         0.700720908047         0.700720623522         0.700720356255         0.700720106378         0.700719873944         0.700719658861         0.700719460698         0.700719278194         0.700719108072         0.700718942081         0.700718759641         0.700718509766         0.700718066569         0.700717121299         0.700714918513         0.700709627577         0.700696818165         0.700665934674         0.700591833077         0.700416467406         0.700005644864         0.699056376934         0.696897568053         0.692075399251         0.681192707433         0.655667215544         0.568467561985         0.000000000000
        0.657790552486         0.707756199012         0.704882019400         0.704321049703         0.702294147863         0.701565776929         0.701099076110         0.700919413251         0.700832709532         0.700798313322         0.700783004062         0.700776672751         0.700773760245         0.700772311955         0.700771425161         0.700770767633         0.700770199112         0.700769667378         0.700769151538         0.700768643804         0.700768141077         0.700767641981         0.700767145419         0.700766649521         0.700766149916         0.700765634920         0.700765071526         0.700764359792         0.700763242622         0.700761426519         0.700759586500         0.700758437782         0.700757788493         0.700757325453         0.700756910018         0.700756503795         0.700756100031         0.700755699058         0.700755302006         0.700754909599         0.700754522060         0.700754139078         0.700753760283         0.700753385339         0.700753020873         0.700752682147         0.700752461901         0.700752510392         0.700753531867         0.700756541814         0.700764666538         0.700772478153         0.700787692269         0.700793133762         0.700794340829         0.700794180906         0.700794730453         0.700794862066         0.700794654784         0.700794228715         0.700793797750         0.700793373888         0.700792962365         0.700792564772         0.700792181911         0.700791814345         0.700791462492         0.700791126702         0.700790807289         0.700790504533         0.700790218685         0.700789949971         0.700789698587         0.700789464703         0.700789248452         0.700789049901         0.700788869043         0.700788705618         0.700788559212         0.700788427839         0.700788310396         0.700788192726         0.700788077304         0.700787760961         0.700786459965         0.700774565048         0.700741992627         0.700729054047         0.700715030467         0.700683571218         0.700608522701         0.700430800548         0.700016457610         0.699078589869         0.696917577552         0.692114859720         0.681234316431         0.655696087190         0.568474509734         0.000000000000
        0.657792898834         0.707775037156         0.704896772984         0.704329164866         0.702296564513         0.701570983181         0.701110291545         0.700932872233         0.700846438764         0.700812094812         0.700796781470         0.700790427355         0.700787480925         0.700785995676         0.700785071313         0.700784376990         0.700783772926         0.700783207137         0.700782658825         0.700782120264         0.700781588430         0.700781062113         0.700780540619         0.700780023125         0.700779507923         0.700778990631         0.700778459227         0.700777880536         0.700777185714         0.700776317761         0.700775442319         0.700774746242         0.700774201206         0.700773726899         0.700773278027         0.700772839407         0.700772407266         0.700771981029         0.700771560697         0.700771146197         0.700770737110         0.700770333050         0.700769933760         0.700769545975         0.700769185250         0.700768943770         0.700768972304         0.700769960828         0.700772943903         0.700780953230         0.700789725293         0.700805648629         0.700811406021         0.700812640546         0.700812607125         0.700812241505         0.700812049777         0.700811798568         0.700811385529         0.700810940509         0.700810499183         0.700810072540         0.700809660902         0.700809264696         0.700808884172         0.700808519665         0.700808171494         0.700807839967         0.700807525369         0.700807227962         0.700806947981         0.700806685637         0.700806441112         0.700806214561         0.700806006100         0.700805815792         0.700805643598         0.700805489295         0.700805352228         0.700805230889         0.700805121543         0.700805016414         0.700804890350         0.700804645610         0.700803518921         0.700797689328         0.700777892856         0.700739793172         0.700718889193         0.700686597406         0.700611417569         0.700433621812         0.700018847759         0.699085374673         0.696924589109         0.692125332414         0.681247466957         0.655706289739         0.568478107629         0.000000000000
        0.657793659075         0.707781460852         0.704901119107         0.704331719965         0.702297363722         0.701572795464         0.701113695628         0.700937057745         0.700850761923         0.700816439472         0.700801123496         0.700794760432         0.700791801111         0.700790301734         0.700789362924         0.700788654366         0.700788036476         0.700787457371         0.700786896295         0.700786345550         0.700785802152         0.700785264964         0.700784733467         0.700784207256         0.700783685647         0.700783166972         0.700782646769         0.700782113868         0.700781548620         0.700780938996         0.700780330860         0.700779777214         0.700779275251         0.700778802371         0.700778343501         0.700777892942         0.700777449159         0.700777011897         0.700776581113         0.700776156667         0.700775738117         0.700775325132         0.700774917502         0.700774522284         0.700774154371         0.700773907670         0.700773918819         0.700774906442         0.700777788362         0.700786905870         0.700795550983         0.700811382398         0.700816945474         0.700818168917         0.700818130344         0.700817765085         0.700817386800         0.700816992174         0.700816544360         0.700816091575         0.700815648617         0.700815220212         0.700814807066         0.700814409533         0.700814027922         0.700813662562         0.700813313771         0.700812981853         0.700812667087         0.700812369729         0.700812090012         0.700811828141         0.700811584294         0.700811358623         0.700811151241         0.700810962208         0.700810791486         0.700810638869         0.700810503676         0.700810384563         0.700810277323         0.700810175705         0.700810049324         0.700809833348         0.700808945848         0.700805153877         0.700786090865         0.700742891332         0.700719854890         0.700687234769         0.700612049734         0.700434236622         0.700019554905         0.699087529424         0.696926901128         0.692128620495         0.681252066133         0.655710334202         0.568479793695         0.000000000000
        0.657793929403         0.707783777841         0.704902614600         0.704332638865         0.702297699096         0.701573481948         0.701114872767         0.700938515800         0.700852284955         0.700817973606         0.700802656698         0.700796290031         0.700793325635         0.700791820689         0.700790876168         0.700790161960         0.700789538558         0.700788954118         0.700788387900         0.700787832218         0.700787284101         0.700786742441         0.700786206783         0.700785676872         0.700785152405         0.700784632709         0.700784116074         0.700783598581         0.700783074130         0.700782540161         0.700782010821         0.700781502509         0.700781015651         0.700780543436         0.700780080708         0.700779625346         0.700779176771         0.700778734906         0.700778299714         0.700777871042         0.700777448440         0.700777031592         0.700776620305         0.700776221675         0.700775850466         0.700775600304         0.700775605925         0.700776584411         0.700779494606         0.700788902969         0.700797580144         0.700813321157         0.700818857651         0.700820073450         0.700820035271         0.700819663072         0.700819224401         0.700818774258         0.700818311818         0.700817855061         0.700817410812         0.700816981304         0.700816567127         0.700816168633         0.700815786150         0.700815420009         0.700815070528         0.700814738008         0.700814422728         0.700814124942         0.700813844882         0.700813582750         0.700813338725         0.700813112955         0.700812905554         0.700812716581         0.700812545997         0.700812393602         0.700812258709         0.700812140010         0.700812033194         0.700811932336         0.700811806651         0.700811608004         0.700810853958         0.700807640031         0.700788432193         0.700743912991         0.700720184853         0.700687417998         0.700612222765         0.700434402844         0.700019810919         0.699088327348         0.696927762701         0.692129812409         0.681253823610         0.655712039230         0.568480572390         0.000000000000
        0.657794029464         0.707784639492         0.704903162968         0.704332986043         0.702297839954         0.701573743152         0.701115296026         0.700939042198         0.700852840312         0.700818534747         0.700803217720         0.700796849658         0.700793883275         0.700792376139         0.700791429365         0.700790712920         0.700790087329         0.700789500762         0.700788932486         0.700788374821         0.700787824801         0.700787281328         0.700786743971         0.700786212534         0.700785686861         0.700785166669         0.700784651297         0.700784139347         0.700783628858         0.700783119366         0.700782615516         0.700782122664         0.700781641324         0.700781169414         0.700780705189         0.700780247904         0.700779797386         0.700779353641         0.700778916642         0.700778486229         0.700778061953         0.700777643500         0.700777230684         0.700776830611         0.700776457993         0.700776206358         0.700776209841         0.700777186805         0.700780116204         0.700789613122         0.700798313716         0.700814020852         0.700819547374         0.700820759902         0.700820721079         0.700820344546         0.700819885335         0.700819415130         0.700818946184         0.700818487536         0.700818042564         0.700817612493         0.700817197786         0.700816798791         0.700816415841         0.700816049268         0.700815699390         0.700815366508         0.700815050900         0.700814752820         0.700814472498         0.700814210138         0.700813965917         0.700813739983         0.700813532448         0.700813343373         0.700813172718         0.700813020284         0.700812885384         0.700812766716         0.700812659946         0.700812559254         0.700812434363         0.700812245581         0.700811549236         0.700808497386         0.700789190406         0.700744272439         0.700720309262         0.700687480322         0.700612277543         0.700434455052         0.700019914794         0.699088646476         0.696928105293         0.692130286291         0.681254552058         0.655712795724         0.568480936563         0.000000000000
        0.657794067053         0.707784964582         0.704903368943         0.704333119454         0.702297897999         0.701573842426         0.701115450340         0.700939234647         0.700853045146         0.700818742443         0.700803425517         0.700797056935         0.700794089780         0.700792581786         0.700791634126         0.700790916799         0.700790290342         0.700789702932         0.700789133839         0.700788575384         0.700788024603         0.700787480403         0.700786942361         0.700786410307         0.700785884140         0.700785363739         0.700784848848         0.700784338972         0.700783833486         0.700783332370         0.700782837214         0.700782349843         0.700781870576         0.700781398814         0.700780934016         0.700780475970         0.700780024673         0.700779580170         0.700779142439         0.700778711320         0.700778286362         0.700777867255         0.700777453812         0.700777053143         0.700776679940         0.700776427689         0.700776430404         0.700777407558         0.700780345671         0.700789871042         0.700798581531         0.700814278031         0.700819800338         0.700821011474         0.700820972114         0.700820593496         0.700820127177         0.700819649868         0.700819178171         0.700818718653         0.700818273324         0.700817842988         0.700817428035         0.700817028804         0.700816645631         0.700816278848         0.700815928775         0.700815595711         0.700815279934         0.700814981699         0.700814701234         0.700814438744         0.700814194405         0.700813968367         0.700813760739         0.700813571584         0.700813400861         0.700813248371         0.700813113428         0.700812994731         0.700812887941         0.700812787299         0.700812662987         0.700812479136         0.700811805279         0.700808799018         0.700789449797         0.700744402739         0.700720357522         0.700687503285         0.700612296324         0.700434473029         0.700019958699         0.699088778295         0.696928246497         0.692130487779         0.681254875225         0.655713145678         0.568481109956         0.000000000000
        0.657886668257         0.707658860793         0.704864346146         0.704314670241         0.702281934104         0.701547880453         0.701057726477         0.700831477457         0.700731408568         0.700693993407         0.700677922462         0.700671457009         0.700668581137         0.700667211902         0.700666401214         0.700665815476         0.700665372087         0.700665257309         0.700666140123         0.700669831928         0.700679888358         0.700699675240         0.700714121605         0.700718279123         0.700719174648         0.700719005031         0.700718499600         0.700717888463         0.700717243362         0.700716587960         0.700715930457         0.700715274216         0.700714620518         0.700713969846         0.700713322553         0.700712679084         0.700712039988         0.700711405884         0.700710777446         0.700710155404         0.700709540546         0.700708933768         0.700708336003         0.700707748582         0.700707171810         0.700706608527         0.700706043882         0.700705507771         0.700704951760         0.700705966551         0.700706583088         0.700706357121         0.700705904888         0.700705449013         0.700705014753         0.700704600047         0.700704205748         0.700703830977         0.700703475538         0.700703140042         0.700702825130         0.700702531234         0.700702258654         0.700702007617         0.700701778290         0.700701570777         0.700701385107         0.700701221191         0.700701078757         0.700700957258         0.700700855697         0.700700772906         0.700700707714         0.700700665571         0.700700662568         0.700700792833         0.700701229278         0.700702709868         0.700706323065         0.700714987361         0.700723120676         0.700732929952         0.700736569646         0.700737418996         0.700737141066         0.700735102250         0.700726706285         0.700711817667         0.700694228998         0.700659630482         0.700578055750         0.700397560205         0.699983169981         0.699046391090         0.696884780732         0.692078592168         0.681179869654         0.655552127382         0.568334964597         0.000000000000
        0.657884103473         0.707643568157         0.704862002628         0.704314027034         0.702281368309         0.701537631138         0.701025480006         0.700814229808         0.700718410177         0.700681385191         0.700665450876         0.700659012463         0.700656151562         0.700654781296         0.700653965741         0.700653374595         0.700652929979         0.700652821305         0.700653722722         0.700657453777         0.700667932727         0.700689197861         0.700704160608         0.700708362907         0.700709248351         0.700709057475         0.700708526807         0.700707888220         0.700707214448         0.700706529525         0.700705841503         0.700705153465         0.700704466702         0.700703781904         0.700703099617         0.700702420408         0.700701744893         0.700701073740         0.700700407662         0.700699747414         0.700699093799         0.700698447675         0.700697809942         0.700697181572         0.700696563342         0.700695955837         0.700695357115         0.700694768295         0.700694253445         0.700694148437         0.700694002294         0.700693577126         0.700693089651         0.700692599738         0.700692127400         0.700691673822         0.700691239834         0.700690825554         0.700690431244         0.700690057386         0.700689704461         0.700689372851         0.700689062862         0.700688774740         0.700688508680         0.700688264824         0.700688043257         0.700687843990         0.700687666924         0.700687511790         0.700687378061         0.700687264822         0.700687171012         0.700687095935         0.700687044833         0.700687036345         0.700687152410         0.700687590075         0.700688948881         0.700693610575         0.700702910424         0.700711075343         0.700720685798         0.700724164696         0.700724699124         0.700723493411         0.700719186875         0.700710922979         0.700695660214         0.700661537974         0.700578994868         0.700397959747         0.699983837589         0.699044530246         0.696879079794         0.692065791992         0.681146061999         0.655467088452         0.568252624240         0.000000000000
        0.657883462491         0.707639670459         0.704861010214         0.704313642610         0.702280850818         0.701533677681         0.701017863384         0.700808947428         0.700714346559         0.700677484962         0.700661565188         0.700655123129         0.700652259835         0.700650887473         0.700650070382         0.700649478335         0.700649034058         0.700648927098         0.700649832702         0.700653575857         0.700664173992         0.700685741969         0.700700859578         0.700705078754         0.700705955936         0.700705754896         0.700705214346         0.700704565842         0.700703882073         0.700703187021         0.700702488627         0.700701789856         0.700701091990         0.700700395780         0.700699701839         0.700699010773         0.700698323225         0.700697639877         0.700696961449         0.700696288703         0.700695622436         0.700694963484         0.700694312712         0.700693671017         0.700693039239         0.700692418136         0.700691807861         0.700691211806         0.700690661434         0.700690239587         0.700689823061         0.700689327138         0.700688815110         0.700688311867         0.700687825630         0.700687358017         0.700686909730         0.700686481205         0.700686072864         0.700685685165         0.700685318534         0.700684973338         0.700684649878         0.700684348408         0.700684069132         0.700683812208         0.700683577745         0.700683365796         0.700683176347         0.700683009282         0.700682864328         0.700682740976         0.700682638355         0.700682555510         0.700682491724         0.700682452187         0.700682453049         0.700682572251         0.700683027565         0.700684703089         0.700689631072         0.700698959856         0.700707090672         0.700716451066         0.700719629157         0.700719483091         0.700716756242         0.700710352585         0.700695898490         0.700661941872         0.700579126653         0.700397901017         0.699983921520         0.699044123606         0.696877344144         0.692060246765         0.681130968336         0.655435728705         0.568231533847         0.000000000000
        0.657883287893         0.707638533862         0.704860612474         0.704313448048         0.702280561952         0.701532295836         0.701015654949         0.700807162764         0.700712912403         0.700676123634         0.700660212194         0.700653769363         0.700650905521         0.700649532834         0.700648715650         0.700648123729         0.700647679921         0.700647573767         0.700648480914         0.700652229755         0.700662864270         0.700684510467         0.700699678783         0.700703907317         0.700704782459         0.700704577906         0.700704033870         0.700703381883         0.700702694615         0.700701996024         0.700701294013         0.700700591509         0.700699889788         0.700699189622         0.700698491646         0.700697796484         0.700697104785         0.700696417238         0.700695734568         0.700695057536         0.700694386937         0.700693723600         0.700693068378         0.700692422145         0.700691785762         0.700691160064         0.700690545834         0.700689945770         0.700689372539         0.700688848220         0.700688336817         0.700687810931         0.700687288672         0.700686780133         0.700686289013         0.700685816503         0.700685363263         0.700684929812         0.700684516622         0.700684124145         0.700683752790         0.700683402913         0.700683074816         0.700682768752         0.700682484926         0.700682223498         0.700681984578         0.700681768218         0.700681574403         0.700681403014         0.700681253764         0.700681126127         0.700681019169         0.700680931892         0.700680863332         0.700680819311         0.700680814853         0.700680943696         0.700681378507         0.700682972852         0.700686870236         0.700696850347         0.700705592449         0.700715027532         0.700718231355         0.700718214606         0.700715946399         0.700710100404         0.700695923765         0.700662027288         0.700579130311         0.700397844936         0.699983911668         0.699043980815         0.696876664267         0.692057856342         0.681124412666         0.655423206506         0.568223499367         0.000000000000
        0.657883235180         0.707638161861         0.704860454083         0.704313357164         0.702280426440         0.701531808629         0.701014933989         0.700806532776         0.700712389919         0.700675631551         0.700659724860         0.700653282105         0.700650418168         0.700649045476         0.700648228376         0.700647636619         0.700647193085         0.700647087316         0.700647995176         0.700651746673         0.700662393453         0.700684063621         0.700699249379         0.700703482242         0.700704357028         0.700704151300         0.700703606049         0.700702952851         0.700702264367         0.700701564549         0.700700861284         0.700700157486         0.700699454430         0.700698752895         0.700698053523         0.700697356943         0.700696663810         0.700695974813         0.700695290678         0.700694612167         0.700693940076         0.700693275229         0.700692618474         0.700691970680         0.700691332716         0.700690705452         0.700690089811         0.700689487608         0.700688903956         0.700688345274         0.700687801094         0.700687263083         0.700686736726         0.700686226189         0.700685733366         0.700685259164         0.700684804218         0.700684369069         0.700683954208         0.700683560086         0.700683187105         0.700682835617         0.700682505925         0.700682198281         0.700681912891         0.700681649914         0.700681409459         0.700681191581         0.700680996262         0.700680823379         0.700680672641         0.700680543507         0.700680435026         0.700680346173         0.700680275962         0.700680230345         0.700680224927         0.700680355672         0.700680787892         0.700682312596         0.700685947619         0.700696053863         0.700705036542         0.700714509013         0.700717731479         0.700717769170         0.700715658506         0.700709997300         0.700695920087         0.700662047073         0.700579125543         0.700397821520         0.699983899509         0.699043919146         0.696876373656         0.692056830648         0.681121548001         0.655417996814         0.568220208739         0.000000000000
        0.657883217851         0.707638029881         0.704860391004         0.704313316757         0.702280367855         0.701531634767         0.701014686287         0.700806305991         0.700712197511         0.700675451295         0.700659547001         0.700653104439         0.700650240507         0.700648867844         0.700648050810         0.700647459148         0.700647015748         0.700646910159         0.700647818362         0.700651571051         0.700662222212         0.700683900392         0.700699092343         0.700703327064         0.700704201866         0.700703995757         0.700703450085         0.700702796468         0.700702107564         0.700701407322         0.700700703624         0.700699999380         0.700699295863         0.700698593854         0.700697894000         0.700697196931         0.700696503303         0.700695813805         0.700695129164         0.700694450143         0.700693777537         0.700693112169         0.700692454886         0.700691806552         0.700691168044         0.700690540244         0.700689924079         0.700689320850         0.700688732899         0.700688162529         0.700687607043         0.700687064286         0.700686536291         0.700686025002         0.700685531583         0.700685056799         0.700684601266         0.700684165533         0.700683750097         0.700683355408         0.700682981868         0.700682629827         0.700682299586         0.700681991399         0.700681705472         0.700681441962         0.700681200980         0.700680982580         0.700680786742         0.700680613345         0.700680462093         0.700680332443         0.700680223436         0.700680134038         0.700680063258         0.700680017107         0.700680011385         0.700680142468         0.700680571329         0.700682066119         0.700685625837         0.700695764115         0.700704827074         0.700714320080         0.700717551389         0.700717611213         0.700715555222         0.700709956904         0.700695915575         0.700662051810         0.700579123002         0.700397813012         0.699983892577         0.699043890818         0.696876246345         0.692056384620         0.681120274153         0.655415757162         0.568218808265         0.000000000000
        0.657883209956         0.707637980519         0.704860365739         0.704313299318         0.702280343618         0.701531572229         0.701014599350         0.700806223734         0.700712126436         0.700675384935         0.700659481755         0.700653039336         0.700650175421         0.700648802780         0.700647985781         0.700647394167         0.700646950828         0.700646845320         0.700647753684         0.700651506888         0.700662159653         0.700683840616         0.700699034801         0.700703270289         0.700704145150         0.700703938921         0.700703393106         0.700702739344         0.700702050296         0.700701349907         0.700700646061         0.700699941663         0.700699237987         0.700698535816         0.700697835795         0.700697138558         0.700696444759         0.700695755088         0.700695070273         0.700694391076         0.700693718293         0.700693052745         0.700692395279         0.700691746761         0.700691108066         0.700690480080         0.700689863715         0.700689260025         0.700688670380         0.700688096003         0.700687536609         0.700686992038         0.700686463391         0.700685951818         0.700685458190         0.700684983205         0.700684527471         0.700684091537         0.700683675904         0.700683281021         0.700682907289         0.700682555058         0.700682224630         0.700681916257         0.700681630144         0.700681366452         0.700681125289         0.700680906709         0.700680710694         0.700680537119         0.700680385691         0.700680255863         0.700680146674         0.700680057087         0.700679986113         0.700679939784         0.700679933962         0.700680064996         0.700680491820         0.700681975177         0.700685512433         0.700695660030         0.700704748983         0.700714251093         0.700717486447         0.700717554953         0.700715518051         0.700709941383         0.700695913004         0.700662052877         0.700579121957         0.700397809991         0.699983889129         0.699043877716         0.696876190017         0.692056187123         0.681119697511         0.655414767737         0.568218194306         0.000000000000
        0.657883209031         0.707637961961         0.704860355785         0.704313292015         0.702280333886         0.701531549637         0.701014568541         0.700806193827         0.700712100175         0.700675360460         0.700659457772         0.700653015433         0.700650151533         0.700648778904         0.700647961922         0.700647370329         0.700646927018         0.700646821546         0.700647729982         0.700651483402         0.700662136759         0.700683818705         0.700699013702         0.700703249499         0.700704124401         0.700703918136         0.700703372273         0.700702718461         0.700702029363         0.700701328925         0.700700625027         0.700699920576         0.700699216846         0.700698514619         0.700697814542         0.700697117246         0.700696423388         0.700695733658         0.700695048784         0.700694369527         0.700693696682         0.700693031072         0.700692373544         0.700691724962         0.700691086203         0.700690458152         0.700689841709         0.700689237822         0.700688647528         0.700688071769         0.700687511020         0.700686965767         0.700686436863         0.700685925181         0.700685431480         0.700684956426         0.700684500623         0.700684064621         0.700683648920         0.700683253971         0.700682880173         0.700682527878         0.700682197385         0.700681888948         0.700681602772         0.700681339017         0.700681097792         0.700680879151         0.700680683075         0.700680509440         0.700680357950         0.700680228061         0.700680118809         0.700680029158         0.700679958117         0.700679911728         0.700679905869         0.700680036813         0.700680462648         0.700681941820         0.700685472271         0.700695622734         0.700704720077         0.700714225872         0.700717463009         0.700717534861         0.700715504652         0.700709935483         0.700695911768         0.700662053061         0.700579121546         0.700397808901         0.699983887493         0.699043871691         0.696876164890         0.692056098176         0.681119432567         0.655414320974         0.568217918671         0.000000000000
        0.657883207677         0.707637954527         0.704860351783         0.704313288989         0.702280330046         0.701531541450         0.701014557563         0.700806182946         0.700712090480         0.700675351429         0.700659448948         0.700653006651         0.700650142760         0.700648770137         0.700647953162         0.700647361578         0.700646918279         0.700646812823         0.700647721291         0.700651474799         0.700662128374         0.700683810672         0.700699005964         0.700703241884         0.700704116808         0.700703910533         0.700703364653         0.700702710825         0.700702021710         0.700701321254         0.700700617339         0.700699912870         0.700699209122         0.700698506875         0.700697806778         0.700697109463         0.700696415585         0.700695725835         0.700695040940         0.700694361662         0.700693688797         0.700693023166         0.700692365616         0.700691717012         0.700691078231         0.700690450158         0.700689833684         0.700689229715         0.700688639176         0.700688062939         0.700687501718         0.700686956212         0.700686427208         0.700685915485         0.700685421757         0.700684946680         0.700684490853         0.700684054828         0.700683639104         0.700683244132         0.700682870312         0.700682517994         0.700682187479         0.700681879021         0.700681592824         0.700681329047         0.700681087801         0.700680869139         0.700680673042         0.700680499386         0.700680347876         0.700680217966         0.700680108693         0.700680019019         0.700679947956         0.700679901547         0.700679895672         0.700680026554         0.700680451956         0.700681929631         0.700685458001         0.700695609368         0.700704709429         0.700714216649         0.700717454544         0.700717527671         0.700715499817         0.700709933256         0.700695911217         0.700662053060         0.700579121383         0.700397808494         0.699983886734         0.699043868935         0.696876153582         0.692056057544         0.681119309436         0.655414115840         0.568217792680         0.000000000000
        0.657883207750         0.707637951728         0.704860350233         0.704313287767         0.702280328555         0.701531538479         0.701014553639         0.700806178988         0.700712086905         0.700675348097         0.700659445701         0.700653003423         0.700650139536         0.700648766916         0.700647949945         0.700647358365         0.700646915070         0.700646809622         0.700647718103         0.700651471646         0.700662125303         0.700683807726         0.700699003127         0.700703239094         0.700704114029         0.700703907751         0.700703361866         0.700702708032         0.700702018911         0.700701318450         0.700700614529         0.700699910054         0.700699206299         0.700698504046         0.700697803943         0.700697106621         0.700696412736         0.700695722979         0.700695038077         0.700694358792         0.700693685919         0.700693020281         0.700692362724         0.700691714113         0.700691075324         0.700690447243         0.700689830756         0.700689226755         0.700688636124         0.700688059721         0.700687498336         0.700686952736         0.700686423693         0.700685911955         0.700685418218         0.700684943132         0.700684487298         0.700684051264         0.700683635533         0.700683240553         0.700682866726         0.700682514400         0.700682183878         0.700681875412         0.700681589208         0.700681325424         0.700681084171         0.700680865501         0.700680669397         0.700680495734         0.700680344217         0.700680214300         0.700680105019         0.700680015338         0.700679944267         0.700679897851         0.700679891969         0.700680022817         0.700680448040         0.700681925189         0.700685452917         0.700695604574         0.700704705521         0.700714213278         0.700717451486         0.700717525095         0.700715498070         0.700709932419         0.700695910981         0.700662053036         0.700579121317         0.700397808337         0.699983886384         0.699043867678         0.696876148448         0.692056038771         0.681119251723         0.655414020464         0.568217734263         0.000000000000
        0.657883208060         0.707637950695         0.704860349618         0.704313287271         0.702280327977         0.701531537397         0.701014552231         0.700806177548         0.700712085587         0.700675346867         0.700659444505         0.700653002236         0.700650138352         0.700648765733         0.700647948763         0.700647357185         0.700646913892         0.700646808446         0.700647716934         0.700651470491         0.700662124177         0.700683806646         0.700699002086         0.700703238072         0.700704113011         0.700703906733         0.700703360847         0.700702707011         0.700702017888         0.700701317425         0.700700613502         0.700699909025         0.700699205268         0.700698503013         0.700697802907         0.700697105583         0.700696411696         0.700695721936         0.700695037032         0.700694357744         0.700693684869         0.700693019229         0.700692361669         0.700691713055         0.700691074264         0.700690446180         0.700689829688         0.700689225674         0.700688635010         0.700688058548         0.700687497106         0.700686951472         0.700686422414         0.700685910669         0.700685416929         0.700684941841         0.700684486004         0.700684049968         0.700683634234         0.700683239252         0.700682865421         0.700682513093         0.700682182569         0.700681874100         0.700681587893         0.700681324107         0.700681082851         0.700680864180         0.700680668073         0.700680494408         0.700680342888         0.700680212969         0.700680103685         0.700680014002         0.700679942928         0.700679896509         0.700679890624         0.700680021456         0.700680446607         0.700681923573         0.700685451102         0.700695602853         0.700704704091         0.700714212045         0.700717450380         0.700717524170         0.700715497439         0.700709932106         0.700695910883         0.700662053018         0.700579121290         0.700397808274         0.699983886225         0.699043867104         0.696876146096         0.692056030021         0.681119224504         0.655413975724         0.568217706889         0.000000000000
        0.657883206709         0.707637950052         0.704860349292         0.704313287045         0.702280327748         0.701531537001         0.701014551724         0.700806177024         0.700712085102         0.700675346414         0.700659444065         0.700653001800         0.700650137917         0.700648765298         0.700647948329         0.700647356752         0.700646913460         0.700646808015         0.700647716506         0.700651470068         0.700662123765         0.700683806250         0.700699001705         0.700703237698         0.700704112639         0.700703906361         0.700703360473         0.700702706637         0.700702017514         0.700701317050         0.700700613126         0.700699908648         0.700699204891         0.700698502635         0.700697802529         0.700697105204         0.700696411316         0.700695721556         0.700695036650         0.700694357362         0.700693684486         0.700693018845         0.700692361285         0.700691712670         0.700691073878         0.700690445792         0.700689829299         0.700689225279         0.700688634603         0.700688058121         0.700687496658         0.700686951012         0.700686421949         0.700685910201         0.700685416460         0.700684941371         0.700684485533         0.700684049496         0.700683633761         0.700683238778         0.700682864947         0.700682512618         0.700682182092         0.700681873623         0.700681587415         0.700681323628         0.700681082372         0.700680863699         0.700680667592         0.700680493926         0.700680342405         0.700680212485         0.700680103201         0.700680013516         0.700679942441         0.700679896022         0.700679890135         0.700680020961         0.700680446084         0.700681922986         0.700685450452         0.700695602235         0.700704703568         0.700714211595         0.700717449980         0.700717523838         0.700715497211         0.700709931990         0.700695910843         0.700662053009         0.700579121278         0.700397808248         0.699983886152         0.699043866841         0.696876145010         0.692056025914         0.681119211608         0.655413954590         0.568217693934         0.000000000000
        0.657883206479         0.707637949892         0.704860349165         0.704313286954         0.702280327656         0.701531536854         0.701014551540         0.700806176833         0.700712084924         0.700675346246         0.700659443903         0.700653001640         0.700650137757         0.700648765139         0.700647948170         0.700647356593         0.700646913301         0.700646807857         0.700647716348         0.700651469912         0.700662123614         0.700683806105         0.700699001565         0.700703237561         0.700704112503         0.700703906225         0.700703360337         0.700702706500         0.700702017377         0.700701316913         0.700700612989         0.700699908511         0.700699204753         0.700698502497         0.700697802390         0.700697105065         0.700696411177         0.700695721416         0.700695036511         0.700694357222         0.700693684346         0.700693018705         0.700692361144         0.700691712529         0.700691073737         0.700690445651         0.700689829157         0.700689225135         0.700688634454         0.700688057965         0.700687496495         0.700686950844         0.700686421779         0.700685910031         0.700685416289         0.700684941200         0.700684485362         0.700684049324         0.700683633589         0.700683238606         0.700682864774         0.700682512445         0.700682181919         0.700681873449         0.700681587242         0.700681323455         0.700681082198         0.700680863525         0.700680667417         0.700680493751         0.700680342230         0.700680212310         0.700680103025         0.700680013340         0.700679942265         0.700679895846         0.700679889958         0.700680020780         0.700680445892         0.700681922773         0.700685450219         0.700695602012         0.700704703377         0.700714211431         0.700717449835         0.700717523719         0.700715497128         0.700709931946         0.700695910827         0.700662053004         0.700579121273         0.700397808237         0.699983886119         0.699043866720         0.696876144505         0.692056023977         0.681119205480         0.655413944569         0.568217687794         0.000000000000
        0.657883206793         0.707637949766         0.704860349164         0.704313286941         0.702280327635         0.701531536806         0.701014551477         0.700806176765         0.700712084859         0.700675346185         0.700659443843         0.700653001581         0.700650137698         0.700648765080         0.700647948111         0.700647356534         0.700646913243         0.700646807799         0.700647716290         0.700651469855         0.700662123558         0.700683806052         0.700699001514         0.700703237510         0.700704112453         0.700703906175         0.700703360287         0.700702706450         0.700702017327         0.700701316863         0.700700612939         0.700699908461         0.700699204703         0.700698502447         0.700697802340         0.700697105014         0.700696411126         0.700695721366         0.700695036460         0.700694357171         0.700693684295         0.700693018653         0.700692361093         0.700691712477         0.700691073685         0.700690445599         0.700689829105         0.700689225082         0.700688634400         0.700688057908         0.700687496436         0.700686950783         0.700686421717         0.700685909969         0.700685416227         0.700684941138         0.700684485299         0.700684049262         0.700683633526         0.700683238543         0.700682864712         0.700682512382         0.700682181856         0.700681873387         0.700681587179         0.700681323391         0.700681082134         0.700680863461         0.700680667354         0.700680493687         0.700680342166         0.700680212246         0.700680102961         0.700680013276         0.700679942201         0.700679895781         0.700679889893         0.700680020714         0.700680445823         0.700681922696         0.700685450136         0.700695601932         0.700704703308         0.700714211372         0.700717449783         0.700717523675         0.700715497098         0.700709931930         0.700695910821         0.700662053002         0.700579121271         0.700397808232         0.699983886104         0.699043866665         0.696876144269         0.692056023060         0.681119202562         0.655413939800         0.568217684894         0.000000000000
        0.657883205972         0.707637949691         0.704860349110         0.704313286917         0.702280327616         0.701531536785         0.701014551452         0.700806176739         0.700712084835         0.700675346162         0.700659443821         0.700653001559         0.700650137677         0.700648765059         0.700647948090         0.700647356513         0.700646913221         0.700646807778         0.700647716269         0.700651469835         0.700662123538         0.700683806032         0.700699001495         0.700703237492         0.700704112434         0.700703906157         0.700703360269         0.700702706432         0.700702017309         0.700701316844         0.700700612920         0.700699908443         0.700699204684         0.700698502428         0.700697802321         0.700697104996         0.700696411108         0.700695721347         0.700695036441         0.700694357153         0.700693684276         0.700693018635         0.700692361074         0.700691712459         0.700691073666         0.700690445580         0.700689829086         0.700689225063         0.700688634380         0.700688057887         0.700687496415         0.700686950761         0.700686421695         0.700685909946         0.700685416205         0.700684941115         0.700684485276         0.700684049239         0.700683633504         0.700683238520         0.700682864689         0.700682512360         0.700682181834         0.700681873364         0.700681587156         0.700681323368         0.700681082111         0.700680863438         0.700680667331         0.700680493664         0.700680342143         0.700680212222         0.700680102938         0.700680013253         0.700679942178         0.700679895758         0.700679889870         0.700680020690         0.700680445797         0.700681922668         0.700685450106         0.700695601903         0.700704703283         0.700714211350         0.700717449764         0.700717523660         0.700715497087         0.700709931924         0.700695910818         0.700662053001         0.700579121270         0.700397808230         0.699983886097         0.699043866639         0.696876144159         0.692056022625         0.681119201172         0.655413937538         0.568217683555         0.000000000000
        0.657883206172         0.707637949744         0.704860349110         0.704313286916         0.702280327609         0.701531536777         0.701014551442         0.700806176729         0.700712084826         0.700675346154         0.700659443813         0.700653001551         0.700650137669         0.700648765051         0.700647948082         0.700647356505         0.700646913214         0.700646807770         0.700647716261         0.700651469827         0.700662123531         0.700683806025         0.700699001488         0.700703237485         0.700704112428         0.700703906150         0.700703360262         0.700702706425         0.700702017302         0.700701316838         0.700700612914         0.700699908436         0.700699204677         0.700698502421         0.700697802314         0.700697104989         0.700696411101         0.700695721340         0.700695036434         0.700694357146         0.700693684270         0.700693018628         0.700692361067         0.700691712452         0.700691073659         0.700690445573         0.700689829079         0.700689225056         0.700688634373         0.700688057880         0.700687496407         0.700686950753         0.700686421687         0.700685909938         0.700685416196         0.700684941107         0.700684485268         0.700684049231         0.700683633495         0.700683238512         0.700682864681         0.700682512351         0.700682181825         0.700681873355         0.700681587147         0.700681323360         0.700681082103         0.700680863430         0.700680667322         0.700680493656         0.700680342135         0.700680212214         0.700680102929         0.700680013245         0.700679942169         0.700679895750         0.700679889861         0.700680020681         0.700680445788         0.700681922658         0.700685450095         0.700695601893         0.700704703274         0.700714211342         0.700717449757         0.700717523654         0.700715497084         0.700709931922         0.700695910818         0.700662053000         0.700579121269         0.700397808229         0.699983886093         0.699043866627         0.696876144106         0.692056022418         0.681119200508         0.655413936461         0.568217682917         0.000000000000
        0.657883207435         0.707637949877         0.704860349165         0.704313286927         0.702280327616         0.701531536777         0.701014551440         0.700806176726         0.700712084823         0.700675346151         0.700659443810         0.700653001548         0.700650137666         0.700648765048         0.700647948079         0.700647356502         0.700646913211         0.700646807767         0.700647716259         0.700651469824         0.700662123528         0.700683806022         0.700699001485         0.700703237483         0.700704112425         0.700703906147         0.700703360260         0.700702706423         0.700702017300         0.700701316835         0.700700612911         0.700699908433         0.700699204675         0.700698502419         0.700697802312         0.700697104987         0.700696411098         0.700695721338         0.700695036432         0.700694357144         0.700693684267         0.700693018626         0.700692361065         0.700691712450         0.700691073657         0.700690445571         0.700689829077         0.700689225053         0.700688634370         0.700688057877         0.700687496404         0.700686950750         0.700686421684         0.700685909935         0.700685416193         0.700684941104         0.700684485265         0.700684049228         0.700683633492         0.700683238509         0.700682864678         0.700682512348         0.700682181822         0.700681873352         0.700681587144         0.700681323357         0.700681082100         0.700680863427         0.700680667319         0.700680493653         0.700680342132         0.700680212211         0.700680102927         0.700680013241         0.700679942166         0.700679895746         0.700679889858         0.700680020678         0.700680445785         0.700681922654         0.700685450091         0.700695601889         0.700704703270         0.700714211339         0.700717449754         0.700717523652         0.700715497082         0.700709931921         0.700695910817         0.700662053000         0.700579121269         0.700397808229         0.699983886092         0.699043866621         0.696876144081         0.692056022319         0.681119200189         0.655413935936         0.568217682541         0.000000000000
        0.657883207292         0.707637949808         0.704860349158         0.704313286923         0.702280327615         0.701531536776         0.701014551440         0.700806176725         0.700712084822         0.700675346149         0.700659443809         0.700653001547         0.700650137665         0.700648765047         0.700647948078         0.700647356501         0.700646913210         0.700646807766         0.700647716257         0.700651469823         0.700662123527         0.700683806021         0.700699001485         0.700703237482         0.700704112424         0.700703906147         0.700703360259         0.700702706422         0.700702017299         0.700701316834         0.700700612910         0.700699908432         0.700699204674         0.700698502418         0.700697802311         0.700697104986         0.700696411097         0.700695721337         0.700695036431         0.700694357143         0.700693684266         0.700693018625         0.700692361064         0.700691712449         0.700691073656         0.700690445570         0.700689829076         0.700689225052         0.700688634369         0.700688057876         0.700687496403         0.700686950749         0.700686421683         0.700685909934         0.700685416192         0.700684941103         0.700684485264         0.700684049227         0.700683633491         0.700683238508         0.700682864676         0.700682512347         0.700682181821         0.700681873351         0.700681587143         0.700681323356         0.700681082099         0.700680863426         0.700680667318         0.700680493652         0.700680342131         0.700680212210         0.700680102925         0.700680013240         0.700679942165         0.700679895745         0.700679889857         0.700680020677         0.700680445783         0.700681922653         0.700685450090         0.700695601888         0.700704703269         0.700714211338         0.700717449753         0.700717523652         0.700715497082         0.700709931921         0.700695910817         0.700662053000         0.700579121269         0.700397808228         0.699983886091         0.699043866618         0.696876144070         0.692056022272         0.681119200037         0.655413935686         0.568217682389         0.000000000000
        0.657883206472         0.707637949723         0.704860349135         0.704313286921         0.702280327614         0.701531536776         0.701014551439         0.700806176725         0.700712084821         0.700675346149         0.700659443809         0.700653001546         0.700650137664         0.700648765046         0.700647948077         0.700647356500         0.700646913209         0.700646807766         0.700647716257         0.700651469823         0.700662123527         0.700683806021         0.700699001484         0.700703237481         0.700704112424         0.700703906146         0.700703360259         0.700702706421         0.700702017298         0.700701316834         0.700700612910         0.700699908432         0.700699204674         0.700698502418         0.700697802311         0.700697104985         0.700696411097         0.700695721337         0.700695036431         0.700694357142         0.700693684266         0.700693018624         0.700692361063         0.700691712448         0.700691073656         0.700690445570         0.700689829075         0.700689225052         0.700688634368         0.700688057876         0.700687496403         0.700686950749         0.700686421682         0.700685909934         0.700685416192         0.700684941102         0.700684485264         0.700684049227         0.700683633491         0.700683238507         0.700682864676         0.700682512347         0.700682181821         0.700681873351         0.700681587143         0.700681323356         0.700681082098         0.700680863426         0.700680667318         0.700680493651         0.700680342130         0.700680212210         0.700680102925         0.700680013240         0.700679942165         0.700679895745         0.700679889857         0.700680020677         0.700680445783         0.700681922652         0.700685450089         0.700695601888         0.700704703269         0.700714211337         0.700717449753         0.700717523651         0.700715497081         0.700709931921         0.700695910817         0.700662053000         0.700579121269         0.700397808228         0.699983886091         0.699043866617         0.696876144064         0.692056022249         0.681119199963         0.655413935560         0.568217682277         0.000000000000
        0.657883207054         0.707637949719         0.704860349180         0.704313286940         0.702280327624         0.701531536780         0.701014551441         0.700806176725         0.700712084821         0.700675346149         0.700659443809         0.700653001546         0.700650137664         0.700648765046         0.700647948077         0.700647356500         0.700646913209         0.700646807765         0.700647716257         0.700651469823         0.700662123527         0.700683806021         0.700699001484         0.700703237481         0.700704112424         0.700703906146         0.700703360258         0.700702706421         0.700702017298         0.700701316834         0.700700612910         0.700699908432         0.700699204674         0.700698502418         0.700697802311         0.700697104985         0.700696411097         0.700695721336         0.700695036431         0.700694357142         0.700693684266         0.700693018624         0.700692361064         0.700691712448         0.700691073656         0.700690445570         0.700689829075         0.700689225052         0.700688634368         0.700688057876         0.700687496402         0.700686950749         0.700686421682         0.700685909934         0.700685416192         0.700684941102         0.700684485263         0.700684049226         0.700683633491         0.700683238507         0.700682864676         0.700682512347         0.700682181821         0.700681873351         0.700681587143         0.700681323355         0.700681082098         0.700680863425         0.700680667317         0.700680493651         0.700680342130         0.700680212209         0.700680102925         0.700680013240         0.700679942165         0.700679895745         0.700679889856         0.700680020676         0.700680445783         0.700681922652         0.700685450089         0.700695601887         0.700704703269         0.700714211337         0.700717449753         0.700717523651         0.700715497081         0.700709931921         0.700695910817         0.700662053000         0.700579121269         0.700397808228         0.699983886091         0.699043866616         0.696876144061         0.692056022239         0.681119199931         0.655413935522         0.568217682334         0.000000000000
        0.657883206608         0.707637949688         0.704860349146         0.704313286925         0.702280327618         0.701531536777         0.701014551440         0.700806176725         0.700712084821         0.700675346149         0.700659443808         0.700653001546         0.700650137664         0.700648765046         0.700647948077         0.700647356500         0.700646913209         0.700646807765         0.700647716257         0.700651469823         0.700662123526         0.700683806021         0.700699001484         0.700703237481         0.700704112424         0.700703906146         0.700703360259         0.700702706421         0.700702017298         0.700701316834         0.700700612910         0.700699908432         0.700699204674         0.700698502418         0.700697802311         0.700697104985         0.700696411097         0.700695721337         0.700695036431         0.700694357142         0.700693684266         0.700693018624         0.700692361064         0.700691712448         0.700691073656         0.700690445570         0.700689829075         0.700689225052         0.700688634368         0.700688057876         0.700687496402         0.700686950749         0.700686421682         0.700685909934         0.700685416192         0.700684941102         0.700684485264         0.700684049226         0.700683633491         0.700683238507         0.700682864676         0.700682512347         0.700682181820         0.700681873351         0.700681587143         0.700681323355         0.700681082098         0.700680863425         0.700680667317         0.700680493651         0.700680342130         0.700680212209         0.700680102925         0.700680013240         0.700679942164         0.700679895745         0.700679889856         0.700680020676         0.700680445783         0.700681922652         0.700685450089         0.700695601887         0.700704703268         0.700714211337         0.700717449753         0.700717523651         0.700715497081         0.700709931921         0.700695910817         0.700662053000         0.700579121269         0.700397808228         0.699983886091         0.699043866616         0.696876144060         0.692056022234         0.681119199916         0.655413935501         0.568217682345         0.000000000000
        0.657883205939         0.707637949696         0.704860349090         0.704313286906         0.702280327605         0.701531536772         0.701014551437         0.700806176724         0.700712084821         0.700675346149         0.700659443808         0.700653001546         0.700650137664         0.700648765046         0.700647948077         0.700647356500         0.700646913209         0.700646807765         0.700647716257         0.700651469823         0.700662123526         0.700683806021         0.700699001484         0.700703237481         0.700704112424         0.700703906146         0.700703360258         0.700702706421         0.700702017298         0.700701316834         0.700700612910         0.700699908432         0.700699204674         0.700698502418         0.700697802310         0.700697104985         0.700696411097         0.700695721337         0.700695036431         0.700694357142         0.700693684266         0.700693018624         0.700692361064         0.700691712448         0.700691073656         0.700690445570         0.700689829075         0.700689225052         0.700688634368         0.700688057876         0.700687496402         0.700686950749         0.700686421682         0.700685909934         0.700685416192         0.700684941102         0.700684485264         0.700684049226         0.700683633491         0.700683238507         0.700682864676         0.700682512347         0.700682181820         0.700681873351         0.700681587143         0.700681323355         0.700681082098         0.700680863425         0.700680667317         0.700680493651         0.700680342130         0.700680212209         0.700680102925         0.700680013240         0.700679942164         0.700679895745         0.700679889856         0.700680020676         0.700680445783         0.700681922652         0.700685450089         0.700695601887         0.700704703268         0.700714211337         0.700717449753         0.700717523651         0.700715497081         0.700709931921         0.700695910817         0.700662053000         0.700579121269         0.700397808228         0.699983886091         0.699043866616         0.696876144060         0.692056022231         0.681119199909         0.655413935490         0.568217682354         0.000000000000
        0.657989728244         0.708374629954         0.705786242288         0.705425922391         0.703359996492         0.702637182309         0.702158356125         0.701970485885         0.701878326741         0.701841592805         0.701825223019         0.701818614210         0.701815787232         0.701814608665         0.701814072364         0.701813801544         0.701813635681         0.701813517132         0.701813428082         0.701813511811         0.701814591617         0.701816078283         0.701816736065         0.701816708277         0.701816568467         0.701816442690         0.701816322364         0.701816206585         0.701816092371         0.701815979290         0.701815867077         0.701815755738         0.701815645298         0.701815535797         0.701815427273         0.701815319762         0.701815213298         0.701815107916         0.701815003647         0.701814900521         0.701814798569         0.701814697819         0.701814598296         0.701814500028         0.701814403037         0.701814307346         0.701814212977         0.701814119948         0.701814028277         0.701813937981         0.701813849076         0.701813761574         0.701813675489         0.701813590831         0.701813507612         0.701813425840         0.701813345524         0.701813266671         0.701813189289         0.701813113383         0.701813038959         0.701812966023         0.701812894579         0.701812824633         0.701812756187         0.701812689247         0.701812623816         0.701812559899         0.701812497501         0.701812436629         0.701812377295         0.701812319523         0.701812263360         0.701812208909         0.701812156365         0.701812106159         0.701812058844         0.701812015919         0.701811977101         0.701811955567         0.701812065985         0.701813023901         0.701813945594         0.701813915713         0.701813498852         0.701812579067         0.701810322440         0.701804826691         0.701791425742         0.701759069706         0.701680798475         0.701498207864         0.701073478509         0.700105545869         0.697890390715         0.693043697429         0.682088415400         0.656332476058         0.568809017886         0.000000000000
        0.657998430468         0.708431246916         0.705899856118         0.705602143779         0.703533921638         0.702820696203         0.702342108209         0.702156790146         0.702063567309         0.702026355597         0.702009792128         0.702003215440         0.702000444618         0.701999344993         0.701998887836         0.701998696042         0.701998605407         0.701998554825         0.701998519496         0.701998525802         0.701998691908         0.701998919267         0.701999015088         0.701999018825         0.701998991249         0.701998960365         0.701998928941         0.701998897652         0.701998866419         0.701998835274         0.701998804208         0.701998773229         0.701998742340         0.701998711548         0.701998680857         0.701998650273         0.701998619803         0.701998589452         0.701998559227         0.701998529133         0.701998499178         0.701998469368         0.701998439709         0.701998410209         0.701998380873         0.701998351708         0.701998322722         0.701998293919         0.701998265308         0.701998236893         0.701998208682         0.701998180680         0.701998152892         0.701998125326         0.701998097985         0.701998070874         0.701998044000         0.701998017366         0.701997990976         0.701997964836         0.701997938947         0.701997913315         0.701997887942         0.701997862832         0.701997837987         0.701997813410         0.701997789104         0.701997765070         0.701997741311         0.701997717829         0.701997694626         0.701997671707         0.701997649074         0.701997626735         0.701997604694         0.701997582956         0.701997561477         0.701997540145         0.701997517822         0.701997492662         0.701997487776         0.701997552999         0.701997582369         0.701997445925         0.701997070102         0.701996151961         0.701993895405         0.701988372357         0.701974910966         0.701942500327         0.701864813943         0.701682413445         0.701256203901         0.700286896043         0.698075274268         0.693247490499         0.682315061724         0.656549672796         0.568954234460         0.000000000000
        0.657999867668         0.708442280498         0.705918532472         0.705630776622         0.703562368332         0.702850997798         0.702372128536         0.702187224263         0.702093851069         0.702056692157         0.702040066623         0.702033478948         0.702030701272         0.702029602384         0.702029148948         0.702028962631         0.702028878021         0.702028833604         0.702028805663         0.702028801126         0.702028847080         0.702028840802         0.702028830506         0.702028823546         0.702028804949         0.702028783465         0.702028761630         0.702028739878         0.702028718257         0.702028696720         0.702028675242         0.702028653808         0.702028632413         0.702028611058         0.702028589744         0.702028568473         0.702028547248         0.702028526071         0.702028504945         0.702028483873         0.702028462858         0.702028441902         0.702028421009         0.702028400181         0.702028379421         0.702028358733         0.702028338119         0.702028317583         0.702028297126         0.702028276753         0.702028256465         0.702028236265         0.702028216157         0.702028196141         0.702028176222         0.702028156402         0.702028136681         0.702028117062         0.702028097548         0.702028078140         0.702028058840         0.702028039649         0.702028020569         0.702028001601         0.702027982746         0.702027964006         0.702027945381         0.702027926873         0.702027908481         0.702027890208         0.702027872054         0.702027854019         0.702027836104         0.702027818309         0.702027800629         0.702027783044         0.702027765490         0.702027747784         0.702027729283         0.702027709298         0.702027691210         0.702027677124         0.702027629955         0.702027480563         0.702027106579         0.702026189710         0.702023931775         0.702018405059         0.702004943775         0.701972592030         0.701895042239         0.701712871260         0.701286527871         0.700318032736         0.698108773866         0.693287202856         0.682361079914         0.656589336404         0.568974128409         0.000000000000
        0.658000339581         0.708446054001         0.705924283510         0.705639513643         0.703571151246         0.702860671530         0.702381767041         0.702197012534         0.702103617423         0.702066494781         0.702049887763         0.702043283853         0.702040419464         0.702039275004         0.702038821323         0.702038638114         0.702038556104         0.702038514510         0.702038489317         0.702038476494         0.702038481331         0.702038487446         0.702038481940         0.702038468796         0.702038451524         0.702038433348         0.702038414982         0.702038396617         0.702038378272         0.702038359949         0.702038341647         0.702038323368         0.702038305110         0.702038286875         0.702038268664         0.702038250478         0.702038232318         0.702038214185         0.702038196081         0.702038178006         0.702038159962         0.702038141952         0.702038123974         0.702038106033         0.702038088128         0.702038070261         0.702038052434         0.702038034648         0.702038016904         0.702037999205         0.702037981550         0.702037963941         0.702037946381         0.702037928869         0.702037911407         0.702037893996         0.702037876638         0.702037859333         0.702037842082         0.702037824886         0.702037807746         0.702037790663         0.702037773637         0.702037756669         0.702037739760         0.702037722911         0.702037706121         0.702037689392         0.702037672724         0.702037656117         0.702037639572         0.702037623089         0.702037606667         0.702037590305         0.702037573996         0.702037557718         0.702037541404         0.702037524876         0.702037507637         0.702037488780         0.702037467080         0.702037436653         0.702037372755         0.702037218300         0.702036843108         0.702035923586         0.702033659531         0.702028118553         0.702014637731         0.701982228858         0.701904665234         0.701722543937         0.701296255240         0.700328244132         0.698120147865         0.693301221678         0.682378254502         0.656605093601         0.568982320870         0.000000000000
        0.658000520356         0.708447498472         0.705926333584         0.705642637050         0.703574321185         0.702864236817         0.702385332972         0.702200642641         0.702107253766         0.702070153087         0.702053532285         0.702046835582         0.702043989188         0.702042876913         0.702042424008         0.702042240253         0.702042159024         0.702042118273         0.702042093289         0.702042076575         0.702042067090         0.702042060192         0.702042049617         0.702042035159         0.702042018705         0.702042001702         0.702041984585         0.702041967459         0.702041950344         0.702041933243         0.702041916159         0.702041899091         0.702041882039         0.702041865005         0.702041847988         0.702041830990         0.702041814011         0.702041797052         0.702041780114         0.702041763196         0.702041746300         0.702041729427         0.702041712577         0.702041695752         0.702041678951         0.702041662176         0.702041645427         0.702041628704         0.702041612010         0.702041595344         0.702041578708         0.702041562101         0.702041545525         0.702041528980         0.702041512467         0.702041495986         0.702041479538         0.702041463124         0.702041446744         0.702041430398         0.702041414088         0.702041397813         0.702041381574         0.702041365372         0.702041349207         0.702041333078         0.702041316988         0.702041300935         0.702041284921         0.702041268945         0.702041253008         0.702041237110         0.702041221250         0.702041205427         0.702041189631         0.702041173841         0.702041157993         0.702041141913         0.702041125139         0.702041106603         0.702041083779         0.702041049130         0.702040980812         0.702040825005         0.702040450747         0.702039533620         0.702037276524         0.702031758223         0.702018347938         0.701985995509         0.701908434138         0.701726220380         0.701299916929         0.700332135251         0.698124616362         0.693306763683         0.682385383444         0.656612232137         0.568986070269         0.000000000000
        0.658000591358         0.708448062791         0.705927106971         0.705643822812         0.703575532781         0.702865616453         0.702386714897         0.702202050988         0.702108668124         0.702071578357         0.702054949622         0.702048231580         0.702045378995         0.702044270061         0.702043818461         0.702043635198         0.702043554303         0.702043513812         0.702043488733         0.702043470356         0.702043455866         0.702043443056         0.702043429232         0.702043413804         0.702043397490         0.702043380900         0.702043364252         0.702043347601         0.702043330961         0.702043314333         0.702043297720         0.702043281121         0.702043264537         0.702043247968         0.702043231416         0.702043214879         0.702043198359         0.702043181857         0.702043165372         0.702043148904         0.702043132455         0.702043116025         0.702043099615         0.702043083224         0.702043066853         0.702043050503         0.702043034174         0.702043017867         0.702043001581         0.702042985319         0.702042969079         0.702042952862         0.702042936670         0.702042920501         0.702042904357         0.702042888238         0.702042872145         0.702042856077         0.702042840036         0.702042824021         0.702042808032         0.702042792071         0.702042776138         0.702042760232         0.702042744354         0.702042728505         0.702042712684         0.702042696893         0.702042681131         0.702042665398         0.702042649695         0.702042634022         0.702042618378         0.702042602761         0.702042587164         0.702042571565         0.702042555903         0.702042540006         0.702042523422         0.702042504997         0.702042481764         0.702042445683         0.702042375405         0.702042217553         0.702041839623         0.702040915785         0.702038645260         0.702033114232         0.702019664135         0.701987293682         0.701909744715         0.701727575480         0.701301312307         0.700333641989         0.698126395112         0.693309086774         0.682388871472         0.656615887600         0.568988035980         0.000000000000
        0.658000619327         0.708448284463         0.705927406984         0.705644286270         0.703576009115         0.702866162997         0.702387262929         0.702202609775         0.702109230169         0.702072145388         0.702055512058         0.702048785451         0.702045929502         0.702044820726         0.702044369420         0.702044186288         0.702044105509         0.702044065090         0.702044039920         0.702044020846         0.702044004508         0.702043989296         0.702043973912         0.702043957948         0.702043941621         0.702043925173         0.702043908700         0.702043892231         0.702043875773         0.702043859328         0.702043842896         0.702043826479         0.702043810076         0.702043793688         0.702043777314         0.702043760957         0.702043744615         0.702043728289         0.702043711979         0.702043695686         0.702043679411         0.702043663153         0.702043646912         0.702043630690         0.702043614486         0.702043598302         0.702043582136         0.702043565990         0.702043549863         0.702043533757         0.702043517671         0.702043501606         0.702043485562         0.702043469540         0.702043453539         0.702043437561         0.702043421605         0.702043405672         0.702043389761         0.702043373874         0.702043358011         0.702043342171         0.702043326355         0.702043310564         0.702043294797         0.702043279056         0.702043263339         0.702043247648         0.702043231983         0.702043216344         0.702043200731         0.702043185144         0.702043169583         0.702043154045         0.702043138523         0.702043122996         0.702043107402         0.702043091572         0.702043075052         0.702043056655         0.702043033275         0.702042996753         0.702042925964         0.702042767840         0.702042389826         0.702041466282         0.702039196719         0.702033672153         0.702020235214         0.701987877301         0.701910319051         0.701728133032         0.701301879945         0.700334265011         0.698127201581         0.693310188633         0.682390534641         0.656617680882         0.568988980406         0.000000000000
        0.658000630889         0.708448372980         0.705927528214         0.705644475613         0.703576212210         0.702866414254         0.702387575627         0.702202977961         0.702109617416         0.702072410484         0.702055738642         0.702049008528         0.702046149965         0.702045040805         0.702044589495         0.702044406386         0.702044325648         0.702044285248         0.702044260022         0.702044240655         0.702044223603         0.702044207436         0.702044191378         0.702044175152         0.702044158796         0.702044142394         0.702044125987         0.702044109587         0.702044093199         0.702044076825         0.702044060463         0.702044044116         0.702044027783         0.702044011464         0.702043995160         0.702043978872         0.702043962599         0.702043946341         0.702043930100         0.702043913874         0.702043897666         0.702043881474         0.702043865300         0.702043849143         0.702043833004         0.702043816883         0.702043800781         0.702043784697         0.702043768632         0.702043752586         0.702043736560         0.702043720554         0.702043704568         0.702043688602         0.702043672657         0.702043656733         0.702043640830         0.702043624949         0.702043609089         0.702043593252         0.702043577436         0.702043561644         0.702043545874         0.702043530127         0.702043514403         0.702043498703         0.702043483027         0.702043467375         0.702043451747         0.702043436144         0.702043420565         0.702043405011         0.702043389481         0.702043373973         0.702043358480         0.702043342978         0.702043327408         0.702043311601         0.702043295104         0.702043276725         0.702043253335         0.702043216829         0.702043146275         0.702042989258         0.702042613692         0.702041697463         0.702039451241         0.702033997630         0.702020614626         0.701988253468         0.701910591755         0.701728366616         0.701302113913         0.700334534912         0.698127609277         0.693310790336         0.682391400434         0.656618592075         0.568989450013         0.000000000000
        0.658000634233         0.708448405585         0.705927569555         0.705644539026         0.703576266619         0.702866464449         0.702387562042         0.702202926336         0.702109571099         0.702072399432         0.702055770809         0.702049069327         0.702046227141         0.702045124822         0.702044676435         0.702044494342         0.702044413971         0.702044373678         0.702044348449         0.702044328962         0.702044311626         0.702044295084         0.702044278745         0.702044262400         0.702044246022         0.702044229635         0.702044213252         0.702044196879         0.702044180519         0.702044164171         0.702044147836         0.702044131516         0.702044115210         0.702044098918         0.702044082641         0.702044066379         0.702044050133         0.702044033901         0.702044017686         0.702044001487         0.702043985305         0.702043969139         0.702043952991         0.702043936859         0.702043920745         0.702043904649         0.702043888571         0.702043872512         0.702043856470         0.702043840448         0.702043824446         0.702043808462         0.702043792498         0.702043776555         0.702043760631         0.702043744728         0.702043728846         0.702043712985         0.702043697145         0.702043681326         0.702043665530         0.702043649755         0.702043634003         0.702043618273         0.702043602566         0.702043586882         0.702043571221         0.702043555584         0.702043539971         0.702043524381         0.702043508816         0.702043493275         0.702043477759         0.702043462264         0.702043446785         0.702043431302         0.702043415753         0.702043399969         0.702043383490         0.702043365079         0.702043341491         0.702043304316         0.702043232100         0.702043071054         0.702042687979         0.702041757513         0.702039499089         0.702034012671         0.702020613224         0.701988261040         0.701910652295         0.701728436521         0.701302200615         0.700334653476         0.698127828525         0.693311133806         0.682391867623         0.656619065789         0.568989686948         0.000000000000
        0.658000635933         0.708448419344         0.705927588275         0.705644569027         0.703576298503         0.702866506350         0.702387612580         0.702202987933         0.702109626416         0.702072442813         0.702055809043         0.702049105393         0.702046262770         0.702045160374         0.702044712033         0.702044529970         0.702044449619         0.702044409333         0.702044384092         0.702044364553         0.702044347105         0.702044330416         0.702044313965         0.702044297568         0.702044281178         0.702044264795         0.702044248421         0.702044232058         0.702044215708         0.702044199371         0.702044183047         0.702044166737         0.702044150441         0.702044134160         0.702044117893         0.702044101641         0.702044085405         0.702044069184         0.702044052980         0.702044036791         0.702044020618         0.702044004463         0.702043988324         0.702043972202         0.702043956098         0.702043940012         0.702043923943         0.702043907893         0.702043891861         0.702043875848         0.702043859854         0.702043843880         0.702043827925         0.702043811990         0.702043796074         0.702043780179         0.702043764305         0.702043748452         0.702043732619         0.702043716808         0.702043701019         0.702043685252         0.702043669506         0.702043653783         0.702043638082         0.702043622405         0.702043606750         0.702043591118         0.702043575510         0.702043559926         0.702043544366         0.702043528831         0.702043513319         0.702043497829         0.702043482354         0.702043466874         0.702043451328         0.702043435547         0.702043419067         0.702043400650         0.702043377041         0.702043339821         0.702043267563         0.702043106487         0.702042723769         0.702041794385         0.702039543261         0.702034071450         0.702020685438         0.701988322664         0.701910697792         0.701728475455         0.701302241877         0.700334712289         0.698127952341         0.693311333730         0.682392125890         0.656619317618         0.568989809042         0.000000000000
        0.658000636628         0.708448424841         0.705927595857         0.705644581169         0.703576311735         0.702866524026         0.702387636303         0.702203017195         0.702109651405         0.702072462042         0.702055825044         0.702049120299         0.702046277288         0.702045174798         0.702044726437         0.702044544371         0.702044464021         0.702044423733         0.702044398486         0.702044378925         0.702044361432         0.702044344686         0.702044328189         0.702044311770         0.702044295375         0.702044278993         0.702044262622         0.702044246263         0.702044229917         0.702044213583         0.702044197263         0.702044180957         0.702044164666         0.702044148388         0.702044132126         0.702044115878         0.702044099646         0.702044083429         0.702044067228         0.702044051043         0.702044034875         0.702044018723         0.702044002588         0.702043986470         0.702043970370         0.702043954287         0.702043938222         0.702043922176         0.702043906147         0.702043890138         0.702043874147         0.702043858176         0.702043842225         0.702043826293         0.702043810381         0.702043794489         0.702043778618         0.702043762768         0.702043746938         0.702043731130         0.702043715344         0.702043699579         0.702043683836         0.702043668115         0.702043652417         0.702043636742         0.702043621089         0.702043605460         0.702043589854         0.702043574272         0.702043558714         0.702043543181         0.702043527670         0.702043512182         0.702043496709         0.702043481230         0.702043465686         0.702043449906         0.702043433427         0.702043415008         0.702043391394         0.702043354166         0.702043281907         0.702043120864         0.702042738340         0.702041809690         0.702039561661         0.702034097253         0.702020717779         0.701988349802         0.701910717378         0.701728491558         0.701302260032         0.700334741893         0.698128023233         0.693311450841         0.682392271283         0.656619454382         0.568989873492         0.000000000000
        0.658000636906         0.708448427046         0.705927598918         0.705644586102         0.703576317222         0.702866531543         0.702387646653         0.702203029732         0.702109662042         0.702072470118         0.702055831676         0.702049126385         0.702046283178         0.702045180635         0.702044732262         0.702044550194         0.702044469843         0.702044429555         0.702044404304         0.702044384734         0.702044367223         0.702044350454         0.702044333940         0.702044317511         0.702044301113         0.702044284731         0.702044268362         0.702044252004         0.702044235659         0.702044219328         0.702044203009         0.702044186705         0.702044170415         0.702044154139         0.702044137878         0.702044121632         0.702044105401         0.702044089185         0.702044072986         0.702044056803         0.702044040636         0.702044024485         0.702044008352         0.702043992236         0.702043976136         0.702043960055         0.702043943992         0.702043927947         0.702043911920         0.702043895912         0.702043879923         0.702043863953         0.702043848003         0.702043832072         0.702043816162         0.702043800271         0.702043784401         0.702043768552         0.702043752724         0.702043736917         0.702043721131         0.702043705367         0.702043689625         0.702043673906         0.702043658209         0.702043642534         0.702043626883         0.702043611254         0.702043595649         0.702043580068         0.702043564511         0.702043548978         0.702043533468         0.702043517981         0.702043502508         0.702043487030         0.702043471486         0.702043455706         0.702043439227         0.702043420809         0.702043397193         0.702043359963         0.702043287708         0.702043126688         0.702042744266         0.702041816010         0.702039569408         0.702034108242         0.702020731317         0.701988361234         0.701910725624         0.701728498343         0.701302268281         0.700334757418         0.698128064233         0.693311519594         0.682392354206         0.656619530065         0.568989908319         0.000000000000
        0.658000637017         0.708448427931         0.705927600155         0.705644588110         0.703576319500         0.702866534722         0.702387651009         0.702203034906         0.702109666467         0.702072473487         0.702055834422         0.702049128873         0.702046285569         0.702045182998         0.702044734618         0.702044552549         0.702044472198         0.702044431910         0.702044406658         0.702044387083         0.702044369565         0.702044352787         0.702044336266         0.702044319833         0.702044303434         0.702044287052         0.702044270683         0.702044254326         0.702044237981         0.702044221650         0.702044205333         0.702044189029         0.702044172739         0.702044156464         0.702044140203         0.702044123958         0.702044107728         0.702044091513         0.702044075314         0.702044059132         0.702044042965         0.702044026815         0.702044010683         0.702043994567         0.702043978468         0.702043962387         0.702043946325         0.702043930280         0.702043914254         0.702043898246         0.702043882258         0.702043866288         0.702043850338         0.702043834408         0.702043818499         0.702043802609         0.702043786739         0.702043770890         0.702043755062         0.702043739256         0.702043723471         0.702043707707         0.702043691966         0.702043676247         0.702043660550         0.702043644876         0.702043629224         0.702043613596         0.702043597992         0.702043582411         0.702043566854         0.702043551321         0.702043535812         0.702043520324         0.702043504852         0.702043489374         0.702043473830         0.702043458051         0.702043441572         0.702043423154         0.702043399538         0.702043362308         0.702043290055         0.702043129048         0.702042746680         0.702041818621         0.702039572660         0.702034112806         0.702020736827         0.701988365941         0.701910729074         0.701728501237         0.701302272169         0.700334765822         0.698128088051         0.693311559922         0.682392401891         0.656619572581         0.568989927526         0.000000000000
        0.658000637065         0.708448428288         0.705927600656         0.705644588929         0.703576320445         0.702866536055         0.702387652807         0.702203037003         0.702109668283         0.702072474886         0.702055835558         0.702049129890         0.702046286541         0.702045183955         0.702044735572         0.702044553502         0.702044473151         0.702044432862         0.702044407609         0.702044388033         0.702044370513         0.702044353731         0.702044337207         0.702044320773         0.702044304373         0.702044287991         0.702044271622         0.702044255265         0.702044238921         0.702044222590         0.702044206272         0.702044189969         0.702044173680         0.702044157404         0.702044141144         0.702044124899         0.702044108669         0.702044092455         0.702044076256         0.702044060073         0.702044043907         0.702044027758         0.702044011625         0.702043995509         0.702043979411         0.702043963331         0.702043947268         0.702043931224         0.702043915198         0.702043899190         0.702043883202         0.702043867233         0.702043851283         0.702043835353         0.702043819444         0.702043803554         0.702043787684         0.702043771836         0.702043756008         0.702043740202         0.702043724417         0.702043708653         0.702043692912         0.702043677193         0.702043661497         0.702043645823         0.702043630171         0.702043614544         0.702043598939         0.702043583358         0.702043567801         0.702043552268         0.702043536759         0.702043521272         0.702043505800         0.702043490322         0.702043474778         0.702043458999         0.702043442520         0.702043424102         0.702043400485         0.702043363256         0.702043291004         0.702043130004         0.702042747664         0.702041819699         0.702039574015         0.702034114672         0.702020739036         0.701988367854         0.701910730513         0.701728502488         0.701302274070         0.700334770475         0.698128101906         0.693311583526         0.682392429441         0.656619596733         0.568989938291         0.000000000000
        0.658000637083         0.708448428431         0.705927600859         0.705644589263         0.703576320837         0.702866536609         0.702387653542         0.702203037847         0.702109669023         0.702072475464         0.702055836027         0.702049130306         0.702046286935         0.702045184343         0.702044735958         0.702044553888         0.702044473537         0.702044433248         0.702044407994         0.702044388417         0.702044370896         0.702044354113         0.702044337588         0.702044321153         0.702044304753         0.702044288371         0.702044272001         0.702044255645         0.702044239301         0.702044222970         0.702044206653         0.702044190349         0.702044174060         0.702044157785         0.702044141525         0.702044125280         0.702044109050         0.702044092835         0.702044076637         0.702044060454         0.702044044288         0.702044028139         0.702044012006         0.702043995891         0.702043979793         0.702043963712         0.702043947650         0.702043931605         0.702043915579         0.702043899572         0.702043883584         0.702043867615         0.702043851665         0.702043835736         0.702043819826         0.702043803936         0.702043788067         0.702043772218         0.702043756390         0.702043740584         0.702043724799         0.702043709036         0.702043693295         0.702043677576         0.702043661879         0.702043646205         0.702043630555         0.702043614927         0.702043599322         0.702043583741         0.702043568185         0.702043552652         0.702043537143         0.702043521655         0.702043506183         0.702043490705         0.702043475162         0.702043459383         0.702043442904         0.702043424485         0.702043400869         0.702043363639         0.702043291388         0.702043130392         0.702042748065         0.702041820143         0.702039574575         0.702034115428         0.702020739916         0.701988368626         0.701910731114         0.701728503040         0.701302275032         0.700334773093         0.698128109963         0.693311597307         0.682392445394         0.656619610558         0.568989944397         0.000000000000
        0.658000637090         0.708448428489         0.705927600941         0.705644589399         0.703576320999         0.702866536837         0.702387653840         0.702203038184         0.702109669323         0.702072475702         0.702055836221         0.702049130476         0.702046287095         0.702045184500         0.702044736114         0.702044554044         0.702044473693         0.702044433404         0.702044408150         0.702044388573         0.702044371051         0.702044354268         0.702044337742         0.702044321307         0.702044304907         0.702044288524         0.702044272155         0.702044255799         0.702044239455         0.702044223124         0.702044206806         0.702044190503         0.702044174214         0.702044157939         0.702044141679         0.702044125434         0.702044109204         0.702044092989         0.702044076791         0.702044060609         0.702044044443         0.702044028293         0.702044012160         0.702043996045         0.702043979947         0.702043963866         0.702043947804         0.702043931760         0.702043915734         0.702043899727         0.702043883738         0.702043867769         0.702043851820         0.702043835890         0.702043819980         0.702043804091         0.702043788221         0.702043772373         0.702043756545         0.702043740739         0.702043724954         0.702043709191         0.702043693450         0.702043677731         0.702043662034         0.702043646360         0.702043630709         0.702043615081         0.702043599477         0.702043583896         0.702043568340         0.702043552807         0.702043537298         0.702043521810         0.702043506338         0.702043490860         0.702043475317         0.702043459537         0.702043443059         0.702043424640         0.702043401024         0.702043363794         0.702043291544         0.702043130550         0.702042748228         0.702041820326         0.702039574805         0.702034115733         0.702020740266         0.701988368937         0.701910731365         0.701728503288         0.701302275535         0.700334774580         0.698128114645         0.693311605334         0.682392454642         0.656619618512         0.568989947889         0.000000000000
        0.658000637093         0.708448428512         0.705927600974         0.705644589454         0.703576321064         0.702866536929         0.702387653955         0.702203038314         0.702109669438         0.702072475799         0.702055836305         0.702049130530         0.702046287150         0.702045184559         0.702044736176         0.702044554106         0.702044473755         0.702044433467         0.702044408213         0.702044388636         0.702044371114         0.702044354330         0.702044337804         0.702044321369         0.702044304969         0.702044288586         0.702044272217         0.702044255861         0.702044239517         0.702044223186         0.702044206869         0.702044190565         0.702044174276         0.702044158001         0.702044141741         0.702044125496         0.702044109266         0.702044093052         0.702044076853         0.702044060671         0.702044044505         0.702044028355         0.702044012223         0.702043996107         0.702043980009         0.702043963929         0.702043947867         0.702043931822         0.702043915796         0.702043899789         0.702043883801         0.702043867832         0.702043851882         0.702043835953         0.702043820043         0.702043804153         0.702043788284         0.702043772435         0.702043756608         0.702043740802         0.702043725017         0.702043709254         0.702043693512         0.702043677793         0.702043662097         0.702043646423         0.702043630772         0.702043615144         0.702043599540         0.702043583959         0.702043568402         0.702043552869         0.702043537360         0.702043521873         0.702043506401         0.702043490923         0.702043475379         0.702043459600         0.702043443121         0.702043424703         0.702043401086         0.702043363857         0.702043291607         0.702043130614         0.702042748295         0.702041820401         0.702039574899         0.702034115855         0.702020740405         0.701988369062         0.701910731472         0.701728503403         0.701302275805         0.700334775431         0.698128117363         0.693311610003         0.682392460005         0.656619623103         0.568989949897         0.000000000000
        0.658000637095         0.708448428521         0.705927600982         0.705644589463         0.703576321058         0.702866536902         0.702387653896         0.702203038257         0.702109669367         0.702072475827         0.702055836408         0.702049130274         0.702046286970         0.702045184484         0.702044736162         0.702044554116         0.702044473776         0.702044433490         0.702044408238         0.702044388661         0.702044371139         0.702044354356         0.702044337829         0.702044321394         0.702044304994         0.702044288612         0.702044272243         0.702044255886         0.702044239542         0.702044223211         0.702044206894         0.702044190590         0.702044174301         0.702044158026         0.702044141766         0.702044125521         0.702044109291         0.702044093077         0.702044076879         0.702044060696         0.702044044530         0.702044028381         0.702044012248         0.702043996133         0.702043980035         0.702043963954         0.702043947892         0.702043931847         0.702043915822         0.702043899815         0.702043883826         0.702043867857         0.702043851908         0.702043835978         0.702043820068         0.702043804178         0.702043788309         0.702043772461         0.702043756633         0.702043740827         0.702043725042         0.702043709279         0.702043693538         0.702043677819         0.702043662122         0.702043646448         0.702043630797         0.702043615170         0.702043599565         0.702043583984         0.702043568428         0.702043552895         0.702043537386         0.702043521898         0.702043506426         0.702043490948         0.702043475405         0.702043459625         0.702043443147         0.702043424728         0.702043401112         0.702043363882         0.702043291632         0.702043130639         0.702042748322         0.702041820432         0.702039574938         0.702034115905         0.702020740461         0.701988369113         0.701910731517         0.701728503458         0.701302275952         0.700334775920         0.698128118940         0.693311612714         0.682392463114         0.656619625757         0.568989951056         0.000000000000
        0.658000637102         0.708448428509         0.705927600878         0.705644589220         0.703576320478         0.702866535770         0.702387652156         0.702203036349         0.702109667454         0.702072475927         0.702055836809         0.702049125584         0.702046283662         0.702045182909         0.702044735549         0.702044553876         0.702044473702         0.702044433472         0.702044408241         0.702044388670         0.702044371149         0.702044354366         0.702044337840         0.702044321405         0.702044305004         0.702044288622         0.702044272253         0.702044255896         0.702044239552         0.702044223221         0.702044206904         0.702044190601         0.702044174312         0.702044158037         0.702044141776         0.702044125531         0.702044109302         0.702044093087         0.702044076889         0.702044060706         0.702044044540         0.702044028391         0.702044012258         0.702043996143         0.702043980045         0.702043963964         0.702043947902         0.702043931858         0.702043915832         0.702043899825         0.702043883837         0.702043867867         0.702043851918         0.702043835988         0.702043820078         0.702043804189         0.702043788319         0.702043772471         0.702043756643         0.702043740837         0.702043725052         0.702043709289         0.702043693548         0.702043677829         0.702043662132         0.702043646458         0.702043630808         0.702043615180         0.702043599575         0.702043583995         0.702043568438         0.702043552905         0.702043537396         0.702043521908         0.702043506436         0.702043490958         0.702043475415         0.702043459636         0.702043443157         0.702043424738         0.702043401122         0.702043363892         0.702043291643         0.702043130650         0.702042748333         0.702041820445         0.702039574953         0.702034115924         0.702020740483         0.701988369133         0.701910731537         0.701728503484         0.701302276035         0.700334776201         0.698128119854         0.693311614287         0.682392464917         0.656619627293         0.568989951725         0.000000000000
        0.658000637137         0.708448428277         0.705927599610         0.705644586443         0.703576314398         0.702866524524         0.702387639342         0.702203019571         0.702109655675         0.702072486233         0.702055815372         0.702049088140         0.702046260670         0.702045172751         0.702044731524         0.702044552368         0.702044473198         0.702044433315         0.702044408203         0.702044388666         0.702044371154         0.702044354372         0.702044337845         0.702044321409         0.702044305009         0.702044288626         0.702044272257         0.702044255900         0.702044239556         0.702044223226         0.702044206908         0.702044190605         0.702044174315         0.702044158041         0.702044141781         0.702044125535         0.702044109306         0.702044093091         0.702044076893         0.702044060711         0.702044044545         0.702044028395         0.702044012262         0.702043996147         0.702043980049         0.702043963968         0.702043947906         0.702043931862         0.702043915836         0.702043899829         0.702043883841         0.702043867872         0.702043851922         0.702043835992         0.702043820082         0.702043804193         0.702043788323         0.702043772475         0.702043756647         0.702043740841         0.702043725056         0.702043709293         0.702043693552         0.702043677833         0.702043662136         0.702043646463         0.702043630812         0.702043615184         0.702043599579         0.702043583999         0.702043568442         0.702043552909         0.702043537400         0.702043521913         0.702043506441         0.702043490963         0.702043475419         0.702043459640         0.702043443161         0.702043424742         0.702043401126         0.702043363897         0.702043291647         0.702043130654         0.702042748338         0.702041820449         0.702039574960         0.702034115932         0.702020740491         0.701988369142         0.701910731546         0.701728503498         0.701302276081         0.700334776364         0.698128120383         0.693311615199         0.682392465962         0.656619628183         0.568989952113         0.000000000000
        0.658000637182         0.708448428097         0.705927598592         0.705644584304         0.703576309881         0.702866517229         0.702387636509         0.702203033009         0.702109687448         0.702072525310         0.702055821752         0.702049063794         0.702046241965         0.702045164189         0.702044728085         0.702044551059         0.702044472757         0.702044433174         0.702044408166         0.702044388659         0.702044371156         0.702044354375         0.702044337848         0.702044321412         0.702044305011         0.702044288628         0.702044272259         0.702044255902         0.702044239558         0.702044223227         0.702044206910         0.702044190606         0.702044174317         0.702044158042         0.702044141782         0.702044125537         0.702044109307         0.702044093093         0.702044076895         0.702044060712         0.702044044546         0.702044028397         0.702044012264         0.702043996149         0.702043980050         0.702043963970         0.702043947908         0.702043931864         0.702043915838         0.702043899831         0.702043883842         0.702043867873         0.702043851924         0.702043835994         0.702043820084         0.702043804194         0.702043788325         0.702043772477         0.702043756649         0.702043740843         0.702043725058         0.702043709295         0.702043693554         0.702043677835         0.702043662138         0.702043646464         0.702043630813         0.702043615186         0.702043599581         0.702043584000         0.702043568443         0.702043552911         0.702043537402         0.702043521914         0.702043506442         0.702043490964         0.702043475421         0.702043459642         0.702043443163         0.702043424744         0.702043401128         0.702043363898         0.702043291649         0.702043130656         0.702042748340         0.702041820452         0.702039574963         0.702034115936         0.702020740495         0.701988369145         0.701910731550         0.701728503505         0.701302276107         0.700334776457         0.698128120690         0.693311615727         0.682392466567         0.656619628698         0.568989952337         0.000000000000
        0.658000637209         0.708448428036         0.705927598242         0.705644583623         0.703576308562         0.702866515990         0.702387641606         0.702203060644         0.702109740017         0.702072576623         0.702055846630         0.702049061002         0.702046234876         0.702045160583         0.702044726551         0.702044550464         0.702044472552         0.702044433106         0.702044408147         0.702044388655         0.702044371156         0.702044354376         0.702044337849         0.702044321413         0.702044305012         0.702044288629         0.702044272259         0.702044255903         0.702044239559         0.702044223228         0.702044206911         0.702044190607         0.702044174318         0.702044158043         0.702044141783         0.702044125538         0.702044109308         0.702044093093         0.702044076895         0.702044060713         0.702044044547         0.702044028397         0.702044012265         0.702043996149         0.702043980051         0.702043963971         0.702043947908         0.702043931864         0.702043915838         0.702043899831         0.702043883843         0.702043867874         0.702043851925         0.702043835995         0.702043820085         0.702043804195         0.702043788326         0.702043772477         0.702043756650         0.702043740844         0.702043725059         0.702043709296         0.702043693555         0.702043677836         0.702043662139         0.702043646465         0.702043630814         0.702043615186         0.702043599582         0.702043584001         0.702043568444         0.702043552911         0.702043537402         0.702043521915         0.702043506443         0.702043490965         0.702043475422         0.702043459642         0.702043443164         0.702043424745         0.702043401129         0.702043363899         0.702043291649         0.702043130657         0.702042748341         0.702041820453         0.702039574964         0.702034115937         0.702020740497         0.701988369147         0.701910731552         0.701728503509         0.701302276122         0.700334776512         0.698128120867         0.693311616033         0.682392466918         0.656619628996         0.568989952467         0.000000000000
        0.658005628416         0.708461416053         0.705948236397         0.705667349374         0.703599330029         0.702890700324         0.702411111478         0.702226729826         0.702133069315         0.702095857995         0.702079047469         0.702072351091         0.702069525548         0.702068428624         0.702067989124         0.702067822089         0.702067757573         0.702067733499         0.702067724329         0.702067720752         0.702067719155         0.702067718253         0.702067717580         0.702067716979         0.702067716397         0.702067715820         0.702067715243         0.702067714665         0.702067714087         0.702067713509         0.702067712931         0.702067712354         0.702067711777         0.702067711200         0.702067710624         0.702067710048         0.702067709472         0.702067708897         0.702067708323         0.702067707748         0.702067707175         0.702067706601         0.702067706029         0.702067705457         0.702067704885         0.702067704314         0.702067703743         0.702067703173         0.702067702604         0.702067702035         0.702067701467         0.702067700899         0.702067700332         0.702067699766         0.702067699199         0.702067698634         0.702067698070         0.702067697506         0.702067696943         0.702067696381         0.702067695819         0.702067695258         0.702067694698         0.702067694138         0.702067693579         0.702067693021         0.702067692464         0.702067691908         0.702067691352         0.702067690798         0.702067690243         0.702067689690         0.702067689138         0.702067688584         0.702067688022         0.702067687435         0.702067686765         0.702067685857         0.702067684281         0.702067680875         0.702067672561         0.702067651328         0.702067596530         0.702067455941         0.702067098233         0.702066200433         0.702063970323         0.702058494535         0.702045058574         0.702012592999         0.701934854178         0.701752608446         0.701326596297         0.700359671587         0.698154130464         0.693339646085         0.682419229945         0.656640133291         0.569002145234         0.000000000000
        0.658005852339         0.708462332762         0.705950242522         0.705671008826         0.703603306856         0.702895611826         0.702415560511         0.702231678821         0.702137962512         0.702100871251         0.702084077678         0.702077425978         0.702074616722         0.702073523926         0.702073085269         0.702072918849         0.702072855047         0.702072831693         0.702072823173         0.702072820184         0.702072819127         0.702072818738         0.702072818559         0.702072818444         0.702072818343         0.702072818244         0.702072818144         0.702072818043         0.702072817941         0.702072817838         0.702072817736         0.702072817633         0.702072817531         0.702072817428         0.702072817326         0.702072817223         0.702072817121         0.702072817018         0.702072816916         0.702072816813         0.702072816711         0.702072816609         0.702072816506         0.702072816404         0.702072816302         0.702072816200         0.702072816098         0.702072815996         0.702072815894         0.702072815791         0.702072815690         0.702072815588         0.702072815486         0.702072815384         0.702072815282         0.702072815181         0.702072815079         0.702072814977         0.702072814876         0.702072814775         0.702072814673         0.702072814572         0.702072814471         0.702072814369         0.702072814268         0.702072814167         0.702072814067         0.702072813966         0.702072813865         0.702072813764         0.702072813664         0.702072813563         0.702072813463         0.702072813360         0.702072813250         0.702072813115         0.702072812901         0.702072812455         0.702072811353         0.702072808446         0.702072800676         0.702072780056         0.702072725980         0.702072586151         0.702072228986         0.702071329171         0.702069085829         0.702063562926         0.702050059432         0.702017557392         0.701939836857         0.701757745707         0.701332081703         0.700365961081         0.698161729835         0.693349098719         0.682429717087         0.656648800624         0.569006739617         0.000000000000
        0.658005888826         0.708462522250         0.705950705361         0.705671910548         0.703604304970         0.702896815804         0.702416741734         0.702232958449         0.702139222378         0.702102170668         0.702085390209         0.702078754132         0.702075950676         0.702074859119         0.702074420766         0.702074254426         0.702074190696         0.702074167416         0.702074158971         0.702074156056         0.702074155070         0.702074154750         0.702074154641         0.702074154593         0.702074154559         0.702074154528         0.702074154495         0.702074154461         0.702074154426         0.702074154391         0.702074154356         0.702074154321         0.702074154286         0.702074154251         0.702074154215         0.702074154180         0.702074154145         0.702074154110         0.702074154076         0.702074154041         0.702074154006         0.702074153971         0.702074153936         0.702074153902         0.702074153867         0.702074153833         0.702074153798         0.702074153764         0.702074153730         0.702074153695         0.702074153661         0.702074153627         0.702074153593         0.702074153559         0.702074153525         0.702074153491         0.702074153458         0.702074153424         0.702074153390         0.702074153357         0.702074153323         0.702074153290         0.702074153257         0.702074153223         0.702074153190         0.702074153157         0.702074153124         0.702074153091         0.702074153058         0.702074153025         0.702074152992         0.702074152960         0.702074152927         0.702074152893         0.702074152851         0.702074152783         0.702074152637         0.702074152259         0.702074151225         0.702074148387         0.702074140688         0.702074120143         0.702074066139         0.702073926369         0.702073569088         0.702072668405         0.702070420554         0.702064884320         0.702051359501         0.702018844707         0.701941126640         0.701759072731         0.701333492846         0.700367576794         0.698163674724         0.693351490508         0.682432344863         0.656651011327         0.569007874319         0.000000000000
        0.658005897570         0.708462579293         0.705950851479         0.705672228386         0.703604660418         0.702897252254         0.702417186310         0.702233436339         0.702139698689         0.702102664342         0.702085880684         0.702079246889         0.702076442077         0.702075351253         0.702074913091         0.702074746785         0.702074683083         0.702074659810         0.702074651372         0.702074648459         0.702074647476         0.702074647157         0.702074647048         0.702074647001         0.702074646968         0.702074646938         0.702074646905         0.702074646872         0.702074646838         0.702074646804         0.702074646769         0.702074646734         0.702074646700         0.702074646665         0.702074646631         0.702074646596         0.702074646562         0.702074646527         0.702074646493         0.702074646459         0.702074646425         0.702074646391         0.702074646356         0.702074646323         0.702074646289         0.702074646255         0.702074646221         0.702074646187         0.702074646153         0.702074646120         0.702074646086         0.702074646052         0.702074646019         0.702074645985         0.702074645952         0.702074645919         0.702074645886         0.702074645852         0.702074645819         0.702074645786         0.702074645753         0.702074645720         0.702074645687         0.702074645654         0.702074645622         0.702074645589         0.702074645556         0.702074645524         0.702074645491         0.702074645459         0.702074645427         0.702074645395         0.702074645362         0.702074645328         0.702074645286         0.702074645219         0.702074645072         0.702074644693         0.702074643658         0.702074640817         0.702074633111         0.702074612553         0.702074558523         0.702074418703         0.702074061287         0.702073160281         0.702070911295         0.702065374167         0.702051849167         0.702019332600         0.701941617932         0.701759575807         0.701334022779         0.700368172733         0.698164390560         0.693352382495         0.682433340329         0.656651839934         0.569008258439         0.000000000000
        0.658005900579         0.708462599288         0.705950904098         0.705672346409         0.703604799066         0.702897427203         0.702417368203         0.702233633103         0.702139896440         0.702102867383         0.702086082856         0.702079447401         0.702076640355         0.702075547832         0.702075109878         0.702074943800         0.702074880098         0.702074856861         0.702074848426         0.702074845519         0.702074844535         0.702074844215         0.702074844105         0.702074844056         0.702074844021         0.702074843988         0.702074843953         0.702074843918         0.702074843881         0.702074843844         0.702074843807         0.702074843770         0.702074843734         0.702074843696         0.702074843659         0.702074843622         0.702074843585         0.702074843549         0.702074843512         0.702074843475         0.702074843438         0.702074843402         0.702074843365         0.702074843329         0.702074843293         0.702074843256         0.702074843220         0.702074843184         0.702074843147         0.702074843111         0.702074843075         0.702074843039         0.702074843003         0.702074842967         0.702074842931         0.702074842895         0.702074842859         0.702074842824         0.702074842788         0.702074842753         0.702074842717         0.702074842681         0.702074842646         0.702074842610         0.702074842575         0.702074842540         0.702074842505         0.702074842470         0.702074842435         0.702074842400         0.702074842365         0.702074842330         0.702074842295         0.702074842259         0.702074842214         0.702074842144         0.702074841995         0.702074841613         0.702074840574         0.702074837729         0.702074830017         0.702074809451         0.702074755409         0.702074615567         0.702074258097         0.702073356964         0.702071107599         0.702065570089         0.702052044692         0.702019529286         0.701941817010         0.701759781335         0.701334239538         0.700368422588         0.698164696032         0.693352762132         0.682433768930         0.656652204228         0.569008427866         0.000000000000
        0.658005901538         0.708462606387         0.705950923287         0.705672389872         0.703604853548         0.702897496931         0.702417442801         0.702233715335         0.702139981721         0.702102957100         0.702086172162         0.702079534502         0.702076725458         0.702075631644         0.702075191676         0.702075025689         0.702074962042         0.702074938798         0.702074930384         0.702074927480         0.702074926500         0.702074926180         0.702074926069         0.702074926018         0.702074925980         0.702074925944         0.702074925907         0.702074925868         0.702074925829         0.702074925790         0.702074925750         0.702074925710         0.702074925670         0.702074925630         0.702074925591         0.702074925551         0.702074925511         0.702074925472         0.702074925432         0.702074925392         0.702074925353         0.702074925313         0.702074925274         0.702074925234         0.702074925195         0.702074925156         0.702074925117         0.702074925078         0.702074925039         0.702074924999         0.702074924960         0.702074924922         0.702074924883         0.702074924844         0.702074924805         0.702074924767         0.702074924728         0.702074924689         0.702074924651         0.702074924612         0.702074924574         0.702074924535         0.702074924497         0.702074924459         0.702074924420         0.702074924382         0.702074924344         0.702074924306         0.702074924268         0.702074924230         0.702074924192         0.702074924155         0.702074924117         0.702074924077         0.702074924030         0.702074923957         0.702074923804         0.702074923419         0.702074922378         0.702074919529         0.702074911814         0.702074891245         0.702074837200         0.702074697353         0.702074339876         0.702073438705         0.702071189289         0.702065651704         0.702052127267         0.702019614209         0.701941902549         0.701759870123         0.701334334850         0.700368532750         0.698164830438         0.693352927825         0.682433957251         0.656652368876         0.569008506200         0.000000000000
        0.658005901918         0.708462609031         0.705950930553         0.705672406467         0.703604875698         0.702897526794         0.702417475834         0.702233752136         0.702140017930         0.702102998508         0.702086214673         0.702079577265         0.702076767004         0.702075670262         0.702075229501         0.702075061482         0.702074997792         0.702074974445         0.702074966035         0.702074963145         0.702074962172         0.702074961855         0.702074961744         0.702074961691         0.702074961651         0.702074961612         0.702074961571         0.702074961529         0.702074961486         0.702074961443         0.702074961400         0.702074961357         0.702074961313         0.702074961270         0.702074961226         0.702074961183         0.702074961140         0.702074961097         0.702074961054         0.702074961010         0.702074960967         0.702074960924         0.702074960881         0.702074960838         0.702074960795         0.702074960753         0.702074960710         0.702074960667         0.702074960624         0.702074960582         0.702074960539         0.702074960497         0.702074960454         0.702074960412         0.702074960370         0.702074960327         0.702074960285         0.702074960243         0.702074960201         0.702074960159         0.702074960116         0.702074960075         0.702074960033         0.702074959991         0.702074959949         0.702074959907         0.702074959865         0.702074959824         0.702074959782         0.702074959741         0.702074959699         0.702074959658         0.702074959617         0.702074959573         0.702074959522         0.702074959446         0.702074959289         0.702074958901         0.702074957855         0.702074955003         0.702074947285         0.702074926712         0.702074872664         0.702074732815         0.702074375334         0.702073474150         0.702071224710         0.702065687075         0.702052162787         0.702019650363         0.701941940342         0.701759909823         0.701334378485         0.700368583940         0.698164892874         0.693353002715         0.682434041250         0.656652443341         0.569008542057         0.000000000000
        0.658005902033         0.708462609996         0.705950933292         0.705672412934         0.703604884797         0.702897539162         0.702417489493         0.702233767893         0.702140034787         0.702103017881         0.702086235635         0.702079599906         0.702076791564         0.702075697008         0.702075257131         0.702075089960         0.702075027468         0.702075004971         0.702074996892         0.702074994352         0.702074993495         0.702074993202         0.702074993060         0.702074992958         0.702074992861         0.702074992763         0.702074992663         0.702074992561         0.702074992459         0.702074992356         0.702074992252         0.702074992149         0.702074992046         0.702074991943         0.702074991840         0.702074991737         0.702074991634         0.702074991531         0.702074991428         0.702074991325         0.702074991222         0.702074991119         0.702074991016         0.702074990913         0.702074990811         0.702074990708         0.702074990605         0.702074990503         0.702074990400         0.702074990297         0.702074990195         0.702074990092         0.702074989990         0.702074989888         0.702074989785         0.702074989683         0.702074989581         0.702074989479         0.702074989376         0.702074989274         0.702074989172         0.702074989070         0.702074988968         0.702074988866         0.702074988764         0.702074988663         0.702074988561         0.702074988459         0.702074988357         0.702074988256         0.702074988155         0.702074988054         0.702074987953         0.702074987853         0.702074987749         0.702074987625         0.702074987437         0.702074987034         0.702074986023         0.702074983190         0.702074975696         0.702074954666         0.702074899670         0.702074757658         0.702074396573         0.702073492476         0.702071241747         0.702065703740         0.702052178992         0.702019666940         0.701941957858         0.701759928503         0.701334399108         0.700368607877         0.698164921637         0.693353036695         0.682434079104         0.656652477059         0.569008558529         0.000000000000
        0.658005902074         0.708462610362         0.705950934370         0.705672415549         0.703604888639         0.702897544493         0.702417495617         0.702233775131         0.702140043013         0.702103027417         0.702086245816         0.702079610795         0.702076801815         0.702075706844         0.702075267411         0.702075100865         0.702075037730         0.702075015754         0.702075008156         0.702075005799         0.702075005029         0.702075004765         0.702075004629         0.702075004524         0.702075004421         0.702075004315         0.702075004207         0.702075004097         0.702075003986         0.702075003874         0.702075003763         0.702075003651         0.702075003539         0.702075003427         0.702075003316         0.702075003204         0.702075003093         0.702075002981         0.702075002870         0.702075002758         0.702075002647         0.702075002535         0.702075002424         0.702075002313         0.702075002202         0.702075002090         0.702075001979         0.702075001868         0.702075001756         0.702075001645         0.702075001534         0.702075001423         0.702075001312         0.702075001202         0.702075001090         0.702075000980         0.702075000869         0.702075000758         0.702075000647         0.702075000537         0.702075000426         0.702075000315         0.702075000205         0.702075000094         0.702074999984         0.702074999874         0.702074999763         0.702074999653         0.702074999543         0.702074999433         0.702074999323         0.702074999213         0.702074999103         0.702074998991         0.702074998873         0.702074998731         0.702074998511         0.702074998069         0.702074996971         0.702074994113         0.702074986282         0.702074965644         0.702074910037         0.702074767783         0.702074407298         0.702073502160         0.702071250570         0.702065711623         0.702052187177         0.702019675195         0.701941966471         0.701759937888         0.701334409657         0.700368623293         0.698164940579         0.693353058856         0.682434102557         0.656652495291         0.569008567345         0.000000000000
        0.658005902089         0.708462610505         0.705950934809         0.705672416641         0.703604890309         0.702897546886         0.702417498496         0.702233778620         0.702140047118         0.702103032280         0.702086251103         0.702079616429         0.702076807518         0.702075712652         0.702075273022         0.702075106767         0.702075043651         0.702075021763         0.702075014205         0.702075011855         0.702075011087         0.702075010820         0.702075010681         0.702075010573         0.702075010466         0.702075010357         0.702075010244         0.702075010131         0.702075010016         0.702075009901         0.702075009785         0.702075009670         0.702075009555         0.702075009440         0.702075009324         0.702075009209         0.702075009094         0.702075008978         0.702075008863         0.702075008748         0.702075008633         0.702075008518         0.702075008403         0.702075008288         0.702075008173         0.702075008058         0.702075007943         0.702075007828         0.702075007714         0.702075007599         0.702075007484         0.702075007369         0.702075007254         0.702075007140         0.702075007025         0.702075006911         0.702075006796         0.702075006682         0.702075006567         0.702075006453         0.702075006339         0.702075006224         0.702075006110         0.702075005996         0.702075005882         0.702075005768         0.702075005654         0.702075005540         0.702075005426         0.702075005312         0.702075005198         0.702075005085         0.702075004971         0.702075004855         0.702075004732         0.702075004584         0.702075004357         0.702075003901         0.702075002790         0.702074999877         0.702074992063         0.702074971234         0.702074916484         0.702074774637         0.702074414444         0.702073510265         0.702071256723         0.702065716884         0.702052191442         0.702019679533         0.701941970944         0.701759942692         0.701334415121         0.700368630421         0.698164949379         0.693353068202         0.682434112440         0.656652503097         0.569008571068         0.000000000000
        0.658005902095         0.708462610563         0.705950934992         0.705672417108         0.703604891051         0.702897547982         0.702417499875         0.702233780333         0.702140049188         0.702103034774         0.702086253883         0.702079619413         0.702076810658         0.702075715943         0.702075276358         0.702075110186         0.702075047102         0.702075025256         0.702075017708         0.702075015368         0.702075014601         0.702075014333         0.702075014193         0.702075014082         0.702075013974         0.702075013863         0.702075013748         0.702075013632         0.702075013515         0.702075013398         0.702075013281         0.702075013164         0.702075013046         0.702075012929         0.702075012812         0.702075012694         0.702075012577         0.702075012460         0.702075012342         0.702075012225         0.702075012108         0.702075011991         0.702075011874         0.702075011757         0.702075011640         0.702075011523         0.702075011406         0.702075011289         0.702075011172         0.702075011056         0.702075010939         0.702075010822         0.702075010705         0.702075010589         0.702075010472         0.702075010355         0.702075010239         0.702075010123         0.702075010006         0.702075009889         0.702075009773         0.702075009657         0.702075009541         0.702075009424         0.702075009308         0.702075009192         0.702075009076         0.702075008960         0.702075008844         0.702075008728         0.702075008612         0.702075008497         0.702075008381         0.702075008263         0.702075008138         0.702075007987         0.702075007758         0.702075007299         0.702075006186         0.702075003269         0.702074995471         0.702074974706         0.702074920233         0.702074778688         0.702074417964         0.702073513144         0.702071259588         0.702065719354         0.702052193771         0.702019681792         0.701941973244         0.701759945146         0.701334417888         0.700368633919         0.698164953669         0.693353072979         0.682434117324         0.656652507028         0.569008572818         0.000000000000
        0.658005902098         0.708462610587         0.705950935071         0.705672417313         0.703604891385         0.702897548491         0.702417500541         0.702233781182         0.702140050239         0.702103036055         0.702086255350         0.702079621014         0.702076812372         0.702075717745         0.702075278245         0.702075112144         0.702075049102         0.702075027280         0.702075019736         0.702075017403         0.702075016636         0.702075016368         0.702075016227         0.702075016115         0.702075016005         0.702075015893         0.702075015777         0.702075015660         0.702075015542         0.702075015424         0.702075015306         0.702075015187         0.702075015068         0.702075014950         0.702075014831         0.702075014713         0.702075014594         0.702075014475         0.702075014357         0.702075014239         0.702075014120         0.702075014002         0.702075013884         0.702075013765         0.702075013647         0.702075013529         0.702075013411         0.702075013293         0.702075013175         0.702075013057         0.702075012939         0.702075012821         0.702075012703         0.702075012585         0.702075012467         0.702075012349         0.702075012231         0.702075012114         0.702075011996         0.702075011878         0.702075011761         0.702075011643         0.702075011526         0.702075011408         0.702075011291         0.702075011173         0.702075011056         0.702075010938         0.702075010822         0.702075010704         0.702075010588         0.702075010471         0.702075010354         0.702075010235         0.702075010108         0.702075009957         0.702075009726         0.702075009266         0.702075008151         0.702075005235         0.702074997451         0.702074976741         0.702074922419         0.702074781045         0.702074420091         0.702073514821         0.702071261106         0.702065720739         0.702052195082         0.702019683047         0.701941974484         0.701759946431         0.701334419314         0.700368635691         0.698164955847         0.693353075422         0.682434119778         0.656652508999         0.569008573732         0.000000000000
        0.658005902099         0.708462610598         0.705950935105         0.705672417404         0.703604891537         0.702897548729         0.702417500865         0.702233781604         0.702140050774         0.702103036716         0.702086256129         0.702079621885         0.702076813319         0.702075718737         0.702075279300         0.702075113255         0.702075050249         0.702075028442         0.702075020900         0.702075018571         0.702075017803         0.702075017536         0.702075017394         0.702075017282         0.702075017171         0.702075017058         0.702075016942         0.702075016824         0.702075016705         0.702075016586         0.702075016467         0.702075016348         0.702075016228         0.702075016109         0.702075015990         0.702075015870         0.702075015751         0.702075015632         0.702075015513         0.702075015394         0.702075015274         0.702075015155         0.702075015036         0.702075014917         0.702075014798         0.702075014680         0.702075014561         0.702075014442         0.702075014323         0.702075014204         0.702075014086         0.702075013967         0.702075013848         0.702075013730         0.702075013611         0.702075013492         0.702075013374         0.702075013255         0.702075013137         0.702075013019         0.702075012900         0.702075012782         0.702075012664         0.702075012545         0.702075012427         0.702075012309         0.702075012191         0.702075012073         0.702075011955         0.702075011838         0.702075011720         0.702075011602         0.702075011485         0.702075011365         0.702075011237         0.702075011085         0.702075010854         0.702075010393         0.702075009278         0.702075006362         0.702074998588         0.702074977909         0.702074923667         0.702074782387         0.702074421370         0.702073515895         0.702071262021         0.702065721559         0.702052195834         0.702019683755         0.701941975160         0.701759947113         0.701334420057         0.700368636604         0.698164956963         0.693353076670         0.682434121014         0.656652509991         0.569008574200         0.000000000000
        0.658005902099         0.708462610602         0.705950935120         0.705672417445         0.703604891607         0.702897548842         0.702417501023         0.702233781815         0.702140051048         0.702103037059         0.702086256547         0.702079622365         0.702076813850         0.702075719292         0.702075279896         0.702075113885         0.702075050905         0.702075029106         0.702075021565         0.702075019238         0.702075018471         0.702075018204         0.702075018061         0.702075017949         0.702075017838         0.702075017724         0.702075017607         0.702075017489         0.702075017370         0.702075017251         0.702075017131         0.702075017011         0.702075016891         0.702075016772         0.702075016652         0.702075016532         0.702075016412         0.702075016293         0.702075016173         0.702075016054         0.702075015934         0.702075015815         0.702075015695         0.702075015576         0.702075015456         0.702075015337         0.702075015218         0.702075015098         0.702075014979         0.702075014860         0.702075014741         0.702075014622         0.702075014503         0.702075014384         0.702075014265         0.702075014146         0.702075014027         0.702075013908         0.702075013789         0.702075013670         0.702075013552         0.702075013433         0.702075013314         0.702075013195         0.702075013077         0.702075012958         0.702075012840         0.702075012721         0.702075012603         0.702075012485         0.702075012367         0.702075012249         0.702075012130         0.702075012010         0.702075011883         0.702075011730         0.702075011498         0.702075011036         0.702075009922         0.702075007007         0.702074999238         0.702074978576         0.702074924374         0.702074783142         0.702074422109         0.702073516547         0.702071262576         0.702065722047         0.702052196270         0.702019684157         0.701941975531         0.701759947476         0.701334420447         0.700368637078         0.698164957538         0.693353077308         0.682434121640         0.656652510491         0.569008574438         0.000000000000
        0.658005902099         0.708462610604         0.705950935127         0.705672417463         0.703604891639         0.702897548895         0.702417501100         0.702233781921         0.702140051188         0.702103037238         0.702086256774         0.702079622633         0.702076814152         0.702075719608         0.702075280235         0.702075114244         0.702075051280         0.702075029486         0.702075021945         0.702075019620         0.702075018853         0.702075018585         0.702075018443         0.702075018330         0.702075018219         0.702075018105         0.702075017988         0.702075017869         0.702075017750         0.702075017630         0.702075017510         0.702075017390         0.702075017270         0.702075017150         0.702075017030         0.702075016910         0.702075016790         0.702075016670         0.702075016551         0.702075016431         0.702075016311         0.702075016191         0.702075016072         0.702075015952         0.702075015833         0.702075015713         0.702075015593         0.702075015474         0.702075015354         0.702075015235         0.702075015115         0.702075014996         0.702075014877         0.702075014758         0.702075014638         0.702075014519         0.702075014400         0.702075014281         0.702075014162         0.702075014042         0.702075013924         0.702075013805         0.702075013686         0.702075013566         0.702075013448         0.702075013329         0.702075013210         0.702075013091         0.702075012973         0.702075012854         0.702075012736         0.702075012618         0.702075012499         0.702075012379         0.702075012251         0.702075012098         0.702075011866         0.702075011404         0.702075010289         0.702075007375         0.702074999609         0.702074978957         0.702074924774         0.702074783567         0.702074422529         0.702073516930         0.702071262908         0.702065722337         0.702052196524         0.702019684385         0.701941975735         0.701759947671         0.701334420652         0.700368637326         0.698164957837         0.693353077636         0.682434121957         0.656652510745         0.569008574558         0.000000000000
        0.658005902099         0.708462610605         0.705950935130         0.705672417472         0.703604891655         0.702897548921         0.702417501138         0.702233781974         0.702140051261         0.702103037333         0.702086256898         0.702079622784         0.702076814326         0.702075719789         0.702075280429         0.702075114449         0.702075051495         0.702075029703         0.702075022163         0.702075019838         0.702075019071         0.702075018803         0.702075018661         0.702075018548         0.702075018436         0.702075018322         0.702075018205         0.702075018087         0.702075017967         0.702075017847         0.702075017727         0.702075017607         0.702075017487         0.702075017367         0.702075017246         0.702075017126         0.702075017006         0.702075016886         0.702075016767         0.702075016647         0.702075016527         0.702075016407         0.702075016287         0.702075016167         0.702075016047         0.702075015927         0.702075015808         0.702075015688         0.702075015569         0.702075015449         0.702075015329         0.702075015210         0.702075015091         0.702075014971         0.702075014852         0.702075014732         0.702075014613         0.702075014494         0.702075014374         0.702075014255         0.702075014136         0.702075014017         0.702075013898         0.702075013779         0.702075013660         0.702075013541         0.702075013422         0.702075013303         0.702075013184         0.702075013065         0.702075012947         0.702075012829         0.702075012710         0.702075012590         0.702075012462         0.702075012308         0.702075012077         0.702075011614         0.702075010499         0.702075007585         0.702074999821         0.702074979174         0.702074925002         0.702074783806         0.702074422768         0.702073517152         0.702071263103         0.702065722509         0.702052196671         0.702019684514         0.701941975847         0.701759947775         0.701334420760         0.700368637455         0.698164957991         0.693353077804         0.682434122119         0.656652510874         0.569008574620         0.000000000000
        0.658006003433         0.708462808924         0.705951313185         0.705672846304         0.703605299962         0.702897982375         0.702417939510         0.702234225285         0.702140474201         0.702103454503         0.702086667914         0.702080032592         0.702077222423         0.702076128182         0.702075687900         0.702075521417         0.702075458199         0.702075435309         0.702075427035         0.702075424156         0.702075423207         0.702075422918         0.702075422841         0.702075422826         0.702075422824         0.702075422824         0.702075422822         0.702075422818         0.702075422814         0.702075422809         0.702075422804         0.702075422799         0.702075422794         0.702075422789         0.702075422784         0.702075422779         0.702075422774         0.702075422769         0.702075422764         0.702075422758         0.702075422753         0.702075422748         0.702075422744         0.702075422739         0.702075422734         0.702075422729         0.702075422724         0.702075422719         0.702075422714         0.702075422710         0.702075422705         0.702075422700         0.702075422695         0.702075422691         0.702075422686         0.702075422681         0.702075422677         0.702075422672         0.702075422667         0.702075422662         0.702075422658         0.702075422654         0.702075422649         0.702075422645         0.702075422640         0.702075422636         0.702075422631         0.702075422627         0.702075422623         0.702075422618         0.702075422614         0.702075422611         0.702075422606         0.702075422601         0.702075422589         0.702075422552         0.702075422438         0.702075422097         0.702075421105         0.702075418320         0.702075410670         0.702075390170         0.702075335939         0.702075195270         0.702074835245         0.702073931334         0.702071679247         0.702066139153         0.702052612239         0.702020097506         0.701942385579         0.701760355595         0.701334825126         0.700369036484         0.698165339923         0.693353429389         0.682434430299         0.656652719012         0.569008720307         0.000000000000
        0.658006017471         0.708462829459         0.705951406250         0.705672959172         0.703605454626         0.702898158924         0.702418122048         0.702234414315         0.702140653921         0.702103640646         0.702086851984         0.702080220602         0.702077410752         0.702076317449         0.702075877456         0.702075711244         0.702075647755         0.702075624709         0.702075616394         0.702075613576         0.702075612663         0.702075612405         0.702075612349         0.702075612350         0.702075612363         0.702075612377         0.702075612388         0.702075612398         0.702075612406         0.702075612414         0.702075612422         0.702075612430         0.702075612438         0.702075612446         0.702075612454         0.702075612462         0.702075612469         0.702075612477         0.702075612485         0.702075612493         0.702075612500         0.702075612508         0.702075612516         0.702075612524         0.702075612532         0.702075612540         0.702075612548         0.702075612556         0.702075612564         0.702075612572         0.702075612580         0.702075612588         0.702075612596         0.702075612604         0.702075612612         0.702075612620         0.702075612628         0.702075612637         0.702075612645         0.702075612653         0.702075612661         0.702075612669         0.702075612677         0.702075612685         0.702075612694         0.702075612702         0.702075612710         0.702075612719         0.702075612727         0.702075612734         0.702075612736         0.702075612709         0.702075612642         0.702075612581         0.702075612539         0.702075612493         0.702075612358         0.702075611995         0.702075611005         0.702075608252         0.702075600603         0.702075580006         0.702075525732         0.702075385099         0.702075025826         0.702074122318         0.702071870189         0.702066329735         0.702052801867         0.702020288917         0.701942576818         0.701760552264         0.701335027060         0.700369245301         0.698165545535         0.693353629578         0.682434604727         0.656652845552         0.569008789188         0.000000000000
        0.658006019264         0.708462837991         0.705951430516         0.705673001357         0.703605513723         0.702898232532         0.702418200806         0.702234500045         0.702140737471         0.702103727707         0.702086938664         0.702080309224         0.702077499860         0.702076406993         0.702075967202         0.702075800873         0.702075737217         0.702075714090         0.702075705754         0.702075702934         0.702075702024         0.702075701770         0.702075701718         0.702075701724         0.702075701742         0.702075701759         0.702075701775         0.702075701790         0.702075701803         0.702075701815         0.702075701828         0.702075701840         0.702075701852         0.702075701864         0.702075701877         0.702075701889         0.702075701901         0.702075701914         0.702075701926         0.702075701939         0.702075701951         0.702075701963         0.702075701976         0.702075701988         0.702075702000         0.702075702013         0.702075702025         0.702075702037         0.702075702050         0.702075702062         0.702075702075         0.702075702087         0.702075702100         0.702075702112         0.702075702125         0.702075702137         0.702075702149         0.702075702162         0.702075702175         0.702075702187         0.702075702200         0.702075702212         0.702075702225         0.702075702238         0.702075702250         0.702075702263         0.702075702276         0.702075702288         0.702075702301         0.702075702313         0.702075702322         0.702075702319         0.702075702292         0.702075702257         0.702075702226         0.702075702198         0.702075702090         0.702075701760         0.702075700776         0.702075698002         0.702075690343         0.702075669774         0.702075615575         0.702075475148         0.702075116290         0.702074212975         0.702071960632         0.702066419926         0.702052892016         0.702020379999         0.701942668584         0.701760647195         0.701335124146         0.700369347593         0.698165650070         0.693353731134         0.682434688903         0.656652904020         0.569008815580         0.000000000000
        0.658006019278         0.708462842384         0.705951439784         0.705673024936         0.703605546977         0.702898276481         0.702418248160         0.702234551826         0.702140789195         0.702103781189         0.702086992156         0.702080363597         0.702077554417         0.702076461788         0.702076021979         0.702075855526         0.702075791775         0.702075768601         0.702075760255         0.702075757418         0.702075756500         0.702075756242         0.702075756190         0.702075756196         0.702075756214         0.702075756233         0.702075756249         0.702075756264         0.702075756278         0.702075756291         0.702075756304         0.702075756317         0.702075756330         0.702075756342         0.702075756355         0.702075756368         0.702075756381         0.702075756394         0.702075756407         0.702075756420         0.702075756432         0.702075756445         0.702075756458         0.702075756471         0.702075756484         0.702075756497         0.702075756510         0.702075756522         0.702075756535         0.702075756548         0.702075756561         0.702075756574         0.702075756587         0.702075756600         0.702075756613         0.702075756626         0.702075756639         0.702075756652         0.702075756665         0.702075756678         0.702075756691         0.702075756704         0.702075756717         0.702075756730         0.702075756743         0.702075756757         0.702075756770         0.702075756783         0.702075756796         0.702075756809         0.702075756820         0.702075756824         0.702075756814         0.702075756792         0.702075756766         0.702075756731         0.702075756630         0.702075756311         0.702075755340         0.702075752563         0.702075744906         0.702075724347         0.702075670181         0.702075529888         0.702075171314         0.702074268264         0.702072015878         0.702066474952         0.702052946915         0.702020435426         0.701942724404         0.701760704883         0.701335183744         0.700369410996         0.698165715416         0.693353793173         0.682434740096         0.656652938126         0.569008830248         0.000000000000
        0.658006019276         0.708462844415         0.705951444973         0.705673039687         0.703605568350         0.702898305360         0.702418279054         0.702234585592         0.702140823365         0.702103816292         0.702087027317         0.702080399357         0.702077590308         0.702076497756         0.702076057836         0.702075891281         0.702075827475         0.702075804241         0.702075795838         0.702075793006         0.702075792104         0.702075791857         0.702075791811         0.702075791820         0.702075791839         0.702075791857         0.702075791873         0.702075791887         0.702075791901         0.702075791914         0.702075791927         0.702075791939         0.702075791951         0.702075791964         0.702075791976         0.702075791989         0.702075792001         0.702075792014         0.702075792026         0.702075792039         0.702075792051         0.702075792064         0.702075792076         0.702075792089         0.702075792101         0.702075792114         0.702075792126         0.702075792139         0.702075792151         0.702075792164         0.702075792176         0.702075792189         0.702075792202         0.702075792214         0.702075792227         0.702075792239         0.702075792252         0.702075792264         0.702075792277         0.702075792290         0.702075792302         0.702075792315         0.702075792327         0.702075792340         0.702075792353         0.702075792365         0.702075792378         0.702075792391         0.702075792403         0.702075792416         0.702075792427         0.702075792435         0.702075792433         0.702075792420         0.702075792401         0.702075792366         0.702075792267         0.702075791949         0.702075790980         0.702075788196         0.702075780537         0.702075759989         0.702075705890         0.702075565738         0.702075207312         0.702074304426         0.702072052098         0.702066511131         0.702052983053         0.702020471846         0.701942761146         0.701760742865         0.701335223417         0.700369453552         0.698165759124         0.693353834831         0.682434774821         0.656652960855         0.569008839948         0.000000000000
        0.658006019316         0.708462845375         0.705951448333         0.705673049024         0.703605582285         0.702898324189         0.702418299138         0.702234607558         0.702140845763         0.702103839271         0.702087050364         0.702080422769         0.702077613804         0.702076521301         0.702076081316         0.702075914701         0.702075850850         0.702075827608         0.702075819208         0.702075816368         0.702075815454         0.702075815201         0.702075815150         0.702075815157         0.702075815175         0.702075815193         0.702075815209         0.702075815224         0.702075815237         0.702075815250         0.702075815263         0.702075815275         0.702075815288         0.702075815300         0.702075815313         0.702075815325         0.702075815338         0.702075815350         0.702075815363         0.702075815375         0.702075815388         0.702075815400         0.702075815413         0.702075815426         0.702075815438         0.702075815451         0.702075815463         0.702075815475         0.702075815488         0.702075815501         0.702075815513         0.702075815526         0.702075815538         0.702075815551         0.702075815563         0.702075815576         0.702075815589         0.702075815601         0.702075815614         0.702075815626         0.702075815639         0.702075815651         0.702075815664         0.702075815676         0.702075815689         0.702075815702         0.702075815714         0.702075815727         0.702075815740         0.702075815752         0.702075815764         0.702075815774         0.702075815777         0.702075815772         0.702075815759         0.702075815728         0.702075815629         0.702075815309         0.702075814336         0.702075811542         0.702075803876         0.702075783322         0.702075729247         0.702075589163         0.702075230840         0.702074328072         0.702072075814         0.702066534865         0.702053006797         0.702020495803         0.701942785371         0.701760767996         0.701335250028         0.700369482411         0.698165789145         0.693353863992         0.682434799442         0.656652976865         0.569008846837         0.000000000000
        0.658006019348         0.708462845894         0.705951450537         0.705673054905         0.703605591236         0.702898336179         0.702418311936         0.702234621562         0.702140860180         0.702103854061         0.702087065227         0.702080437863         0.702077628944         0.702076536470         0.702076096427         0.702075929743         0.702075865822         0.702075842587         0.702075834184         0.702075831331         0.702075830404         0.702075830143         0.702075830088         0.702075830093         0.702075830111         0.702075830129         0.702075830145         0.702075830159         0.702075830173         0.702075830186         0.702075830198         0.702075830211         0.702075830224         0.702075830236         0.702075830249         0.702075830261         0.702075830273         0.702075830286         0.702075830299         0.702075830311         0.702075830324         0.702075830336         0.702075830349         0.702075830361         0.702075830374         0.702075830386         0.702075830399         0.702075830411         0.702075830424         0.702075830436         0.702075830449         0.702075830461         0.702075830474         0.702075830486         0.702075830499         0.702075830511         0.702075830524         0.702075830537         0.702075830549         0.702075830562         0.702075830574         0.702075830587         0.702075830599         0.702075830612         0.702075830625         0.702075830637         0.702075830650         0.702075830663         0.702075830675         0.702075830688         0.702075830700         0.702075830710         0.702075830717         0.702075830718         0.702075830710         0.702075830682         0.702075830584         0.702075830264         0.702075829285         0.702075826500         0.702075818847         0.702075798343         0.702075744305         0.702075604223         0.702075245962         0.702074343285         0.702072091094         0.702066550184         0.702053022143         0.702020511314         0.701942801101         0.701760784436         0.701335267665         0.700369501848         0.698165809784         0.693353884682         0.682434817176         0.656652988407         0.569008851834         0.000000000000
        0.658006019366         0.708462846202         0.705951451952         0.705673058570         0.703605596870         0.702898343661         0.702418319954         0.702234630380         0.702140869324         0.702103863451         0.702087074678         0.702080447465         0.702077638570         0.702076546123         0.702076106044         0.702075939319         0.702075875367         0.702075852109         0.702075843727         0.702075840869         0.702075839935         0.702075839670         0.702075839614         0.702075839618         0.702075839635         0.702075839653         0.702075839669         0.702075839683         0.702075839697         0.702075839710         0.702075839723         0.702075839736         0.702075839748         0.702075839761         0.702075839773         0.702075839786         0.702075839798         0.702075839811         0.702075839823         0.702075839836         0.702075839848         0.702075839861         0.702075839874         0.702075839886         0.702075839899         0.702075839911         0.702075839924         0.702075839937         0.702075839949         0.702075839962         0.702075839974         0.702075839987         0.702075839999         0.702075840012         0.702075840025         0.702075840037         0.702075840050         0.702075840062         0.702075840075         0.702075840088         0.702075840100         0.702075840113         0.702075840125         0.702075840138         0.702075840151         0.702075840163         0.702075840176         0.702075840189         0.702075840201         0.702075840214         0.702075840226         0.702075840238         0.702075840247         0.702075840251         0.702075840248         0.702075840222         0.702075840124         0.702075839801         0.702075838824         0.702075836043         0.702075828396         0.702075807908         0.702075753882         0.702075613815         0.702075255595         0.702074352979         0.702072100829         0.702066559952         0.702053031942         0.702020521241         0.701942811207         0.701760795091         0.701335279257         0.700369514861         0.698165823949         0.693353899356         0.682434829976         0.656652996801         0.569008855485         0.000000000000
        0.658006019107         0.708462845504         0.705951452637         0.705673060348         0.703605598678         0.702898346523         0.702418323927         0.702234635181         0.702140874487         0.702103868601         0.702087079845         0.702080452874         0.702077644099         0.702076551813         0.702076111828         0.702075945149         0.702075881163         0.702075857877         0.702075849478         0.702075846626         0.702075845698         0.702075845430         0.702075845366         0.702075845360         0.702075845366         0.702075845372         0.702075845376         0.702075845379         0.702075845381         0.702075845382         0.702075845383         0.702075845384         0.702075845385         0.702075845386         0.702075845387         0.702075845387         0.702075845388         0.702075845389         0.702075845390         0.702075845391         0.702075845391         0.702075845392         0.702075845393         0.702075845394         0.702075845395         0.702075845395         0.702075845396         0.702075845397         0.702075845398         0.702075845399         0.702075845400         0.702075845400         0.702075845401         0.702075845402         0.702075845403         0.702075845404         0.702075845405         0.702075845406         0.702075845406         0.702075845407         0.702075845408         0.702075845409         0.702075845410         0.702075845411         0.702075845412         0.702075845412         0.702075845413         0.702075845414         0.702075845415         0.702075845416         0.702075845417         0.702075845417         0.702075845416         0.702075845411         0.702075845398         0.702075845362         0.702075845253         0.702075844916         0.702075843925         0.702075841128         0.702075833459         0.702075812922         0.702075758827         0.702075618729         0.702075260537         0.702074357962         0.702072105821         0.702066564968         0.702053036911         0.702020526295         0.701942816393         0.701760800624         0.701335285483         0.700369522301         0.698165833000         0.693353908996         0.682434838698         0.656653002419         0.569008858283         0.000000000000
        0.658006020601         0.708462848594         0.705951459142         0.705673069784         0.703605609431         0.702898359252         0.702418337652         0.702234649595         0.702140889235         0.702103883517         0.702087094720         0.702080467681         0.702077658816         0.702076566456         0.702076126408         0.702075959691         0.702075895714         0.702075872434         0.702075864022         0.702075861167         0.702075860235         0.702075859965         0.702075859899         0.702075859891         0.702075859896         0.702075859901         0.702075859905         0.702075859907         0.702075859908         0.702075859909         0.702075859910         0.702075859910         0.702075859911         0.702075859910         0.702075859910         0.702075859911         0.702075859911         0.702075859911         0.702075859911         0.702075859911         0.702075859912         0.702075859913         0.702075859913         0.702075859913         0.702075859913         0.702075859913         0.702075859914         0.702075859914         0.702075859914         0.702075859914         0.702075859914         0.702075859915         0.702075859915         0.702075859915         0.702075859916         0.702075859916         0.702075859916         0.702075859916         0.702075859917         0.702075859917         0.702075859917         0.702075859917         0.702075859918         0.702075859918         0.702075859918         0.702075859918         0.702075859919         0.702075859919         0.702075859919         0.702075859920         0.702075859920         0.702075859920         0.702075859919         0.702075859915         0.702075859904         0.702075859869         0.702075859758         0.702075859419         0.702075858425         0.702075855624         0.702075847949         0.702075827393         0.702075773270         0.702075633152         0.702075274950         0.702074372371         0.702072120231         0.702066579366         0.702053051299         0.702020540766         0.701942831000         0.701760815525         0.701335301009         0.700369538413         0.698165849499         0.693353925112         0.682434852125         0.656653011139         0.569008862642         0.000000000000
        0.658006021005         0.708462848683         0.705951461601         0.705673072236         0.703605613631         0.702898364259         0.702418342923         0.702234655482         0.702140895289         0.702103889469         0.702087100637         0.702080473633         0.702077664746         0.702076572397         0.702076132307         0.702075965578         0.702075901593         0.702075878315         0.702075869908         0.702075867056         0.702075866128         0.702075865859         0.702075865795         0.702075865788         0.702075865793         0.702075865799         0.702075865802         0.702075865804         0.702075865806         0.702075865806         0.702075865807         0.702075865807         0.702075865807         0.702075865807         0.702075865807         0.702075865807         0.702075865807         0.702075865807         0.702075865807         0.702075865807         0.702075865807         0.702075865807         0.702075865807         0.702075865807         0.702075865807         0.702075865807         0.702075865807         0.702075865807         0.702075865807         0.702075865808         0.702075865808         0.702075865808         0.702075865808         0.702075865808         0.702075865808         0.702075865808         0.702075865808         0.702075865808         0.702075865808         0.702075865808         0.702075865808         0.702075865808         0.702075865808         0.702075865808         0.702075865808         0.702075865809         0.702075865808         0.702075865809         0.702075865809         0.702075865809         0.702075865809         0.702075865810         0.702075865809         0.702075865806         0.702075865796         0.702075865762         0.702075865651         0.702075865311         0.702075864317         0.702075861516         0.702075853841         0.702075833283         0.702075779160         0.702075639048         0.702075280864         0.702074378305         0.702072126184         0.702066585377         0.702053057380         0.702020547047         0.701942837597         0.701760822730         0.701335308821         0.700369547089         0.698165858667         0.693353935213         0.682434861602         0.656653018184         0.569008866100         0.000000000000
        0.658006020983         0.708462848876         0.705951462197         0.705673073276         0.703605615261         0.702898366255         0.702418345106         0.702234657900         0.702140897795         0.702103892096         0.702087103254         0.702080476274         0.702077667375         0.702076575054         0.702076134959         0.702075968233         0.702075904245         0.702075880970         0.702075872562         0.702075869708         0.702075868777         0.702075868510         0.702075868446         0.702075868440         0.702075868445         0.702075868451         0.702075868454         0.702075868456         0.702075868457         0.702075868457         0.702075868457         0.702075868458         0.702075868458         0.702075868458         0.702075868458         0.702075868458         0.702075868458         0.702075868458         0.702075868458         0.702075868458         0.702075868457         0.702075868458         0.702075868458         0.702075868458         0.702075868458         0.702075868458         0.702075868458         0.702075868458         0.702075868458         0.702075868458         0.702075868458         0.702075868458         0.702075868458         0.702075868458         0.702075868458         0.702075868458         0.702075868458         0.702075868458         0.702075868458         0.702075868458         0.702075868458         0.702075868458         0.702075868458         0.702075868458         0.702075868458         0.702075868458         0.702075868458         0.702075868458         0.702075868458         0.702075868459         0.702075868459         0.702075868459         0.702075868459         0.702075868457         0.702075868446         0.702075868411         0.702075868300         0.702075867959         0.702075866964         0.702075864162         0.702075856486         0.702075835928         0.702075781805         0.702075641695         0.702075283519         0.702074380973         0.702072128868         0.702066588090         0.702053060111         0.702020549870         0.701942840517         0.701760825953         0.701335312510         0.700369551437         0.698165863632         0.693353940695         0.682434866544         0.656653021522         0.569008867444         0.000000000000
        0.658006020957         0.708462848964         0.705951462428         0.705673073879         0.703605616174         0.702898367429         0.702418346407         0.702234659351         0.702140899267         0.702103893647         0.702087104792         0.702080477833         0.702077668928         0.702076576624         0.702076136527         0.702075969803         0.702075905815         0.702075882539         0.702075874130         0.702075871275         0.702075870344         0.702075870075         0.702075870010         0.702075870003         0.702075870009         0.702075870014         0.702075870018         0.702075870020         0.702075870021         0.702075870021         0.702075870021         0.702075870021         0.702075870021         0.702075870021         0.702075870021         0.702075870021         0.702075870021         0.702075870021         0.702075870021         0.702075870021         0.702075870021         0.702075870021         0.702075870021         0.702075870021         0.702075870022         0.702075870022         0.702075870022         0.702075870021         0.702075870021         0.702075870021         0.702075870022         0.702075870021         0.702075870021         0.702075870021         0.702075870021         0.702075870021         0.702075870021         0.702075870022         0.702075870021         0.702075870021         0.702075870021         0.702075870021         0.702075870022         0.702075870022         0.702075870022         0.702075870022         0.702075870022         0.702075870022         0.702075870022         0.702075870022         0.702075870022         0.702075870023         0.702075870023         0.702075870021         0.702075870012         0.702075869978         0.702075869866         0.702075869525         0.702075868530         0.702075865730         0.702075858054         0.702075837496         0.702075783374         0.702075643266         0.702075285091         0.702074382552         0.702072130453         0.702066589693         0.702053061732         0.702020551549         0.701942842279         0.701760827939         0.701335314802         0.700369554175         0.698165866756         0.693353943967         0.682434869546         0.656653023597         0.569008868303         0.000000000000
